customer_id,total_sessions,total_transactions,total_revenue_sek,total_pageviews,avg_time_on_site,first_traffic_source,primary_device,country
213131142648941,1,1,395.9,13,272.0,(direct),desktop,United States
562678147042735,1,2,1583.1,16,319.0,(direct),desktop,United States
670722016498267,1,1,439.8,17,626.0,(direct),desktop,Germany
852801263780322,1,1,800.0,22,675.0,(direct),desktop,United States
3438471796886087,1,1,209.9,22,853.0,(direct),desktop,South Korea
3717831825503026,1,1,192.9,29,1005.0,(direct),mobile,United States
3961110741104601,1,1,109.8,20,502.0,google,desktop,United States
4638983005167591,1,1,639.6,25,1060.0,(direct),desktop,United States
5879659021728039,1,1,809.9,22,633.0,google,desktop,United States
5987390541733447,1,1,269.8,37,1660.0,google,desktop,United States
6366382357860597,1,1,479.6,30,721.0,google,desktop,Canada
6911334202687206,1,1,665.0,19,699.0,google,desktop,United States
7370307513460988,1,1,767.8,21,1416.0,(direct),desktop,United States
7610360596308606,1,1,244.7,35,1014.0,(direct),desktop,United States
7933257389091624,1,1,375.9,17,518.0,(direct),desktop,United States
8803033727416939,1,1,199.9,13,622.0,(direct),mobile,United States
9046037663524262,2,2,1547.6000000000001,57,1348.5,google,desktop,United States
9644182629851608,1,1,423.8,17,487.0,(direct),desktop,United States
10235349034444058,1,1,221.9,12,253.0,(direct),desktop,United States
10295111715775250,1,1,83.9,35,711.0,(direct),desktop,United States
11012202755429691,1,1,415.9,13,330.0,(direct),desktop,United States
11223364686614335,1,1,429.7,22,1036.0,(direct),desktop,United States
12559495913113852,1,1,239.9,12,305.0,google,desktop,United States
12561433643490595,1,1,73.89999999999999,30,458.0,google,desktop,United States
13296981549010416,1,1,259.9,21,651.0,google,desktop,United States
14253006455543633,1,1,649.9,18,449.0,google,desktop,United States
14262055593378383,3,4,903.0,67,1107.3333333333333,(direct),desktop,United States
15618322761092379,1,1,483.5,64,1531.0,(direct),desktop,United States
15950283479889703,1,1,55.0,18,419.0,google,mobile,United States
16474246784013973,1,1,385.9,15,370.0,groups.google.com,desktop,United States
16925875208939543,2,2,1269.8,24,202.0,(direct),desktop,United States
18386080117189534,1,1,189.9,17,2212.0,google,mobile,United States
18400544049332170,1,1,719.9,23,509.0,google,desktop,United States
19814677684676098,1,1,553.9,16,275.0,(direct),desktop,United States
20941213751022444,1,1,439.6,30,2542.0,google,desktop,United States
22078954710203778,1,1,469.8,64,1713.0,(direct),desktop,United States
24304007537579808,1,1,1809.9,33,2222.0,(direct),desktop,United States
24507252193437459,1,1,179.60000000000002,16,1474.0,mail.google.com,desktop,United States
24725579067754075,1,1,337.6,56,1661.0,(direct),desktop,United States
24932550342595467,1,2,1596.8000000000002,26,1645.0,google,desktop,United States
26286046518884836,1,1,176.8,36,747.0,l.facebook.com,desktop,United States
26329820781202527,1,1,519.3,27,619.0,(direct),desktop,United States
27729301290398668,1,1,641.7,25,1405.0,(direct),desktop,United States
28714765282885780,1,1,923.1,42,835.0,(direct),desktop,United States
29131400687020410,1,1,1393.1999999999998,21,379.0,(direct),desktop,United States
29617802319560280,1,1,708.4000000000001,40,2427.0,t.co,desktop,United States
30596413607230095,1,1,305.6,27,1237.0,(direct),desktop,United States
31037404193448771,1,1,4231.1,19,515.0,google,desktop,United States
32080452871669006,1,1,1833.6,29,383.0,(direct),desktop,United States
32285388804234573,1,1,1465.0,26,758.0,(direct),desktop,United States
32685444859747984,1,1,4718.7,39,1212.0,(direct),desktop,United States
34988778973749269,1,1,339.79999999999995,39,2474.0,google,desktop,United States
35322769016923863,1,1,3793.6,90,2516.0,(direct),desktop,United States
36131108463384213,1,1,267.9,18,312.0,google,desktop,United States
36194035121102485,1,1,2497.8,18,1085.0,(direct),desktop,United States
36703532725992752,1,1,393.9,18,1344.0,(direct),desktop,United States
36810350983196519,1,1,1173.8,12,164.0,(direct),desktop,United States
37220895437756047,1,1,445.2000000000001,19,820.0,(direct),desktop,United States
37806222406366969,1,1,239.9,21,504.0,(direct),desktop,United States
38212114833888799,1,1,509.8,10,232.0,(direct),desktop,United States
39194810552478835,1,1,607.5,18,725.0,(direct),desktop,United States
39355803762628039,1,1,295.79999999999995,16,442.0,(direct),desktop,United States
39400440658825933,1,1,774.4,50,1755.0,(direct),desktop,United States
39541267107154262,2,2,1028.4,54,433.0,google,desktop,United States
40361081244991496,1,1,1528.9,31,588.0,(direct),desktop,United States
41938820295489339,1,1,2489.6,22,759.0,google,desktop,United States
42057117403474149,1,1,321.8,17,1586.0,(direct),desktop,United States
42147785799333528,1,1,1600.9,34,753.0,(direct),desktop,United States
42744959300558986,1,1,297.8,20,873.0,(direct),desktop,United States
42872006688710090,1,1,134.0,20,341.0,(direct),desktop,United States
43584487743669327,1,2,1925.6,21,346.0,(direct),desktop,United States
43770390702768717,1,1,2299.5,18,337.0,(direct),desktop,United States
44206379216818403,1,1,489.9,41,2119.0,(direct),desktop,United States
44869357011346837,1,1,599.7,29,979.0,(direct),desktop,United States
45204488424585972,1,1,679.7,8,110.0,(direct),desktop,United States
45695832453548364,2,2,1913.1,43,846.5,(direct),desktop,United States
47078955120420928,1,1,481.6,21,1163.0,(direct),desktop,United States
47507722101025881,1,1,599.9,20,483.0,google,desktop,United States
47509547902079820,1,1,295.6,39,3152.0,(direct),desktop,United States
47511660497565285,1,2,1344.8,93,2668.0,google,desktop,United States
47868538532140235,1,1,1189.4,27,1385.0,(direct),desktop,Kuwait
48315652365779540,1,1,619.9,30,918.0,(direct),desktop,United States
49618887282998852,1,1,419.8,34,4123.0,google,mobile,United States
49628940161747998,1,1,139.60000000000002,8,171.0,(direct),mobile,United States
49832664882617771,1,1,497.9,20,743.0,(direct),desktop,United States
51204193313789401,1,1,405.6,23,2503.0,(direct),desktop,United States
51312971389642254,1,1,1256.3,21,855.0,(direct),desktop,United States
51516119104547275,1,1,331.9,14,235.0,google,desktop,United States
52757360225662149,1,1,721.5,21,1504.0,google,desktop,United States
52868681653220057,1,1,489.7,42,2040.0,(direct),mobile,United States
53010816158486672,1,1,637.8,31,1052.0,(direct),desktop,United States
53534274976399191,1,1,1519.7,23,698.0,(direct),desktop,United States
54279989591037024,1,1,881.9,29,766.0,(direct),desktop,United States
54330779667294142,1,1,389.8,22,398.0,(direct),desktop,United States
54391506396728030,1,1,339.0,16,483.0,(direct),desktop,United States
54635571205456448,1,1,79.9,36,916.0,google,desktop,United States
54873055567921661,1,1,639.6,24,1881.0,(direct),desktop,United States
57074893306125434,1,1,2207.0,24,446.0,(direct),desktop,United States
57216119262557235,1,1,3262.5,31,1111.0,(direct),desktop,United States
57693500927581077,1,1,5635.0,64,1392.0,(direct),desktop,United States
57826677844639343,1,1,255.9,15,235.0,(direct),desktop,United States
58062449645143625,1,1,1961.0,24,841.0,(direct),desktop,United States
60637300837021971,1,1,369.8,29,1061.0,google,mobile,United States
60873674881142784,1,1,421.7000000000001,21,582.0,(direct),desktop,United States
61548717459564263,1,1,657.6999999999999,18,518.0,(direct),desktop,United States
61892085087294527,1,1,319.9,21,339.0,(direct),desktop,Brazil
62301548425288744,1,1,2116.8,46,1392.0,(direct),desktop,United States
62722204677243801,1,1,313.9,10,370.0,(direct),desktop,United States
63411837669447330,1,1,169.7,17,777.0,reddit.com,desktop,United States
63736161805998675,1,1,349.79999999999995,27,782.0,google,desktop,United States
66547844041573580,1,1,204.6,39,1147.0,dfa,desktop,United States
67427211374180015,1,1,523.6999999999999,9,830.0,(direct),desktop,United States
67475292701707948,1,1,214.2,17,544.0,(direct),desktop,United States
67566216922331849,1,1,393.8,12,385.0,(direct),desktop,United States
67586620214837441,1,1,169.8,26,833.0,google,desktop,United States
68301324269312205,1,1,899.8000000000001,11,294.0,google,desktop,United States
68337214858488115,1,1,421.8,29,708.0,(direct),desktop,United States
68590151265795437,1,1,6277.5,82,2514.0,(direct),desktop,United States
68932429089394729,1,1,259.7,26,469.0,google,desktop,United States
69932627935135372,1,1,311.5,29,1525.0,(direct),desktop,United States
70622933908011467,1,1,915.8,20,1696.0,(direct),desktop,United States
70749496194697211,1,1,1629.1,20,433.0,(direct),desktop,United States
70893140406305841,1,1,1398.5,33,2081.0,(direct),desktop,United States
72256802357894342,1,1,239.9,10,346.0,(direct),desktop,United States
72595322994470645,1,1,1687.5,21,821.0,(direct),desktop,United States
72871379479619546,1,1,2085.5,51,972.0,google,desktop,United States
72871522029318255,1,1,79.80000000000001,4,77.0,phandroid.com,desktop,United States
72965257504694282,1,1,197.9,14,268.0,(direct),desktop,United States
74650632244292633,1,1,183.9,18,640.0,google,desktop,United States
75338234785752253,1,1,551.0,36,1967.0,dfa,desktop,United States
75449012662152580,1,1,426.2,26,768.0,(direct),desktop,United States
76255265047374256,1,1,213.1,20,1268.0,(direct),desktop,United States
79204932396995037,2,2,70561.5,37,876.5,(direct),desktop,United States
79455793222269162,1,1,345.4,29,844.0,(direct),desktop,United States
79475762358903551,1,1,4757.5,26,3837.0,(direct),desktop,United States
79656074413776629,2,2,435.70000000000005,50,579.5,(direct),desktop,United States
79867210646960655,1,1,469.8,11,307.0,(direct),desktop,United States
80317544461352905,1,1,625.2,16,372.0,(direct),desktop,United States
80479763428955064,1,1,1509.6,34,2037.0,google,desktop,Canada
81281456829886913,1,1,817.0999999999999,52,2018.0,google,desktop,United States
81556422471965129,1,1,391.6,15,296.0,(direct),desktop,United States
81840705529000272,1,1,1279.6,35,1289.0,(direct),desktop,United States
82234340449923799,1,1,1173.1999999999998,41,2209.0,google,desktop,United States
82806901961150595,1,1,1732.7,51,1239.0,(direct),desktop,United States
83055806370747628,1,1,319.3,14,751.0,(direct),desktop,United States
84372863075461291,1,1,838.1,15,744.0,(direct),desktop,United States
85057281729508802,1,1,393.7,45,876.0,(direct),desktop,United States
85319952392271706,1,1,863.4000000000001,36,2974.0,(direct),desktop,United States
85830972238265715,1,1,938.7,41,1295.0,google,desktop,United States
85857472938612779,1,1,233.9,11,250.0,mail.google.com,desktop,United States
86102919761743448,1,1,268.2,12,391.0,(direct),desktop,United States
88657980877164102,1,1,741.9,14,601.0,(direct),desktop,United States
88808220383842202,1,1,1984.2,165,5553.0,(direct),desktop,Taiwan
88945266147609238,2,3,17758.5,105,1746.0,google,desktop,United States
89261173995807343,1,1,399.8,22,1953.0,google,desktop,United States
89893008278013433,1,1,149.70000000000002,15,386.0,google,desktop,United States
90053188432158994,1,1,375.9,22,463.0,(direct),desktop,United States
91725120799498455,1,1,211.9,20,1458.0,(direct),desktop,United States
91784190289128568,1,1,429.8,26,516.0,(direct),desktop,United States
92577710025173656,1,1,6648.6,45,1170.0,google,desktop,United States
92787485928461155,1,1,809.0,15,465.0,(direct),desktop,United States
92836986022494187,1,1,731.8000000000001,17,268.0,(direct),desktop,United States
94024465151480107,1,1,399.8,24,632.0,(direct),desktop,United States
94314192369270538,1,1,533.6999999999999,42,1877.0,(direct),desktop,United States
94901025743788716,1,1,826.3,13,277.0,(direct),desktop,United States
95747507496204221,1,1,23695.0,18,2621.0,mail.google.com,desktop,United States
96749416396933823,1,1,336.2,30,893.0,(direct),desktop,United States
96843987855909025,1,1,970.2,45,4586.0,(direct),desktop,United States
97371986665596420,2,2,4792.8,37,269.0,(direct),desktop,United States
97563825178820508,1,1,347.8,15,1352.0,google,desktop,United States
99448207973363509,1,1,179.89999999999998,13,225.0,(direct),desktop,United States
99879093370825436,1,1,360.0,15,269.0,(direct),mobile,United States
100290510717383378,1,1,319.8,21,2313.0,(direct),desktop,United States
102527091741838919,1,1,1241.6,24,625.0,(direct),desktop,United States
102929360833194213,1,1,892.2,16,2267.0,(direct),desktop,United States
102967551018757579,1,1,619.3,43,1034.0,siliconvalley.about.com,desktop,United States
103234801488366057,1,1,789.2,26,775.0,google,desktop,United States
105953259825061684,1,1,365.9,12,276.0,(direct),desktop,United States
106737648841708519,1,1,779.9,21,946.0,(direct),desktop,United States
107029174520648874,1,1,185.9,39,5450.0,(direct),desktop,United States
109375183949292344,1,1,188.7,24,843.0,google,desktop,United States
110237584337011595,1,1,19605.5,36,1261.0,(direct),desktop,United States
111084999408344922,1,1,359.5,41,2121.0,google,desktop,United States
111624627546859050,1,1,1179.8,21,550.0,(direct),desktop,United States
112712853580593351,1,1,242.7,18,1582.0,(direct),desktop,United States
114215561909122661,1,2,11087.0,28,996.0,(direct),mobile,United States
114291970451691046,1,1,306.0,24,1415.0,(direct),desktop,United States
114308184877865561,1,1,169.8,11,356.0,(direct),mobile,United States
114365990396544051,1,2,1929.7,28,814.0,(direct),desktop,United States
115940065332308119,1,1,1181.5,13,962.0,(direct),desktop,United States
116147939572219012,1,1,878.0,18,360.0,google,desktop,United States
116189328741483178,1,1,689.9,24,575.0,(direct),desktop,Switzerland
117006987850476291,1,1,69.80000000000001,27,472.0,(direct),mobile,United States
117526410729664708,1,1,209.9,24,1062.0,google,mobile,United States
118139814032445850,1,1,781.5999999999999,11,241.0,(direct),desktop,United States
119870259714905967,3,3,22914.3,105,1882.6666666666667,(direct),desktop,United States
120266359617148298,1,1,315.0,13,445.0,(direct),desktop,United States
120880613308281459,1,1,899.9,11,471.0,(direct),desktop,United States
120951074287268149,2,2,1244.8,63,1509.5,(direct),desktop,United States
123242859437730802,1,2,4476.1,51,1927.0,(direct),desktop,United States
123644124068077489,1,1,469.8,17,458.0,google,mobile,United States
124850203340830679,1,1,3302.4,78,3066.0,(direct),desktop,United States
126511061239826414,1,1,3561.1000000000004,36,2269.0,google,desktop,United States
126587065113364520,1,1,728.5,30,2291.0,(direct),desktop,United States
126612099954375841,1,1,10067.8,32,1222.0,(direct),desktop,United States
127755228974756313,1,1,1037.7,14,318.0,(direct),desktop,United States
128432477990891906,1,1,2717.0,12,438.0,(direct),desktop,United States
128830210468179660,2,2,683.7,34,1009.0,dfa,desktop,United States
129249086143937145,1,1,853.5,30,1025.0,(direct),desktop,United States
134817585377058947,2,2,2860.3,59,702.5,(direct),desktop,United States
135731445166621856,1,1,474.0,33,1688.0,(direct),desktop,United States
138687086866157685,1,1,1215.0,22,454.0,google,desktop,United States
139256351437404200,1,1,999.7,21,389.0,google,desktop,United States
139472357811670278,1,1,725.5,30,1350.0,google,desktop,United States
140251351786321746,1,1,229.9,17,324.0,(direct),mobile,United States
140406319378490383,1,1,857.6999999999999,14,262.0,(direct),desktop,United States
141333337786935920,1,1,779.5,17,483.0,(direct),desktop,United States
142116411233847758,1,1,715.3,24,826.0,(direct),desktop,United States
143782636543876435,1,1,789.8000000000001,17,508.0,(direct),desktop,United States
144847938814859371,1,1,435.9,18,850.0,(direct),desktop,United States
146230958339102078,1,1,559.8,18,599.0,google,desktop,United States
147270510979304610,1,1,299.8,13,489.0,google,mobile,United States
148135394525872002,1,1,869.2,28,1884.0,google,desktop,United States
148866414705224159,1,1,109.9,25,792.0,(direct),desktop,United States
148919186298580226,1,1,89.9,14,173.0,(direct),desktop,United States
152778576197288117,1,1,459.9,17,458.0,(direct),desktop,United States
153202739036956642,1,1,724.7,39,3097.0,(direct),desktop,United States
154104806751769000,3,3,19274.2,106,1035.3333333333333,google,desktop,United States
155361204971183101,1,1,969.2,30,2560.0,(direct),desktop,United States
155711517942843047,2,2,13559.1,88,2098.0,(direct),desktop,United States
156140817362296281,1,1,179.89999999999998,21,500.0,google,desktop,United States
156905236318704928,2,2,3406.2999999999997,117,1908.0,(direct),desktop,United States
157019484210987302,2,2,4681.900000000001,32,1701.0,dfa,mobile,United States
157592049434831040,1,1,3816.5,36,1285.0,(direct),desktop,United States
158490408567482105,1,1,899.5,17,1180.0,(direct),desktop,United States
158994139683228392,1,1,4635.5,27,976.0,google,desktop,United States
159084910202112487,1,1,223.7,14,354.0,(direct),desktop,United States
160370198171303042,1,1,524.3,31,1692.0,google,mobile,United States
160507326253742421,1,1,299.7,31,1285.0,(direct),mobile,United States
163532416839889055,2,3,865.6999999999999,62,686.0,(direct),desktop,United States
163790840341192154,1,1,477.2,23,865.0,google,desktop,United States
163910434575936100,1,1,199.0,16,319.0,google,tablet,United States
164339786303841762,1,1,819.9,16,280.0,(direct),desktop,United States
165104775254170953,1,1,599.9,18,880.0,(direct),desktop,United States
165109760635455356,1,1,1101.2,25,1363.0,google,desktop,United States
167578525300211228,1,1,231.9,31,1466.0,(direct),desktop,United States
169337349809177349,1,1,6195.5,22,2766.0,(direct),desktop,United Kingdom
169854884741652554,1,1,2238.9,22,932.0,(direct),desktop,United States
170075213753657012,1,1,271.90000000000003,16,247.0,(direct),desktop,United States
170103428948217931,1,1,241.0,30,575.0,(direct),desktop,United States
170783936986517711,1,1,345.79999999999995,31,2463.0,(direct),desktop,United States
170829442621021492,1,1,551.7,27,791.0,(direct),desktop,United States
171495933986068782,1,1,449.7,44,1632.0,(direct),desktop,United States
172081148860791358,1,1,328.2,14,272.0,(direct),desktop,United States
173863901552294318,4,4,2056.8,134,863.0,dfa,desktop,United States
175318834283875506,2,2,5386.0,47,285.0,(direct),desktop,United States
175784634919851322,1,1,1488.0,16,661.0,(direct),desktop,United States
176005021706950083,1,1,159.9,26,374.0,(direct),desktop,United States
177276045605547096,1,1,529.8,47,651.0,google,mobile,United States
177468866234312315,1,1,507.7000000000001,41,1796.0,(direct),desktop,United States
177475133170193656,1,1,2278.0,23,1079.0,(direct),desktop,United States
178222732694337574,1,2,399.8,54,1572.0,(direct),mobile,United States
179180640146798691,1,1,2717.0,27,546.0,(direct),desktop,United States
181376187781387051,1,1,3397.5,13,290.0,(direct),desktop,United States
183218035021860438,2,2,1707.6999999999998,50,808.5,(direct),desktop,United States
183237071516128923,1,1,169.8,17,1146.0,google,desktop,United States
185156579195979630,1,1,215.9,36,1698.0,(direct),desktop,United States
186231215995844689,1,1,349.79999999999995,4,96.0,(direct),desktop,United States
187116230369481128,1,1,241.4,13,218.0,(direct),desktop,United States
188247823522588210,1,1,329.79999999999995,15,507.0,google,desktop,United States
188308435688462855,1,1,347.9,40,1546.0,(direct),desktop,United States
188481372919586914,1,1,1130.4,32,1215.0,(direct),desktop,United States
190492934318255272,1,1,345.90000000000003,11,654.0,google,desktop,United States
191382203292370318,1,1,179.89999999999998,18,428.0,google,desktop,United States
191473448043211052,1,1,959.7,28,556.0,google,desktop,United States
191633990580866366,1,1,799.7,37,607.0,(direct),desktop,United States
192269026404761198,1,1,219.9,16,247.0,(direct),desktop,United States
193361951439999580,1,1,269.9,9,162.0,(direct),desktop,United States
194729737445123123,1,1,172.89999999999998,13,570.0,(direct),desktop,United States
195229052670476258,1,1,249.9,14,2162.0,google,desktop,United States
195434588004709231,1,1,797.4,30,2522.0,google,desktop,United States
196884374665560705,1,1,191.9,21,607.0,(direct),desktop,United States
197640110870848557,1,1,1133.7,12,428.0,google,desktop,United States
198049799955668412,1,1,352.8,15,343.0,google,desktop,United States
199007580877867026,1,1,179.89999999999998,8,172.0,(direct),mobile,United States
199097744636621972,1,1,6800.5,81,4515.0,(direct),desktop,United States
199117534740864877,1,1,2276.0,18,568.0,(direct),desktop,United States
199390506505564850,1,1,8051.0,26,677.0,(direct),desktop,Canada
199756139590139879,2,5,15846.3,169,3492.0,(direct),desktop,United States
199826286790923643,1,1,334.20000000000005,18,716.0,(direct),desktop,United States
200288716023252495,1,1,5015.6,30,1102.0,(direct),desktop,United States
200523063890471612,1,1,3400.4,35,886.0,(direct),desktop,Hong Kong
202488139684365954,1,1,405.9,24,1002.0,groups.google.com,desktop,United States
203503895549680791,1,1,309.7,38,3075.0,google,desktop,United States
204082098779114456,1,1,399.8,22,465.0,(direct),desktop,United States
205723721674321991,1,1,405.9,24,1177.0,(direct),desktop,United States
205818826345710444,1,1,189.6,17,1112.0,(direct),desktop,United States
205892253400268407,1,1,497.8,26,486.0,(direct),desktop,United States
207758697026045863,1,1,732.4,40,1103.0,(direct),desktop,United States
209588266013545629,1,1,649.9,31,744.0,(direct),desktop,United States
209859376587833277,1,1,349.79999999999995,21,630.0,google,mobile,Canada
210797287974741332,1,1,429.7,24,586.0,(direct),desktop,United States
211027870956680579,1,1,439.9,12,394.0,(direct),desktop,United States
211475535612871703,2,2,1024.2,65,709.0,google,desktop,United States
211986650009953276,1,1,6069.5,30,1375.0,(direct),desktop,United States
213223799802259232,1,1,85.0,25,535.0,(direct),mobile,United States
213465488216513322,2,2,3207.4,52,849.5,(direct),desktop,United States
214415686397071336,1,1,402.1,28,1977.0,(direct),desktop,United States
214776722271775969,4,4,8582.8,64,580.0,(direct),desktop,United States
216379390200329933,1,1,1277.7,19,1353.0,dfa,desktop,United States
217143916288493658,1,1,407.6,18,1828.0,google,desktop,United States
217188275236417745,1,1,879.7,27,750.0,(direct),desktop,United States
217565022356586977,1,1,288.4,20,562.0,google,desktop,United States
217681705986137511,1,1,225.9,13,428.0,google,desktop,United States
218721670797647024,1,1,1758.3000000000002,26,971.0,(direct),desktop,United States
220006931292049293,1,1,396.1,24,418.0,(direct),desktop,United States
220293028121038519,1,1,269.8,45,1088.0,google,desktop,United States
220695720492664721,5,7,27766.8,130,952.6,(direct),desktop,United States
220916715926164647,1,1,89.7,17,669.0,(direct),desktop,United States
225374027452882593,1,1,393.8,28,1273.0,(direct),desktop,United States
225663065504333530,1,1,319.9,42,2011.0,(direct),desktop,United States
225991706421654357,1,1,431.9,11,399.0,(direct),desktop,United States
227223667732638007,1,1,152.0,11,358.0,(direct),desktop,United States
229738108093221604,1,1,337.8,32,1059.0,(direct),desktop,United States
230415850493745117,1,1,535.8,67,1430.0,(direct),desktop,United States
232377434237234751,1,1,199.8,26,1179.0,(direct),desktop,United States
234006696582066330,1,1,569.9,12,604.0,(direct),desktop,United States
235352179583924900,1,1,451.7000000000001,32,1010.0,google,desktop,United States
235385155808315096,1,1,499.7,28,891.0,google,mobile,United States
235594707904808624,1,1,399.8,14,465.0,google,tablet,United States
236160742740831906,1,1,236.4,83,4322.0,(direct),desktop,United States
236902697327333068,1,1,1425.8000000000002,14,313.0,(direct),desktop,United States
237463554769485825,1,1,219.5,19,633.0,google,desktop,United States
237543228088148288,1,2,820.0,32,1594.0,(direct),desktop,United States
237572851648543104,1,1,692.0,24,776.0,(direct),desktop,United States
238046754537073811,1,2,413.8,44,1490.0,(direct),desktop,Singapore
238421727680250617,1,1,249.8,36,1585.0,google,desktop,United States
238925310298938861,1,1,901.1,50,1919.0,(direct),desktop,United States
239011216868684634,1,1,507.9,17,247.0,(direct),desktop,United States
239598330790272854,1,1,889.9,25,702.0,(direct),desktop,United States
240359488343865855,1,1,269.8,28,481.0,(direct),desktop,United States
240776453322054523,1,1,139.8,27,621.0,(direct),desktop,United States
241662707620167476,1,1,649.7,36,1586.0,(direct),mobile,United States
242463556251231215,1,1,316.2,33,1118.0,(direct),desktop,United States
244170299994763393,1,1,352.8,20,1321.0,(direct),desktop,United States
246073136702899889,1,1,439.5,21,417.0,(direct),desktop,United States
249659095832018179,1,1,1675.0,16,332.0,(direct),desktop,United States
253197226133513839,1,1,879.9,17,341.0,google,desktop,United States
253217605888117906,1,1,569.6,30,1001.0,(direct),desktop,United States
253232075861039593,1,1,2389.2,25,1286.0,google,desktop,United States
253454431071066526,1,1,359.79999999999995,17,746.0,(direct),mobile,United States
253776212101014141,1,1,6088.7,18,900.0,google,desktop,United States
253940903586003186,2,2,10847.9,81,1603.0,google,desktop,United States
254089780577334336,1,1,919.6,13,364.0,google,mobile,United States
259650808338553210,1,1,744.8000000000001,24,1230.0,(direct),desktop,United States
260404193548201384,1,1,289.8,31,2909.0,google,mobile,United States
261669143599587910,1,1,459.8,16,1977.0,google,mobile,United States
262902792123089700,1,1,562.8,19,1145.0,google,desktop,United States
263896833266166939,1,1,269.0,36,859.0,(direct),desktop,United States
264439262506145643,1,1,429.8,21,565.0,(direct),desktop,United States
267020882885435601,1,1,1023.0,21,745.0,(direct),desktop,United States
269585902888060045,1,1,669.8000000000001,15,645.0,(direct),desktop,United States
271850397437998021,1,1,239.9,16,822.0,google,mobile,Canada
273584168531981189,1,1,405.9,11,211.0,(direct),desktop,Hungary
274035778263408429,1,1,831.8000000000001,53,2526.0,(direct),desktop,United States
276183710230160692,1,1,175.9,13,257.0,(direct),desktop,United States
276483305236391136,1,1,1255.0,14,977.0,(direct),desktop,United States
277630796350055956,1,1,670.6999999999999,24,1698.0,(direct),desktop,United States
277995947055991027,1,1,989.8,46,1612.0,dealspotr.com,desktop,United States
279519454681566557,1,1,1938.9,21,1242.0,(direct),desktop,United States
280589015308186459,1,1,638.8000000000001,45,1190.0,(direct),desktop,United States
281952976428623195,1,1,1169.3000000000002,21,504.0,(direct),desktop,United States
283777721763173267,1,1,1099.7,26,1038.0,(direct),desktop,United States
284098486783069978,1,1,219.9,28,521.0,google,desktop,United States
286670465887517107,1,1,409.9,24,844.0,(direct),desktop,United States
287904279013543394,1,1,600.7,20,423.0,(direct),desktop,United States
287908533589459604,1,1,1108.6,22,668.0,google,desktop,United States
290333981372798422,1,1,364.2000000000001,10,808.0,google,desktop,United States
290663072707523580,3,3,4866.5,87,622.6666666666666,(direct),desktop,United States
290718739519939792,1,1,279.9,26,964.0,(direct),desktop,United States
291002892578472269,1,1,27741.1,51,870.0,dfa,desktop,United States
291161766415927075,1,1,694.5,37,1094.0,google,desktop,United States
292453978388693769,1,1,5925.8,33,1240.0,(direct),desktop,United States
293387037477216156,1,1,79.80000000000001,15,1842.0,(direct),mobile,United States
294093638755103061,1,1,533.4000000000001,20,790.0,(direct),desktop,United States
295938792891590357,1,1,289.9,18,2496.0,google,desktop,United States
299679623448520578,1,1,619.7,19,1860.0,(direct),mobile,United States
301568042851919466,1,1,601.7,89,4798.0,(direct),desktop,United States
301972032250850193,1,1,199.9,32,922.0,google,desktop,United States
302704045753662604,1,1,140.0,14,369.0,google,desktop,United States
303733040875070154,1,1,176.9,23,568.0,google,desktop,United States
303985457220103186,1,1,199.9,16,386.0,google,desktop,United States
304034087246868080,1,1,799.7,22,716.0,(direct),desktop,United States
304674693006681857,1,1,395.6,29,668.0,(direct),desktop,United States
306177142313155903,1,1,339.79999999999995,22,602.0,(direct),desktop,United States
306293428725549657,1,1,571.5999999999999,20,339.0,google,desktop,United States
306638466008157195,1,1,747.0,15,544.0,(direct),desktop,United States
306895922494129375,1,1,225.9,26,467.0,dfa,desktop,United States
307884915539160890,1,1,449.9,8,155.0,(direct),desktop,United States
308001535433955546,1,1,4365.0,13,460.0,(direct),desktop,United States
308396243566145332,1,1,459.6,48,2095.0,(direct),desktop,United States
308402457029592335,1,1,819.8000000000001,17,1237.0,(direct),mobile,United States
309385525240537775,1,1,641.7,28,575.0,(direct),desktop,Poland
311720433666096854,1,1,1232.0,31,713.0,(direct),desktop,United States
312226371899637611,1,1,649.9,16,594.0,google,mobile,United States
314464405997489773,1,1,3113.2,25,1217.0,(direct),desktop,United States
314528826654841027,1,1,1220.0,26,1949.0,(direct),desktop,United States
314533611538644167,1,1,307.8,49,1480.0,(direct),desktop,United States
314623674794258357,1,1,645.5,30,1463.0,(direct),desktop,United States
315387128062353822,1,1,475.7,15,354.0,(direct),desktop,United States
316080058721038988,1,1,1239.9,18,1108.0,google,desktop,United States
316167355630094350,1,1,1373.6,18,1106.0,(direct),desktop,United States
317257995730740367,1,1,731.8000000000001,15,706.0,(direct),desktop,United States
318476411656972479,1,1,371.9,22,392.0,(direct),desktop,United States
319620292000180209,1,1,209.8,48,5358.0,(direct),tablet,United States
320170113964429981,1,1,1488.1999999999998,36,1092.0,(direct),desktop,United States
320727560379630083,1,1,428.5,13,488.0,(direct),desktop,United States
321747208131220508,1,1,3067.0,16,373.0,(direct),desktop,United States
324425236836309886,1,1,167.89999999999998,13,311.0,(direct),desktop,United States
324564641241038377,1,1,838.5,21,535.0,bing,desktop,United States
326671467950015369,1,1,634.3,31,870.0,(direct),desktop,United States
327577005764423652,1,1,317.6,16,542.0,(direct),desktop,Israel
328080880890336475,2,2,1227.8000000000002,30,469.0,(direct),desktop,United States
330062846836232829,1,1,342.70000000000005,21,498.0,google,desktop,United States
330070454475724462,1,1,957.4,16,1196.0,(direct),desktop,Canada
330289116549575054,1,1,825.8,13,238.0,(direct),desktop,United States
331726548434689533,1,1,219.9,15,1392.0,(direct),tablet,United States
334916383849466701,1,1,485.9,16,274.0,(direct),desktop,United States
336251173702144221,1,1,1649.3000000000002,31,1781.0,google,tablet,United States
339334311045885434,1,1,360.4,10,576.0,(direct),desktop,United States
339607919256111349,1,1,7510.8,22,1344.0,(direct),desktop,United States
341126939247417424,1,1,339.7,23,2510.0,(direct),desktop,United States
341723817943217505,1,1,245.9,13,325.0,(direct),desktop,United States
342282266188517272,2,2,2870.4,100,1201.0,(direct),desktop,United States
342565333518409484,1,1,959.5,18,499.0,(direct),desktop,United States
343104487250705794,3,3,5198.6,44,658.0,google,desktop,United States
343219748684366958,1,1,1080.5,35,847.0,(direct),desktop,United States
344338099914658416,1,1,2158.7,25,668.0,google,desktop,United States
344842538233543056,1,1,239.9,37,1112.0,google,mobile,United States
345388872996692187,1,1,433.8,14,532.0,(direct),desktop,United States
345672699449577691,1,1,295.9,8,484.0,(direct),desktop,United States
347426080243057728,1,1,551.7,35,1275.0,(direct),desktop,United States
347855419861857256,1,1,473.4,16,370.0,(direct),desktop,United States
348641465070077039,1,1,4624.0,12,292.0,(direct),desktop,United States
348759248625736228,3,3,1715.3,43,295.6666666666667,(direct),desktop,United States
348842070964414318,1,1,711.9,13,197.0,google,desktop,United States
349098195293316395,1,1,681.9,11,214.0,(direct),desktop,United States
349598333236458498,1,1,449.8,20,1809.0,google,desktop,United States
349780264810210042,1,1,507.9,13,1816.0,(direct),desktop,United States
349934101169965198,1,1,3270.4,34,859.0,google,desktop,United States
351681171177883933,1,1,570.0,45,4885.0,(direct),desktop,United States
352372860744696733,1,1,598.6999999999999,22,519.0,google,desktop,United States
352394936298937026,1,1,279.8,13,367.0,google,desktop,United States
353184725767379430,1,1,353.7,19,668.0,google,mobile,United States
353233028093637648,1,1,162.89999999999998,25,664.0,google,tablet,United States
353894935573695986,1,1,139.8,20,405.0,google,desktop,United States
354395446181773550,1,1,59.900000000000006,10,439.0,m.facebook.com,mobile,United States
354897802426513779,1,1,364.5,43,1299.0,(direct),desktop,United States
355692456617973868,1,1,1425.4,25,1222.0,(direct),desktop,United States
356092515832769251,1,1,1069.4,25,380.0,(direct),desktop,United States
357440337109667396,1,1,470.0,20,888.0,(direct),desktop,United States
357636120727052842,1,1,1400.4,39,2493.0,(direct),desktop,Poland
361534245405505016,1,1,1426.5,12,443.0,(direct),desktop,Singapore
363878417378060116,1,1,199.9,10,219.0,(direct),desktop,United States
364162594599982277,1,1,6136.0,33,1092.0,(direct),desktop,United States
364393857133608210,1,1,1697.0,57,1529.0,(direct),desktop,United States
364476402815734772,1,1,555.4,24,532.0,(direct),desktop,United States
365800323147392278,3,4,1260.5,73,994.6666666666666,(direct),desktop,United States
366796863244619267,1,1,346.8,13,450.0,(direct),desktop,United States
366995018749053135,1,1,984.1,42,3897.0,(direct),desktop,United States
367699875055542808,1,1,556.1,16,374.0,(direct),desktop,United States
367939665226673705,1,1,45.0,10,135.0,(direct),desktop,India
370316422769734568,1,1,1258.0,13,648.0,(direct),mobile,United States
370457166717871813,1,1,201.9,17,653.0,(direct),desktop,United States
370653840812117479,1,1,489.9,14,279.0,(direct),desktop,United States
371602582972882095,1,1,964.2,26,512.0,google,desktop,United States
371943164406822128,1,1,1319.8,28,702.0,(direct),desktop,United States
372706149688864468,5,6,14950.1,75,1491.6,(direct),desktop,United States
372741889888882659,1,1,691.7,30,1415.0,(direct),desktop,United States
374253765923087294,1,1,117.8,14,459.0,(direct),desktop,United States
376116041887932016,1,1,257.7,64,1310.0,google,desktop,United States
376394056092189113,2,3,1970.6,120,1163.5,(direct),desktop,United States
377374830135310453,1,1,309.9,19,1133.0,google,desktop,United States
377447207002641791,1,1,329.90000000000003,16,468.0,google,desktop,United States
377506370870345639,1,1,460.0,24,628.0,(direct),desktop,United States
379075858210159530,1,1,757.8,14,507.0,(direct),desktop,United States
379910820910540808,1,1,344.90000000000003,29,653.0,(direct),desktop,United States
380297679354627080,1,1,343.9,13,310.0,(direct),desktop,United States
380899024148326784,1,1,219.9,12,646.0,(direct),desktop,United States
382608034711593401,1,1,201.9,17,517.0,(direct),desktop,United States
383714650593435379,1,1,199.5,27,2440.0,(direct),desktop,United States
384990845055862114,1,1,119.9,16,1973.0,(direct),mobile,United States
385604754912299240,1,1,239.9,17,410.0,(direct),mobile,United States
386945787239594893,1,1,281.90000000000003,17,1818.0,(direct),desktop,United States
387539919956993522,1,1,239.9,16,1264.0,google,desktop,United States
387849079599046538,2,2,1405.8,55,1626.0,(direct),desktop,United States
389488682405584834,1,1,80.3,25,672.0,(direct),desktop,United States
389986037860676472,1,1,6928.099999999999,39,1527.0,google,desktop,United States
390998170566117826,1,1,239.9,17,519.0,(direct),desktop,United States
391659178324668475,1,2,905.8,29,1093.0,(direct),desktop,United States
391734717153151205,1,1,579.7,41,2532.0,google,desktop,United States
393641314117635386,1,1,1685.0,20,558.0,google,desktop,United States
394645209696766041,1,1,329.79999999999995,21,437.0,google,desktop,United States
394685600472849886,1,1,155.9,13,273.0,(direct),desktop,United States
394724420324392696,1,1,209.9,29,827.0,google,desktop,United States
395012696484203225,1,1,1209.8,16,325.0,dfa,desktop,United States
395050647250429598,1,1,536.5999999999999,12,633.0,dealspotr.com,desktop,United States
395878510909861453,1,1,361.4,28,1440.0,(direct),desktop,United States
396381842924367514,1,1,239.9,26,759.0,google,desktop,United States
396718069117936487,1,1,319.40000000000003,17,526.0,(direct),desktop,United States
397096195399292263,1,1,340.0,21,995.0,(direct),desktop,United States
397440133393463294,1,1,9075.0,26,2368.0,(direct),desktop,United States
397897232696727433,1,1,145.9,14,273.0,(direct),desktop,United States
400123865495017006,1,1,189.8,15,1219.0,google,mobile,United States
402324876089509346,1,1,329.79999999999995,24,478.0,(direct),desktop,United States
403377724115575972,1,1,199.9,15,257.0,(direct),mobile,Anguilla
403789659645595849,2,2,639.7,36,916.5,google,desktop,United States
403854633867059264,1,1,1102.3,29,1098.0,google,mobile,Panama
405484788554421584,1,1,196.3,15,791.0,(direct),desktop,United States
405613301455395523,3,4,2734.4,70,780.0,google,desktop,United States
405641263394677056,1,1,1289.8,12,389.0,(direct),desktop,United States
405913439928695900,1,1,245.8,19,608.0,(direct),desktop,United States
405996727678488611,1,1,275.9,37,1671.0,google,desktop,United States
406001208091891832,1,1,1007.7,45,2526.0,(direct),desktop,United States
406062413536161782,1,1,3407.0,18,572.0,(direct),desktop,United States
406190417919854320,1,1,302.9,35,664.0,(direct),desktop,United States
409393961827380777,1,1,139.9,16,675.0,(direct),mobile,United States
410236987316567002,1,1,589.0999999999999,38,978.0,(direct),desktop,United States
410486793212449872,1,1,449.9,17,686.0,(direct),desktop,United States
411216216330611461,1,1,409.8,23,574.0,google,desktop,United States
412089515434398683,1,1,909.9,22,557.0,(direct),desktop,United States
412554141248368974,1,1,339.90000000000003,16,485.0,(direct),mobile,United States
413580391899416331,1,1,341.9,20,521.0,(direct),desktop,United States
415088391126514183,1,1,593.8000000000001,39,1562.0,(direct),desktop,United States
415394625340972240,1,1,538.0,35,1019.0,google,desktop,United States
415608676546432559,1,1,1229.8,37,1423.0,(direct),desktop,United States
417281456122837207,1,1,929.9,11,400.0,google,tablet,United States
417374407421467352,1,1,367.8,49,1195.0,(direct),desktop,United States
419161784882208907,1,1,1819.7,17,616.0,(direct),desktop,United States
422544802270284821,1,1,1291.3,25,1359.0,(direct),desktop,Australia
423307133606435481,1,1,363.9,11,458.0,(direct),desktop,United States
425433276966204823,1,1,162.89999999999998,32,1533.0,google,desktop,United States
426743790293007914,1,1,977.8,19,1149.0,(direct),desktop,United States
426890790154936586,1,1,685.9000000000001,33,960.0,google,desktop,United States
427908274656251192,1,1,64.9,53,1960.0,(direct),desktop,Canada
428377751227330617,1,1,192.9,19,496.0,(direct),desktop,United States
429502726115959763,1,1,1469.9,22,1554.0,google,desktop,United States
430094899859964214,1,1,905.8,16,415.0,(direct),desktop,United States
431557134723843230,1,1,679.8000000000001,57,1493.0,(direct),desktop,United States
432606793105704004,1,1,7058.0,47,1052.0,(direct),desktop,United States
433977539031077073,1,1,55.9,13,174.0,(direct),desktop,United States
436308854548495165,1,2,369.8,28,596.0,google,desktop,United States
437357987201411491,1,1,11403.5,34,579.0,(direct),mobile,United States
438166916528767491,1,1,809.0,11,178.0,(direct),desktop,United States
439226753637545757,1,1,1856.6,17,486.0,google,desktop,United States
439352190837086995,1,1,415.9,21,439.0,(direct),desktop,United States
440818788755263058,1,1,500.0,15,591.0,(direct),desktop,Canada
441066271285731501,1,1,4030.6,45,690.0,(direct),desktop,United States
441571162186980261,1,1,189.9,25,1497.0,(direct),desktop,United States
442021180879108839,1,1,2811.0,38,1460.0,(direct),desktop,United States
442359446750687328,1,1,453.8,24,831.0,(direct),desktop,United States
444821471625212420,1,1,1049.9,31,855.0,google,mobile,United States
445007965605847225,1,1,281.90000000000003,18,751.0,(direct),desktop,United States
445631247863989355,1,1,377.7000000000001,21,468.0,(direct),desktop,United States
446307598015350028,1,1,259.8,23,594.0,(direct),mobile,Canada
446821635919209531,1,1,181.1,18,908.0,(direct),desktop,United States
449424538549488734,1,1,745.6999999999999,19,597.0,(direct),desktop,United States
449754892287493650,1,1,79.9,19,868.0,(direct),desktop,United States
450212169679268027,1,1,349.79999999999995,18,324.0,google,desktop,United States
450369492992993160,1,1,1119.8,42,832.0,google,desktop,Venezuela
451272146698301239,1,1,359.90000000000003,34,888.0,(direct),desktop,United States
452384137560800015,1,1,360.7,17,507.0,(direct),desktop,United States
454845221896711463,2,2,4767.0,28,684.5,(direct),desktop,United States
455718321769006834,1,1,379.9,65,2665.0,google,desktop,Colombia
456807427403774085,1,1,1559.8,43,916.0,(direct),desktop,United States
456995923783583208,1,1,219.3,14,1141.0,google,desktop,United States
457044505102305564,1,1,299.7,19,1349.0,google,desktop,United States
457069299190177448,1,1,489.9,11,371.0,(direct),desktop,United States
459251814254391578,1,1,231.9,17,354.0,(direct),desktop,United States
459959187480356493,1,1,359.7,19,760.0,(direct),tablet,United States
460590127025597143,1,1,420.0,17,362.0,(direct),desktop,United States
461226362137454102,1,1,593.5,26,795.0,(direct),desktop,United States
463325773564352787,2,2,2529.6,49,407.0,(direct),desktop,United States
464364196228560484,1,1,673.7,27,1007.0,google,desktop,United States
465397546668226126,1,1,3276.6000000000004,40,988.0,(direct),desktop,United States
466572721242688035,2,2,855.5,26,359.0,(direct),desktop,United States
467904620717928287,1,1,145.9,17,476.0,(direct),desktop,United States
470917192636663681,1,1,1163.1,36,2899.0,(direct),desktop,United States
471753134403424239,1,1,231.9,19,1455.0,(direct),desktop,United States
472971982753353098,1,1,341.8,17,447.0,(direct),desktop,United States
473442131850032599,1,1,75.0,11,278.0,(direct),desktop,United States
473815800118504130,1,1,375.9,16,370.0,mail.google.com,desktop,United States
473905218555423969,1,1,145.9,21,2555.0,(direct),desktop,United States
475993971295433883,1,1,357.8,28,1423.0,(direct),desktop,United States
478403815632492375,1,1,389.8,31,1019.0,google,desktop,United States
480596774651345765,1,1,1124.1,26,866.0,google,desktop,United States
480683872448243932,1,1,747.6999999999999,24,523.0,(direct),desktop,United States
481095003060297640,1,1,7248.200000000001,21,528.0,(direct),desktop,United States
481562034862119313,1,1,195.9,14,418.0,(direct),desktop,United States
481908738776854721,1,1,401.8,19,622.0,(direct),desktop,United States
482588777140962763,1,1,540.0,23,1268.0,google,desktop,United States
483111126014707673,1,1,377.6,36,1429.0,(direct),desktop,United States
485196789418021564,1,1,2081.8,118,5287.0,(direct),desktop,United States
487480427659606163,1,1,405.9,13,213.0,google,desktop,United States
487776113418404925,1,1,405.9,12,236.0,(direct),desktop,United States
488047684682615330,1,1,159.70000000000002,45,684.0,(direct),desktop,Canada
489387095051650874,1,1,185.9,18,390.0,google,desktop,United States
491177567878140069,1,1,601.1,40,2031.0,(direct),desktop,United States
491193409314675096,1,1,1567.0,21,505.0,(direct),desktop,United States
491316713136054865,1,1,375.9,9,133.0,mail.google.com,desktop,United States
491427743200379908,1,1,1759.5,14,572.0,(direct),desktop,United States
496833883845920731,1,1,507.9,17,1255.0,(direct),desktop,United States
497209842877259289,1,1,329.90000000000003,18,935.0,(direct),desktop,United States
498519259844308517,1,1,189.9,13,434.0,(direct),desktop,United States
500460722094613747,1,1,570.0,16,893.0,(direct),desktop,United States
500766381427960566,1,1,533.6999999999999,38,888.0,(direct),desktop,United States
500926353574528949,1,1,105.7,17,1056.0,(direct),desktop,United States
502027330594674519,1,1,259.9,10,157.0,google,desktop,United States
502079743101647640,1,1,513.6999999999999,24,850.0,google,desktop,United States
507378123137078709,1,1,588.0,38,880.0,google,desktop,United States
507664246019057034,1,1,259.9,20,312.0,(direct),desktop,United States
509537543362594682,1,1,491.8,51,2907.0,(direct),desktop,United States
509637927726464785,2,2,1103.3,53,821.0,(direct),desktop,United States
509972280802528263,1,1,402.9,5,56.0,(direct),desktop,United States
510399340773152452,1,1,179.89999999999998,19,1011.0,google,desktop,United States
511506099436408879,1,1,209.6,20,1409.0,google,desktop,United States
512376512516526849,1,1,149.9,25,1685.0,(direct),mobile,United States
512988788718016553,1,1,3680.0,13,397.0,(direct),desktop,United States
513403330506317388,2,2,21241.5,48,1644.5,google,desktop,United States
514071303908585314,1,1,149.8,9,220.0,(direct),tablet,United States
514253309422836642,1,1,249.9,10,343.0,(direct),desktop,Singapore
514517908760071241,1,1,809.5,17,496.0,(direct),desktop,United States
515770511624914543,2,2,5352.2,44,805.5,(direct),desktop,United States
517644101045776450,1,1,287.5,13,472.0,(direct),desktop,United States
517782955209773732,1,1,282.2,18,586.0,(direct),desktop,United States
520805520579177810,1,1,1064.8,14,1331.0,(direct),desktop,United States
522359013237328012,1,1,959.8,10,917.0,(direct),desktop,United States
525470181967108180,1,1,140.0,29,1425.0,Partners,mobile,United States
527426783375720325,1,1,2265.7,33,782.0,(direct),desktop,United States
527903113421923907,1,1,1656.8000000000002,20,368.0,(direct),desktop,United States
528231576022767993,1,1,425.6,26,949.0,(direct),desktop,United States
528933380496819911,1,1,281.8,18,477.0,(direct),desktop,United States
529281851523725509,1,2,545.7,83,3930.0,(direct),desktop,United States
530238188668261857,1,1,389.8,20,3427.0,(direct),mobile,United States
530920366625737605,1,1,482.5,40,1400.0,(direct),desktop,United States
531496906783225698,1,1,273.8,15,410.0,(direct),desktop,United States
531638978305910082,1,1,259.9,40,1216.0,google,desktop,United States
531829155524217247,1,1,598.5,12,632.0,google,desktop,United States
533462479025888957,2,2,608.1,34,498.0,(direct),desktop,United States
535271430252634961,1,1,545.7,14,667.0,(direct),desktop,United States
535797652559788641,1,1,852.6,29,2408.0,google,desktop,United States
536428604379922267,1,1,287.0,19,452.0,(direct),desktop,United States
536559199229561402,1,1,359.7,12,590.0,(direct),desktop,United States
536651165928149969,1,1,349.79999999999995,19,2327.0,google,desktop,United States
538316939897477687,1,1,99.9,23,881.0,google,desktop,United States
539032312488458869,1,1,433.8,26,857.0,(direct),desktop,United States
539181992389988672,1,1,687.8,19,611.0,(direct),desktop,United States
540193727116110682,1,1,2787.0,20,264.0,mail.google.com,desktop,United States
541939415042873067,1,1,183.9,12,361.0,(direct),desktop,United States
542333354260444568,1,1,4475.400000000001,54,1917.0,(direct),desktop,Ukraine
542454857691775401,1,1,55.9,31,871.0,(direct),desktop,United States
543100701177479713,1,1,1182.6,43,945.0,(direct),desktop,United States
543133542685191215,1,1,219.5,12,418.0,(direct),desktop,United States
543368443296403226,1,1,631.8,15,344.0,(direct),desktop,United States
544222846238969798,1,1,389.8,56,2464.0,google,desktop,United States
545209862900348723,1,1,553.8000000000001,32,1762.0,(direct),desktop,United States
545302570079415113,1,1,899.9,12,224.0,(direct),desktop,United States
546450430035162938,1,1,219.9,19,1446.0,(direct),mobile,United States
547013638763660090,2,2,1523.6,30,356.5,mail.google.com,desktop,United States
548610265008552694,1,1,162.89999999999998,13,459.0,google,desktop,United States
548744394505098293,1,1,417.8,16,361.0,(direct),desktop,United States
549380289036184273,1,1,239.9,12,246.0,(direct),desktop,United States
552165022845624889,1,1,645.9000000000001,22,730.0,(direct),desktop,United States
553037813052104682,1,1,259.9,18,446.0,google,desktop,United States
553274180487420287,1,1,829.5999999999999,15,397.0,(direct),desktop,United States
553368558009293652,1,1,721.8000000000001,20,1822.0,(direct),desktop,United States
553904149065456549,1,1,1719.7,26,994.0,(direct),mobile,United States
554420125524525961,2,5,3029.1000000000004,65,2518.5,(direct),desktop,United States
554581394170643542,1,1,1098.6,44,1373.0,google,desktop,United States
554657701286789547,2,2,1005.1,62,717.5,(direct),desktop,United States
554728164623826608,1,1,249.9,19,724.0,(direct),desktop,United States
555043313953093171,1,1,589.9,26,509.0,(direct),desktop,United States
556556488234585145,1,1,421.9,14,539.0,(direct),desktop,United States
557041874411922739,1,1,1069.7,25,202.0,(direct),desktop,United States
557267724728292293,1,1,127.0,24,1003.0,(direct),mobile,United States
560045648140089234,2,2,1863.2000000000003,38,1217.0,(direct),desktop,United States
560278389700464572,1,1,345.0,20,1131.0,(direct),desktop,United States
561827271234161338,1,1,430.1,19,578.0,google,desktop,United States
565056780083615308,1,1,189.9,8,214.0,(direct),desktop,United States
565287882698874437,1,1,956.2,11,2303.0,(direct),desktop,United States
566055411938639598,2,3,33106.2,80,1330.5,google,desktop,United States
567114702296201573,1,1,405.9,18,711.0,(direct),desktop,United States
567258049821128407,1,1,467.9,19,1050.0,(direct),desktop,United States
570123615296033261,1,1,1243.8,13,1111.0,(direct),desktop,United States
572135527461851083,1,1,199.9,20,833.0,(direct),desktop,United States
573752651828621469,1,1,799.8000000000001,29,1625.0,google,desktop,United States
574546672447624856,1,1,1029.9,12,220.0,(direct),desktop,United States
575603546892390824,1,1,619.9,24,2021.0,(direct),desktop,United States
576962765196044517,1,1,293.0,16,2091.0,(direct),desktop,United States
577430234323994672,1,1,399.8,19,752.0,bing,desktop,United States
577700480509527611,1,1,399.5,39,2670.0,(direct),mobile,Canada
579022412844305962,1,1,165.9,27,1017.0,(direct),desktop,United States
579326161967924544,1,1,251.9,24,547.0,(direct),desktop,United States
582129409932854437,1,1,239.9,26,1370.0,google,desktop,United States
582559656298634054,1,1,79.7,45,1168.0,(direct),mobile,United States
582615830345755974,1,1,859.5,30,1352.0,google,desktop,United States
582674888457699636,2,2,1193.7,59,1325.0,(direct),desktop,United States
584233587428145418,1,1,355.90000000000003,13,201.0,(direct),desktop,United States
586022395219552336,1,1,1110.2,38,2577.0,(direct),desktop,United States
587886297354228717,1,1,299.5,43,1774.0,google,desktop,United States
588920124789640640,1,1,417.7000000000001,14,929.0,(direct),desktop,United States
589243891238071459,1,1,474.8,29,1559.0,(direct),desktop,United States
589822830087218823,1,1,375.9,15,342.0,(direct),desktop,United States
592466522618439413,1,1,289.9,24,1053.0,(direct),mobile,United States
593564601992081966,1,1,993.4,22,674.0,google,desktop,United States
594022882962204579,1,1,619.7,29,1860.0,(direct),mobile,United States
594511863093043281,1,1,490.0,28,627.0,(direct),desktop,United States
594824422792523749,1,1,1835.0,20,513.0,(direct),desktop,United States
596169222611729599,1,1,249.9,30,2047.0,(direct),mobile,United States
597489337358394308,3,4,1064.6,65,608.6666666666666,(direct),desktop,United States
599110551792149234,3,3,21199.0,73,917.3333333333334,(direct),desktop,United States
600237702497948707,1,1,817.8,49,1140.0,(direct),desktop,United States
601161405716299904,1,1,539.9,27,1169.0,(direct),desktop,United States
602050736534015192,1,1,415.9,15,322.0,(direct),desktop,Ireland
602865033633296199,1,1,219.9,6,97.0,google,desktop,United States
603507101721972238,2,2,741.7,40,309.0,(direct),desktop,United States
604314853571328266,1,1,6201.5,27,1396.0,google,desktop,United States
605298878287002654,1,1,1079.9,12,166.0,google,desktop,United States
605582860135446327,1,1,241.9,17,699.0,(direct),desktop,United States
606735064258270722,1,1,3380.0,16,544.0,(direct),desktop,United States
608132583314752466,1,1,149.8,16,372.0,google,desktop,United States
608915197735218105,12,12,30393.199999999997,260,929.0833333333334,(direct),desktop,United States
611556253076247456,1,1,1492.9,63,1510.0,(direct),desktop,United States
611561045307562255,1,1,1374.5,104,3011.0,google,mobile,United States
614324104402254023,1,1,1440.8000000000002,69,4947.0,(direct),desktop,South Korea
616530401183877867,1,1,2802.3,24,492.0,(direct),desktop,United States
616813475440297008,1,1,441.7000000000001,24,428.0,(direct),desktop,United States
617283905493277793,2,2,6491.4,43,718.5,(direct),desktop,United States
617329235458001539,1,1,303.8,20,2631.0,(direct),desktop,United States
623238387362841295,1,1,383.8,39,1006.0,(direct),desktop,United States
625087577271634600,1,1,159.8,10,151.0,(direct),desktop,United States
625333892395560084,1,1,519.9,59,1896.0,google,desktop,United States
626650043568445812,1,1,439.6,45,983.0,google,desktop,United States
627911872499384695,1,1,1317.3,28,920.0,(direct),desktop,United States
628121127521169790,1,1,657.3000000000001,36,1009.0,(direct),desktop,United States
628736701415781712,1,1,507.9,14,351.0,(direct),desktop,Czechia
631883605401031518,1,1,382.8,13,479.0,google,desktop,United States
632796253738106478,1,1,392.8,16,691.0,(direct),desktop,United States
633090494027651510,2,2,929.5,40,1438.5,google,mobile,United States
633547848089854806,1,1,189.9,13,211.0,google,desktop,United States
634506282991036601,1,1,5972.5,23,1079.0,(direct),desktop,United States
639095902615054058,1,1,787.5,15,1206.0,(direct),desktop,Canada
640040708763897460,1,1,387.6,11,298.0,google,desktop,United States
640433429877929929,2,2,815.7,34,384.0,(direct),desktop,United States
643575983930852714,1,1,3166.5,15,635.0,(direct),desktop,United States
644061149609662421,1,1,1188.0,10,195.0,(direct),desktop,United States
644407009401848542,1,1,589.6,17,474.0,(direct),desktop,United States
644832033333540742,1,1,731.5999999999999,28,2245.0,(direct),desktop,United States
645993360426050019,1,1,389.8,24,521.0,google,mobile,United States
646210848993699313,1,1,179.89999999999998,13,344.0,google,desktop,United States
647701940544723891,1,1,730.5,23,1013.0,(direct),desktop,United States
648777904915125343,1,1,1239.1,60,1423.0,(direct),desktop,United States
649093489751982679,1,1,1299.4,48,1485.0,(direct),mobile,United States
650056086385776129,1,1,12005.0,10,359.0,(direct),desktop,United States
650915590272619388,1,1,465.7,11,247.0,(direct),desktop,United States
651862055672264578,1,1,269.9,33,1881.0,google,mobile,United States
652202420147185334,1,1,3081.2,17,528.0,google,desktop,United States
652686133169550028,1,1,349.79999999999995,22,1406.0,(direct),desktop,United States
652992594863430909,1,1,781.3,59,3267.0,(direct),desktop,United States
653069947099114599,2,2,1057.8,45,2571.5,(direct),desktop,United States
654327480845915716,1,1,749.5999999999999,19,229.0,google,desktop,United States
654377071872368830,1,1,732.8,14,560.0,(direct),desktop,United States
654736404761929369,1,1,340.0,22,936.0,(direct),desktop,United States
655649189295800064,1,1,513.6999999999999,13,420.0,(direct),desktop,United States
656429934624637021,2,2,549.8,27,645.5,(direct),desktop,United States
658019277799848735,1,1,506.2,4,56.0,(direct),desktop,United States
658858637473021623,1,1,2266.7,22,1045.0,(direct),desktop,United States
659736568334808305,1,1,465.7,30,2161.0,(direct),mobile,United States
660738563067658683,1,1,283.8,22,820.0,google,mobile,United States
661947368755840479,1,1,2457.9,21,717.0,(direct),desktop,United States
662931673462260601,1,1,343.6,35,1034.0,(direct),desktop,United States
663614479606200802,1,1,1388.5,17,503.0,(direct),desktop,United States
664683919239436389,1,1,119.9,18,281.0,google,desktop,United States
664885127935747173,1,1,629.7,19,609.0,google,desktop,Hong Kong
665001342407465406,1,1,149.9,21,610.0,google,desktop,United States
665197592745084056,1,1,159.9,11,141.0,google,desktop,United States
667466244691499033,1,1,876.4,14,461.0,(direct),desktop,United States
667721082352794491,1,1,311.90000000000003,11,188.0,google,desktop,United States
668741043882663600,1,1,273.8,43,1613.0,google,desktop,United States
670221610640324008,1,1,785.6999999999999,24,708.0,(direct),desktop,Canada
671417952592573132,1,1,1139.4,44,2322.0,google,desktop,United States
671711254304258949,1,1,369.9,13,210.0,(direct),desktop,United States
676786607056065282,1,1,351.8,12,853.0,(direct),desktop,India
678346199445584745,1,1,249.9,19,763.0,google,desktop,United States
679581364401887394,1,1,159.70000000000002,22,1515.0,google,desktop,United States
681345956743814792,1,1,97.9,30,626.0,(direct),desktop,United States
682241557361742402,2,2,12165.1,98,2383.5,(direct),desktop,United States
682549734570999775,1,1,533.6999999999999,41,1360.0,(direct),desktop,United States
683463694449296647,1,1,309.9,31,2195.0,(direct),mobile,United States
683732886676120900,1,1,1533.8,28,586.0,(direct),desktop,United States
684586979835492905,2,2,5349.1,54,626.0,(direct),desktop,United States
684933840850165946,1,1,252.8,34,811.0,(direct),desktop,United States
685890158319889343,1,1,769.5999999999999,25,2253.0,(direct),desktop,United States
686323554174622772,1,1,1527.0,19,1176.0,(direct),desktop,United States
686766074904091675,1,1,1479.0,34,1083.0,(direct),desktop,United States
688220916941408964,1,1,331.8,23,604.0,google,desktop,United States
688332067410799097,1,1,709.5999999999999,22,573.0,(direct),desktop,United States
688527857109237010,1,1,2019.0,11,216.0,(direct),desktop,United States
689078233091142252,1,2,7568.400000000001,59,2651.0,(direct),desktop,United States
689221493301196449,1,1,341.9,29,1199.0,(direct),desktop,United States
689318192161645703,2,2,1344.0,33,1580.0,(direct),desktop,United States
689752308200679975,1,1,229.9,17,375.0,(direct),desktop,United States
689759983033395274,1,1,691.8000000000001,13,328.0,(direct),desktop,United States
690857090174893408,1,1,3024.7000000000003,58,4718.0,google,desktop,United States
691720966691550944,1,1,941.8,14,311.0,google,desktop,United States
693079538830911094,1,1,1088.5,33,2062.0,(direct),desktop,United States
693664182055359688,1,1,567.8,17,646.0,(direct),desktop,United States
696402585067597025,1,1,182.8,27,689.0,(direct),tablet,United States
698297406423033664,1,1,580.0,16,647.0,(direct),desktop,United States
698616970895406010,1,1,467.9,13,314.0,(direct),desktop,United States
699221213149021065,1,1,3873.5,20,1173.0,(direct),desktop,United States
700225401855286769,1,1,1841.6,28,918.0,(direct),desktop,United States
701601838005591363,1,1,3703.6,28,995.0,(direct),desktop,United States
702289726935404752,1,1,12680.8,29,984.0,(direct),desktop,United States
702564824793049879,1,1,227.3,13,314.0,(direct),desktop,United States
703271650319125139,1,1,336.2,15,357.0,google,desktop,United States
703413205219786519,1,1,499.9,12,446.0,(direct),desktop,United States
703628343876693893,1,1,329.4,16,873.0,(direct),mobile,United States
703967290140600051,1,1,1282.7,28,1156.0,(direct),desktop,United States
704373157724192220,1,1,229.9,17,471.0,(direct),tablet,United States
705052516935438684,1,1,369.5,32,1357.0,l.facebook.com,desktop,United States
705304092514331716,1,1,321.5,45,1467.0,(direct),desktop,United States
705638791185080238,1,1,439.2000000000001,20,394.0,(direct),desktop,United States
707424893758055863,1,1,229.9,32,665.0,(direct),desktop,United States
707924884126013523,2,2,895.6,60,1158.0,(direct),desktop,United States
708898149037036750,1,1,269.9,19,397.0,(direct),desktop,United States
709049510464090446,1,1,849.9,10,143.0,(direct),desktop,United States
709264891712119534,1,1,715.9000000000001,34,1180.0,(direct),desktop,United States
710632165228073636,2,2,20764.0,38,670.0,google,desktop,Canada
713731982901764318,3,3,8384.8,68,835.3333333333334,(direct),desktop,United States
716925587316437811,1,1,879.5999999999999,12,224.0,google,desktop,United States
717343852152056082,2,2,4516.5,34,947.5,(direct),desktop,United States
718076753301188235,1,1,1609.1999999999998,30,1513.0,google,desktop,United States
719626868021451011,1,1,451.7000000000001,10,175.0,(direct),desktop,United States
719763844495200108,1,1,2289.5,8,127.0,(direct),desktop,United States
720378073621403524,1,1,488.5,52,2025.0,(direct),desktop,United States
723690431772344547,1,1,231.9,9,759.0,(direct),desktop,United States
725981616433523164,1,1,1606.0,28,800.0,(direct),desktop,United States
728168523838298915,1,1,9061.1,66,3434.0,google,desktop,United States
728302696788663197,1,1,169.7,30,540.0,(direct),desktop,Canada
731463778070039206,1,1,351.8,38,1434.0,(direct),desktop,United States
731600632766258810,1,1,1660.3,18,439.0,(direct),desktop,United States
733757037931594916,1,1,415.6,20,550.0,(direct),desktop,United States
733935141047180090,1,1,399.7,20,2228.0,google,mobile,United States
735968675616410716,2,2,761.8,41,547.5,(direct),desktop,United States
738451259641127092,1,1,377.8,14,788.0,(direct),desktop,United States
738493091551467122,1,1,3502.8,22,656.0,(direct),desktop,United States
738603250513383829,1,1,639.9,19,598.0,google,mobile,United States
738742613780622904,1,1,619.9,21,2059.0,facebook.com,desktop,United States
740400499011848560,1,1,213.9,30,768.0,(direct),desktop,United States
741020852959030881,1,1,3205.2,18,747.0,(direct),desktop,United States
743501820485430157,1,2,601.5,47,1338.0,google,desktop,United States
744194450160663160,1,1,1060.0,13,228.0,google,desktop,United States
744210830143973631,1,1,230.2,25,756.0,google,desktop,United States
744307603598668939,1,2,613.6,34,1036.0,(direct),desktop,United States
744898282188245890,1,1,1467.5,18,693.0,google,desktop,United States
745585037435026151,1,1,967.0,16,211.0,(direct),desktop,United States
746147040518715564,1,1,249.9,21,1366.0,google,desktop,Canada
746996333765865062,1,1,199.9,58,3216.0,(direct),desktop,United States
747495245317338179,1,1,149.9,23,2108.0,(direct),desktop,United States
749967699578346374,1,1,2552.8,43,1176.0,google,desktop,United States
750035303636009615,1,1,884.4,13,780.0,(direct),desktop,United States
750845334721949296,1,1,2997.6,10,323.0,(direct),desktop,United States
751672591869658635,1,1,289.40000000000003,17,1515.0,google,desktop,United States
752227123296140158,1,1,224.5,44,1379.0,google,desktop,United States
753068173118806777,1,1,421.9,16,1848.0,(direct),desktop,United States
753451278230201437,1,1,425.9,13,1468.0,(direct),desktop,United States
754276461062540121,1,1,293.8,13,372.0,google,desktop,United States
755655563816873558,1,1,757.6,49,2280.0,(direct),desktop,United States
756687281868981844,1,1,344.4,32,864.0,google,desktop,United States
758186940251087967,1,1,1067.7,8,133.0,(direct),desktop,United States
759913108523269841,1,1,721.9,15,369.0,(direct),desktop,United States
760185147017673561,1,1,633.8000000000001,31,871.0,(direct),desktop,United States
763707560320645222,1,1,329.90000000000003,19,467.0,(direct),desktop,United States
764130080355318963,1,1,199.9,23,1690.0,google,mobile,Puerto Rico
764274607292877218,1,1,2480.4,27,676.0,(direct),desktop,United States
764484494612548101,1,1,405.9,17,617.0,docs.google.com,desktop,United States
765966183501214400,1,1,1928.8,37,921.0,(direct),desktop,United States
766993275138882460,1,1,385.9,16,191.0,(direct),desktop,United States
767090408793298602,1,1,299.0,25,1714.0,(direct),desktop,United States
769814198037419822,1,1,164.3,16,417.0,(direct),desktop,United States
770343271394368802,1,1,219.9,9,538.0,mail.google.com,desktop,United States
770704534881133670,1,1,820.9000000000001,18,544.0,(direct),desktop,United States
773808986747306437,2,2,539.7,59,1321.0,google,desktop,United States
774160510580966551,1,1,726.5,41,1507.0,google,desktop,United States
774513448429124063,1,1,4576.3,37,777.0,(direct),mobile,United States
774683549194942679,1,1,279.9,16,589.0,google,desktop,United States
776257183737046172,1,1,429.9,15,398.0,(direct),desktop,United States
777922178356486144,1,1,241.8,16,360.0,(direct),desktop,United States
779199793341944056,1,1,178.79999999999998,21,453.0,(direct),desktop,United States
779994217986978664,2,2,488.1,35,582.0,google,desktop,United States
780253600713375371,2,2,4570.0,67,760.0,(direct),desktop,United States
780755997851042697,1,1,438.9,25,714.0,google,desktop,United States
781232080470154469,1,1,249.9,26,847.0,(direct),desktop,United States
782614754453902695,1,1,138.9,15,566.0,google,desktop,United States
783843790747551730,1,1,345.90000000000003,12,396.0,(direct),desktop,United States
789905443393425189,1,1,141.8,17,388.0,(direct),desktop,United States
791462951878788065,2,3,2912.7,94,1442.5,(direct),desktop,United States
791864965885404875,1,1,146.3,24,449.0,(direct),desktop,United States
793185968741743873,1,1,179.89999999999998,11,442.0,yahoo,desktop,United States
794644147217997845,1,1,783.3,19,2404.0,google,desktop,United States
795389678082168807,1,1,371.8,10,406.0,(direct),desktop,United States
798497354396276590,1,1,375.9,16,464.0,(direct),desktop,United States
802037866085868199,1,1,209.9,22,614.0,(direct),mobile,United States
803888563485194008,1,1,689.9,10,156.0,(direct),desktop,United States
804510972627821648,1,1,761.8000000000001,14,1297.0,(direct),desktop,United States
806304580282256912,1,1,249.9,14,387.0,(direct),desktop,United States
806705536235074744,1,1,314.9,41,895.0,google,desktop,United States
806992249032686650,3,3,1899.5,156,2228.6666666666665,(direct),desktop,United States
808188573031707969,1,1,179.8,34,1621.0,google,desktop,United States
809414136326091253,1,1,2095.9,83,1784.0,(direct),desktop,United States
809877468690350103,1,1,171.9,19,566.0,(direct),desktop,United States
810563443947477001,1,1,1535.2,75,1401.0,(direct),desktop,United States
813207140579582070,1,1,715.0,40,3651.0,google,desktop,United States
813435824692883942,1,1,105.5,25,953.0,(direct),desktop,United States
813572144884353388,1,1,1025.4,37,1110.0,(direct),desktop,Australia
813852585934816010,1,1,39.900000000000006,23,492.0,google,desktop,United States
814522658607682614,1,1,149.9,13,2025.0,(direct),mobile,United States
815047945706399620,1,1,517.7,16,662.0,(direct),desktop,United States
816022306811658302,1,1,784.7,31,1054.0,google,desktop,United States
817680240606134380,1,1,229.9,16,656.0,(direct),desktop,United States
817889198360028730,1,1,1231.2,18,267.0,(direct),desktop,United States
818059420778807531,1,1,259.9,16,632.0,google,mobile,United States
818860449344258953,1,1,1549.7,11,274.0,(direct),desktop,United States
819296301112227931,1,1,397.0,18,1757.0,google,desktop,United States
819367840635364021,1,1,49.8,16,364.0,google,desktop,United States
820013973529308725,1,1,1689.6,17,555.0,(direct),desktop,United States
820213601079766570,1,1,759.5999999999999,33,951.0,(direct),desktop,United States
820434232211333013,1,1,193.9,54,1262.0,(direct),desktop,United States
820978244925580785,1,1,989.4,21,924.0,google,desktop,United States
820978656614964451,1,1,1000.1,28,865.0,(direct),desktop,United States
821759666736787866,1,1,109.9,28,1089.0,google,desktop,United States
822220356335302003,1,1,624.4,46,2091.0,(direct),desktop,United States
822495892296986655,1,1,459.9,14,355.0,(direct),desktop,United States
822991725683805208,1,1,1239.3000000000002,22,375.0,(direct),desktop,United States
823688768165405685,1,1,1266.0,23,501.0,(direct),desktop,United States
824134401948110048,1,1,252.7,20,1540.0,google,desktop,United States
824409685962808817,1,1,761.8000000000001,72,1620.0,google,desktop,United States
826319151487962324,1,1,751.9,23,2097.0,(direct),desktop,United States
829309562527965711,1,1,604.3,19,435.0,google,desktop,United States
832152661091318994,2,2,791.6000000000001,46,587.5,(direct),desktop,United States
833073323421806487,1,1,457.9,17,211.0,(direct),desktop,United States
839560865423027275,1,1,621.5999999999999,30,512.0,(direct),desktop,United States
840085197489168186,1,1,287.8,21,1026.0,(direct),desktop,United States
840090579696794382,1,1,589.9,15,2127.0,google,desktop,United States
840275515214055415,1,1,321.9,12,327.0,(direct),desktop,United States
840538559297309012,1,1,159.9,12,368.0,(direct),mobile,United States
840608732692239910,1,1,129.60000000000002,27,440.0,(direct),desktop,United States
842088345978971117,1,1,381.5,37,823.0,(direct),desktop,United States
842497272190394672,1,1,469.9,10,533.0,(direct),desktop,United States
843143557737586340,1,1,327.6,28,639.0,(direct),desktop,United States
843277149527855905,1,1,1121.7,23,516.0,(direct),desktop,United States
843788975236519934,1,1,2003.6,20,1056.0,(direct),desktop,United States
844451650874526343,1,1,922.9,92,1737.0,(direct),desktop,United States
845988907408723108,1,1,319.8,17,945.0,(direct),desktop,United States
846909178011312417,1,1,29.9,26,1494.0,(direct),desktop,United States
847691446006208389,1,1,609.9,13,199.0,(direct),desktop,United States
848056005472327761,2,2,1869.7,36,598.0,(direct),desktop,United States
848832409381195628,1,1,3446.6000000000004,24,969.0,(direct),desktop,United States
850330815735906734,1,1,7519.299999999999,20,800.0,(direct),desktop,United States
850560433361022079,1,1,189.9,12,301.0,(direct),desktop,United States
853098633014712543,2,2,2198.8,32,574.5,google,desktop,United States
853418856285301886,1,1,436.9,30,2275.0,(direct),desktop,United States
853682097133967435,1,1,1635.0,38,2725.0,(direct),desktop,United States
853846740627743695,1,1,185.9,15,413.0,(direct),desktop,United States
854188600885318735,2,2,1227.7,41,685.5,google,desktop,United States
854434256389492978,1,1,443.5,29,680.0,google,desktop,United States
854480075976735047,1,1,187.6,32,785.0,(direct),desktop,United States
855579681303585688,2,2,195.70000000000002,41,973.5,(direct),desktop,United States
856273082667959194,1,1,384.6,24,606.0,(direct),desktop,United States
856463513443144738,1,1,537.9,32,928.0,(direct),desktop,United States
858059046468321718,2,2,1209.8,20,497.5,(direct),desktop,United States
859132966118667641,1,1,171.9,16,2777.0,(direct),desktop,United States
859169837119660000,1,1,94.9,4,34.0,google,mobile,United States
859273880459089429,1,1,262.8,13,399.0,(direct),desktop,United States
860415108038967350,2,2,1451.5,47,486.0,(direct),desktop,United States
861119374856945605,1,1,774.0999999999999,8,149.0,(direct),desktop,United States
862593861789084986,1,1,691.4,21,308.0,(direct),desktop,United States
862891200036094346,1,1,839.9,21,987.0,google,mobile,United States
863564667130884283,1,1,774.0,20,544.0,google,desktop,United States
866401086890399054,1,1,459.8,9,195.0,(direct),desktop,United States
866685156179538803,1,1,365.9,12,468.0,(direct),desktop,United States
867222691898422653,1,1,4076.0,19,1778.0,(direct),desktop,United States
867893765969479440,1,1,689.7,22,611.0,(direct),desktop,United States
868383912397841864,1,1,879.5999999999999,25,1152.0,(direct),desktop,Canada
869298894715045644,1,1,629.9,18,325.0,(direct),desktop,United States
869973880883570633,1,1,129.9,18,1170.0,google,desktop,United States
870106544594907327,1,1,2001.4,30,630.0,(direct),desktop,United States
871388660341234241,1,1,419.9,8,290.0,(direct),mobile,United States
872868652972070012,1,1,1006.2,15,482.0,(direct),desktop,United States
873320659256976904,1,1,306.0,23,1308.0,google,mobile,United States
874039896692941691,1,1,475.4,21,677.0,(direct),desktop,United States
875410720669459903,1,1,24082.0,40,2410.0,(direct),desktop,United States
875793319247047495,2,2,515.6999999999999,31,479.0,(direct),desktop,Canada
876622834480671437,2,2,1255.3,56,796.0,(direct),desktop,United States
877618717582266931,1,1,1209.6,32,886.0,(direct),desktop,United States
878092537405225336,1,1,419.8,22,589.0,google,desktop,United States
878293552935562825,1,1,317.8,25,409.0,(direct),desktop,United States
880816614925318447,1,1,149.8,43,5972.0,google,desktop,United States
881166026873081385,1,1,395.8,16,669.0,(direct),desktop,United States
883217425810297944,1,2,1429.7,35,1572.0,(direct),desktop,United States
883480197021534726,1,1,2534.3,44,1648.0,(direct),desktop,United States
884726487864103521,1,1,478.1,26,2100.0,(direct),desktop,United States
884821390104728104,1,1,249.7,36,1380.0,google,desktop,United States
885381131657662614,1,1,4489.5,37,827.0,(direct),desktop,United States
885529477331997173,1,1,283.7,17,217.0,(direct),desktop,United States
886237172305079846,1,1,79.9,10,284.0,(direct),desktop,United States
886303544270908488,1,1,2062.7000000000003,58,1693.0,(direct),desktop,United States
886432693783342785,1,1,345.90000000000003,13,334.0,(direct),desktop,United States
887453642354701418,1,1,269.7,28,1904.0,google,mobile,Canada
888829318637574099,1,1,729.2,22,804.0,(direct),desktop,United States
889422988902631033,1,1,333.8,14,1637.0,(direct),desktop,United States
889975005002719963,1,1,221.9,26,1303.0,google,desktop,United States
891256389600004515,1,1,1506.9,42,1689.0,(direct),desktop,United States
891411926643045441,1,1,396.7000000000001,35,1307.0,(direct),desktop,United States
891856926182569230,1,1,259.6,27,748.0,(direct),desktop,Canada
893919105830368772,1,1,813.5,25,843.0,(direct),desktop,United States
895520819465154077,1,1,1009.7,18,769.0,(direct),desktop,United States
896209330500207582,1,1,139.8,29,841.0,google,mobile,United States
898161291686965750,1,1,3457.5,18,569.0,(direct),desktop,United States
898438411847166329,2,2,5198.5,101,1948.0,(direct),desktop,United States
900425121344019826,1,1,366.6,32,694.0,(direct),desktop,United States
902509741321071642,1,1,5481.799999999999,13,572.0,(direct),desktop,United States
903826386266908789,1,1,269.5,9,339.0,(direct),mobile,Canada
904822552053046827,1,1,250.4,53,1300.0,(direct),desktop,United States
906130361364979592,1,1,1920.5,20,1058.0,(direct),desktop,United States
906961330340669974,2,2,831.0,21,201.0,(direct),desktop,United States
909158646354924303,1,1,695.9000000000001,8,297.0,(direct),desktop,United States
909727084059682263,2,2,2671.0,34,624.0,(direct),desktop,United States
910504852442385120,1,1,3798.5,24,1353.0,(direct),desktop,United States
911550486858499476,1,1,209.9,14,348.0,(direct),desktop,United States
913559547538948059,1,1,269.9,14,292.0,(direct),desktop,United States
914215065327707355,1,1,209.7,30,1860.0,(direct),desktop,United States
914648928520608804,1,1,355.90000000000003,12,401.0,(direct),desktop,United States
915479593407308816,1,1,2325.8,42,1724.0,(direct),desktop,United States
920785317626373504,1,1,609.9,23,3121.0,(direct),mobile,United States
921096082578600729,1,1,449.8,13,442.0,(direct),desktop,United States
921549306877802147,1,1,403.9,34,1082.0,(direct),desktop,United States
923541731542437040,1,1,321.9,12,272.0,(direct),desktop,United States
924091465796731445,2,2,2420.4,92,2166.5,(direct),desktop,United States
925490504455490197,1,1,499.0,16,1019.0,(direct),desktop,United States
928714306844952412,1,1,419.8,32,2189.0,google,desktop,United States
929365456607216601,1,1,1249.8,28,1859.0,google,desktop,United States
932061680533450083,1,1,199.9,14,250.0,(direct),desktop,United States
933609677016463494,1,1,165.9,18,569.0,(direct),desktop,United States
934503934783544332,1,1,439.8,14,357.0,(direct),desktop,United States
934513430067402140,1,1,1688.0,16,539.0,(direct),desktop,United States
937994839279902527,2,3,975.9,43,1140.5,(direct),desktop,United States
938988824374966310,1,1,1059.9,17,1039.0,yahoo,desktop,United States
939020494867094014,2,2,1235.6999999999998,27,218.5,(direct),desktop,United States
939859150591422942,2,2,2881.2,70,770.5,(direct),desktop,United States
940883724133867575,1,1,209.9,14,874.0,google,desktop,United States
941726438399473483,2,2,2405.0,25,1137.5,(direct),desktop,United States
941920762595255747,1,1,172.89999999999998,15,391.0,(direct),mobile,United States
942090785617526946,1,1,219.8,24,822.0,youtube.com,desktop,United States
942937642907387316,1,1,395.9,17,297.0,(direct),desktop,United States
944996758495906062,1,1,667.0,12,898.0,google,desktop,Canada
945029579910809032,1,1,423.8,26,777.0,google,desktop,United States
945565598848860451,1,1,239.8,15,322.0,(direct),desktop,United States
947035350589071135,1,1,449.9,19,491.0,(direct),desktop,United States
947193476266502800,1,1,1640.3,61,1454.0,google,desktop,United States
947967641100341579,1,1,330.7,52,2899.0,google,mobile,United States
947990207270764241,1,1,395.9,12,325.0,(direct),desktop,United States
948321323323223626,1,1,1092.7,41,2878.0,(direct),mobile,United States
949851277313958084,1,1,349.7,17,305.0,google,desktop,United States
950533423538162266,1,1,269.9,31,1249.0,(direct),desktop,United States
950676259034422019,1,1,4237.6,23,555.0,google,desktop,United States
951967559171152344,1,1,315.9,18,759.0,(direct),desktop,United States
952212470728454329,1,1,455.9,19,401.0,(direct),desktop,United States
953058409931836115,1,1,229.9,13,289.0,google,desktop,United States
953107632787978757,1,1,381.7000000000001,26,3138.0,google,mobile,United States
953713676730854570,2,2,636.1,55,838.5,google,desktop,United States
953889584295924240,1,1,247.2,33,1150.0,(direct),desktop,Canada
955218036984949713,1,1,13698.6,21,449.0,(direct),desktop,United States
956108016718766611,1,1,109.9,22,405.0,(direct),mobile,United States
957655625649355657,1,1,199.9,24,523.0,google,desktop,United States
958836049624560006,1,1,311.90000000000003,14,365.0,(direct),desktop,United States
963126344221316701,1,1,723.9,90,8811.0,(direct),desktop,United States
963205524675368812,1,1,570.0,14,578.0,(direct),desktop,United States
963477944460779466,1,1,2305.1,53,1329.0,dfa,desktop,United States
963845761761571092,1,1,227.8,13,257.0,(direct),desktop,United States
965001845233995898,1,2,1077.7,24,2464.0,(direct),desktop,United States
967510812862831126,1,1,858.0,15,1175.0,(direct),desktop,United States
968815662109493799,1,1,9185.2,36,575.0,(direct),desktop,United States
968874458654116846,1,1,1268.4,120,6865.0,google,desktop,United States
969777692857274703,1,1,424.1,16,528.0,(direct),desktop,United States
971310549792476203,1,1,430.7,49,1523.0,google,desktop,United States
971805808080928342,1,1,769.9,28,1946.0,(direct),desktop,United States
972673302515080474,1,1,284.8,29,1707.0,google,desktop,United States
972856631604465767,1,1,1287.0,19,721.0,google,desktop,United States
973548621648537135,1,1,414.9,26,1098.0,(direct),desktop,United States
974734323197711200,1,1,345.1,26,943.0,(direct),desktop,United States
975931442450346746,1,1,2438.8,15,347.0,google,desktop,United States
975975497732415345,1,1,639.8,16,296.0,(direct),desktop,United States
977244245594974922,1,1,299.9,36,1370.0,(direct),mobile,United States
977427077786334196,1,1,133.1,24,1236.0,(direct),desktop,United States
979536639244706985,1,1,1157.2,24,1188.0,(direct),desktop,United States
980432803323288584,1,1,10366.9,59,4033.0,google,desktop,United States
981755101938488888,1,1,355.90000000000003,13,298.0,(direct),desktop,United States
983622469844382741,1,1,658.9,19,825.0,(direct),desktop,Switzerland
985098225619885190,1,1,422.1,15,352.0,(direct),desktop,United States
987095605185435799,1,1,829.9,21,543.0,(direct),desktop,United States
987390821892515431,2,2,620.0,22,393.5,(direct),desktop,United States
987573170837695929,1,3,3929.1,74,3869.0,(direct),desktop,United States
988058428052485271,1,1,1313.3000000000002,31,1005.0,(direct),desktop,United States
990017562279683512,1,1,539.8,12,886.0,(direct),mobile,Canada
990618717119574179,1,1,581.4,18,369.0,(direct),desktop,United States
992812962494074450,1,1,467.9,13,328.0,(direct),desktop,United States
992883166330459343,1,1,249.9,15,774.0,google,desktop,United States
994272213284505294,1,1,499.9,14,431.0,facebook.com,desktop,Canada
995837089950996818,1,1,2096.6,94,3983.0,(direct),desktop,United States
997271511212133268,1,1,9148.0,11,937.0,(direct),desktop,United States
998406341643073720,2,2,2125.7000000000003,61,1405.0,google,desktop,Canada
1004387731868322508,1,1,311.8,27,572.0,(direct),desktop,United States
1005326553546138067,1,1,789.8000000000001,18,1847.0,google,desktop,United States
1006586895176730194,2,2,453.9,37,484.5,(direct),desktop,United States
1007381091974850784,1,1,665.6999999999999,23,439.0,(direct),desktop,United States
1008230340188426455,1,1,139.9,13,470.0,(direct),mobile,United States
1011144777893683612,1,1,365.9,17,1289.0,(direct),desktop,United States
1012363918031449847,1,1,11010.0,16,1522.0,(direct),desktop,United States
1017523686792237118,1,1,527.9,17,485.0,(direct),desktop,United States
1018592359219015183,1,1,1159.8,39,1127.0,google,desktop,United States
1021564728056895088,1,1,239.9,14,867.0,(direct),desktop,United States
1023379458007501505,1,1,179.89999999999998,31,988.0,google,desktop,United States
1024805847071570490,1,1,3511.2,13,403.0,google,desktop,United States
1025574386832469970,1,1,235.9,17,681.0,(direct),desktop,United States
1027492996808526293,1,1,391.8,19,374.0,google,desktop,United States
1028027052924107685,1,1,691.8000000000001,17,2068.0,(direct),desktop,United States
1028353611615398657,1,1,375.9,15,418.0,(direct),desktop,United States
1029117971501759934,1,1,576.9,30,499.0,(direct),desktop,United States
1029323150011228171,2,2,1424.1,39,807.0,(direct),desktop,United States
1033431819370564673,1,1,2324.4,13,316.0,(direct),desktop,United States
1034854340187473312,1,1,291.8,15,654.0,(direct),desktop,United States
1035287577797151816,1,1,423.8,12,454.0,(direct),desktop,United States
1036507769669388704,1,1,988.7,40,2022.0,(direct),desktop,United States
1036690457275487671,2,2,542.6,39,471.0,google,desktop,United States
1038049739561083712,1,1,468.7,12,404.0,google,desktop,United States
1045033759778661078,1,1,4890.400000000001,49,1510.0,(direct),desktop,United States
1048387524675825671,2,2,1683.3000000000002,29,915.0,(direct),desktop,United States
1049873581883188913,1,1,129.8,17,425.0,google,mobile,United States
1051896220301954151,1,1,639.9,18,979.0,(direct),desktop,United States
1053771337658446740,1,1,241.9,21,602.0,(direct),desktop,United States
1054036165578048274,2,2,566.7,37,658.5,google,desktop,United States
1054368481850016599,2,2,2555.6000000000004,24,325.5,google,desktop,United States
1056847391398046523,1,1,1849.4,18,1199.0,(direct),desktop,United States
1058233783721857141,1,1,544.2,93,2412.0,google,desktop,Mexico
1058991778060723026,1,1,1017.7,16,347.0,(direct),desktop,United States
1059009151425872003,1,1,137.89999999999998,14,381.0,mail.google.com,desktop,United States
1063109698143249629,1,1,334.90000000000003,15,417.0,google,desktop,United States
1066481935929752638,1,1,156.9,30,1265.0,google,desktop,United States
1070119518621634705,1,1,284.8,21,1078.0,(direct),desktop,United States
1071398867043685120,1,1,531.8,36,1479.0,(direct),desktop,United States
1076409378746585633,1,1,239.8,21,525.0,(direct),desktop,United States
1077076810453289235,1,1,319.7,30,2581.0,(direct),mobile,United States
1078162902479144133,1,1,1634.4,36,1696.0,(direct),desktop,United States
1081954083914922307,1,1,1837.2,22,1703.0,google,desktop,United States
1082276625176351939,1,1,697.6,75,3596.0,(direct),desktop,United States
1084191101294648051,1,1,837.6999999999999,30,2688.0,(direct),desktop,United States
1087485533219327918,1,1,653.3,31,976.0,(direct),desktop,United States
1090774782213816251,1,1,209.9,24,2405.0,(direct),desktop,United States
1091553726406319989,1,1,4678.0,43,1093.0,(direct),desktop,United States
1091802616723319272,2,2,17729.3,32,1936.5,(direct),desktop,United States
1093352419037497878,1,1,497.9,23,379.0,(direct),desktop,United States
1094337368520422037,1,1,982.8,24,821.0,(direct),desktop,United States
1096278048231856532,1,1,119.6,31,1353.0,ask,desktop,United States
1099238864070902116,1,1,589.6,36,750.0,(direct),desktop,United States
1108749937026114251,1,1,1769.3000000000002,25,646.0,(direct),desktop,United States
1111470101899387454,1,1,329.6,15,499.0,(direct),mobile,United States
1113552768823939609,1,1,679.7,13,332.0,(direct),desktop,United States
1116587832641157289,1,1,401.8,15,324.0,(direct),desktop,United States
1119984091061621254,1,1,479.9,11,1759.0,(direct),desktop,United States
1120023251501467003,1,1,385.9,15,504.0,(direct),desktop,United States
1120792726285615297,1,1,165.9,12,441.0,(direct),desktop,United States
1121666835600584671,1,1,681.8000000000001,11,302.0,(direct),desktop,United States
1121753578357585209,1,1,333.0,33,1900.0,(direct),desktop,United States
1122339375048872606,1,1,1235.2,19,488.0,(direct),desktop,United States
1122839061330453830,1,1,1221.3,37,1452.0,(direct),desktop,United States
1125267073760839655,1,1,472.7000000000001,16,771.0,(direct),desktop,United States
1131086328893373855,1,1,15065.0,16,2147.0,(direct),desktop,United States
1135520399480349729,1,1,259.8,27,424.0,(direct),desktop,United States
1137173963194670048,1,1,1341.3,28,1467.0,(direct),desktop,United States
1139019058919826253,2,2,5916.0,26,548.0,(direct),desktop,United States
1140574847502258865,1,1,989.8,33,759.0,(direct),desktop,United States
1141516868619289347,1,1,4814.8,15,577.0,google,tablet,United States
1144189395052969889,1,1,155.9,14,367.0,(direct),desktop,United States
1150575182630321443,1,1,139.9,12,341.0,(direct),mobile,United States
1151339450407656012,1,1,1053.6,27,1339.0,(direct),desktop,United States
1152177248793735167,1,1,1064.9,18,925.0,(direct),desktop,United States
1152695544079009829,1,1,263.0,14,444.0,google,mobile,United States
1152867987950849273,2,2,1951.6,45,370.5,(direct),desktop,United States
1160204963389257110,3,3,975.9,40,383.0,(direct),desktop,United States
1160655632139723710,2,2,439.20000000000005,49,1980.0,(direct),desktop,United States
1163445611219743080,1,1,349.79999999999995,23,458.0,(direct),mobile,United States
1164110348121511511,1,1,739.8000000000001,48,1044.0,(direct),desktop,United States
1166095149523935137,1,1,99.9,12,321.0,(direct),desktop,United States
1166512440754294528,1,1,789.9,12,218.0,(direct),desktop,United States
1167024322256715151,1,1,169.89999999999998,19,545.0,(direct),desktop,United States
1170870521562725854,1,1,1203.1,51,1339.0,(direct),desktop,United States
1173816642552637005,1,1,789.2,29,528.0,google,desktop,United States
1174647913878447921,1,1,2468.7,31,857.0,(direct),desktop,United States
1176365243573269624,1,1,861.4,21,580.0,(direct),desktop,United States
1177826801773768072,1,1,199.9,16,318.0,google,mobile,United States
1178180340846951402,1,1,229.9,28,1029.0,(direct),desktop,United States
1178664219909406421,1,1,575.8,32,1672.0,google,desktop,United States
1182675562893088634,1,1,2665.8,17,1197.0,(direct),desktop,United States
1187855968690092966,1,1,1069.9,21,725.0,google,desktop,United States
1189390326934275148,1,1,442.7000000000001,47,1661.0,google,desktop,United States
1190814633327628141,1,1,484.0,20,906.0,(direct),desktop,United States
1191806581069633765,1,1,744.8000000000001,15,283.0,(direct),desktop,United States
1191867645626375150,1,1,667.8,34,1461.0,(direct),desktop,United States
1193560579647206164,1,1,649.9,22,518.0,google,desktop,United States
1193832537421178696,1,1,184.9,12,850.0,google,desktop,United States
1194645338506308474,1,1,3426.0,11,588.0,(direct),mobile,United States
1196381528907199220,1,1,777.0,17,413.0,(direct),desktop,United States
1201830545807654637,1,1,179.89999999999998,18,367.0,(direct),desktop,United States
1202230602124911940,1,1,451.7000000000001,20,509.0,(direct),desktop,United States
1203061370275636446,1,1,400.0,18,1228.0,(direct),desktop,United States
1205098047899006231,1,2,613.8000000000001,20,631.0,(direct),desktop,United States
1205811658742251528,1,1,669.9,26,786.0,(direct),desktop,United States
1206882682891516620,1,1,483.8,63,2380.0,(direct),tablet,United States
1206924775112167365,1,1,964.7,22,1459.0,(direct),desktop,United States
1210036509049986390,1,1,518.0,20,389.0,(direct),desktop,United States
1216639212736323098,1,1,889.9,24,436.0,(direct),desktop,United States
1216838692754057393,1,1,301.8,21,1207.0,(direct),desktop,United States
1217627082294977824,1,1,1054.9,45,2151.0,(direct),desktop,Brazil
1220988755233243362,1,1,1615.0,25,1489.0,(direct),desktop,United States
1224021848731205993,1,1,219.9,25,1205.0,(direct),desktop,United States
1224155758004166426,1,1,741.4,39,1860.0,(direct),desktop,United States
1224675976671171079,1,1,589.9,10,289.0,(direct),desktop,United States
1228194844972973772,1,1,1661.6,28,490.0,(direct),desktop,United States
1230380996732562013,1,1,1941.2,39,3175.0,(direct),desktop,United States
1232482218170292968,1,1,424.7,29,1205.0,(direct),desktop,United States
1237157156860743048,1,1,521.8,17,463.0,(direct),desktop,United States
1238913964603377291,1,1,221.9,21,546.0,google,desktop,United States
1244643584936507645,1,1,289.9,22,1205.0,google,desktop,Canada
1244801370532831083,1,1,409.8,16,303.0,(direct),desktop,United States
1246338221591989045,1,1,1029.5,23,2198.0,(direct),desktop,Japan
1246382538301098136,1,1,4035.5,21,451.0,(direct),desktop,United States
1247282406356396417,1,1,1077.6,36,3602.0,(direct),desktop,United States
1253103077765832819,1,1,289.9,18,854.0,(direct),desktop,Puerto Rico
1255368394012652243,3,3,4632.8,51,421.6666666666667,(direct),desktop,United States
1255802320193690482,1,1,154.60000000000002,18,381.0,google,desktop,United States
1258025464074687360,1,1,915.7,15,421.0,(direct),desktop,United States
1260431109777470566,1,1,5287.4,26,627.0,google,desktop,United States
1262082110712343410,1,1,359.7,21,802.0,google,desktop,United States
1265954026564910088,1,1,189.9,8,235.0,(direct),desktop,United States
1266146580677289366,1,1,711.9,16,203.0,(direct),desktop,United States
1267576619278838235,1,1,1797.7,59,2265.0,google,desktop,United States
1270157374832429985,1,1,159.8,16,615.0,google,mobile,United States
1270881807221511963,1,1,1139.8,25,918.0,(direct),desktop,United States
1270972824994660533,1,1,225.9,15,424.0,(direct),desktop,United States
1271739936649587420,1,1,2459.6,19,964.0,(direct),desktop,United States
1276542147811888949,1,1,3379.4,34,1381.0,google,desktop,United States
1280993661204347450,2,2,4019.5,208,4067.5,(direct),desktop,United States
1285137808569536764,6,6,1529.3999999999999,64,296.6666666666667,(direct),desktop,United States
1285811160522710067,1,1,201.9,28,1441.0,(direct),desktop,United States
1288317908843556558,1,1,213.7,26,532.0,google,desktop,United States
1292106186822118847,1,1,529.8,34,1287.0,google,desktop,United States
1292690271020897036,1,1,112.4,71,1956.0,(direct),mobile,United States
1293859889635603442,2,2,1727.9,83,706.5,(direct),desktop,United States
1295206490988113981,1,1,1053.1,26,867.0,(direct),desktop,United States
1297718838071700682,1,1,369.5,18,215.0,(direct),mobile,United States
1303409560162240263,1,1,314.9,32,2987.0,(direct),mobile,United States
1304842977479208896,1,1,239.8,38,955.0,google,desktop,United States
1307179574652877975,1,1,415.9,18,298.0,(direct),desktop,United States
1310018827141694305,1,1,3737.0,18,618.0,(direct),desktop,United States
1311003026247678016,1,1,415.0,14,1721.0,(direct),desktop,United States
1311599839630894482,1,1,1510.9,74,3372.0,google,tablet,United States
1311682260438379600,1,1,187.3,21,552.0,(direct),desktop,United States
1315772786660606104,1,1,785.6,30,1031.0,(direct),desktop,United States
1316642940221663736,1,1,1087.4,19,503.0,google,desktop,United States
1318990660958602931,1,1,239.8,59,1556.0,google,desktop,United States
1321742489378656590,1,1,196.9,19,756.0,google,mobile,United States
1323131540348895975,1,1,259.9,29,530.0,(direct),desktop,United States
1324866380268873022,1,1,171.9,19,647.0,google,desktop,United States
1325914909641958196,1,1,522.2,7,293.0,(direct),desktop,United States
1327488227980815621,1,1,757.4,15,345.0,(direct),desktop,United States
1331054854760368915,1,1,29.9,23,700.0,google,desktop,Canada
1331759169231440812,1,1,713.9,52,1115.0,(direct),desktop,Canada
1336922403988607259,1,1,331.8,21,341.0,(direct),desktop,United States
1337744272385974839,1,1,657.6999999999999,19,1956.0,(direct),desktop,United States
1338352704338181437,1,1,1963.6,46,1233.0,(direct),desktop,United States
1338601940113408411,1,1,1454.0,42,1487.0,(direct),desktop,United States
1342022667208741287,1,1,274.5,16,614.0,google,desktop,United States
1342741603893289943,1,1,181.9,56,1671.0,google,desktop,United States
1346851855808049432,1,1,869.5999999999999,26,1837.0,google,desktop,United States
1350238261946976509,1,1,189.7,40,877.0,(direct),desktop,United States
1350820772322277766,1,1,179.8,41,2643.0,google,mobile,United States
1358005848480862728,1,1,214.8,42,1321.0,google,mobile,United States
1361425561124755941,2,2,718.7,35,971.5,(direct),desktop,United States
1364033099778280988,1,1,365.9,40,1137.0,mail.google.com,desktop,United States
1364943586489032731,1,1,2164.3,23,1544.0,(direct),desktop,United States
1366491597789783868,1,1,309.7,45,1635.0,(direct),desktop,United States
1368203961991998767,2,2,624.6000000000001,31,600.5,google,desktop,United States
1370676865164124718,1,1,849.0,41,2625.0,(direct),tablet,Canada
1379238346343753194,1,1,272.7,19,546.0,(direct),desktop,United States
1379398622703975756,1,1,1217.8,17,431.0,(direct),desktop,United States
1379646428216790827,1,1,279.5,39,3547.0,(direct),mobile,United States
1381206547001299402,1,1,629.8,23,991.0,(direct),desktop,United States
1381431420028484439,1,1,1685.5,19,185.0,(direct),desktop,United States
1383687428379664179,3,3,2818.8,47,457.6666666666667,(direct),desktop,United States
1383949428914741700,1,1,199.9,13,301.0,google,mobile,United States
1387130239596231760,1,1,136.3,17,367.0,(direct),desktop,United States
1388827316063999339,1,1,9808.6,35,1403.0,(direct),desktop,United States
1390764594937000351,1,1,513.6,27,582.0,(direct),desktop,United States
1392760476578326953,1,1,510.0,35,746.0,(direct),desktop,United States
1393633173328801040,1,1,705.5,24,711.0,(direct),desktop,United States
1395211458092919776,1,1,186.3,31,890.0,(direct),desktop,United States
1398241955715722716,1,1,518.5,18,803.0,google,desktop,United States
1401438949602297317,1,1,729.5,27,1463.0,dealspotr.com,desktop,Canada
1403162671089905435,1,1,392.8,26,1285.0,(direct),desktop,United States
1406789248645938427,1,1,476.6,29,1522.0,(direct),mobile,United States
1408568077869595615,1,1,761.8000000000001,28,2971.0,(direct),desktop,United States
1411452354779781065,1,1,3011.6000000000004,33,1283.0,(direct),desktop,United States
1413300845517352724,1,1,1343.7,21,301.0,(direct),desktop,United States
1413421667450087159,1,1,84.9,26,1302.0,youtube.com,desktop,United States
1419312945460679931,1,1,249.9,20,432.0,google,desktop,United States
1420571529363353703,2,2,897.5,30,492.0,(direct),desktop,United States
1423245652069790681,1,1,1087.2,13,402.0,(direct),desktop,Australia
1424355572088327868,1,1,1079.9,12,352.0,google,desktop,United States
1424707127501880055,1,1,717.0999999999999,14,320.0,(direct),desktop,United States
1425879046045306508,1,1,813.0,30,1654.0,google,desktop,United States
1426215359136239319,1,1,971.8,30,1285.0,(direct),desktop,United States
1429990945500722210,1,1,1009.9,13,376.0,(direct),desktop,United States
1435605154130548810,1,1,199.9,14,1136.0,google,mobile,United States
1436571442090178657,1,1,299.7,36,892.0,google,desktop,United States
1440024345080708014,1,1,1133.1999999999998,32,515.0,google,desktop,United States
1440541984553829835,2,2,3718.2000000000003,29,491.5,google,desktop,United States
1441816679922276355,2,2,1578.6999999999998,77,1376.0,(direct),desktop,United States
1442096132173976146,1,1,115.9,23,890.0,(direct),desktop,United States
1442612237985610717,1,1,1074.8,34,1038.0,google,desktop,United States
1442960211530041793,1,1,229.9,17,221.0,google,desktop,United States
1444097777351910879,1,1,299.8,22,446.0,(direct),desktop,United States
1447257816279888170,1,1,1157.0,35,1981.0,(direct),desktop,Mexico
1447936115749284814,1,1,929.6,25,1382.0,google,desktop,United States
1452613891025216774,3,3,9260.1,46,1154.0,(direct),desktop,United States
1453691519754231663,1,1,686.0,15,1647.0,(direct),desktop,United States
1456483801391424106,1,1,89.9,19,1519.0,google,desktop,United States
1459034960484063296,1,1,681.9,23,824.0,(direct),desktop,United States
1459050472203168026,1,1,275.9,21,1310.0,(direct),desktop,United States
1459360539535171755,1,1,4908.8,34,2142.0,(direct),desktop,United States
1459959210477445011,1,1,522.7,39,1257.0,google,mobile,United States
1460451526173244694,1,1,323.5,11,369.0,(direct),desktop,United States
1463636140819732503,1,1,249.9,9,117.0,(direct),desktop,United States
1465921528988606892,1,1,444.9,16,367.0,google,desktop,United States
1468478016521432136,1,1,145.9,10,318.0,(direct),desktop,United States
1468765833487358103,1,1,589.4,12,645.0,(direct),desktop,United States
1470956649294061383,4,4,1796.0,56,639.0,(direct),desktop,United States
1476938238176225678,4,5,4527.6,82,843.25,(direct),desktop,United States
1478676114594382999,1,1,169.89999999999998,45,1379.0,google,desktop,United States
1479905681893527974,1,1,1079.8,21,447.0,(direct),desktop,United States
1481084267519588690,1,1,169.89999999999998,20,881.0,google,desktop,United States
1481233997478275239,1,1,2968.1,8,320.0,(direct),desktop,United States
1482296984579878669,1,1,129.9,16,1645.0,(direct),desktop,United States
1489909135644077602,1,1,2853.0,14,409.0,(direct),desktop,United States
1490558553818530030,1,1,1723.4,52,1682.0,(direct),desktop,United States
1491231904139719866,1,1,1572.7,27,712.0,(direct),desktop,United States
1492792022571405239,1,1,1188.0,21,392.0,(direct),desktop,United States
1495276033637299297,1,1,790.3,46,993.0,google,desktop,United States
1495824928611619172,1,1,782.5,27,706.0,google,mobile,United States
1496770085953274945,1,1,359.90000000000003,8,162.0,(direct),desktop,United States
1500606302843313366,1,1,229.9,15,211.0,(direct),desktop,United States
1500993811020181335,1,1,7279.2,48,1869.0,(direct),desktop,United States
1501789786482785393,1,1,569.9,15,518.0,google,mobile,United States
1501922563642798112,1,1,190.0,26,727.0,(direct),mobile,United States
1502528664071512300,1,1,249.9,48,1510.0,(direct),desktop,United States
1502922485907270332,1,1,679.9,14,389.0,(direct),desktop,United States
1505005738555930573,1,1,1648.5,14,928.0,(direct),desktop,United States
1506245895019104192,1,1,69.9,11,253.0,google,desktop,United States
1507016731283408269,1,1,335.79999999999995,34,966.0,(direct),desktop,United States
1509207029214764906,1,1,1033.5,21,496.0,(direct),desktop,United States
1510974355479295771,2,2,499.4,48,1079.0,(direct),mobile,United States
1511861170011403483,1,1,169.89999999999998,12,250.0,(direct),tablet,United States
1514012509293129940,1,1,191.9,15,489.0,(direct),desktop,United States
1515634577143113797,1,1,799.9,22,1704.0,l.facebook.com,desktop,United States
1516347018012240739,1,1,415.9,14,663.0,(direct),desktop,United States
1519633874284190334,1,1,451.1,45,710.0,(direct),desktop,United States
1520345374762824294,1,1,1353.6,19,3363.0,(direct),desktop,United States
1520928358584851905,1,1,173.9,15,420.0,(direct),desktop,United States
1524133766699540447,1,1,1029.9,24,606.0,google,mobile,United States
1531412460891558131,1,1,399.8,19,674.0,(direct),desktop,United States
1533016242418481907,1,1,665.8,21,886.0,(direct),desktop,United States
1534151826446645196,1,1,4187.0,27,1940.0,(direct),desktop,United States
1539346534251447627,1,1,783.3,39,1411.0,(direct),desktop,United States
1541266830764459196,2,2,5507.9,50,2004.5,(direct),desktop,United States
1543258820368301539,1,1,3067.5,15,342.0,(direct),desktop,United States
1548048991240575759,1,1,589.7,38,3668.0,google,desktop,United States
1552171782171201852,1,1,3450.0,17,360.0,(direct),desktop,United States
1555076387153706787,2,2,404.70000000000005,73,1314.5,(direct),mobile,United States
1560871818070295812,1,1,119.9,21,424.0,(direct),desktop,United States
1561221900766291424,1,2,473.8,22,750.0,(direct),desktop,United States
1563065767696461622,1,1,432.8,21,546.0,(direct),desktop,United States
1563728423937786678,1,1,849.9,18,1192.0,(direct),desktop,United States
1569663514316885370,1,1,619.9,12,401.0,(direct),desktop,United States
1571242606796843580,1,1,399.3,26,685.0,google,mobile,Canada
1571410643102231537,1,1,321.9,16,863.0,(direct),desktop,United States
1573919593896895308,1,1,1310.0,27,652.0,(direct),desktop,United States
1575299870459163170,1,1,298.9,16,586.0,google,mobile,United States
1576812212871623253,1,1,1108.4,27,1001.0,(direct),desktop,United States
1577248509656061433,1,1,153.7,18,347.0,(direct),desktop,United States
1578983142002266044,2,2,705.6,60,2386.0,(direct),desktop,United States
1579519195077643704,1,1,1799.1,20,611.0,(direct),desktop,United States
1582078837281421428,1,1,1177.2,10,889.0,google,desktop,United States
1582753362351351109,1,1,173.79999999999998,24,596.0,(direct),desktop,United States
1590294463633434388,1,1,229.8,8,386.0,(direct),tablet,United States
1591673974231051081,1,1,2471.6,50,1231.0,(direct),desktop,United States
1595241437544943333,1,1,313.8,13,1421.0,(direct),desktop,United States
1596912606849218999,3,3,285.0,65,790.3333333333334,(direct),desktop,United States
1600149537033335850,1,1,5313.400000000001,127,2054.0,(direct),desktop,United States
1603437381497416129,1,1,477.9,11,1690.0,(direct),desktop,United States
1614193653421769557,1,1,649.0999999999999,42,1359.0,(direct),desktop,United States
1614961404175770147,1,1,239.9,42,3816.0,google,desktop,United States
1618182564447890733,1,1,764.8000000000001,27,2917.0,google,mobile,United States
1618884882553763938,3,3,2288.6,103,964.6666666666666,(direct),desktop,United States
1620948710344032805,1,1,1071.8000000000002,45,1453.0,(direct),desktop,United States
1627208831212925916,1,1,333.9,29,794.0,(direct),desktop,United States
1628482803394048934,1,1,419.8,13,164.0,google,desktop,United States
1630629303487703081,1,1,839.9,12,629.0,google,desktop,United States
1634312136039689042,1,1,193.9,15,380.0,google,desktop,United States
1634896680671589410,1,1,2939.0,48,999.0,(direct),desktop,United States
1636432037261130042,1,1,2101.4,60,1598.0,(direct),desktop,United States
1638979583737081570,1,1,254.6,26,802.0,google,desktop,Turkey
1639072713254976825,1,1,259.9,11,220.0,(direct),desktop,United States
1639589047263376521,5,5,2133.3,109,833.6,(direct),desktop,United States
1643426621514516428,1,1,199.9,13,452.0,google,mobile,United States
1644386614096076703,1,1,328.8,30,1319.0,(direct),desktop,United States
1644471510299169992,1,1,199.9,15,874.0,(direct),mobile,United States
1646747992905805330,3,3,5717.2,62,694.3333333333334,google,desktop,United States
1647919038367422597,1,1,231.9,13,424.0,google,desktop,United States
1648291834073448774,1,1,159.8,16,1064.0,google,desktop,United States
1655187180977818687,1,1,641.1,25,793.0,(direct),desktop,United States
1655430627864078480,1,1,1049.8,27,1388.0,google,desktop,United Arab Emirates
1656927552400476520,1,1,508.7,92,3639.0,(direct),desktop,United States
1661905858765979960,1,1,657.9000000000001,28,1406.0,(direct),desktop,United States
1663588776724483567,1,1,510.4,17,421.0,(direct),desktop,Switzerland
1665687379365770562,1,1,215.9,20,698.0,(direct),desktop,United States
1667204559662879956,1,1,1574.8,27,1151.0,(direct),desktop,United States
1667607933860052004,1,1,889.9,19,1412.0,(direct),desktop,United States
1668298604221469868,1,1,527.9,15,474.0,(direct),desktop,United States
1669683377813905780,1,1,206.9,20,637.0,google,desktop,United States
1671489519986365799,1,1,274.8,41,1450.0,google,desktop,United States
1672614276054120363,1,1,1666.8000000000002,13,299.0,(direct),desktop,United States
1673188218512892503,1,1,829.9,34,2114.0,(direct),desktop,United States
1675106320886128979,1,1,383.9,15,388.0,google,desktop,United States
1675171647898452800,2,2,7439.200000000001,28,1152.5,(direct),desktop,United States
1675608109098320028,1,1,509.9,46,1340.0,(direct),desktop,United States
1677668617700674850,1,1,737.3000000000001,26,991.0,(direct),desktop,United States
1680034700682349362,3,3,1320.5,57,329.3333333333333,(direct),desktop,United States
1680230246971032368,1,1,179.89999999999998,38,1316.0,google,desktop,United States
1680608096479293368,1,1,439.8,24,1984.0,google,desktop,United States
1681725530840871996,1,1,319.9,14,645.0,google,mobile,United States
1681975491896946073,1,1,589.7,16,434.0,google,desktop,United States
1682749722677874840,1,1,449.9,17,443.0,(direct),desktop,United States
1685152054831161722,1,1,489.9,15,439.0,(direct),mobile,United States
1685233972617661487,1,1,429.8,34,622.0,(direct),desktop,United States
1685335291483410828,1,1,59.900000000000006,18,1145.0,(direct),mobile,Finland
1693439860882386132,1,1,362.8,15,787.0,google,desktop,United States
1702474213534153249,1,1,353.9,11,260.0,(direct),desktop,United States
1703470801983285779,1,1,444.9,18,280.0,google,desktop,United States
1704063406667441937,1,1,229.9,28,1724.0,google,desktop,United States
1707391697504379709,1,1,221.9,15,346.0,(direct),desktop,United States
1708063999877429517,4,5,7086.2,86,1004.25,(direct),desktop,United States
1709922121501026166,1,1,2570.0,81,4335.0,google.com,mobile,United States
1712066703099487652,1,1,667.8,56,3078.0,(direct),desktop,United States
1713847086511016991,1,1,329.90000000000003,18,489.0,outlook.live.com,desktop,United States
1714224568602115388,1,1,489.8,31,1246.0,(direct),mobile,United States
1717181767260918300,1,1,1049.8,39,1493.0,google,mobile,United States
1720457021844230550,1,1,1242.4,21,1086.0,(direct),desktop,United States
1720622772821071507,1,1,217.9,31,830.0,(direct),desktop,United States
1721806610766296421,1,1,481.9,28,1411.0,(direct),desktop,United States
1722480716347032461,1,1,860.5,15,1093.0,(direct),desktop,United States
1722806790293902576,1,1,2104.6,37,1733.0,(direct),desktop,United States
1724440306318274648,1,1,3533.2,43,693.0,(direct),desktop,United States
1725664254318126808,1,1,159.9,16,726.0,google,mobile,United States
1727189977391865279,1,1,612.8,24,965.0,google,desktop,United States
1727715375435944327,1,1,9143.6,63,2038.0,(direct),mobile,United States
1733292548126989965,1,1,415.9,15,338.0,(direct),desktop,United States
1733632650779554771,1,1,488.2,22,917.0,mail.google.com,desktop,United States
1735733574864942932,1,1,1147.2,58,2176.0,(direct),desktop,United States
1735957877782185847,1,1,574.3,15,338.0,(direct),desktop,United States
1738165466373863553,1,1,209.9,14,253.0,(direct),desktop,United States
1740096949560523754,1,1,49.900000000000006,17,242.0,(direct),desktop,United States
1740516675967625074,1,1,8839.0,13,814.0,(direct),desktop,United States
1741172694620038876,1,1,681.5,44,1140.0,google,desktop,United States
1747158285206837296,1,1,1528.8,23,588.0,(direct),desktop,United States
1749853719127085935,1,1,249.9,11,260.0,(direct),desktop,United States
1751309915031023278,1,1,392.8,20,666.0,google,desktop,United States
1754237628873479248,1,1,192.1,34,1768.0,(direct),desktop,United States
1755285075789070273,1,1,159.9,24,842.0,(direct),mobile,United States
1758112154920698235,1,1,651.5,19,524.0,(direct),desktop,United States
1758403603414007957,1,1,394.9,30,1039.0,(direct),desktop,United States
1759779356678951325,3,3,11048.9,125,1232.3333333333333,(direct),desktop,United States
1761084588077503545,1,1,381.9,29,1073.0,(direct),desktop,United States
1762309596636885789,1,1,6595.2,12,1319.0,(direct),desktop,United States
1762540039573649288,1,1,480.0,19,876.0,(direct),desktop,United States
1765174534207542006,1,1,839.9,15,1652.0,(direct),desktop,United States
1765448131945417161,1,1,813.4000000000001,25,469.0,(direct),desktop,United States
1766574900434071803,1,1,889.9,17,331.0,(direct),desktop,United States
1772086270996280264,1,1,1004.0,24,943.0,(direct),desktop,United States
1774472718303082739,1,1,163.9,52,2527.0,google,mobile,United States
1774756696067199606,1,1,5678.5,43,604.0,google,desktop,United States
1781010856470588280,1,1,184.8,34,745.0,(direct),desktop,United States
1781628475193347891,1,1,430.4,44,1029.0,(direct),desktop,United States
1783799156295580451,1,1,1379.7,42,1500.0,google,desktop,United States
1785770568670204175,1,1,2095.1,17,391.0,(direct),desktop,United States
1790056396751623380,1,1,499.9,18,267.0,(direct),desktop,United States
1790630358090197146,1,1,639.7,53,2424.0,google,desktop,United States
1791403729056755993,1,1,759.8000000000001,12,600.0,google,mobile,United States
1794229321970124318,1,1,850.6,34,1235.0,(direct),mobile,United States
1794290733386551396,1,1,767.5,21,463.0,(direct),desktop,United States
1804930412747691262,2,2,548.1,35,673.5,(direct),desktop,India
1805199738118049735,1,1,751.4,23,3825.0,(direct),desktop,United States
1806006534240481243,1,1,659.8000000000001,16,352.0,(direct),desktop,United States
1807168875830631146,1,1,2707.4,27,479.0,(direct),desktop,United States
1814166460229302850,4,4,47626.6,251,2621.25,(direct),desktop,United States
1817098361006619114,1,1,279.8,21,913.0,(direct),desktop,United States
1828339986405784308,1,1,2311.8,13,1058.0,(direct),desktop,United States
1828950887342366657,1,1,329.90000000000003,15,1828.0,google,desktop,United States
1831648988411088045,1,1,832.8,48,1186.0,google,desktop,United States
1832346198788998091,1,1,69.7,26,1756.0,google,desktop,United States
1833282132105102358,1,1,415.9,13,723.0,(direct),desktop,United States
1833474884498014374,1,1,761.8000000000001,15,564.0,(direct),desktop,United States
1835132804289989526,2,2,1356.7,39,699.0,(direct),desktop,United States
1840851331130609869,1,1,809.9,29,605.0,(direct),desktop,United States
1841706161179042539,1,1,395.9,19,397.0,(direct),desktop,United States
1842106171508051051,1,1,319.8,21,1996.0,bing,desktop,United States
1845281550200982748,1,1,1059.9,33,1630.0,(direct),desktop,United States
1845526144888947016,1,1,415.9,15,2194.0,(direct),desktop,United States
1845647655328676272,1,1,1972.0,40,1429.0,(direct),desktop,United States
1849906954215296139,1,1,1039.3000000000002,28,1631.0,youtube.com,mobile,United States
1852474862116270404,2,2,2285.6,61,1125.5,google,desktop,United States
1852649172317720042,1,1,464.4,47,1110.0,(direct),desktop,United States
1853598182868352688,1,1,201.9,13,564.0,(direct),desktop,United States
1854405837570982370,1,1,546.7,45,1411.0,google,desktop,United States
1859987569807691827,1,1,199.9,12,976.0,(direct),desktop,United States
1860043119343068169,2,2,779.4,47,613.5,google,desktop,United States
1860697994072848784,1,1,592.6,26,3437.0,(direct),mobile,United States
1862546724568841127,1,1,819.5999999999999,17,732.0,google,desktop,United States
1863054289029276927,1,1,4542.0,15,434.0,(direct),desktop,United States
1863623332795455287,1,1,919.7,82,2025.0,google,mobile,United States
1866457015323944789,1,1,209.8,15,547.0,(direct),mobile,Ireland
1868405397995157975,1,1,142.0,24,1862.0,google,mobile,United States
1869599090210681270,2,2,13135.0,40,1816.5,(direct),desktop,United States
1872757799140819375,1,1,145.0,15,280.0,google,desktop,United States
1875268638592946287,1,1,239.9,12,465.0,google,mobile,United States
1878787981465510145,1,1,6862.0,30,4301.0,(direct),desktop,United States
1882187047309796513,1,1,179.89999999999998,14,445.0,(direct),mobile,United States
1885392946834138494,1,1,1627.5,40,2428.0,(direct),desktop,United States
1889119833894765206,1,1,7006.0,24,2243.0,(direct),desktop,United States
1891868313007224972,1,1,357.8,16,399.0,google,desktop,United States
1892415796758956218,1,1,1307.5,17,284.0,(direct),desktop,United States
1892504515910818669,1,1,521.3000000000001,45,1971.0,(direct),desktop,United States
1894617860778311526,1,1,6532.3,25,2594.0,google,desktop,United States
1895007641407662784,1,1,97.5,25,543.0,(direct),desktop,United States
1900860815673587826,5,5,9466.1,95,477.8,google,desktop,United States
1901345601701391532,1,1,299.7,27,1092.0,(direct),desktop,United States
1901353870943864683,1,1,299.9,22,1595.0,google,mobile,United States
1906926996764473743,1,1,2532.9,17,1662.0,(direct),desktop,United States
1907624706752111002,1,1,467.9,37,1199.0,(direct),desktop,United States
1908025303707716232,1,1,259.9,16,769.0,google,desktop,United States
1908229962583615364,1,1,379.8,21,878.0,google,desktop,United States
1915538933685278364,1,1,1080.0,10,562.0,(direct),desktop,United States
1915695559996088119,1,1,569.7,14,496.0,google,desktop,United States
1916023905118162049,3,3,517.3,50,539.6666666666666,(direct),desktop,United States
1919186994660632677,1,1,345.90000000000003,22,420.0,(direct),desktop,United States
1921325710867532207,1,1,869.8000000000001,17,432.0,(direct),desktop,United States
1922068803710051901,1,1,369.9,22,1520.0,(direct),desktop,United States
1922510765164338251,1,1,333.5,29,1637.0,(direct),desktop,United States
1922879125134891876,1,1,451.7000000000001,25,626.0,(direct),desktop,United States
1925633389522225305,1,1,1173.6,43,1193.0,(direct),desktop,United States
1929978424426570223,1,1,129.9,40,3209.0,google,desktop,Canada
1930306935121258634,1,1,1963.0,15,478.0,(direct),desktop,United States
1931486566224793189,1,1,477.9,19,381.0,(direct),desktop,United States
1931723981901564088,1,1,197.9,23,780.0,(direct),desktop,United States
1936804138170458457,1,1,497.7000000000001,14,292.0,google,desktop,United States
1937147720930640984,1,1,139.8,5,189.0,google,desktop,United States
1939626548556560921,1,1,502.8,21,1052.0,(direct),desktop,United States
1940236239352027930,1,1,949.8,20,993.0,(direct),mobile,United States
1941279334540452285,1,1,1179.4,34,698.0,(direct),desktop,United States
1944748031744566172,1,1,1741.6999999999998,27,839.0,(direct),desktop,United States
1945356518747036397,1,1,4780.0,14,719.0,(direct),desktop,United States
1945823643105525576,1,1,576.4,62,2325.0,(direct),mobile,United States
1947343681843355858,1,1,3076.9,26,1228.0,(direct),desktop,United States
1957458976293878100,16,22,1284125.2,698,1659.6875,dfa,desktop,United States
1958192249642375634,1,1,529.8,17,304.0,google,desktop,United States
1958518504412290611,1,1,329.79999999999995,17,830.0,(direct),desktop,United States
1959133989198624732,2,2,933.3,26,522.0,(direct),desktop,United States
1965269945643678897,1,1,759.5999999999999,39,2229.0,google,desktop,Canada
1965405491406486388,1,1,2507.5,15,404.0,(direct),desktop,United States
1970566993843297718,1,1,924.1,29,2041.0,google,desktop,United States
1971879185768782326,1,1,903.7,78,3446.0,google,desktop,United States
1973279275238171732,1,1,288.9,20,700.0,(direct),desktop,United States
1973770164859106217,1,1,849.9,3,64.0,(direct),desktop,United States
1977171862732443916,1,1,14437.5,24,679.0,(direct),desktop,United States
1977256117656372433,1,1,379.3,24,545.0,google,mobile,United States
1977361136349656353,1,1,527.9,12,324.0,(direct),desktop,United States
1978060402738405098,1,1,705.9000000000001,24,1298.0,(direct),desktop,United States
1978868515963084363,1,1,2129.2,42,797.0,(direct),desktop,United States
1983590358337502597,1,1,491.7000000000001,42,1030.0,(direct),desktop,United States
1989547808289808392,1,1,1064.5,17,1088.0,(direct),desktop,United States
1992524663355692792,1,1,300.0,16,203.0,google,desktop,United States
1996186587769697436,2,2,3498.8,47,568.5,(direct),desktop,United States
1996773434304553418,1,1,457.9,15,792.0,(direct),desktop,United States
1997243885876089475,1,1,2917.4,33,954.0,google,desktop,United States
1997283608635698919,1,1,265.9,13,227.0,(direct),desktop,United States
1997401331704594416,1,1,1388.8,114,3390.0,siliconvalley.about.com,desktop,United States
1999942187402858600,1,1,473.8,30,633.0,mail.google.com,desktop,United States
2002941584451367020,1,2,763.9,28,603.0,(direct),desktop,United States
2003564080152950767,1,1,817.6,30,409.0,(direct),desktop,United States
2008785002910996057,1,1,1651.4,20,846.0,(direct),desktop,United States
2013562667442528717,1,1,429.7,27,677.0,(direct),desktop,United States
2017396058039056855,1,1,313.8,15,318.0,(direct),desktop,United States
2017847299139936256,1,1,460.0,12,415.0,dfa,desktop,United States
2018356319850533895,1,1,681.5999999999999,34,892.0,(direct),desktop,United States
2019475323321472449,1,1,183.5,40,735.0,google,desktop,United States
2020115174591875878,4,4,10836.0,111,912.75,(direct),desktop,United States
2021467453921061473,1,1,547.4,26,1240.0,(direct),desktop,United States
2024172620398136134,1,1,159.9,16,904.0,google,desktop,United States
2026637372991465466,1,1,415.9,12,225.0,(direct),desktop,United States
2028483466657374508,1,1,292.9,17,1121.0,google,desktop,United States
2032509775824369586,1,1,1679.5,26,771.0,(direct),desktop,United States
2034812653909210223,1,1,2308.7,42,1169.0,Partners,desktop,United States
2035309554670535987,1,1,537.6,21,2823.0,google,desktop,United States
2037170738057013329,1,1,129.8,23,1716.0,m.facebook.com,mobile,United States
2039492680362282609,1,2,10931.6,36,2658.0,(direct),mobile,United States
2048511066419559359,1,1,3286.1000000000004,76,1034.0,(direct),desktop,United States
2049749565428127211,1,1,549.0,10,318.0,(direct),desktop,United States
2053317929607865427,1,1,179.89999999999998,22,814.0,(direct),desktop,United States
2054197499443311442,1,1,239.9,19,1061.0,(direct),mobile,United States
2060318762356474784,1,1,129.8,53,2609.0,google,mobile,United States
2066533098194954022,1,1,432.7000000000001,35,2032.0,google,tablet,United States
2067875176335600242,1,1,2013.2,73,2738.0,(direct),desktop,United States
2069933334566881550,1,1,2027.4,43,679.0,google,desktop,United States
2070894761735382608,1,1,59.8,17,222.0,google,desktop,United States
2075444661051129697,1,1,358.8,30,1082.0,google,desktop,Israel
2076013084401203762,1,1,172.89999999999998,25,1037.0,(direct),desktop,United States
2076204015500549342,1,1,284.8,32,1270.0,google,desktop,United States
2077293997030984346,1,1,139.9,9,268.0,(direct),mobile,United States
2077377423063941153,1,1,467.9,17,798.0,google,desktop,United States
2078583228250254997,1,1,181.9,14,463.0,(direct),desktop,United States
2079822395553835132,1,1,222.9,19,366.0,google,desktop,United States
2082463322705444336,1,1,395.9,16,432.0,(direct),desktop,United States
2084416927014276438,1,1,353.0,35,788.0,(direct),desktop,United States
2086102344648063828,1,2,1598.9,156,3670.0,google,desktop,United States
2086918960702630134,2,2,5062.4,62,1175.5,(direct),desktop,United States
2086976642856727593,1,1,229.9,26,682.0,google,mobile,United States
2087690429996100452,1,1,285.79999999999995,11,843.0,google,desktop,United States
2087880022078046202,1,1,249.9,14,699.0,bing,desktop,United States
2090316602240305671,1,1,1467.0,42,1590.0,(direct),desktop,United States
2090714886530233895,1,1,889.8000000000001,34,3398.0,(direct),desktop,United States
2091423130577972797,1,1,389.8,14,246.0,(direct),desktop,United States
2091708218998967059,1,1,8808.0,13,570.0,(direct),desktop,United States
2091880224910053980,1,1,497.9,14,904.0,(direct),desktop,United States
2092692131178622106,1,1,169.89999999999998,28,725.0,(direct),desktop,United States
2097832661008966883,1,1,161.9,18,1359.0,google,desktop,United States
2099864407370022116,1,1,1155.2,15,277.0,(direct),desktop,United States
2101739683956099127,1,1,409.8,25,862.0,google,mobile,United States
2105122376016897629,1,1,3931.9,45,3501.0,(direct),desktop,United States
2107066728400193912,1,1,309.9,25,977.0,(direct),desktop,Japan
2107545883335786195,1,1,369.8,42,1185.0,(direct),desktop,United States
2107882110513313421,1,1,579.8,56,2426.0,(direct),desktop,United States
2108070425798338553,1,1,699.8000000000001,61,3234.0,(direct),desktop,Germany
2108557365246449094,1,1,262.5,21,995.0,(direct),tablet,United States
2110584778013739100,1,1,1610.0,21,426.0,(direct),desktop,United States
2114561506253117840,1,1,139.9,20,366.0,(direct),mobile,United States
2118542080997390034,1,1,624.5,42,1662.0,(direct),mobile,United States
2118556556010692812,1,1,153.9,12,260.0,(direct),desktop,United States
2122547835443026286,1,1,527.8,20,381.0,google,desktop,United States
2123761033073657135,1,1,521.8,18,434.0,(direct),desktop,United States
2127135078661762281,1,1,2188.3,53,2984.0,(direct),desktop,United States
2127438408373285198,1,1,1329.8,15,466.0,yahoo,desktop,United States
2128287929750116366,1,1,133.1,10,324.0,(direct),desktop,United States
2132206668089692523,1,1,3612.7,86,1993.0,(direct),desktop,United States
2134229956335427014,1,1,240.0,30,1536.0,(direct),tablet,United States
2135877003098860196,1,1,169.89999999999998,15,1512.0,(direct),desktop,United States
2136031415967879248,1,1,1922.1,20,911.0,(direct),desktop,United States
2136452381524374196,1,1,1254.3000000000002,35,1235.0,google,desktop,Canada
2137148419156971164,1,1,189.9,16,285.0,google,desktop,United States
2137863904587206285,2,2,349.8,30,249.0,google,desktop,United States
2139876223551151337,1,1,230.2,19,356.0,(direct),desktop,United States
2141032560407740130,1,1,657.0,15,409.0,google,desktop,Canada
2144335436738770147,1,1,5755.0,32,2941.0,(direct),desktop,United States
2145471185371969845,1,1,3917.0,13,324.0,(direct),desktop,United States
2147366385529994830,1,1,229.9,13,385.0,(direct),desktop,United States
2149997451012964461,1,1,569.9,23,651.0,google,desktop,United States
2154618794882145315,1,1,389.8,19,914.0,google,desktop,United States
2155115683587711916,1,1,303.9,20,891.0,(direct),desktop,United States
2158257269735455737,3,3,754.6999999999999,110,1048.0,google,desktop,United States
2163555648381499404,1,1,154.3,40,818.0,google,desktop,United States
2166644959604649352,1,1,159.8,19,372.0,bing,mobile,United States
2167603248081396951,1,1,479.7,30,845.0,google,desktop,United States
2170187207466627823,1,1,2929.2000000000003,32,2172.0,(direct),desktop,United States
2170548591309603698,1,1,2674.5,19,391.0,(direct),desktop,United States
2172673240713669509,1,1,292.8,24,821.0,google,desktop,United States
2175891853149827407,1,2,595.7,21,782.0,(direct),desktop,United States
2176646646506183832,1,1,105.0,28,1508.0,google,desktop,United States
2178459566193458788,1,1,474.9,44,1486.0,(direct),desktop,United States
2179583548664374175,1,1,385.9,15,390.0,(direct),desktop,United States
2180515369167502520,3,3,1005.6999999999999,41,1383.3333333333333,(direct),desktop,United States
2186586081512608668,1,1,965.0,37,842.0,google,desktop,United States
2188014721891389633,1,1,393.9,11,345.0,(direct),desktop,United States
2191273326752335760,1,1,155.9,20,655.0,(direct),desktop,United States
2196278703508702410,1,1,363.8,14,705.0,(direct),desktop,United States
2196696088271959039,1,1,2875.0,46,2293.0,(direct),desktop,United States
2198879349250618795,1,1,521.4,28,991.0,(direct),desktop,United States
2199128648267411375,1,1,220.0,14,222.0,(direct),desktop,United States
2199373686188473715,1,1,129.9,22,566.0,google,desktop,United States
2200795303463456741,1,1,309.8,43,951.0,(direct),desktop,United States
2204190854181564278,1,1,1447.5,28,563.0,(direct),desktop,United States
2208179340101029302,1,1,13597.0,27,1642.0,mail.google.com,desktop,United States
2217355463780107340,1,1,639.7,18,938.0,google,mobile,United States
2219304947112530029,1,1,277.8,12,412.0,(direct),desktop,United States
2219981041933608843,1,1,253.5,22,698.0,(direct),desktop,United States
2222591960554618914,1,1,209.9,21,1036.0,google,mobile,United States
2224572703195879390,2,3,1681.7,43,437.5,google,desktop,United States
2230990908213053321,1,1,4671.0,33,944.0,google,desktop,United States
2231593693192690956,1,1,375.9,16,415.0,groups.google.com,desktop,United States
2232264032210232295,1,1,1063.5,52,2890.0,(direct),desktop,United States
2234644290294742127,1,1,409.9,18,295.0,google,desktop,United States
2236066284946239355,1,1,969.9,12,334.0,(direct),desktop,United States
2242104653639396503,1,1,359.79999999999995,16,544.0,(direct),desktop,United States
2243518473115465342,1,1,1383.7,21,557.0,(direct),desktop,United States
2245682803169114905,1,2,4802.6,51,3009.0,(direct),desktop,United States
2249724102559347990,1,1,152.0,18,768.0,sites.google.com,desktop,United States
2250505681169209683,1,1,1069.2,31,1709.0,(direct),desktop,Malaysia
2252031469260108936,1,1,385.9,12,213.0,(direct),desktop,United States
2254911865804206902,1,1,169.89999999999998,33,910.0,(direct),mobile,United States
2254917769100463770,1,1,261.90000000000003,14,291.0,(direct),desktop,United States
2256968435490294758,1,1,210.0,19,571.0,google,tablet,United States
2261390197712029015,1,1,799.8000000000001,44,1013.0,google,desktop,United States
2262018521556676288,1,1,89.9,12,480.0,(direct),mobile,United States
2264010855758956307,1,1,304.8,15,381.0,google,desktop,United States
2264449357397393917,1,1,637.7,31,1100.0,(direct),desktop,United States
2265703789548596461,1,1,445.7,46,1113.0,(direct),desktop,United States
2266837403735683845,1,1,110.0,11,269.0,google,mobile,United States
2270672806084201655,1,1,1069.3000000000002,14,449.0,(direct),desktop,United States
2271817805906914184,1,1,249.9,12,607.0,google,mobile,United States
2272979836636092591,1,1,1768.0,14,445.0,(direct),desktop,United States
2274601710859547575,1,1,1796.0,57,3061.0,google,desktop,United States
2275632617171622582,1,1,2356.1000000000004,25,537.0,(direct),desktop,United States
2278010146232311473,1,1,1034.4,50,1598.0,(direct),desktop,United States
2278104303149793808,1,1,279.9,26,710.0,(direct),desktop,United States
2281213030212005510,1,1,259.9,10,149.0,(direct),desktop,United States
2282347297061009421,1,2,759.8000000000001,21,1730.0,google,mobile,United States
2283620201901023754,1,1,579.7,29,947.0,google,tablet,United States
2284555599203977570,1,1,492.2,23,794.0,(direct),desktop,United States
2286438402554934622,1,1,189.9,10,409.0,(direct),desktop,United States
2287406421504796570,3,3,3150.7,54,543.3333333333334,(direct),desktop,United States
2288612869810526130,1,1,249.9,10,511.0,google,desktop,United States
2289346231388937684,1,1,909.7,9,953.0,dealspotr.com,desktop,United States
2290248185384827567,1,1,169.7,84,1706.0,google,desktop,United States
2292975471852115027,1,1,69.9,46,1776.0,google,desktop,United States
2293938890799916112,1,1,395.9,16,356.0,(direct),desktop,United States
2295240953686921101,2,2,2534.3,26,241.5,(direct),desktop,United States
2297135054731105073,1,1,1509.7,11,190.0,(direct),desktop,United States
2299755480895547316,1,1,161.9,19,483.0,(direct),desktop,United States
2299949662109267691,1,1,1013.7,29,880.0,(direct),desktop,United States
2302897932992284309,1,1,353.8,18,608.0,(direct),desktop,United States
2303199190024622321,1,1,579.7,18,737.0,dealspotr.com,desktop,United States
2303365259512398684,1,1,219.6,22,381.0,google,desktop,United States
2303533259349444593,1,1,1039.9,24,814.0,google,desktop,United States
2305295482096154659,1,1,863.8,26,341.0,(direct),desktop,United States
2306813020737490108,1,1,419.8,21,478.0,(direct),desktop,United States
2308631730639284715,1,1,584.6,37,1344.0,google,desktop,United States
2308970056076735364,1,1,519.7,11,507.0,(direct),desktop,New Zealand
2310334534790814231,1,1,415.9,21,2228.0,(direct),desktop,United States
2314697698664321051,1,1,389.5,30,629.0,(direct),desktop,United States
2315247548521028492,1,1,301.90000000000003,17,834.0,(direct),desktop,United States
2316712182271385122,1,1,889.8000000000001,23,510.0,(direct),desktop,United States
2320391139447280387,1,1,909.3,36,1119.0,(direct),desktop,United States
2326342894526494508,1,1,196.9,8,321.0,google,mobile,United States
2327809759534404336,1,1,787.5,50,2295.0,l.facebook.com,desktop,United States
2332536676601903155,1,1,359.79999999999995,20,1881.0,(direct),desktop,United States
2336992111054994391,1,1,355.90000000000003,13,439.0,(direct),desktop,United States
2337327787747858943,1,1,329.79999999999995,29,598.0,(direct),desktop,United States
2337937577672192523,1,1,3093.5,37,1265.0,(direct),desktop,United States
2338178303528914061,3,3,750.0,41,1143.3333333333333,google,desktop,United States
2339706083107095854,1,1,2376.6,28,442.0,(direct),desktop,United States
2341448488539470965,1,1,711.7,33,1687.0,google,desktop,Canada
2341873268573140480,1,1,139.8,43,1284.0,(direct),desktop,United States
2341884364013186402,1,1,149.9,22,369.0,google,desktop,United States
2345055969142696624,1,1,313.9,12,405.0,(direct),desktop,United States
2345093262662761202,1,1,179.89999999999998,17,338.0,google,desktop,United States
2345845626331322279,1,1,175.9,15,310.0,(direct),desktop,United States
2346359290191771618,1,1,1734.4,54,2267.0,google,desktop,United States
2348463054063969994,1,1,1509.9,8,203.0,google,mobile,United States
2348681849763325965,3,3,8164.7,96,1280.0,(direct),desktop,United States
2349461252171876066,2,2,6214.5,51,971.5,(direct),desktop,United States
2349699258952144857,1,1,558.4000000000001,30,1768.0,google,desktop,United States
2350369757684691618,1,1,505.5,27,1881.0,google,desktop,United States
2352548628524812063,1,1,848.0,14,239.0,(direct),desktop,United States
2354405029601095288,2,2,1102.8000000000002,27,581.0,(direct),desktop,United States
2364782563241908647,1,1,292.8,24,2803.0,google,desktop,United States
2366243354794689639,1,1,2890.0,20,1198.0,google,desktop,United States
2367296881084974931,1,1,2937.4,16,532.0,(direct),desktop,United States
2367402323702464449,1,1,229.9,22,764.0,google,desktop,United States
2367899770531887609,1,1,389.8,19,940.0,(direct),mobile,United States
2371906231211457127,1,1,4534.3,21,1333.0,dfa,desktop,United States
2375734461566833822,1,1,819.9,9,216.0,(direct),desktop,United States
2375804711007415878,1,1,477.9,21,497.0,(direct),desktop,United States
2376144863648346076,2,2,1600.5,56,1725.0,(direct),desktop,United States
2377126524987232945,1,1,835.5,42,2616.0,google,desktop,United States
2377197803125206851,1,1,259.9,16,515.0,(direct),mobile,Spain
2380176250405742516,1,1,179.7,56,2884.0,google,mobile,United States
2380682352462112558,1,1,234.9,23,1480.0,google,desktop,Russia
2384781485752007681,1,1,469.9,17,363.0,groups.google.com,desktop,United States
2386169796638986389,1,1,2055.4,18,1294.0,(direct),desktop,United States
2390264830975639479,1,1,179.89999999999998,14,468.0,google,desktop,United States
2390837948124103582,1,1,385.9,19,400.0,(direct),desktop,United States
2391114070454648344,1,1,811.5,14,672.0,(direct),desktop,United States
2394311020331706300,1,1,443.7,18,330.0,(direct),desktop,United States
2396255136764683002,1,1,679.4,57,3142.0,google,desktop,United States
2396264445061931880,1,1,513.4000000000001,24,770.0,google,desktop,United States
2396848817613598114,2,12,15184.900000000001,282,7643.0,l.facebook.com,desktop,Venezuela
2400006764612323294,1,1,202.9,28,831.0,google,desktop,United States
2402527199731150932,10,14,22024.8,316,1272.2,(direct),desktop,United States
2404730522088263435,1,1,4896.0,84,3770.0,(direct),desktop,United States
2405648285327447572,1,1,479.8,10,167.0,(direct),desktop,United States
2409362637274898406,1,1,26944.0,14,259.0,(direct),desktop,United States
2409376965099588298,1,1,69.9,20,2551.0,google,mobile,United States
2411322974724385937,3,4,1505.3999999999999,66,558.3333333333334,(direct),desktop,United States
2415085382840318427,1,1,393.7,24,282.0,(direct),desktop,United States
2415088680349132013,1,1,849.5,44,757.0,(direct),desktop,United States
2415337345055025215,1,2,11334.7,35,2155.0,(direct),desktop,United States
2418102200342405484,1,1,259.9,16,423.0,(direct),desktop,United States
2419083783587438310,5,5,11278.1,145,1780.6,(direct),desktop,United States
2420397679231012493,1,1,309.8,8,369.0,google,desktop,Ukraine
2420756541858063826,1,1,355.90000000000003,20,1410.0,(direct),desktop,United States
2422180165069305822,1,1,254.0,31,445.0,(direct),desktop,United States
2422865366235727605,1,1,894.7,73,2113.0,google,mobile,Canada
2426082201157703136,1,1,559.6,24,1473.0,google,desktop,United States
2426971819031028277,1,1,235.9,14,497.0,(direct),desktop,United States
2430203632291905757,1,1,269.8,22,1399.0,google,desktop,United States
2431935968474229557,1,1,600.7,15,469.0,(direct),desktop,United States
2433182968898386515,1,1,239.9,31,1455.0,(direct),desktop,United States
2435096428144320733,1,1,569.0,18,792.0,(direct),desktop,United States
2437255563311206815,1,1,609.8,20,620.0,(direct),desktop,United States
2438001988287339845,1,1,504.9,33,852.0,(direct),desktop,United States
2439011587487738686,1,1,393.8,21,511.0,(direct),desktop,United States
2440247376986125183,1,1,309.0,13,904.0,(direct),desktop,United States
2440774884535248016,1,1,246.8,11,791.0,yahoo,desktop,United States
2443130648849063586,1,1,447.7000000000001,71,2405.0,(direct),desktop,United States
2446685875964479851,1,1,6904.0,52,2545.0,google,desktop,United States
2449425615576273633,2,2,1059.2,63,1334.0,google,desktop,United States
2456653518531252522,1,1,259.7,34,840.0,(direct),desktop,United States
2456900971869384659,1,1,490.2000000000001,23,535.0,(direct),desktop,United States
2459432206617896206,1,1,207.9,22,896.0,google,desktop,United States
2460550300835928816,1,1,249.9,30,2449.0,google,desktop,United States
2460723540924398520,1,1,333.5,13,302.0,(direct),desktop,United States
2469327075513689553,1,1,201.9,13,245.0,(direct),desktop,United States
2478354346693137452,1,1,201.8,26,896.0,(direct),desktop,United States
2479467739525533377,1,1,9670.0,28,1476.0,google,desktop,Canada
2484187509499465201,1,1,1164.8,16,686.0,google,desktop,United States
2487086990379614577,1,1,241.9,29,561.0,(direct),desktop,United States
2489008241573550048,1,1,1635.0,12,445.0,(direct),desktop,United States
2491238829943520906,1,1,257.8,20,797.0,(direct),desktop,United States
2494927659578259711,1,1,2174.1,28,1585.0,google,desktop,United States
2495704533414117222,1,1,2207.3,16,640.0,(direct),desktop,United States
2498790727245138194,1,1,316.3,18,1600.0,(direct),desktop,United States
2499234879670419046,1,1,1189.6,18,1678.0,google,desktop,United States
2499318985403227459,1,1,1839.0,35,1787.0,(direct),tablet,United States
2499407186380266291,1,1,1751.5,48,1400.0,(direct),desktop,United States
2505213816959087958,1,1,545.4,42,1537.0,(direct),desktop,United States
2507346080386513370,1,1,1349.8,24,628.0,(direct),desktop,United States
2507708267031281102,1,1,401.6,14,1015.0,(direct),desktop,United States
2507783848201963394,1,1,399.2000000000001,23,925.0,google,desktop,United States
2510765460977989271,1,1,3889.9,15,1928.0,(direct),desktop,United States
2510791568842983077,1,1,721.8000000000001,26,611.0,(direct),desktop,United States
2512335805046114445,1,1,1008.8,24,924.0,(direct),desktop,United States
2512708881002227681,1,1,3069.3,38,613.0,google,desktop,United States
2513134404212328094,2,3,4348.200000000001,94,1463.0,(direct),desktop,United States
2517364798811740879,1,1,4707.900000000001,26,981.0,(direct),desktop,United States
2518379317255532090,2,2,655.6,31,452.5,(direct),desktop,United States
2522954230696043073,1,1,239.9,11,405.0,google,desktop,United States
2523857652235025784,1,1,211.9,10,422.0,(direct),desktop,United States
2527677375017653674,1,1,4063.0,20,1164.0,google,desktop,United States
2530900387021015168,1,1,271.90000000000003,13,1597.0,(direct),desktop,United States
2533003348216867648,1,1,5701.599999999999,56,1952.0,google,desktop,Australia
2533769468325451038,1,1,292.6,24,1144.0,(direct),desktop,United States
2535119751950226175,1,1,487.7000000000001,28,1164.0,(direct),desktop,United States
2535875901005084868,1,1,439.9,14,415.0,google,desktop,United States
2536718676534980101,1,1,10604.9,20,1102.0,(direct),desktop,United States
2536748109553034322,1,1,129.8,11,361.0,(direct),mobile,United States
2539723678842817509,1,1,1869.8,35,1364.0,(direct),desktop,United States
2540477240433751647,1,1,345.90000000000003,19,3866.0,dfa,desktop,United States
2543259814271575260,1,1,670.9000000000001,13,234.0,(direct),desktop,United States
2543896097453171324,1,1,119.9,15,244.0,google,mobile,United States
2544471402172631001,1,1,251.9,14,190.0,sites.google.com,desktop,United States
2545566579978382892,1,1,409.3,39,683.0,(direct),desktop,United States
2546464604912220860,2,2,8248.9,32,243.5,mail.google.com,desktop,United States
2548981301373576027,1,1,305.79999999999995,17,433.0,google,mobile,Greece
2549182723988683065,1,1,1886.5,25,284.0,dfa,desktop,United States
2551061282285178751,1,1,259.9,13,546.0,google,mobile,United States
2553957087129235590,1,1,565.6,35,847.0,(direct),desktop,United States
2556948849524550835,1,1,239.9,9,265.0,google,desktop,United States
2557544565676711160,1,1,1947.0,24,528.0,(direct),desktop,United States
2558254017558848934,2,2,1978.3,28,1479.0,(direct),desktop,United States
2558560744676722529,1,1,589.9,18,558.0,google,desktop,United States
2560606622677775482,1,1,247.8,20,677.0,(direct),desktop,United States
2561731443913596466,1,1,739.8000000000001,21,2660.0,google,desktop,United States
2562758545519501123,1,1,355.90000000000003,24,783.0,(direct),desktop,United States
2564270479700333184,1,1,821.7,25,240.0,(direct),desktop,United States
2565421116891826036,1,1,585.8,16,358.0,google,desktop,United States
2567845597403175536,1,1,593.8000000000001,14,326.0,(direct),desktop,United States
2570270404850350503,1,1,7825.2,26,684.0,(direct),desktop,United States
2571702649159032063,1,1,697.6999999999999,16,525.0,(direct),desktop,United States
2572686632526205558,1,1,249.9,13,2075.0,(direct),desktop,Canada
2573691084209115534,1,1,449.8,23,735.0,(direct),desktop,United States
2574179535153856621,1,1,701.8000000000001,14,263.0,(direct),desktop,United States
2575004222422356117,1,1,367.8,37,1299.0,google,desktop,United States
2575337741997523606,1,1,1402.3,34,1473.0,google,desktop,United States
2575683338056092350,1,1,589.9,15,349.0,(direct),desktop,United States
2577400805525289502,2,2,1684.8,45,768.5,(direct),desktop,United States
2578611394525655595,1,1,329.90000000000003,29,1378.0,google,desktop,United States
2581268341916303872,1,1,1019.9,18,303.0,google,desktop,United States
2584193106113702734,1,1,392.8,15,1101.0,google,desktop,United States
2584325239090818797,1,1,149.9,18,488.0,(direct),mobile,United States
2584510701660360932,1,1,214.3,11,154.0,(direct),desktop,United States
2590088265600782267,1,1,359.90000000000003,15,243.0,(direct),desktop,United States
2590629993785032145,1,1,1683.1,69,2983.0,(direct),desktop,United States
2591017631506070831,2,2,1629.1,27,205.5,(direct),desktop,United States
2592638729105052123,1,1,589.6,24,395.0,(direct),desktop,United States
2602171406058495760,1,1,691.8000000000001,12,680.0,(direct),desktop,United States
2603582189520418632,1,1,345.90000000000003,10,296.0,(direct),desktop,United States
2604472846435898379,2,2,9256.2,79,1072.5,(direct),desktop,United States
2605035939330084736,1,1,791.8000000000001,22,823.0,(direct),desktop,United States
2606909581831356927,1,1,204.2,14,2252.0,(direct),desktop,United States
2607736667163691156,1,1,334.79999999999995,29,1801.0,(direct),desktop,United States
2610708601231231422,3,4,3045.0,67,812.6666666666666,(direct),desktop,United States
2613946236686066431,1,1,1072.6,33,1302.0,google,desktop,United States
2614896373515267740,1,1,1275.6,19,864.0,(direct),desktop,United States
2615253560882573611,1,1,670.9000000000001,23,706.0,google,mobile,United States
2616240173389988716,2,2,411.70000000000005,45,1569.0,(direct),desktop,United States
2616271879571385041,1,1,935.8,43,1911.0,(direct),desktop,United States
2616726267850019328,1,1,1113.1999999999998,28,1300.0,(direct),desktop,United States
2618320847776659905,1,1,176.29999999999998,8,159.0,(direct),desktop,United States
2618807484848182971,1,1,420.4,32,2379.0,google,desktop,United States
2619633492044211273,1,1,79.6,12,326.0,ask,desktop,United States
2620101459148830872,1,1,695.6,107,2155.0,(direct),desktop,United States
2620614855835258214,1,1,304.7,28,1061.0,(direct),desktop,United States
2620684501904017348,1,1,3127.2000000000003,23,537.0,(direct),desktop,United States
2621030918006073381,1,1,269.9,16,490.0,(direct),mobile,United States
2623046443543317941,1,1,3544.0,33,789.0,(direct),desktop,United States
2624131748689653933,1,1,526.5,37,2046.0,google,desktop,United States
2625954590881807574,1,1,739.8000000000001,17,316.0,google,desktop,United States
2627365926426456189,1,1,929.8,17,295.0,(direct),desktop,United States
2633688470819438128,1,1,973.7,25,1098.0,(direct),desktop,United States
2634131477723263296,1,1,269.7,30,1157.0,(direct),desktop,United States
2636295502284881140,1,1,159.70000000000002,29,535.0,(direct),desktop,United States
2637714150350706913,1,1,124.8,18,786.0,google,mobile,United States
2638377830326163737,1,1,1947.0,26,1219.0,(direct),desktop,United States
2645557375569096181,1,1,955.2,42,1285.0,(direct),desktop,United States
2646550987867504267,1,1,144.9,29,764.0,(direct),desktop,United States
2658678838785413275,1,1,404.9,28,862.0,(direct),desktop,United States
2660015528957444012,1,1,325.79999999999995,15,450.0,(direct),desktop,United States
2662857964839381819,1,1,3330.1,42,992.0,google,desktop,United States
2664779251891985796,1,1,1731.2,46,1562.0,(direct),desktop,United States
2665204442613686910,1,1,162.89999999999998,20,1410.0,(direct),mobile,United States
2665295585036803068,1,1,1245.4,27,1205.0,(direct),desktop,United States
2667042982185975310,1,1,409.9,16,245.0,google,desktop,United States
2667298817344312615,1,1,329.79999999999995,19,1158.0,google,tablet,United States
2668364690542030763,1,1,629.9,25,1416.0,(direct),mobile,United States
2678017605977262322,1,1,1067.8,24,507.0,(direct),desktop,United States
2678202602250260805,1,1,169.89999999999998,14,586.0,(direct),desktop,Switzerland
2687747268928070384,1,1,1394.7,18,1359.0,google,desktop,United States
2689318104904444038,1,1,2639.0,61,1494.0,(direct),desktop,United States
2689556653800639103,3,3,2576.1,110,1413.0,(direct),desktop,United States
2691688576620945855,1,1,209.9,22,2072.0,google,desktop,United States
2691780862090038185,1,1,1097.7,13,202.0,(direct),desktop,United States
2693283748640225828,1,1,329.90000000000003,14,195.0,(direct),desktop,United States
2694014479461830065,1,1,1029.9,7,529.0,(direct),desktop,United States
2694541934290288611,1,1,129.8,25,909.0,youtube.com,desktop,Canada
2694580801646104350,1,1,529.9,15,461.0,(direct),desktop,United States
2698909979431470269,1,1,259.9,20,630.0,(direct),mobile,United States
2702625863287953735,1,1,601.9,37,1356.0,(direct),desktop,United States
2702626484466818969,1,1,259.8,13,237.0,(direct),desktop,United States
2703137619338184529,1,1,729.0999999999999,12,2058.0,(direct),desktop,United States
2703316646520107056,1,1,619.9,43,1856.0,(direct),desktop,United States
2703487206750451130,1,1,291.90000000000003,15,491.0,(direct),desktop,United States
2704783568833269551,1,1,649.9,17,550.0,(direct),desktop,United States
2709295266531200360,1,1,4232.4,21,953.0,(direct),desktop,United States
2709351657146666850,1,1,2180.6,41,1879.0,(direct),desktop,United States
2718217150934290475,1,1,328.8,18,860.0,(direct),desktop,United States
2718811501718036973,1,1,973.7,27,603.0,(direct),desktop,United States
2719057200121237933,1,1,301.90000000000003,12,268.0,(direct),desktop,United States
2722991619040333092,2,2,1697.8,38,1674.5,(direct),desktop,United States
2727750796868650668,1,1,4608.5,9,282.0,(direct),desktop,United States
2728484397720314035,1,1,340.0,20,1232.0,google,mobile,Malaysia
2729326042885052223,1,1,2944.0,11,932.0,(direct),desktop,United States
2732495805922289917,1,1,229.9,17,320.0,google,desktop,United States
2732522561242440799,1,1,533.8000000000001,17,455.0,(direct),desktop,United States
2736979716085988579,1,1,369.5,41,878.0,google,desktop,United States
2740161621176536735,1,1,99.9,17,590.0,(direct),mobile,United States
2743010540143714020,1,1,393.7,23,1014.0,(direct),desktop,United States
2747620686251351645,1,1,171.9,12,207.0,(direct),desktop,United States
2751071784203497950,2,2,5684.4,57,686.5,dfa,desktop,United States
2751354013646268533,1,1,81.89999999999999,16,152.0,(direct),desktop,United States
2754641781550794681,1,1,229.7,14,271.0,(direct),desktop,United States
2755803596302366482,1,1,1420.4,23,1212.0,dealspotr.com,desktop,United States
2757346803050165711,1,1,489.7,26,1087.0,(direct),desktop,United States
2757924321423879256,1,1,442.1,33,1093.0,(direct),desktop,United States
2760610370970936430,1,1,311.8,14,481.0,(direct),desktop,United States
2761824185690808203,1,1,254.9,23,666.0,google,desktop,United States
2763002839330123118,1,1,2249.7,21,445.0,(direct),desktop,United States
2764728570910016714,1,1,862.0999999999999,32,820.0,(direct),desktop,United States
2765600170836507620,1,1,203.9,16,452.0,yahoo,desktop,United States
2766162501835274072,1,1,1049.5,45,1134.0,(direct),desktop,United States
2767837775025125681,1,1,139.70000000000002,15,405.0,google,desktop,United States
2778312825087268268,1,1,693.6,32,1586.0,(direct),desktop,Canada
2778873072021640403,1,1,1029.7,31,710.0,(direct),desktop,United States
2779352561946841357,1,1,189.9,18,2661.0,google,desktop,United States
2779594039917451826,1,1,290.7,20,849.0,(direct),desktop,United States
2785285614162305625,1,1,129.9,45,848.0,google,desktop,United States
2790290625227220214,1,1,10426.0,27,772.0,(direct),desktop,United States
2792057465919995145,1,1,419.8,25,917.0,google,desktop,United States
2793295987972453232,1,1,229.9,28,1135.0,(direct),desktop,United States
2793662397630011318,1,1,159.8,25,1834.0,(direct),desktop,France
2796082769378041079,1,1,181.9,12,313.0,(direct),desktop,United States
2797925470043622325,1,1,317.1,35,1007.0,(direct),desktop,United States
2798267263317185154,1,1,229.8,24,736.0,(direct),desktop,United States
2799516265543613982,1,1,147.89999999999998,18,226.0,(direct),desktop,United States
2800282822736967709,1,1,452.5,45,1249.0,google,desktop,United States
2801499422088453532,1,1,10540.0,2,139.0,google,desktop,Japan
2801809770400921777,1,1,311.90000000000003,22,582.0,(direct),desktop,United States
2805355288930230044,1,1,517.9,15,1713.0,(direct),desktop,United States
2811132188167803677,1,2,145.0,19,884.0,(direct),desktop,Ukraine
2811370791608339081,1,1,3311.6000000000004,18,501.0,(direct),desktop,United States
2812654087924931640,1,1,217.2,68,2058.0,(direct),desktop,United States
2814872551544320279,1,1,1119.9,19,788.0,yahoo,desktop,United States
2816298586185528036,1,1,435.9,18,665.0,(direct),desktop,United States
2817453656935743519,1,1,189.9,16,2041.0,google,desktop,United States
2818796658906330904,1,1,8832.5,36,902.0,(direct),desktop,United States
2829963874275041366,1,1,269.8,32,617.0,(direct),desktop,United States
2832807519496817186,1,1,601.8,21,709.0,(direct),desktop,United States
2832884882260579085,1,1,353.8,23,1008.0,google,desktop,United States
2837725284997269762,1,1,869.9,14,398.0,google,desktop,United States
2838394030048546223,3,3,5247.4,40,276.6666666666667,dfa,desktop,United States
2840155464434051520,1,1,317.8,20,297.0,(direct),desktop,United States
2846265945939289063,1,1,139.8,18,959.0,google,mobile,United States
2847013081259459461,1,1,239.9,26,716.0,google,desktop,United States
2854340718680170523,1,1,219.9,8,2044.0,(direct),desktop,United States
2856851067532814805,1,1,981.8,34,1008.0,dfa,desktop,United States
2857205495437639716,1,1,375.9,15,969.0,(direct),desktop,United States
2859330575716176857,1,1,309.8,20,580.0,(direct),desktop,United States
2861315377512617150,1,1,939.8,16,293.0,google,desktop,United States
2863616485775419102,2,2,1123.3000000000002,22,825.0,google,desktop,United States
2864376493455301677,2,2,1988.5,56,984.0,google,desktop,United States
2868753573471668678,1,1,567.6,22,272.0,(direct),desktop,United States
2870406343834340351,1,1,649.5999999999999,32,1241.0,(direct),tablet,United States
2870963788113068865,1,1,2747.2000000000003,26,414.0,google,desktop,United States
2872390777688988558,1,1,169.89999999999998,11,446.0,google,desktop,United States
2876669668798568631,1,1,242.6,20,621.0,(direct),desktop,United States
2877243749158885566,1,1,1633.5,17,576.0,(direct),desktop,United States
2880019277233079024,1,1,929.3,45,3671.0,(direct),desktop,United States
2882465245432965325,1,1,455.6,25,1184.0,(direct),desktop,United States
2885242437093283542,1,1,179.89999999999998,12,211.0,(direct),desktop,United States
2888994662401288163,1,1,189.9,17,1287.0,google,mobile,United States
2892628358622963670,1,1,219.6,33,1184.0,(direct),mobile,United States
2894074210171777551,1,1,89.9,26,1690.0,google,tablet,United States
2896773240947804856,1,1,2682.3,41,1202.0,(direct),desktop,United States
2899424455048678899,1,1,833.8,12,226.0,mail.google.com,desktop,United States
2903698319711886789,1,1,499.8,15,368.0,(direct),desktop,Canada
2907313716699844462,1,1,171.9,20,859.0,(direct),desktop,United States
2908106497332627333,1,1,421.5,29,1205.0,(direct),desktop,United States
2909210793431796442,1,1,247.9,16,1271.0,google,desktop,United States
2910734526436103085,1,1,179.8,18,1203.0,google,mobile,United States
2913067759054132692,1,1,683.7,39,2015.0,google,desktop,United States
2919195515906143823,1,1,3376.7000000000003,31,648.0,(direct),desktop,United States
2919716928934208535,3,3,4100.0,93,1272.0,(direct),desktop,United States
2923157586809674604,1,1,1084.4,24,481.0,(direct),desktop,United States
2923583380085498492,1,1,467.9,8,153.0,(direct),desktop,United States
2925179999316963442,1,1,355.90000000000003,19,470.0,groups.google.com,desktop,United States
2926339495422227598,1,1,679.5999999999999,48,1122.0,(direct),desktop,United States
2928427849127448830,1,1,229.9,19,617.0,(direct),desktop,United States
2929956217778331899,1,1,580.0,14,313.0,google,desktop,United States
2935403605807774309,1,1,691.8000000000001,11,355.0,(direct),desktop,United States
2936634930290678437,3,3,1003.5,83,545.0,(direct),desktop,United States
2936976853577355487,1,1,851.9,15,411.0,(direct),desktop,United States
2938490191342735172,1,1,4119.4,19,523.0,(direct),desktop,United States
2939364130515546503,1,1,139.8,16,427.0,google,desktop,United States
2940621972871301246,1,1,747.5,26,1040.0,(direct),desktop,United States
2944941333058773825,1,1,393.8,37,977.0,(direct),desktop,United States
2948011125803479044,1,1,3006.5,22,679.0,(direct),desktop,United States
2948331056122711323,1,1,751.8000000000001,24,1796.0,plus.google.com,desktop,United States
2951565306014197668,3,3,3020.9,69,861.6666666666666,(direct),desktop,United States
2952820296567657347,1,1,1699.5,25,629.0,(direct),desktop,United States
2956786142298366932,1,1,1048.8,73,3177.0,google,desktop,United States
2958670304005364003,1,1,181.8,32,1092.0,(direct),desktop,United States
2962662746296004840,1,1,804.0,34,3061.0,(direct),desktop,United States
2966465528641096132,1,1,261.90000000000003,14,323.0,(direct),desktop,United States
2966611128426241872,1,1,505.5,24,715.0,(direct),desktop,United States
2967664827442283571,1,1,5882.0,11,384.0,(direct),desktop,United States
2969418676126258798,1,1,5520.5,80,4841.0,(direct),desktop,United States
2969957690756250633,2,2,47399.8,27,688.0,google,desktop,United States
2972255044152209123,1,1,369.8,30,1115.0,google,desktop,United States
2977355807683568190,1,1,1413.6,17,880.0,(direct),desktop,United States
2979158334748499173,1,1,4065.1,29,900.0,(direct),desktop,United States
2981325201816358942,1,1,8119.6,41,3438.0,google,desktop,United States
2981548266609585981,1,1,159.8,16,951.0,google,tablet,Canada
2986044800448176384,1,1,765.6999999999999,31,1313.0,(direct),desktop,United States
2996218243014661996,1,1,7058.0,23,353.0,(direct),desktop,United States
3003781131878505230,1,1,681.8000000000001,10,330.0,(direct),desktop,United States
3004372961374540128,1,1,149.9,20,467.0,google,desktop,United States
3004433257206076818,1,1,145.9,12,146.0,(direct),desktop,United States
3004593292265626624,1,1,957.0,33,1472.0,(direct),desktop,United States
3004638756363119984,1,1,239.9,15,350.0,google,desktop,United States
3006774144642328935,1,1,819.5,33,1349.0,(direct),desktop,United States
3008692530676970793,1,1,751.8000000000001,15,762.0,(direct),desktop,United States
3009119663550878482,1,1,99.9,11,489.0,(direct),desktop,United States
3012297793847553299,1,1,304.6,24,502.0,(direct),desktop,United States
3015350453130669624,1,1,564.5,49,760.0,(direct),desktop,United States
3015499115013703694,1,1,689.4,45,1366.0,(direct),desktop,United States
3016072144177960007,1,1,199.9,13,478.0,google,desktop,United Arab Emirates
3016739586039841037,1,1,329.79999999999995,10,336.0,google,mobile,United States
3017210075357079179,1,1,489.9,19,336.0,(direct),desktop,United States
3021223849614284256,1,1,1719.4,65,4010.0,(direct),desktop,United States
3022392995706412545,1,1,281.90000000000003,9,289.0,(direct),desktop,United States
3022821826736981569,1,1,1577.6,37,1188.0,(direct),desktop,United States
3023150673904002586,1,1,931.0,43,924.0,(direct),desktop,United States
3023987141192180181,1,1,112.0,17,407.0,(direct),desktop,United States
3024362751507085867,1,1,191.9,13,470.0,(direct),desktop,United States
3024684683142249446,1,1,309.8,18,453.0,google,desktop,Canada
3024993643365684640,1,1,259.9,14,756.0,google,desktop,United States
3026368959159738546,1,1,689.7,38,815.0,(direct),desktop,United States
3027900979672030556,1,1,594.6,22,1951.0,(direct),desktop,United States
3028560396160352119,1,1,876.8000000000001,26,755.0,google,mobile,United States
3028833598226517640,3,3,7632.0,47,495.6666666666667,(direct),desktop,United States
3036945143044651672,1,1,186.3,21,1320.0,(direct),desktop,Canada
3039331164214492247,2,2,301.8,25,270.0,(direct),desktop,United States
3041137106242705220,1,1,209.9,12,176.0,(direct),desktop,United States
3041665208670915405,1,1,877.2,41,1646.0,(direct),desktop,United States
3046775714096788273,1,1,2287.9,26,507.0,(direct),desktop,United States
3051157493054148385,1,1,79.9,12,149.0,(direct),desktop,United States
3053164528707250163,1,1,1985.4,25,767.0,(direct),desktop,United States
3053417453950406791,1,1,1213.6,28,951.0,(direct),desktop,United States
3053688223431493183,1,1,1670.8000000000002,30,728.0,(direct),desktop,United States
3053950714909876467,1,1,608.5,30,800.0,(direct),desktop,United States
3055210275041063750,2,2,4109.6,23,776.0,google,desktop,United States
3057038827643916934,1,1,172.89999999999998,25,1547.0,google,desktop,United States
3058453262687579151,1,1,1383.8,15,319.0,(direct),desktop,United States
3058457482106046803,1,1,1273.1,18,1101.0,(direct),desktop,United States
3060859705659472596,1,1,1932.5,32,1250.0,(direct),desktop,United States
3061154222126395175,1,1,325.79999999999995,28,2615.0,google,desktop,United States
3061282390735516569,1,1,229.8,12,773.0,(direct),desktop,United States
3061506083618689594,1,1,179.89999999999998,15,348.0,google,desktop,United States
3072906415117777345,3,3,1501.5,58,476.6666666666667,(direct),desktop,United States
3073219633014134177,1,1,329.90000000000003,22,611.0,google,desktop,United States
3073854849237490517,1,1,3967.7,30,642.0,(direct),desktop,United States
3076174797058833907,1,1,3163.1,15,388.0,(direct),desktop,United States
3080209354082466305,1,1,497.9,32,1104.0,(direct),desktop,United States
3081808777530081945,1,1,119.9,11,2457.0,(direct),desktop,United States
3085716023208993484,1,1,378.9,29,1197.0,(direct),desktop,United States
3085941498097094136,1,1,549.7,11,233.0,google,desktop,China
3087800167641443127,1,1,633.2,32,1611.0,(direct),desktop,United States
3088956989442559269,1,1,1706.5,12,265.0,(direct),desktop,United States
3089403106365222780,1,1,623.6999999999999,16,718.0,(direct),desktop,United States
3092487309701391768,1,1,241.9,20,570.0,google,desktop,United States
3093617887616167968,1,1,539.7,44,1773.0,(direct),desktop,United States
3098102694893246712,1,1,312.8,36,1313.0,google,desktop,United States
3098865090414414234,1,1,429.6,23,623.0,(direct),desktop,United States
3101662058536674321,1,1,69.9,58,1685.0,(direct),desktop,United States
3101785665065663621,1,1,273.9,12,341.0,(direct),desktop,United States
3108986775464139138,2,2,5087.5,20,396.5,(direct),desktop,United States
3111726127127301797,1,1,3112.9,49,1271.0,(direct),desktop,United States
3113291630696450894,1,1,239.9,32,674.0,(direct),tablet,United States
3114573633240274987,1,1,5740.299999999999,39,1125.0,google,desktop,United States
3117505679893009709,1,1,1669.6,33,1314.0,(direct),desktop,United States
3117858606721790013,1,1,525.6,24,1171.0,google,desktop,United States
3118941601870086725,1,1,437.8,14,320.0,(direct),desktop,United States
3121391428402721372,1,1,5084.599999999999,45,1834.0,google,desktop,United States
3122819142651442122,1,1,409.8,11,412.0,google,desktop,United States
3123912150867532904,1,1,370.0,43,1716.0,google,desktop,United States
3126428444962673497,1,1,269.9,17,501.0,google,tablet,United States
3129381702603062678,1,1,353.9,11,356.0,(direct),desktop,United States
3129654954472515724,1,1,289.9,13,1423.0,(direct),mobile,United States
3130936952600859212,2,2,2860.7,38,395.5,(direct),desktop,United States
3130970991190166322,1,1,2237.8,42,1536.0,(direct),desktop,United States
3131378609982399583,1,1,459.8,27,721.0,(direct),desktop,United States
3133737594655532095,1,1,959.4,42,668.0,(direct),desktop,United States
3135132394776964687,2,2,555.7,28,524.5,(direct),desktop,United States
3136171791619750824,1,1,431.4,48,1234.0,(direct),desktop,United States
3136743370771670654,2,2,4591.3,39,800.0,google,desktop,United States
3138433209653230300,1,1,379.6,41,3780.0,(direct),mobile,United States
3138662586063485035,1,1,829.9,10,763.0,(direct),desktop,United States
3139557393320178005,1,1,312.8,23,1962.0,(direct),desktop,United States
3140693833607536032,1,1,3331.0,46,1208.0,google,desktop,United States
3143111598793306337,1,1,811.7,39,612.0,(direct),desktop,United States
3152883096390022725,1,1,793.6,14,290.0,(direct),desktop,United States
3153380067864919818,1,1,126.3,12,636.0,(direct),desktop,United States
3153643314309934460,1,1,365.9,15,402.0,(direct),desktop,United States
3156235512146749592,2,2,16146.5,39,574.5,(direct),desktop,United States
3156558389889250659,1,1,1182.4,48,998.0,(direct),desktop,United States
3158455409969332495,1,1,811.9,11,1374.0,(direct),desktop,United States
3161406189281338784,1,1,839.5,22,1700.0,(direct),desktop,United States
3170422263023415862,1,1,375.9,27,612.0,(direct),desktop,United States
3171569265705804808,1,1,318.2,16,808.0,google,desktop,United States
3177345827435653751,1,1,419.8,25,2602.0,google,desktop,United States
3179620398844632933,1,1,199.9,18,1497.0,google,desktop,United States
3179753420864580633,1,1,349.79999999999995,27,799.0,google,mobile,United States
3179916194458138070,1,1,305.4,31,568.0,(direct),desktop,United States
3180997796111831124,1,1,219.4,45,2169.0,(direct),desktop,United States
3182137775133532420,1,1,405.9,16,2115.0,(direct),desktop,United States
3182530876752588535,1,1,395.9,11,175.0,(direct),desktop,United States
3187154400551133371,1,1,239.9,19,572.0,(direct),desktop,United States
3187576245078798783,1,1,629.9,12,1783.0,google,desktop,United States
3188526074838919259,1,1,1532.6,8,389.0,(direct),desktop,United States
3189343375435216997,1,1,425.9,15,337.0,(direct),desktop,United States
3189618204089250537,1,1,2865.3,34,547.0,(direct),desktop,United States
3190679366721791608,2,2,907.0999999999999,40,464.0,(direct),desktop,United States
3196293108485281495,1,1,829.9,16,403.0,(direct),desktop,United States
3197533100947860058,4,4,9388.4,100,1636.0,google,desktop,United States
3205397931212928239,1,1,871.4,21,842.0,(direct),desktop,United States
3205462167547873078,1,1,656.0,11,356.0,(direct),desktop,United States
3205470611252051738,1,1,1597.0,55,1492.0,(direct),desktop,United States
3208324314042464006,2,2,1239.4,45,1035.5,(direct),desktop,United States
3210357805056492900,1,1,827.8,45,921.0,(direct),desktop,United States
3210940614315598786,1,1,625.9000000000001,16,824.0,(direct),desktop,United States
3215729429198564415,1,1,239.9,11,162.0,(direct),desktop,United States
3215774541013275282,1,1,289.6,19,562.0,google,mobile,United States
3219091521774688787,1,1,3343.0,39,653.0,(direct),desktop,United States
3219847669927373606,1,1,376.8,40,1537.0,google,desktop,United States
3221924345288041502,1,1,138.0,24,415.0,sites.google.com,desktop,United States
3222681460709008330,1,1,708.1,16,2047.0,google,desktop,United States
3228241194785096593,1,1,653.8,18,868.0,(direct),desktop,United States
3230704866307301165,1,1,639.9,14,406.0,(direct),desktop,United States
3233846931580119453,1,1,339.6,30,1800.0,yahoo,desktop,United States
3234804517559841754,1,1,425.9,12,206.0,(direct),desktop,United States
3237848165870949181,1,1,1113.1,46,1459.0,(direct),desktop,United States
3238100225878296551,1,1,191.9,27,1382.0,(direct),desktop,United States
3239121026206302364,1,1,297.8,26,780.0,(direct),desktop,United States
3243512505311500350,1,1,869.8000000000001,28,2620.0,(direct),tablet,United States
3245361038398109550,1,1,249.9,21,1296.0,google,mobile,United States
3246079438339709804,1,1,153.8,16,461.0,(direct),desktop,United States
3247160344848434520,1,1,339.7,32,1172.0,google,tablet,United States
3252876737088011394,1,1,1189.8,35,1895.0,google,desktop,United States
3257459878780605999,1,1,868.4000000000001,21,576.0,google,tablet,United States
3259618435947707207,1,1,209.7,21,892.0,(direct),desktop,United States
3264354418157735832,2,2,1250.0,20,580.0,groups.google.com,desktop,United States
3273268557987890623,1,2,1183.0,25,412.0,(direct),desktop,United States
3276164298112463079,1,1,233.9,18,457.0,google,desktop,United States
3276827132145527043,1,1,341.70000000000005,31,1622.0,(direct),desktop,United States
3283030329692495258,1,1,369.8,27,986.0,(direct),mobile,United States
3287424336851494398,5,6,4538.3,75,516.6,google,desktop,Canada
3293157709434919719,1,1,639.7,42,802.0,google,desktop,United States
3295470093238310609,1,1,478.7,21,731.0,google,mobile,United States
3296760629290615445,1,1,6125.5,13,749.0,(direct),desktop,United States
3297507461939386970,1,1,702.2,6,172.0,(direct),desktop,United States
3300270774997102814,1,1,681.9,18,393.0,google,desktop,United States
3301001176863952275,1,1,299.7,24,1213.0,(direct),desktop,United States
3302292601270378852,1,1,377.8,14,331.0,(direct),desktop,United States
3303034042373276972,1,1,607.6,28,327.0,(direct),desktop,United States
3303063218833425180,1,1,579.9,19,1108.0,google,mobile,United States
3305197397327371088,1,1,345.90000000000003,19,942.0,(direct),desktop,United States
3305485862461522985,2,2,16281.600000000002,132,2957.0,(direct),desktop,United States
3307727541454538037,1,1,209.9,15,402.0,(direct),desktop,United States
3308953517897542519,1,1,152.0,23,518.0,(direct),desktop,United States
3310309019453934499,1,1,3030.0,22,568.0,(direct),desktop,United States
3312961883012111762,1,1,385.9,15,369.0,groups.google.com,desktop,United States
3315850109243126332,1,1,1768.8,59,2126.0,(direct),desktop,United States
3322420343273401546,1,1,790.9000000000001,35,1251.0,(direct),desktop,United States
3322842320727852756,1,1,409.8,22,1458.0,google,mobile,Colombia
3329734681034119907,1,1,769.3000000000001,72,1299.0,google,desktop,United States
3329885141648806984,2,2,14153.3,99,1986.5,(direct),desktop,United States
3331520402601088577,1,1,495.2000000000001,27,785.0,(direct),desktop,United States
3332096924398880004,1,1,309.9,25,1024.0,(direct),tablet,United States
3344805889934243542,1,1,289.5,25,1456.0,google,desktop,Germany
3346100016851964940,1,1,351.1,43,869.0,(direct),desktop,United States
3346631104336405882,2,2,729.7,24,618.5,google,mobile,United States
3346636018535038432,1,1,1259.0,21,497.0,(direct),desktop,United States
3347706947631375795,1,1,1000.8,26,863.0,(direct),desktop,United States
3351204506101423400,1,1,281.4,15,177.0,(direct),desktop,United States
3358419113788146391,1,1,649.8000000000001,25,540.0,(direct),desktop,Mexico
3369201896722684732,1,1,249.9,18,569.0,(direct),desktop,United States
3370010142093281141,1,1,521.8,23,1509.0,(direct),desktop,United States
3374717573841647831,1,1,326.70000000000005,43,2314.0,yahoo,desktop,United States
3378090868516348221,1,1,619.9,11,193.0,(direct),desktop,United States
3381137962857755397,1,1,247.8,11,278.0,(direct),desktop,United States
3386971566313724300,1,1,289.9,26,1045.0,(direct),desktop,United States
3386971884403473366,1,1,409.7,37,2928.0,google,mobile,United States
3388045706371865122,1,1,1293.3000000000002,36,1362.0,google,desktop,United States
3389857819205176144,1,1,685.4000000000001,29,3735.0,(direct),desktop,United States
3394557957149163238,1,1,438.5,40,970.0,google,desktop,United States
3397475696574281386,1,1,114.8,42,857.0,(direct),desktop,United States
3397610502524811924,1,1,659.5999999999999,16,618.0,google,desktop,United States
3399131852074077546,1,1,269.9,16,454.0,google,tablet,United States
3400412339480337298,1,1,859.9,32,633.0,(direct),desktop,United States
3402015087347475217,1,1,171.9,11,278.0,(direct),desktop,United States
3404435547562826616,1,1,339.79999999999995,16,1197.0,youtube.com,desktop,United States
3404526408923397238,2,2,3821.7,30,618.0,(direct),desktop,United States
3405098531081951348,1,1,345.90000000000003,12,279.0,(direct),desktop,United States
3407395331246980159,1,1,752.9000000000001,11,373.0,google,desktop,United States
3411159917841039387,1,1,189.9,15,1319.0,(direct),desktop,United States
3412601168298155096,1,1,134.8,16,740.0,(direct),desktop,United States
3424108581759376667,1,1,659.9,11,174.0,(direct),desktop,United States
3424918216070852195,2,2,736.6,65,2481.5,(direct),desktop,United States
3429044344493987799,1,1,653.6,17,656.0,google,desktop,United States
3430259988193283726,1,1,189.9,10,374.0,(direct),desktop,United States
3431303311329572107,1,1,1926.0,19,934.0,(direct),desktop,United States
3431617398530846078,1,1,393.5,14,302.0,(direct),desktop,United States
3439925516647058668,1,1,1271.4,14,582.0,(direct),desktop,United States
3440377768269728737,1,1,109.8,14,442.0,(direct),desktop,United States
3440941357653473285,1,1,1099.5,36,623.0,(direct),desktop,United States
3443895597772752883,1,1,2260.2000000000003,49,1739.0,(direct),desktop,United States
3448395334687442693,1,1,259.9,20,824.0,google,desktop,United States
3448427623331794940,1,1,229.9,37,1188.0,google,desktop,United States
3449924104971285851,1,1,1459.5,10,260.0,(direct),desktop,United States
3452334912084453714,1,2,463.8,23,737.0,(direct),desktop,United States
3452520076908363504,1,1,562.7,25,864.0,google,desktop,United States
3454415788904146693,1,1,324.90000000000003,25,1253.0,google,desktop,China
3456917496701100082,1,1,145.9,14,436.0,(direct),desktop,United States
3459203598537329972,1,1,419.6,47,1162.0,google,mobile,United States
3468133474156348644,1,1,915.3,29,1903.0,(direct),desktop,United States
3471594580435227032,1,1,207.8,13,222.0,(direct),desktop,United States
3473394703672890486,1,1,189.9,16,1141.0,(direct),desktop,United States
3474268755825175033,1,1,365.9,18,533.0,(direct),desktop,United States
3474523697794005642,1,1,1631.0,64,1871.0,(direct),desktop,United States
3487356770056641150,1,1,263.29999999999995,31,3049.0,(direct),desktop,United States
3488988288066583080,1,1,355.90000000000003,18,658.0,(direct),desktop,United States
3490620713275982342,1,1,302.6,21,753.0,(direct),desktop,United States
3490941383536951175,1,1,291.0,21,3106.0,(direct),desktop,Japan
3499571954427096935,2,2,6990.0,56,1022.5,(direct),desktop,United States
3499601290584440755,2,3,5386.3,83,1388.5,(direct),desktop,United States
3500249170758628509,1,1,1327.6,30,793.0,(direct),desktop,United States
3504024407215071221,1,1,289.5,13,221.0,(direct),desktop,Ireland
3506253985459951484,1,1,429.9,11,2072.0,mail.google.com,desktop,United States
3508377990231719822,1,1,1438.5,26,863.0,google,desktop,United States
3508419666243874603,1,1,3083.5,18,570.0,(direct),desktop,United States
3513351372508524008,1,1,289.6,13,295.0,(direct),desktop,United States
3515453378186105003,1,1,299.9,12,450.0,google,desktop,United States
3519741939483828661,2,2,781.8,26,535.5,(direct),desktop,United States
3520716110085025698,1,1,960.9,44,1780.0,(direct),desktop,United States
3520723582970220131,1,1,351.8,17,447.0,(direct),desktop,United States
3523546723004050529,1,1,3385.0,26,494.0,(direct),desktop,United States
3524313174087826052,1,1,259.9,18,1154.0,(direct),desktop,United States
3524455307595402736,1,1,575.0,34,1479.0,(direct),desktop,United States
3525421750426916634,1,1,564.2,19,408.0,(direct),desktop,United States
3526518783380311774,1,1,3106.7000000000003,30,1538.0,(direct),desktop,United States
3527366305683922189,1,1,889.9,15,870.0,(direct),desktop,United States
3529021574881130911,1,1,803.8,29,873.0,(direct),desktop,United States
3532463620992915742,1,1,695.6,27,463.0,(direct),desktop,United States
3533141636411834269,1,1,459.7,11,450.0,(direct),tablet,United States
3533773123669464150,1,1,1137.2,13,613.0,(direct),desktop,United States
3534570005343502837,2,2,549.5000000000001,68,996.0,(direct),desktop,United States
3536546316695969025,1,1,1260.1,43,2620.0,(direct),desktop,United States
3538189268879245816,1,1,534.0,44,2122.0,(direct),desktop,United States
3538836902011066544,1,1,214.7,26,1206.0,(direct),desktop,United States
3539013620174818735,1,1,254.8,33,1119.0,(direct),mobile,United States
3541562648791714656,1,1,209.9,13,250.0,(direct),desktop,United States
3541771014027462140,1,1,345.90000000000003,24,697.0,mail.google.com,desktop,United States
3545109447122075336,1,1,619.9,14,1594.0,google,desktop,United States
3545737526614462587,1,1,109.8,21,1315.0,google,mobile,United States
3547340212179287814,1,1,109.9,13,1748.0,google,desktop,United States
3548098454979179257,1,1,579.9,20,806.0,google,mobile,United States
3550517741801560701,1,1,99.9,12,288.0,google,mobile,United States
3551040750443861038,1,1,374.9,18,812.0,(direct),desktop,United States
3551066677390608620,1,1,849.9,19,969.0,(direct),desktop,United States
3552628610490649880,1,1,409.8,14,346.0,google,desktop,United States
3554960621245001989,1,1,821.8000000000001,18,450.0,(direct),desktop,United States
3558104655978527434,1,1,270.2,19,714.0,(direct),desktop,United States
3560820276518060023,1,1,119.8,28,1237.0,(direct),mobile,United States
3563510904717248245,1,1,144.9,20,1659.0,google,tablet,United States
3567990823007256215,1,1,872.6,16,912.0,google,desktop,United States
3568066398889653649,1,1,229.9,12,252.0,(direct),desktop,United States
3568334692659354873,1,1,7233.0,20,707.0,(direct),desktop,United States
3570610366124089261,1,1,259.8,20,909.0,google,desktop,United States
3573113591289892546,1,1,89.9,20,351.0,(direct),desktop,United States
3574986658908976754,1,1,205.9,17,364.0,(direct),desktop,United States
3575773830913742237,1,1,406.8,38,1283.0,google,desktop,United States
3584235737298895551,1,1,247.9,18,782.0,(direct),desktop,United States
3590767994555565324,1,1,477.9,24,444.0,(direct),desktop,United States
3592785671281234637,1,1,2090.0,12,308.0,google,desktop,United States
3593099441368037638,1,1,1537.9,51,854.0,dfa,desktop,United States
3594748537350114699,1,1,1720.8000000000002,26,496.0,(direct),desktop,United States
3598720718130713222,1,1,399.9,11,484.0,google,desktop,United States
3602581120186705822,1,1,552.4,31,1216.0,google,desktop,United States
3607433621534632946,1,1,1525.0,29,2681.0,(direct),desktop,Mexico
3610250758524453544,1,1,224.9,28,1159.0,(direct),mobile,United States
3614504595188750460,1,1,739.4,40,764.0,(direct),desktop,United States
3614707430894059857,1,1,834.8000000000001,20,1133.0,(direct),desktop,United States
3616107560595202774,1,1,1877.2,14,659.0,(direct),desktop,United States
3623082378035847520,1,1,1759.8,14,161.0,google,desktop,United States
3628984853054173022,1,1,779.7,29,1670.0,(direct),desktop,United States
3632156005952506969,1,1,259.9,13,498.0,l.facebook.com,desktop,United States
3635499460732949691,1,1,1509.1999999999998,26,772.0,google,desktop,United States
3635819362671246004,1,1,89.80000000000001,34,713.0,sites.google.com,desktop,United States
3636762408690332457,1,1,269.8,23,930.0,google,mobile,United States
3637274724338240822,1,1,355.90000000000003,18,685.0,groups.google.com,desktop,United States
3637738484583635278,1,1,889.7,28,478.0,google,desktop,United States
3641847080616677863,1,1,345.79999999999995,40,1851.0,google,desktop,United States
3642532800884850314,1,1,169.60000000000002,16,314.0,(direct),desktop,United States
3654857757910532216,1,1,989.7,13,692.0,(direct),desktop,United States
3657728344837138607,1,1,659.9,18,570.0,(direct),desktop,United States
3658091589289896549,2,2,4107.5,26,384.0,(direct),desktop,United States
3658549305813344156,1,1,336.2,12,335.0,(direct),desktop,United States
3660362924082650418,1,1,308.2,23,790.0,(direct),desktop,United States
3662177742807173577,1,1,12913.6,38,2453.0,(direct),desktop,United States
3663326827740515016,1,1,355.90000000000003,9,226.0,groups.google.com,desktop,United States
3667207016049360497,1,1,194.9,54,1322.0,google,mobile,United States
3671059772883764833,1,1,331.8,31,2962.0,(direct),desktop,United States
3671103606125826887,1,1,691.8000000000001,33,742.0,(direct),desktop,United States
3674071642665354067,1,1,717.6999999999999,17,391.0,sites.google.com,desktop,United States
3680244960768233462,2,3,2702.3,44,1112.0,(direct),desktop,United States
3680806121011427493,1,1,2242.0,28,621.0,(direct),desktop,United States
3685754350536487265,1,1,12578.5,16,3248.0,(direct),desktop,United States
3689455923152943810,1,1,1045.4,30,640.0,(direct),desktop,United States
3693780642505402534,1,1,4934.0,14,515.0,(direct),desktop,United States
3694234028523165868,1,1,211.9,13,1831.0,dfa,desktop,United States
3697825790083716939,2,2,17447.8,43,423.0,(direct),desktop,United States
3700513565264541491,1,1,429.9,13,471.0,(direct),desktop,United States
3700543276431412713,1,1,230.7,20,518.0,google,desktop,United States
3700684409504471842,1,1,459.7,29,777.0,(direct),desktop,United States
3700714855829972615,2,2,3043.8,48,510.0,(direct),desktop,United States
3701126995342341310,1,1,553.8000000000001,32,492.0,(direct),desktop,United States
3701255466939392710,1,1,1019.4,44,1964.0,(direct),desktop,United States
3702504149982325265,1,1,681.9,12,349.0,google,desktop,United States
3704081881488905199,1,2,23366.5,55,1168.0,(direct),desktop,Japan
3704411087594288284,1,1,291.8,20,409.0,(direct),desktop,United States
3706266616666362685,1,1,429.8,2,,(direct),desktop,United Kingdom
3708624609955414339,2,2,4160.0,35,1291.5,(direct),desktop,United States
3709746839130866401,1,1,467.9,16,590.0,(direct),desktop,United States
3712492351053577643,1,1,731.8000000000001,13,833.0,(direct),desktop,United States
3714026769749334069,1,1,539.7,31,1045.0,(direct),desktop,Taiwan
3716357495252024311,1,1,318.6,11,502.0,(direct),desktop,United States
3716528607664189498,1,1,2059.5,27,584.0,mg.mail.yahoo.com,desktop,United States
3718967472555843952,1,1,349.79999999999995,14,250.0,(direct),mobile,United States
3721991920160346170,1,1,334.5,33,1251.0,(direct),desktop,United States
3722870758995966573,1,1,289.9,21,1039.0,google,mobile,United States
3723930083196057545,1,1,357.8,14,614.0,(direct),desktop,United States
3724344539154169107,1,1,903.6,17,521.0,(direct),desktop,United States
3724383329494779540,1,1,79.7,7,284.0,(direct),desktop,United States
3725072130314093392,1,1,395.9,17,436.0,(direct),desktop,United States
3725836239165941255,1,1,791.8000000000001,40,2402.0,(direct),desktop,United States
3726347330948313659,1,1,4992.5,49,3456.0,(direct),desktop,United States
3729387598281240074,1,1,714.8000000000001,15,399.0,(direct),desktop,United States
3730067279535822906,1,1,399.1,12,213.0,google,desktop,United States
3733830588871650226,1,1,395.9,9,285.0,(direct),desktop,United States
3736964846520654455,1,1,668.4000000000001,51,1875.0,(direct),desktop,United States
3741029495705540856,2,2,1192.1999999999998,17,334.5,(direct),desktop,United States
3741407379008310018,1,1,709.5999999999999,16,1408.0,(direct),desktop,United States
3742332932978201442,1,1,5556.0,35,4917.0,(direct),desktop,United States
3742368203315546493,1,1,14688.0,25,929.0,(direct),desktop,United States
3743916662879082495,1,1,302.6,26,295.0,(direct),desktop,United States
3746316960999614032,1,1,3997.0,41,1174.0,(direct),desktop,United States
3747190338602183092,1,1,1477.5,15,651.0,(direct),desktop,United States
3747999856310382299,1,1,711.7,34,749.0,(direct),desktop,United States
3750480978272704589,1,1,179.89999999999998,14,279.0,(direct),desktop,United States
3753158727494093380,2,2,5472.8,39,1222.0,(direct),desktop,United States
3755781472166364485,1,1,371.5,27,2277.0,(direct),desktop,United States
3756873695566365595,1,1,689.5999999999999,26,620.0,google,desktop,United States
3760583534389307379,1,1,889.2,37,1252.0,(direct),mobile,United States
3763415452749528212,1,1,1241.5,35,632.0,google,desktop,United States
3764170977560568314,1,1,361.8,14,956.0,(direct),desktop,United States
3764574444957652648,1,1,455.9,12,232.0,(direct),desktop,United States
3765491629047320813,1,1,239.9,46,2672.0,(direct),desktop,United States
3768290334696236505,1,1,297.0,14,686.0,(direct),desktop,United States
3769216008640439142,2,2,464.6,47,514.5,(direct),desktop,United States
3769632740374536577,1,1,42740.0,22,748.0,(direct),desktop,United States
3774481916858545483,1,1,229.9,15,1445.0,(direct),desktop,United States
3774530641509474688,1,1,553.6,49,755.0,(direct),desktop,United States
3774621747521479544,1,2,534.4,42,1359.0,(direct),desktop,United States
3775099871992574448,1,1,156.3,17,393.0,(direct),desktop,United States
3775157044065915076,1,1,1434.1999999999998,16,603.0,(direct),desktop,United States
3776258872363783792,1,1,2049.7,14,237.0,google,desktop,United States
3783357047189991250,2,3,427.70000000000005,37,458.0,google,desktop,United States
3783478137758293911,1,1,261.90000000000003,16,542.0,(direct),desktop,United States
3784608915391176306,1,1,648.6,25,307.0,(direct),desktop,United States
3788842143428920129,1,1,359.90000000000003,16,640.0,(direct),desktop,United States
3792450547843431391,1,1,1132.8,26,1854.0,google,desktop,United States
3792462774806211311,1,1,549.0,11,195.0,(direct),desktop,United States
3794911148673374791,1,1,1768.0,17,538.0,(direct),desktop,United States
3795540402118336665,1,1,239.9,15,400.0,(direct),desktop,United States
3798576854040953242,1,1,1879.7,16,368.0,(direct),desktop,United States
3800542336363535033,1,1,532.7,28,1013.0,google,mobile,United States
3803395757897344589,1,1,480.3,19,658.0,(direct),desktop,United States
3807039818708780751,1,1,2180.6,51,1767.0,(direct),desktop,United States
3807311238107119540,1,1,449.8,17,550.0,google,desktop,United States
3811054203560571366,1,1,645.3,57,2308.0,(direct),desktop,United States
3813195472927677467,1,1,209.7,21,758.0,(direct),desktop,United States
3813481911022270064,1,1,189.9,15,410.0,google,desktop,United States
3818907842286090895,1,1,99.7,35,928.0,(direct),desktop,United States
3819398190341694887,1,1,233.8,16,720.0,(direct),desktop,United States
3820812913003047304,1,1,624.7,29,1231.0,google,desktop,United States
3822207688294082684,1,1,259.5,21,840.0,google,mobile,United States
3823935251343260021,1,1,539.7,33,1506.0,google,desktop,United States
3826933837621771483,1,1,3520.0,22,1262.0,(direct),desktop,United States
3829457209830058915,1,1,329.90000000000003,23,453.0,(direct),desktop,United States
3830048774168985373,1,1,724.2,21,413.0,(direct),desktop,United States
3830485242574967009,1,1,329.90000000000003,35,1119.0,google,desktop,United States
3831723766212483216,1,1,659.9,13,256.0,(direct),desktop,United States
3832651307820804631,1,1,167.89999999999998,25,1439.0,(direct),desktop,United States
3835134197841326255,1,1,12217.5,42,673.0,(direct),desktop,United States
3835534637736706073,1,2,785.6999999999999,31,663.0,(direct),desktop,United States
3836209289653625827,1,1,141.9,11,276.0,(direct),desktop,United States
3839596841653772572,1,1,231.9,16,906.0,(direct),desktop,United States
3840247020317877106,1,1,926.9,19,639.0,(direct),desktop,United States
3841458002774357152,3,3,3624.8,32,462.3333333333333,(direct),desktop,United States
3843258333728825777,1,1,889.9,11,264.0,(direct),desktop,United States
3843366261321201068,1,1,3335.1,44,971.0,google,desktop,United States
3844370939009340218,1,1,645.9000000000001,10,384.0,(direct),desktop,United States
3844963796434073356,1,1,8437.0,49,719.0,(direct),desktop,United States
3845084664510267721,1,1,10741.4,34,743.0,(direct),desktop,United States
3845852396426162446,1,1,369.9,18,659.0,google,desktop,United States
3847010446682215352,1,1,6856.599999999999,20,398.0,(direct),desktop,United States
3847360722701670676,1,1,381.8,22,335.0,(direct),desktop,United States
3850630971135697760,2,2,1853.3000000000002,21,640.5,(direct),desktop,United States
3852898494139903793,1,1,133.1,7,212.0,(direct),desktop,United States
3854579461029873656,1,1,542.7,36,1326.0,google,desktop,United States
3855473804472998317,1,1,1343.7,118,4389.0,(direct),desktop,United States
3857043812510146001,6,6,5687.1,108,532.8333333333334,(direct),desktop,United States
3858877675940046816,1,1,99.9,25,965.0,(direct),mobile,United States
3859230004341473722,1,1,505.8,10,381.0,(direct),desktop,United States
3862093055992617004,2,2,1097.7,52,849.0,(direct),desktop,United States
3864611430766835993,1,1,501.0,14,414.0,(direct),desktop,United States
3865564441178018664,1,1,442.6,45,1688.0,(direct),desktop,United States
3868452252180916812,1,1,275.7,21,554.0,(direct),desktop,United States
3869136383961219931,1,1,39.900000000000006,25,777.0,(direct),desktop,United States
3869361949850252878,1,1,363.8,18,536.0,(direct),desktop,United States
3871891696772635172,1,1,653.6,12,179.0,(direct),desktop,United States
3874062777339116474,1,1,279.8,21,842.0,facebook.com,desktop,United States
3876864671784763078,1,1,269.9,13,333.0,(direct),desktop,United States
3877662166463811188,1,1,707.5,14,293.0,(direct),desktop,United States
3878333273795764979,1,1,279.8,15,935.0,(direct),desktop,United States
3881794980702767092,1,1,393.8,10,830.0,(direct),desktop,United States
3882155860208938967,2,3,7971.700000000001,58,582.5,(direct),desktop,United States
3883919079717671978,1,1,965.8,26,2401.0,dfa,desktop,United States
3886339117571727204,1,1,409.8,5,204.0,(direct),mobile,United States
3888042706246168759,1,2,916.2,26,466.0,(direct),desktop,United States
3890449304271518800,1,1,4856.0,18,1185.0,(direct),desktop,United States
3891255667600812168,1,1,756.9,43,1552.0,google,desktop,United States
3891707253957252733,2,2,476.0,37,1071.0,(direct),desktop,United States
3894103929344760120,1,1,7607.4,31,1205.0,google,desktop,United States
3898563466459211162,1,1,180.0,27,850.0,google,mobile,United States
3902953304108615708,1,1,249.9,15,461.0,(direct),desktop,United States
3905085469709197947,1,1,313.8,23,1431.0,(direct),desktop,United States
3905349665021270549,1,1,2507.1,58,1483.0,(direct),desktop,United States
3909763381289527043,1,1,247.8,24,385.0,(direct),desktop,United States
3912300160509220549,1,1,212.0,11,387.0,(direct),desktop,United States
3916248033880457849,1,1,253.9,25,1246.0,(direct),desktop,United States
3916484417528358536,1,1,759.7,41,2124.0,groups.google.com,desktop,United States
3916992730920009646,1,1,4257.3,65,1672.0,google,desktop,United States
3918073616784112922,1,1,259.9,19,322.0,(direct),desktop,United States
3921649958751416379,4,4,22512.300000000003,200,1458.5,google,desktop,United States
3927815032450931689,1,1,297.9,27,1133.0,(direct),desktop,United States
3931961473816782577,1,1,433.8,21,605.0,(direct),desktop,United States
3933973870505149047,1,1,309.8,15,406.0,google,desktop,United States
3939381864309559028,1,1,1077.8,15,238.0,google,desktop,United States
3939473019641912529,1,1,299.9,17,1755.0,(direct),desktop,United States
3939899383128026273,1,1,315.0,15,599.0,(direct),desktop,United States
3939966046509655464,1,1,10372.1,52,1170.0,(direct),desktop,United States
3940793418850616637,1,1,483.5,27,1166.0,(direct),desktop,United States
3941152611510143066,1,1,2019.9,29,2508.0,(direct),desktop,United States
3945002194355797350,1,1,758.4000000000001,43,1037.0,(direct),desktop,United States
3945894443419413506,1,1,239.7,23,401.0,(direct),desktop,United States
3948753572772915413,1,1,641.7,22,757.0,google,desktop,United States
3948936105865802619,1,1,12721.9,47,3385.0,(direct),desktop,United States
3949362954057733036,1,1,187.7,24,963.0,(direct),desktop,United States
3954784642722657723,1,1,193.9,39,1320.0,(direct),desktop,United States
3955127543379144640,2,2,6788.5,34,1112.5,(direct),desktop,United States
3959206428704010201,1,1,239.9,19,813.0,(direct),desktop,United States
3964580077088132526,1,1,198.0,18,701.0,(direct),desktop,United States
3968161907727043413,1,1,869.9,24,367.0,google,desktop,United States
3968337484870623826,1,1,299.8,35,1316.0,(direct),desktop,United States
3968491800779817451,1,1,259.9,19,1360.0,google,desktop,United States
3968957980752374922,1,1,477.7000000000001,18,396.0,(direct),desktop,United States
3970595310898448417,2,2,841.8000000000001,27,342.0,(direct),desktop,United States
3971437232101672363,1,1,179.89999999999998,37,1177.0,google,desktop,United States
3972031438204538458,1,1,473.5,27,416.0,(direct),desktop,United States
3972481072101395162,1,1,508.0,33,1015.0,(direct),desktop,United States
3972533149099656083,1,1,237.8,20,654.0,(direct),desktop,United States
3973742615068285577,1,1,1069.9,26,629.0,dealspotr.com,tablet,United States
3976271665375481044,1,1,505.8,20,1009.0,(direct),desktop,United States
3978036795131267549,1,1,191.8,19,2025.0,google,mobile,United States
3978330627656387084,1,1,729.9,10,992.0,(direct),desktop,United States
3979304025284587747,1,1,221.9,29,781.0,(direct),desktop,United States
3980601042365877663,1,1,1416.5,37,940.0,(direct),desktop,United States
3981643507118895427,2,2,5811.5,48,1468.0,(direct),desktop,United States
3981877997953574579,1,1,1577.0,50,1283.0,(direct),desktop,United States
3993902620417433296,1,1,325.7,15,344.0,(direct),desktop,United States
3996687359433676152,1,1,149.9,10,222.0,(direct),desktop,United States
4000482243627957608,1,1,367.8,23,634.0,google,desktop,United States
4003369181946392612,1,1,835.6999999999999,34,651.0,(direct),desktop,United States
4008726419400228329,1,1,610.7,14,768.0,(direct),desktop,United States
4009285433489388850,1,1,589.9,13,734.0,(direct),desktop,United States
4013470531611520402,1,1,225.7,24,1940.0,(direct),desktop,United States
4013965518417405272,1,1,299.6,50,2505.0,google,mobile,United States
4019468962441063327,1,1,409.8,13,596.0,(direct),desktop,Greece
4019489288484601437,1,1,319.9,19,259.0,google,desktop,United States
4019823049713520813,1,1,1756.1,48,2065.0,(direct),desktop,United States
4021545903221768345,1,1,169.60000000000002,14,225.0,google,desktop,United States
4022089387600233552,1,1,1749.5,14,544.0,(direct),desktop,United States
4022281232635226320,1,1,761.9,13,1142.0,(direct),desktop,United States
4024901454245358856,1,1,425.9,16,339.0,(direct),desktop,United States
4026449406503874324,1,1,181.0,31,2662.0,google,desktop,United States
4030851960983791121,1,1,9996.8,24,834.0,(direct),desktop,United States
4031210768119686086,1,1,1339.6,39,3101.0,(direct),desktop,Singapore
4031786889496632722,1,1,279.8,30,902.0,google,desktop,United States
4031993507382416569,1,1,761.8000000000001,10,175.0,(direct),desktop,United States
4032905532111677207,1,1,329.20000000000005,27,1619.0,google,desktop,United States
4032905923118841687,1,1,1455.1,36,668.0,google,desktop,United States
4033167138991049828,1,1,199.9,10,282.0,(direct),mobile,United States
4034510370290015321,1,1,347.8,20,968.0,(direct),desktop,United States
4037519945413635287,1,1,365.9,16,794.0,(direct),desktop,United States
4038361093830077975,1,1,3757.4,38,1247.0,(direct),desktop,United States
4042880551685271731,2,2,514.1,32,291.5,(direct),desktop,United States
4045831322438555082,1,1,374.8,26,779.0,google,desktop,United States
4049931840976625289,1,1,415.9,13,340.0,(direct),desktop,United States
4051356306352109887,1,1,299.9,15,243.0,google,desktop,United States
4052263114492038188,1,1,339.79999999999995,23,1135.0,(direct),desktop,United States
4053729275950379466,2,2,6206.299999999999,45,1027.0,(direct),desktop,United States
4056272724436098353,1,1,479.9,12,251.0,(direct),desktop,United States
4058506374393507952,2,2,1599.8,23,175.0,(direct),desktop,United States
4062630166370650304,1,1,169.89999999999998,15,357.0,(direct),desktop,United States
4064008221273566105,2,4,967.4999999999999,43,757.5,(direct),desktop,United States
4064135835973062555,1,1,469.9,33,1439.0,(direct),desktop,United States
4066299647455540337,1,1,133.9,16,222.0,(direct),desktop,United States
4066745075489690318,1,1,914.5,21,1295.0,(direct),desktop,United States
4068234234266916182,2,2,1126.3,27,1136.5,google,desktop,Argentina
4068416534578096540,1,1,3925.4,27,1291.0,(direct),desktop,United States
4068647851581953751,1,1,1081.7,21,314.0,sites.google.com,desktop,United States
4068723733086898628,1,1,224.7,24,832.0,google,desktop,United States
4068767292282197614,1,1,309.1,38,1157.0,google,desktop,United States
4069497283751295817,1,1,551.1999999999999,20,662.0,(direct),desktop,United States
4070877498378566349,1,1,7243.0,28,900.0,(direct),desktop,United States
4071242449941776840,1,1,119.9,17,754.0,google,desktop,United States
4071592194862232855,1,1,399.8,19,527.0,google,tablet,United States
4072923826675534025,1,1,667.6,22,756.0,(direct),desktop,United States
4073209630928256180,1,1,832.6999999999999,17,1054.0,google,desktop,Canada
4074582003417698725,1,1,1746.8000000000002,19,992.0,(direct),desktop,United States
4075624190371781954,1,1,279.9,19,4114.0,google,mobile,United States
4076862635585033778,1,1,9152.0,17,1710.0,(direct),desktop,United States
4079444337617679182,1,1,206.9,12,211.0,(direct),desktop,United States
4080205023999534215,1,1,428.0,16,601.0,google,desktop,United States
4080275155760695849,1,1,694.5999999999999,14,480.0,google,tablet,United States
4081895043014351508,1,1,189.8,26,869.0,google,desktop,United States
4090254339243061472,1,1,169.89999999999998,12,203.0,(direct),desktop,United States
4096318129790050754,1,1,537.9,19,603.0,(direct),desktop,United States
4097726222333390216,1,1,539.8,29,976.0,google,desktop,United States
4097823333127434031,1,1,767.5,28,1613.0,google,desktop,United States
4099954209864807255,1,1,385.8,16,631.0,(direct),desktop,United States
4100254762425335988,2,2,912.7,48,658.5,(direct),desktop,United States
4102118060900872415,1,1,459.7,23,714.0,(direct),desktop,United States
4105754576329014219,1,1,1029.6,29,1625.0,(direct),desktop,United States
4116206238605404224,2,2,3769.8999999999996,58,1125.5,(direct),desktop,United States
4116720743881459837,4,4,20887.0,89,2124.5,(direct),desktop,United States
4118472468366626985,1,1,343.9,17,637.0,google,desktop,United States
4118874374266805808,1,1,309.8,22,884.0,(direct),desktop,United States
4119448635627172848,1,1,649.8000000000001,13,356.0,(direct),desktop,United States
4119784958324215138,1,1,1770.0,10,414.0,(direct),desktop,United States
4120018273259568255,1,1,1163.9,21,1283.0,google,desktop,United States
4123860234327657457,1,1,949.9,16,500.0,(direct),desktop,United States
4123909121225276066,1,1,2604.6,215,8407.0,google,desktop,Colombia
4125169582093788540,1,1,179.89999999999998,30,2783.0,google,mobile,United States
4127513140005445280,1,1,145.9,28,1033.0,(direct),desktop,United States
4128917041709885631,1,1,252.8,41,2678.0,google,mobile,United States
4129136216098489024,1,1,1215.6999999999998,39,1137.0,(direct),desktop,United States
4132432278764632576,1,2,30136.4,114,3730.0,(direct),desktop,Canada
4134498426819570935,1,1,439.6,60,3245.0,google,desktop,United States
4136075982495833616,1,1,658.8,41,3148.0,google,desktop,United States
4136548162519732667,2,2,3613.9,58,889.0,(direct),desktop,United States
4137166370863238915,1,1,649.5999999999999,21,1418.0,google,desktop,United States
4137617404832390200,1,1,732.6999999999999,33,2546.0,google,desktop,United States
4138727297471841879,1,1,385.9,17,447.0,(direct),desktop,United States
4139848480858316330,1,1,219.9,17,463.0,google,desktop,United States
4140153693332318188,1,1,788.6,24,547.0,(direct),desktop,United States
4140173886122763982,1,1,1387.5,22,728.0,(direct),desktop,United States
4140559214164857738,4,4,6326.5,118,1166.0,(direct),desktop,United States
4141333459906653821,1,1,1408.0,30,1073.0,(direct),desktop,United States
4143932736586919766,2,2,591.9,48,794.5,google,desktop,United States
4144443737941406047,1,1,175.9,11,398.0,(direct),desktop,United States
4146222468180363567,1,2,7756.3,39,1305.0,(direct),desktop,United States
4148567392230462153,1,1,119.7,33,1970.0,(direct),desktop,Canada
4153704017648170071,1,1,209.6,14,1723.0,google,mobile,United States
4154041461958944095,1,1,8590.0,18,768.0,(direct),desktop,United States
4154862368078054055,1,1,1109.2,37,986.0,(direct),tablet,United States
4155916412734700060,1,1,1604.1,18,3609.0,google,mobile,United States
4162641733520995374,1,1,517.9,13,588.0,(direct),desktop,United States
4163346623871537279,1,1,109.9,10,319.0,(direct),mobile,United States
4163967138563839128,2,2,225.8,24,976.0,(direct),desktop,United States
4166421942719145577,1,1,1209.6,28,832.0,(direct),desktop,United States
4167113770312733608,1,1,1289.0,13,344.0,(direct),desktop,United States
4167885024965256381,1,1,259.9,18,451.0,(direct),desktop,United States
4174008402411981050,1,1,599.9,14,521.0,(direct),mobile,Germany
4175693739550513271,1,1,640.6999999999999,26,1356.0,google,desktop,United States
4175712148435281354,1,1,989.6,29,1005.0,google,desktop,United States
4177916265915368824,1,1,485.9,14,280.0,(direct),desktop,United States
4178920875112145091,1,1,789.0,28,1974.0,google,desktop,United States
4178948793864037103,1,4,14437.9,79,3600.0,(direct),desktop,United States
4180788491858098466,1,1,6111.5,30,301.0,google,desktop,United States
4181284744732666111,1,1,511.8,18,418.0,(direct),desktop,United States
4182504636922812318,2,2,945.8,24,246.0,(direct),desktop,United States
4185017938606532693,1,1,209.0,9,345.0,(direct),desktop,United States
4191379935308714195,1,1,279.6,37,1021.0,(direct),desktop,United States
4191549815940169115,2,3,3831.3,52,807.0,(direct),desktop,United States
4194358025108259323,1,1,279.9,16,470.0,google,desktop,United States
4199946232412788468,1,1,699.5999999999999,15,962.0,google,desktop,United States
4202270774620698558,1,1,409.8,13,920.0,google,mobile,United States
4205053914875923563,1,1,349.79999999999995,9,172.0,(direct),desktop,United States
4207162663301325788,1,1,764.5999999999999,53,3861.0,(direct),desktop,United States
4209987793973351274,1,1,162.89999999999998,10,261.0,mail.google.com,desktop,United States
4210823265857640487,1,1,254.9,29,4155.0,google,mobile,United States
4211738365685147723,1,1,161.9,25,319.0,(direct),desktop,United States
4214529531728043633,1,1,249.9,12,1159.0,(direct),mobile,United States
4218367025544931420,1,1,6185.0,23,3694.0,(direct),desktop,United States
4218616966389581358,1,1,53.9,12,1946.0,(direct),desktop,United States
4222446458749632858,1,1,809.5999999999999,36,2680.0,(direct),desktop,United States
4223742424126889400,1,1,919.5,41,2186.0,(direct),desktop,United States
4230960861530232531,1,1,353.5,13,429.0,(direct),desktop,United States
4232198752490006877,1,1,409.8,16,195.0,(direct),desktop,United States
4237702059099095460,2,2,539.8,43,679.5,(direct),desktop,United States
4241593452068990292,1,1,259.9,28,2558.0,google,mobile,Canada
4241769030360346425,1,1,983.5,47,1553.0,(direct),desktop,United States
4242693912596237127,1,1,552.4,41,1510.0,calendar.google.com,desktop,United States
4242949576061124500,1,1,1736.8000000000002,29,829.0,(direct),desktop,United States
4243394768010380901,1,1,1510.5,35,1599.0,(direct),desktop,United States
4250048071729464842,2,2,841.8,26,409.5,groups.google.com,desktop,United States
4251370728658058928,1,1,231.9,18,309.0,(direct),desktop,United States
4258400920909579017,1,1,365.9,12,315.0,(direct),desktop,United States
4260129132154097031,1,1,975.8,29,2130.0,(direct),desktop,United States
4260968995177655855,3,5,20394.0,53,825.0,(direct),desktop,United States
4262513756531099314,1,1,79.80000000000001,20,417.0,(direct),desktop,United States
4263101733222626989,1,1,445.7,30,891.0,(direct),desktop,United States
4267667384999270973,2,2,1411.7,32,516.5,(direct),desktop,United States
4271792018121577582,4,4,4448.6,127,1251.5,(direct),desktop,United States
4274511861314211339,1,1,360.0,6,113.0,(direct),desktop,United States
4284278279892078822,1,1,429.9,13,326.0,google,desktop,United States
4284747478619287722,2,3,2273.5,58,1175.0,(direct),mobile,United States
4288066588835111365,1,1,569.9,20,1135.0,(direct),desktop,United States
4290831302541966980,1,1,329.90000000000003,11,319.0,(direct),desktop,United States
4291359009156094257,1,1,527.9,26,1797.0,google,desktop,United States
4293807246358895318,1,1,467.7000000000001,21,482.0,(direct),desktop,United States
4296109044601139440,1,1,599.9,12,183.0,(direct),desktop,United States
4299030824455740972,2,2,251.89999999999998,22,274.5,(direct),desktop,United States
4301598633370091052,1,1,598.9,34,1059.0,(direct),desktop,United States
4301995352469947007,1,1,439.7,104,2141.0,google,desktop,United States
4305270415377533885,1,1,817.6,26,1486.0,(direct),desktop,United States
4305389123856047722,2,2,811.8,26,272.5,(direct),desktop,United States
4307411610497308919,1,1,949.9,14,192.0,(direct),desktop,United States
4309014252649761894,1,1,239.9,15,1749.0,(direct),desktop,United States
4310266508515206393,1,1,7744.0,25,511.0,(direct),desktop,United States
4314785522549943313,1,1,1057.7,13,901.0,(direct),desktop,Greece
4314863785819790681,1,1,3999.5,41,1286.0,(direct),desktop,United States
4319698081839959433,1,1,1221.6,19,816.0,(direct),desktop,United States
4324036367604282346,1,1,211.9,22,1305.0,google,desktop,United States
4325998729164340055,1,1,249.9,25,466.0,(direct),desktop,United States
4327496999674034617,1,1,533.8000000000001,23,844.0,google,desktop,United States
4329333920504195521,1,1,1991.7,57,1827.0,(direct),desktop,Brazil
4329684992044034266,1,1,159.9,20,934.0,google,desktop,United States
4332637852472133654,1,1,905.8,20,410.0,(direct),desktop,United States
4332781117641254031,1,1,704.9,8,153.0,google,desktop,United States
4339064982507273483,1,1,209.9,32,1794.0,google,desktop,United States
4339455188225542344,1,1,345.90000000000003,9,382.0,(direct),desktop,United States
4339698568683618436,1,1,119.6,18,319.0,(direct),desktop,United States
4343338159400542614,1,1,436.8,11,216.0,(direct),mobile,United States
4348116835097503330,1,1,407.4,27,1620.0,(direct),desktop,United States
4350312433518754361,1,1,333.8,14,331.0,(direct),desktop,United States
4352760646905266733,2,3,7381.4,54,703.0,(direct),desktop,United States
4353270075467470044,1,1,517.9,11,140.0,(direct),desktop,United States
4357414011161520512,1,1,139.9,10,348.0,(direct),mobile,United States
4357979221262116405,1,1,209.9,24,551.0,(direct),desktop,United States
4358918846442674981,5,5,2020.9,116,747.2,(direct),desktop,United States
4359929883683645809,3,3,3130.7999999999997,99,1195.0,(direct),desktop,Canada
4365071413867867273,1,1,469.9,11,130.0,groups.google.com,desktop,United States
4365809776716151144,1,1,1060.0,13,275.0,dfa,desktop,United States
4370296679036736835,1,1,472.8,26,1348.0,(direct),desktop,United States
4371319639324019730,1,1,121.9,18,548.0,(direct),desktop,United States
4371806327295062454,1,1,277.0,17,448.0,(direct),desktop,United States
4374634500110118515,1,1,443.7,7,384.0,(direct),desktop,Puerto Rico
4375149336105085675,1,1,259.9,27,661.0,(direct),desktop,United States
4376369621294658596,1,1,6401.599999999999,13,791.0,google,desktop,United States
4376572204985925602,2,2,269.8,57,767.5,google,mobile,United States
4377378313866337368,1,1,479.6,41,1129.0,google,mobile,United States
4380984667405798973,1,1,4129.8,26,1060.0,(direct),desktop,United States
4381707062146143113,2,2,428.6,53,1063.0,(direct),desktop,United States
4381924550753289334,1,1,356.8,21,509.0,google,desktop,United States
4382526488958111784,1,1,374.1,41,759.0,google,desktop,Colombia
4386291735542740499,1,1,4877.0,15,843.0,(direct),desktop,United States
4387148615014504940,1,1,9062.7,58,2857.0,(direct),desktop,United States
4388070466320474204,1,1,2832.7,21,1617.0,(direct),desktop,United States
4388449500360008950,1,1,599.5,22,365.0,(direct),desktop,United States
4389061038717475365,1,1,214.9,45,878.0,(direct),desktop,United States
4391159742781809610,1,1,569.9,14,221.0,(direct),desktop,Singapore
4391647281645962679,1,2,2857.6,30,902.0,(direct),desktop,United States
4394657957253741368,1,1,509.5,26,1091.0,(direct),desktop,United States
4395471984561333181,1,1,179.7,14,635.0,(direct),mobile,United States
4398994773380602997,1,1,229.9,18,1197.0,(direct),mobile,United States
4402860754109907978,1,1,125.0,16,416.0,(direct),desktop,United States
4408662176448539530,1,1,2419.0,10,377.0,(direct),desktop,United States
4410953563194536742,1,1,187.0,17,543.0,(direct),desktop,United States
4412900685343047350,1,1,1529.7,11,287.0,(direct),desktop,United States
4415138848494007759,1,1,911.6,36,1098.0,(direct),desktop,United States
4417423808310929192,1,1,579.9,27,612.0,(direct),desktop,United States
4417750678655446023,1,1,8656.5,20,403.0,(direct),desktop,United States
4417987816137194149,1,1,29.9,14,559.0,(direct),desktop,United States
4419213333970429526,1,1,265.9,14,235.0,(direct),desktop,United States
4422531930916613183,1,1,415.9,16,325.0,(direct),desktop,United States
4424722344312683203,1,1,395.9,12,813.0,(direct),desktop,United States
4426059530155526122,1,1,393.8,14,495.0,(direct),desktop,United States
4427381882720196561,1,1,199.9,17,333.0,google,desktop,United States
4427647251308274607,1,1,195.9,36,882.0,(direct),desktop,United States
4430452910179443591,1,1,361.8,14,2009.0,(direct),desktop,Taiwan
4431313163178462684,1,1,509.7,21,548.0,(direct),desktop,United States
4431613847072004484,1,1,1198.4,129,3409.0,google,desktop,Canada
4432170800264031771,4,4,16224.2,80,506.25,google,desktop,United States
4434546824564001977,1,1,339.7,14,1369.0,(direct),desktop,United States
4441729183468485984,1,1,329.79999999999995,35,2837.0,(direct),desktop,United States
4443963979157579061,1,1,165.5,29,1417.0,(direct),desktop,United States
4448909175588119772,1,1,510.7,21,2149.0,(direct),desktop,Israel
4449823229608218315,1,1,163.79999999999998,11,182.0,(direct),desktop,United States
4456701336321472765,1,1,1120.0,26,1719.0,(direct),desktop,United States
4458329221243726234,1,1,503.8,13,255.0,(direct),desktop,United States
4462404968773429244,1,1,821.9,28,5445.0,(direct),desktop,United States
4462569127423521108,1,1,681.7,17,573.0,(direct),desktop,United States
4463337271590211636,1,1,345.90000000000003,13,264.0,mail.google.com,desktop,United States
4464961438459587947,1,1,478.1,40,879.0,(direct),desktop,United States
4471415710206918415,3,3,104651.0,57,852.3333333333334,sites.google.com,desktop,United States
4474128110841843619,1,1,1229.6,18,195.0,(direct),desktop,United States
4475085991365888558,1,1,711.4,43,976.0,(direct),desktop,United States
4482624745886118154,1,1,1090.5,44,1287.0,(direct),desktop,United States
4488478628973665084,2,2,549.8,24,345.5,(direct),desktop,United States
4489469345873839091,1,1,701.8000000000001,20,622.0,(direct),desktop,United States
4490616705875483786,1,1,619.9,21,416.0,dfa,desktop,United States
4490879733075581588,1,1,129.8,27,632.0,(direct),mobile,United States
4495063769575332986,1,1,819.9,26,763.0,(direct),desktop,United States
4495098615981928560,1,1,1023.4,30,2537.0,(direct),desktop,United States
4497523886443399219,1,2,474.2000000000001,37,1870.0,(direct),desktop,United States
4500813416619590526,1,1,869.5999999999999,21,1560.0,(direct),desktop,United States
4501448098783068461,2,2,1065.0,58,1757.5,(direct),desktop,United States
4504720902999431932,1,1,279.9,11,417.0,google,desktop,United States
4509141952596688546,1,1,59.900000000000006,21,405.0,google,desktop,United States
4511547826484000719,1,1,1507.0,21,577.0,google,desktop,Brazil
4512152398665199247,1,1,2580.9,56,1898.0,(direct),desktop,United Arab Emirates
4512969350538932302,1,1,162.89999999999998,18,385.0,google,desktop,United States
4515197722749947898,1,1,307.8,30,980.0,(direct),desktop,United States
4518084412353571470,3,3,2083.9,77,1214.3333333333333,(direct),desktop,United States
4518093133301401749,1,1,219.8,49,5853.0,google,desktop,United States
4525326450497146494,1,1,269.8,40,905.0,(direct),desktop,United States
4525601131116258606,1,1,371.8,25,1577.0,(direct),desktop,United States
4527278298555506420,1,1,1859.8,27,705.0,(direct),desktop,United States
4527632410179600927,1,1,5073.0,27,514.0,google,desktop,United States
4529245720390475345,1,1,185.9,13,306.0,(direct),desktop,United States
4530153590058587596,1,1,419.8,28,491.0,google,desktop,South Korea
4531006492297832379,1,1,345.90000000000003,13,394.0,(direct),desktop,United States
4531247843823782323,2,2,11609.2,120,3018.0,google,desktop,United States
4531918958295106898,1,1,197.8,16,604.0,google,desktop,United States
4533050097351388791,1,1,569.7,25,502.0,dfa,desktop,United States
4535878237328113213,1,1,129.70000000000002,21,1071.0,(direct),mobile,United States
4536077373458123773,1,1,499.9,13,232.0,(direct),desktop,United States
4539597857733998702,1,1,859.4,31,998.0,(direct),desktop,United States
4540509568993725359,1,1,969.8,28,1286.0,(direct),desktop,United States
4544075373074742738,1,1,5936.799999999999,47,1704.0,(direct),desktop,United States
4545152794461452964,1,1,2328.4,14,318.0,(direct),desktop,United States
4546709106289949880,1,1,310.0,20,547.0,(direct),desktop,United States
4548268602116445081,1,1,1258.0,16,708.0,google,desktop,United States
4548986347672972514,1,1,2578.5,46,2095.0,(direct),desktop,United States
4552275222012095884,1,1,1139.9,31,905.0,(direct),desktop,United States
4556039598367991486,2,2,1761.6999999999998,54,2318.0,(direct),desktop,United States
4558105233287956143,1,1,418.2,32,867.0,(direct),desktop,United States
4559937413688663213,1,1,291.8,26,927.0,(direct),desktop,United States
4560048854801219223,1,1,645.9000000000001,20,1240.0,(direct),desktop,United States
4560598885300753163,1,1,345.90000000000003,21,410.0,groups.google.com,desktop,United States
4561220792335536422,1,1,1746.6,25,1501.0,(direct),desktop,United States
4561223317257088622,2,3,1770.5,39,392.5,(direct),desktop,United States
4567822975372156618,1,1,2268.8,25,1305.0,(direct),desktop,United States
4569545618749569491,1,1,1491.6,24,2312.0,(direct),desktop,United States
4570976451995896965,1,1,291.8,16,655.0,(direct),desktop,United States
4571278149582877432,1,1,259.9,17,1898.0,youtube.com,desktop,United States
4572473880059546924,1,1,4214.0,48,1686.0,(direct),desktop,United States
4573492063530196162,1,1,1884.8,26,1091.0,(direct),desktop,United States
4574431826625163321,1,1,299.9,19,865.0,Partners,desktop,United States
4575673525064621239,1,1,376.8,20,353.0,(direct),desktop,United States
4576899251593207371,1,2,5060.0,21,475.0,(direct),desktop,United States
4577377706293036618,1,1,199.9,14,1967.0,(direct),desktop,Israel
4580502273723821061,1,1,581.5,31,1343.0,(direct),desktop,United States
4584926842212769645,1,1,469.8,22,498.0,(direct),mobile,United States
4587210925935196615,1,1,322.0,22,678.0,google,mobile,United States
4588796231145389827,1,1,119.9,13,219.0,google,mobile,United States
4589600625729389981,1,1,2269.5,11,365.0,(direct),desktop,United States
4589770341349031986,1,1,459.8,15,505.0,(direct),desktop,United States
4590648138044772597,1,1,365.9,17,973.0,(direct),desktop,United States
4593703173847947843,1,1,1339.8,25,466.0,google,desktop,United States
4598717407161618263,1,1,156.3,12,534.0,(direct),desktop,United States
4599293151185767579,1,1,999.6,26,668.0,(direct),desktop,United States
4600436186837518358,1,1,319.8,63,2456.0,(direct),desktop,United States
4600960627022225242,1,1,29.9,24,1188.0,google,desktop,United States
4602142208346429038,1,1,1473.4,37,1013.0,google,desktop,United States
4602383891226401804,3,3,10222.4,102,1150.0,google,desktop,United States
4604965471651937146,1,1,42897.0,38,1168.0,(direct),desktop,United States
4605732283887224691,1,1,313.7,34,1378.0,(direct),desktop,United States
4609567165020263168,1,1,1832.8,28,619.0,(direct),desktop,United States
4611888827983385850,1,1,199.9,16,470.0,(direct),desktop,United States
4613028274025406966,1,1,669.9,9,904.0,(direct),desktop,United States
4613547766859466698,1,1,114.9,19,1907.0,(direct),desktop,United States
4615467220494146394,1,1,161.9,26,966.0,(direct),desktop,United States
4618841741549642814,1,1,327.8,18,1208.0,(direct),desktop,United States
4619500155076123195,1,1,373.9,17,372.0,(direct),desktop,United States
4623397335807191742,1,1,149.9,35,1273.0,google,mobile,United States
4624790961997446284,2,2,844.9,58,1101.0,google,desktop,United States
4625952167494304032,1,1,415.9,18,424.0,groups.google.com,desktop,United States
4626256438410154733,1,1,196.3,17,393.0,(direct),desktop,United States
4633246963360830872,1,1,1019.5,37,1854.0,(direct),desktop,Colombia
4633520197382116286,1,1,689.7,22,402.0,google,desktop,United Kingdom
4633732335432230842,1,1,337.8,18,330.0,google,desktop,United States
4636131731638181227,1,1,201.9,14,664.0,(direct),desktop,United States
4640309372934566564,1,1,537.8,60,2453.0,(direct),desktop,United States
4644372853613585003,1,1,259.9,10,1040.0,google,desktop,Canada
4644922004575301985,1,1,3598.0,29,1473.0,google,desktop,United States
4647505914839180188,1,1,363.9,29,1087.0,(direct),desktop,United States
4647847058075406841,1,1,491.8,38,878.0,(direct),desktop,United States
4649260019813877434,1,1,251.9,10,260.0,(direct),desktop,United States
4649753996022733454,1,1,570.7,14,395.0,(direct),desktop,United States
4653450181499930693,1,1,129.9,16,238.0,google,desktop,United States
4655118610930382512,1,1,669.9,13,481.0,(direct),desktop,United States
4655715907193364487,1,1,8074.400000000001,41,2179.0,(direct),desktop,United States
4656013451214852982,1,1,803.0,39,843.0,(direct),desktop,United States
4656286722064696063,1,1,145.7,25,486.0,(direct),desktop,United States
4659137506040378751,1,1,194.8,36,657.0,(direct),tablet,United States
4660460246407615039,1,1,2108.5,37,1488.0,(direct),desktop,United States
4661056240589055665,1,1,375.9,11,241.0,groups.google.com,desktop,United States
4661880463561390701,1,1,274.0,10,208.0,(direct),desktop,United States
4662582475416192396,1,1,5638.0,11,310.0,(direct),desktop,United States
4664043776873529741,1,1,395.9,11,243.0,(direct),desktop,United States
4664319107970739921,1,1,219.9,11,1429.0,(direct),desktop,United States
4664485260834992023,1,1,3846.7,26,704.0,(direct),desktop,United States
4666942141268151409,1,2,823.5,83,2044.0,(direct),desktop,United States
4669628548646471061,1,1,681.8000000000001,10,560.0,groups.google.com,desktop,United States
4670469315542047941,1,1,1767.0,21,3687.0,(direct),desktop,United States
4670562610066629948,1,1,212.9,8,177.0,google,mobile,United States
4671049020900082348,3,3,8055.8,88,2406.3333333333335,(direct),desktop,United States
4674060299220423324,1,1,695.9000000000001,10,150.0,(direct),desktop,United States
4677742971872821654,1,1,8027.0,110,4649.0,(direct),desktop,United States
4680625557979147601,1,1,165.9,10,220.0,(direct),desktop,United States
4683498388367209057,1,1,319.9,21,1286.0,google,mobile,United States
4688218153840595469,1,1,379.9,29,2669.0,google,desktop,United States
4688701882146101937,2,2,8427.2,27,548.5,(direct),desktop,United States
4692146566453742608,1,1,835.9000000000001,23,526.0,(direct),desktop,United States
4693422077502534585,1,1,412.7000000000001,26,1476.0,(direct),desktop,United States
4693483789252266944,1,1,1986.5,4,174.0,yahoo,desktop,United States
4697582732814209554,1,1,133.9,24,562.0,(direct),desktop,United States
4697640642260158273,1,1,356.2,13,734.0,(direct),desktop,United States
4697761145388027132,1,1,219.9,11,448.0,(direct),desktop,United States
4697815412887719552,1,1,83.80000000000001,15,291.0,(direct),desktop,United States
4698134628151668241,2,3,3638.4,108,1166.0,(direct),desktop,United States
4702129911000860052,1,1,989.4,34,1629.0,google,mobile,United States
4702607995709465702,1,1,449.3,46,987.0,(direct),desktop,United States
4704759198904427269,2,2,6315.3,31,637.0,(direct),desktop,United States
4706268205340305980,1,1,1538.5,13,310.0,(direct),desktop,United States
4708133624098231997,1,1,2479.2,39,2675.0,(direct),desktop,United States
4712475837504946789,1,1,619.4,19,927.0,(direct),desktop,United States
4717136695286769796,1,1,259.8,30,2563.0,(direct),desktop,United States
4719737087574073999,1,1,317.8,17,618.0,(direct),desktop,United States
4724343029185512316,1,1,429.8,14,328.0,google,desktop,United States
4726492604344692871,1,1,648.8,26,896.0,google,desktop,United States
4726621620185814943,1,1,279.8,12,526.0,google,desktop,United States
4727798162657055121,1,1,221.9,17,2376.0,(direct),desktop,United States
4734664452187566278,3,3,1353.5,92,1798.6666666666667,(direct),desktop,United States
4735021838862063499,1,1,166.0,15,1823.0,(direct),desktop,United States
4736351096057315786,1,1,1029.9,25,1908.0,google,desktop,United States
4736934688918195489,1,1,1103.8,76,2381.0,(direct),tablet,United States
4737716055104076300,1,1,214.0,25,426.0,(direct),desktop,United States
4738075153873011166,1,1,537.9,47,1559.0,(direct),desktop,United States
4740059017723921254,1,1,705.6,19,780.0,google,desktop,United States
4744180009883384959,1,1,691.8000000000001,16,307.0,(direct),desktop,United States
4744957427444301476,1,1,219.9,16,681.0,google,mobile,United States
4747307744317979027,1,1,2440.9,30,1747.0,dfa,desktop,United States
4748015823262497744,1,1,289.8,23,1558.0,google,desktop,United States
4749249531312034536,1,1,375.9,51,5024.0,(direct),desktop,United States
4749611555735686064,1,1,169.89999999999998,39,1263.0,youtube.com,desktop,United States
4750855305420445022,1,2,283.7,32,2499.0,(direct),desktop,United States
4757786080947166229,1,1,347.9,17,498.0,(direct),mobile,United States
4758004505760363513,1,1,199.9,25,1126.0,(direct),desktop,United States
4758916657085060917,1,1,1967.0,11,262.0,(direct),desktop,United States
4759811378386551901,1,1,159.9,17,683.0,(direct),desktop,United States
4759981878863963838,1,1,30271.0,78,2870.0,(direct),desktop,United States
4760104915716550241,1,1,219.9,21,1464.0,(direct),desktop,United States
4760897960136355250,1,1,2484.5,14,325.0,(direct),desktop,United States
4765001446497893727,1,1,977.0,18,316.0,(direct),desktop,United States
4771113671766892657,1,1,2875.0,23,965.0,(direct),desktop,United States
4773573244753299893,1,1,291.6,28,1300.0,(direct),desktop,United States
4774637035965571033,2,2,679.7,38,270.0,(direct),desktop,United States
4776430236860680101,1,1,3782.5,65,2724.0,(direct),desktop,South Korea
4785023226103851500,1,2,591.7,25,536.0,(direct),desktop,United States
4786162895403148605,2,2,628.9,44,971.5,(direct),desktop,United States
4787370740481074044,1,1,195.9,13,303.0,google,desktop,United States
4788403189075258589,1,1,665.5,45,1162.0,(direct),desktop,United States
4788683874386053804,1,1,219.9,28,2354.0,(direct),desktop,United States
4792411607866172207,4,6,3076.8,86,1196.0,google,desktop,United States
4792644128765195526,1,1,375.9,28,500.0,(direct),desktop,United States
4792822839185962320,1,1,159.9,20,475.0,google.com,desktop,United States
4792870216119315911,1,1,1931.8,21,891.0,(direct),desktop,United States
4793028201432208577,1,1,1767.5,22,775.0,(direct),desktop,United States
4793388674495960680,1,1,241.0,34,503.0,google,desktop,United States
4795790370118359645,1,1,463.8,22,2145.0,google,desktop,United States
4796156942815623953,1,1,739.8000000000001,23,731.0,(direct),desktop,United States
4799654034151044930,1,1,711.8000000000001,16,1648.0,groups.google.com,desktop,United States
4806107214651821896,1,1,377.7000000000001,42,2556.0,(direct),desktop,United States
4807930160918189094,1,1,409.8,35,1757.0,google,desktop,United States
4808974885561715322,1,1,912.0,14,653.0,(direct),desktop,United States
4812300528361483779,1,1,4959.3,14,245.0,(direct),desktop,United States
4812856323349906835,1,1,1359.1999999999998,16,460.0,(direct),desktop,United States
4814060651494814938,1,1,623.6,18,629.0,(direct),desktop,United States
4815044464336566076,1,1,498.5,12,250.0,(direct),desktop,United States
4815752337215431060,1,1,1732.3,33,2462.0,(direct),desktop,United States
4821028877021679125,1,1,489.8,42,1817.0,(direct),desktop,United States
4822026859805345733,1,1,1050.0,10,242.0,(direct),desktop,United States
4822424580888281003,1,1,679.7,13,524.0,dealspotr.com,desktop,United States
4822692999413007561,1,1,299.8,38,2184.0,(direct),desktop,Russia
4827442520440231767,1,1,1089.0,19,704.0,(direct),desktop,United States
4830211069912792009,1,1,185.9,52,2211.0,(direct),desktop,United States
4833274425620636331,1,1,439.8,23,968.0,google,desktop,United States
4833825011669343831,1,1,449.9,16,1015.0,(direct),desktop,Canada
4835082938415020542,4,4,17959.8,228,2054.75,google,desktop,United States
4842938114795919150,1,1,241.5,25,538.0,(direct),desktop,United States
4843123344254574539,1,1,319.8,13,227.0,(direct),desktop,United States
4845279744517849233,1,1,431.9,21,380.0,google,desktop,United States
4846202545890415172,1,1,189.9,16,369.0,(direct),desktop,United States
4846439934286422830,1,1,359.6,18,841.0,(direct),desktop,United States
4855673784399652593,1,1,499.7,31,2312.0,google,desktop,United States
4855915470226632443,1,1,585.6,22,816.0,google,desktop,United States
4856298179013995726,1,1,303.8,50,1800.0,(direct),desktop,United States
4858273376881706416,1,1,517.9,11,1149.0,(direct),desktop,United States
4859141843536295311,2,2,2055.0,50,965.5,(direct),desktop,United States
4859844656224235412,1,1,859.8000000000001,17,385.0,google,mobile,United States
4860407976965173412,1,1,755.5,47,1539.0,google,desktop,United States
4863941202505455588,5,5,24581.5,147,903.4,(direct),desktop,United States
4864955477576534285,1,1,609.8,18,537.0,(direct),desktop,United States
4869304818683909994,2,2,389.0,27,964.0,(direct),desktop,United States
4871052832001999477,1,1,345.90000000000003,19,411.0,(direct),desktop,United States
4871061239735971842,1,1,3541.4,18,950.0,(direct),desktop,United States
4871826258834761103,1,1,1364.6,7,530.0,(direct),desktop,United States
4871978976437661341,1,1,239.9,21,490.0,google,mobile,United States
4876602137205445870,1,1,1105.6,73,1421.0,google,desktop,United States
4878479233087678463,1,1,377.8,16,286.0,(direct),desktop,United States
4879562471912018386,1,1,1379.3000000000002,73,3611.0,google,desktop,United States
4882055783656603340,1,1,449.8,27,777.0,dfa,mobile,Canada
4883249725302903151,1,1,805.6,34,1076.0,(direct),desktop,United States
4888401942405274345,1,1,749.7,17,439.0,dfa,desktop,United States
4891681931687610582,1,1,185.9,20,1020.0,(direct),desktop,United States
4892436611585993575,1,1,179.89999999999998,11,291.0,(direct),desktop,United States
4894913572164934731,1,1,405.9,15,296.0,(direct),desktop,United States
4895430552956512702,1,1,407.9,33,1122.0,google,desktop,Poland
4895568208529244728,1,1,219.9,15,230.0,(direct),desktop,United States
4896852909072476432,1,1,69.9,14,932.0,google,mobile,United States
4899803417936737547,1,1,609.7,13,282.0,(direct),desktop,United States
4901167500019826035,1,1,1667.6,52,833.0,sites.google.com,desktop,United States
4902563928132780662,1,1,512.4,23,1478.0,(direct),desktop,United States
4903884643114924879,1,1,340.4,33,1685.0,google,mobile,United States
4905791994421501030,1,1,942.6,29,1682.0,(direct),desktop,United States
4910197397595636813,1,1,144.9,39,1196.0,google,desktop,United States
4914075329436815761,1,1,261.8,37,809.0,(direct),desktop,United States
4919130510250676831,1,1,2427.0,45,1517.0,(direct),desktop,United States
4920953157538129017,1,1,119.9,20,1335.0,google,mobile,United States
4921164705403021310,1,1,1319.3000000000002,29,599.0,google,mobile,United States
4921413806940784676,5,11,10997.2,144,1298.8,google,desktop,United States
4921798700570421930,1,1,263.6,20,541.0,google,desktop,United States
4921988083628435819,1,1,635.9000000000001,17,554.0,(direct),desktop,United States
4924351208637717738,1,1,345.90000000000003,12,291.0,groups.google.com,desktop,United States
4928238772423642345,1,1,3689.3,46,1494.0,google,desktop,Canada
4928384463163013533,1,1,570.7,40,1253.0,(direct),desktop,United States
4928792811032177502,1,1,791.5999999999999,29,757.0,(direct),desktop,United States
4931579223616729739,1,1,588.5,55,2160.0,(direct),desktop,United States
4935775747231307478,1,1,765.6999999999999,15,540.0,(direct),desktop,United States
4937590539132421841,1,1,229.5,23,992.0,(direct),desktop,United States
4938796308846198678,1,1,146.8,12,687.0,(direct),desktop,United States
4940725920339673450,1,1,359.90000000000003,46,1205.0,(direct),desktop,United States
4942841314277512023,1,1,229.9,10,280.0,(direct),desktop,United States
4943440601213672676,1,1,171.8,29,745.0,(direct),desktop,United States
4943672858297748788,1,1,239.8,13,349.0,(direct),desktop,United States
4948939246441761416,1,1,329.79999999999995,18,468.0,(direct),desktop,United States
4950411203281265700,3,3,22552.5,85,1536.6666666666667,(direct),mobile,United States
4952396078130707023,1,1,79.9,25,956.0,google,desktop,United States
4954104372629148493,1,1,239.9,11,146.0,(direct),desktop,United States
4955635156977445979,1,1,213.9,13,453.0,google,desktop,United States
4957622252319100547,1,1,2428.5,22,728.0,Partners,desktop,United States
4957726121513589856,1,1,707.0,23,834.0,(direct),desktop,United States
4958103240836842867,1,1,89.9,26,1010.0,google,desktop,United States
4959410280892365122,3,3,7228.6,60,466.0,(direct),desktop,United States
4961305064447921198,1,1,225.7,22,391.0,(direct),desktop,United States
4964954048068074224,1,1,99.9,14,1714.0,(direct),desktop,United States
4966706943943178506,1,1,199.9,53,2658.0,(direct),desktop,Australia
4967676136502125585,1,1,819.9,21,825.0,(direct),desktop,United States
4968114239490264193,1,1,711.8000000000001,10,333.0,groups.google.com,desktop,United States
4970331206023875166,1,1,318.4,18,374.0,google,mobile,United States
4974690847354957751,1,1,5938.400000000001,22,846.0,(direct),desktop,United States
4978615078876520186,1,1,409.8,13,369.0,(direct),desktop,United States
4981679382824177253,1,1,938.9,43,1645.0,(direct),desktop,United States
4983264713224875783,1,21,15763.3,358,7435.0,(direct),desktop,Venezuela
4984366501121503466,8,8,62954.5,250,1314.125,(direct),desktop,United States
4985703629807810187,1,1,339.79999999999995,37,972.0,(direct),desktop,United States
4986158717302530099,1,1,975.8,17,263.0,dfa,desktop,United States
4988517937139937145,5,8,7097.3,219,1102.4,google,desktop,United States
4988612949713423910,1,1,369.8,23,1721.0,google,desktop,United States
4988683855814257726,1,1,507.9,13,349.0,(direct),desktop,United States
4989274933392395231,1,1,599.6,25,1440.0,google,mobile,United States
4993450863033496114,1,1,309.8,23,2293.0,(direct),mobile,United States
4993519711854402788,1,1,345.90000000000003,11,297.0,(direct),desktop,United States
4993852637585406336,1,1,331.8,21,3514.0,(direct),desktop,United States
4995584940873803432,2,2,1449.5,26,180.5,(direct),desktop,United States
4995606827430436569,1,1,205.8,17,331.0,(direct),desktop,United States
4995924842281653133,1,1,1289.7,24,360.0,(direct),desktop,United States
4997974283801871350,1,1,945.8,17,1003.0,(direct),desktop,United States
4998040848366401198,1,1,219.9,23,354.0,google,desktop,United States
5000038412644544234,1,1,601.8,22,797.0,(direct),desktop,United States
5001293816565919651,1,2,139.9,40,2416.0,dfa,mobile,United States
5001626019499127935,1,1,1249.8,21,1452.0,(direct),desktop,Canada
5003419571069818890,2,2,965.8,31,992.0,google,desktop,United States
5006795078292798707,1,1,162.89999999999998,22,845.0,google,desktop,Canada
5013441016621351326,2,2,2491.9,51,1024.0,(direct),desktop,United States
5016991063952873642,1,1,474.8,20,600.0,google,mobile,United States
5017076577058711324,1,1,3384.0,21,491.0,(direct),desktop,United States
5018379661055949961,2,2,580.5000000000001,43,1442.5,(direct),desktop,United States
5021888768610000663,1,1,376.7000000000001,18,300.0,(direct),desktop,United States
5028300438174569492,1,1,483.7,27,675.0,(direct),desktop,United States
5030772166419361448,1,1,244.8,49,1015.0,(direct),desktop,United States
5037208788065339806,1,1,223.4,32,1114.0,(direct),desktop,United States
5039309429901019811,1,1,630.0,10,230.0,(direct),desktop,United States
5039693679894183284,1,1,599.7,19,1435.0,(direct),desktop,United States
5039735999524157292,1,1,5067.5,11,512.0,(direct),desktop,United States
5040013333654434796,1,1,1528.8,32,638.0,(direct),desktop,United States
5041110715755196949,3,3,5766.1,159,3109.3333333333335,dfa,desktop,United States
5041710037464068064,1,1,219.9,37,1211.0,(direct),mobile,United States
5044031393629737352,1,1,518.9,31,625.0,(direct),desktop,United States
5045635710262870815,1,1,1569.0,51,1745.0,google,desktop,Ecuador
5047879966390554745,1,1,721.8000000000001,15,1678.0,(direct),desktop,United States
5050263480914174678,1,2,1649.8,22,538.0,(direct),desktop,United States
5054967838682156421,2,2,7184.5,77,1563.0,(direct),desktop,United States
5056841379210378275,1,1,209.6,10,408.0,bing,desktop,United States
5062455429781775081,1,1,149.8,40,1500.0,google,mobile,United States
5062597525991769187,1,1,199.9,40,1685.0,(direct),mobile,United States
5063074873295543663,1,1,225.8,16,352.0,(direct),desktop,United States
5066382323992610838,2,2,1189.8,36,375.5,(direct),desktop,United States
5073907165451584628,1,1,375.9,14,309.0,(direct),desktop,United States
5074309045799746366,1,1,1009.9,53,5296.0,(direct),desktop,United States
5077243893642022050,1,1,649.9,14,666.0,(direct),desktop,United States
5081913244411982383,1,1,766.2,23,460.0,(direct),desktop,United States
5082310728519609149,1,1,354.6,26,907.0,dfa,mobile,United States
5082563130101167793,1,1,17508.2,12,462.0,(direct),desktop,United States
5084365397599422550,1,1,619.8,28,1423.0,(direct),desktop,United States
5084937502712749611,1,1,359.79999999999995,25,1085.0,google,desktop,United States
5088165134523935332,2,2,9260.400000000001,30,413.0,(direct),desktop,United States
5095160033645238155,1,1,301.90000000000003,29,509.0,(direct),desktop,United States
5097087346105463693,2,2,2147.3,29,516.5,(direct),desktop,United States
5100429835111560658,1,1,149.9,19,625.0,google,desktop,United States
5101144510494587618,1,1,809.9,20,676.0,(direct),desktop,United States
5102519341834861025,1,1,1121.8000000000002,22,315.0,(direct),desktop,United States
5103352081821571927,1,1,441.7000000000001,23,348.0,(direct),desktop,United States
5106751521300969299,3,3,4074.9,82,639.0,(direct),desktop,United States
5107254786255889019,1,2,1735.5,36,1455.0,(direct),desktop,United States
5107268531954786591,1,1,449.9,15,809.0,(direct),desktop,United States
5107515069070553407,1,1,309.40000000000003,22,424.0,(direct),desktop,United States
5110128793223386663,1,1,139.8,12,1238.0,(direct),desktop,United States
5110323247811742778,1,1,1303.6,55,976.0,(direct),desktop,United States
5110726428801714241,1,1,159.9,13,324.0,(direct),mobile,United States
5111856483397220554,1,1,373.8,20,737.0,(direct),desktop,United States
5112369122544987822,4,5,16830.5,85,1877.0,google,desktop,United States
5112948888194419112,1,1,1593.5,47,895.0,(direct),desktop,United States
5115425218426457773,1,1,665.5,28,622.0,(direct),desktop,United States
5124287655575518739,1,1,567.8,21,544.0,(direct),desktop,United States
5125140299363465569,1,1,432.0,18,3560.0,(direct),desktop,United States
5125176279953727601,1,1,1447.0,16,1164.0,google,desktop,United States
5127153771428959505,1,1,1587.0,24,2858.0,google,desktop,United States
5130136663096173309,1,1,169.89999999999998,23,410.0,google,desktop,United States
5130874190869518139,1,1,1037.7,15,695.0,groups.google.com,desktop,United States
5130925613790258931,1,1,1770.3,37,1216.0,(direct),desktop,United States
5133756446972235146,1,1,299.8,15,576.0,google,desktop,United States
5135901390896357467,3,3,2041.6000000000001,70,786.0,(direct),desktop,United States
5136575351603788061,1,1,314.7,47,992.0,(direct),desktop,United States
5139927098906360724,1,1,1968.1,55,1784.0,(direct),desktop,United States
5145672113463736515,1,1,2085.8,36,1676.0,(direct),desktop,United States
5148203255288090886,1,1,199.7,15,601.0,(direct),desktop,Canada
5149388872089992993,1,1,481.8,23,1041.0,(direct),desktop,United States
5149788969578895545,1,1,1471.3,47,1305.0,(direct),desktop,United States
5153284426505687304,1,1,4257.0,38,615.0,(direct),desktop,United States
5155349483223850645,1,1,945.9,20,1347.0,(direct),desktop,United States
5155886278275887447,1,1,595.4,34,1799.0,(direct),desktop,United States
5158802402159118276,2,2,979.8,37,532.5,(direct),desktop,United States
5159223899895327618,1,1,229.9,28,797.0,google,desktop,United States
5165324285263498873,1,1,449.8,18,823.0,(direct),desktop,United States
5166912309670646785,1,1,500.8,21,912.0,(direct),desktop,United States
5169652935694684763,1,1,695.9000000000001,14,338.0,(direct),desktop,United States
5174058643764541753,1,1,159.9,21,1141.0,(direct),desktop,United States
5176344820502043789,1,1,359.79999999999995,8,159.0,google,desktop,United States
5179586107192059934,1,1,5652.5,14,1472.0,(direct),desktop,United States
5181406124249294849,1,1,359.79999999999995,20,552.0,(direct),desktop,United States
5185645869012304658,3,3,13520.0,74,827.6666666666666,(direct),desktop,United States
5185882727774791811,1,1,490.1,29,588.0,(direct),desktop,United States
5187692235197224679,1,1,678.0,14,519.0,(direct),desktop,United States
5189398404527635970,2,2,1111.7,27,678.0,(direct),desktop,United States
5191173852123388397,1,1,584.6,19,1601.0,google,desktop,United States
5192466598452489380,1,1,1139.7,39,890.0,(direct),mobile,United States
5196691607031491991,1,1,279.0,24,674.0,google,desktop,United States
5197010601731138144,1,1,1514.0,23,2562.0,(direct),desktop,United States
5199370466032130686,1,1,1014.8,24,593.0,google,mobile,United States
5200523013513210232,1,1,731.8000000000001,10,736.0,mail.google.com,desktop,United States
5201418842615044194,1,1,95.0,14,1324.0,google,mobile,United States
5201800617685913658,1,1,779.0,34,1250.0,google,desktop,Mexico
5205547777184804145,2,2,1221.1999999999998,50,520.5,(direct),desktop,United States
5206644155829437888,1,1,599.9,29,3449.0,(direct),desktop,United States
5213317945757949613,1,1,1348.1999999999998,9,246.0,(direct),desktop,United States
5215840735346366486,4,4,6035.7,69,572.5,google,desktop,United States
5216258683347805755,1,1,379.7,20,525.0,google,desktop,United States
5216366697860957799,1,1,311.8,12,487.0,(direct),desktop,Guatemala
5217030869773802032,1,1,1341.0,55,1171.0,(direct),desktop,United States
5224330515080725566,1,1,289.8,34,1135.0,(direct),desktop,United States
5224582846346969715,2,2,5856.9,56,599.5,(direct),desktop,United States
5230800631136876455,1,1,499.5,25,1418.0,(direct),mobile,United States
5232863160454746212,1,1,165.9,13,418.0,(direct),desktop,United States
5233608199918824641,1,1,342.8,20,387.0,google,desktop,United States
5235512449832105588,1,1,419.8,45,2395.0,google,desktop,United States
5236490570989867908,1,1,239.9,15,387.0,google,mobile,Georgia
5238919505234478700,1,1,515.4,25,968.0,(direct),desktop,United States
5239443997664471780,1,1,417.9,27,1004.0,(direct),desktop,United States
5248175492675011686,1,1,1103.0,33,809.0,(direct),desktop,United States
5248418277725722133,1,1,780.0,25,667.0,google,desktop,United States
5250499107867802403,1,1,1859.2,16,466.0,(direct),desktop,United States
5251862372013388986,1,1,145.9,20,346.0,(direct),desktop,United States
5253253329593885485,1,1,229.9,30,1442.0,google,mobile,United States
5253470416041507964,1,1,5438.0,17,800.0,(direct),desktop,United States
5256372508003021503,1,1,183.1,12,1041.0,(direct),desktop,United States
5258378690008715588,1,1,775.0,10,1798.0,(direct),desktop,United States
5260253601763943122,1,1,1446.4,38,1947.0,(direct),desktop,United States
5263059809967138936,4,5,6795.0,147,1175.75,(direct),desktop,United States
5264845021855252769,2,2,936.6,40,678.0,(direct),desktop,United States
5265060535305335127,1,1,1077.7,12,649.0,(direct),desktop,United States
5274155792937866169,1,2,901.4,37,717.0,(direct),desktop,United States
5274178488388033997,1,1,4860.0,33,2269.0,google,tablet,United States
5286140759452921849,1,1,676.9,34,1790.0,google,mobile,United States
5286653810282194817,1,1,1019.4,108,6711.0,google,desktop,United States
5287517205291863674,1,1,3502.5,18,470.0,(direct),desktop,Canada
5289228483445260579,1,1,249.9,18,725.0,(direct),desktop,United States
5292294760335216459,1,2,1487.3,45,1217.0,(direct),desktop,United States
5292816814095907387,1,1,433.7,37,663.0,google,desktop,United States
5293894557415373112,1,1,1364.8,16,799.0,google,desktop,United States
5296105795874914931,1,1,1224.7,26,1722.0,(direct),desktop,United States
5296297372596099151,1,1,707.6,31,1302.0,(direct),desktop,United States
5302571039827656728,1,1,871.9,14,290.0,(direct),desktop,United States
5303631326340222612,1,1,2234.3,63,1519.0,bing,desktop,United States
5305744522650786238,1,1,487.9,18,392.0,google,desktop,United States
5306602082415451052,1,1,2868.8,27,1038.0,(direct),desktop,United States
5306924012372478603,1,1,327.8,27,1945.0,google,desktop,United States
5309710556175093157,1,1,809.5999999999999,67,1767.0,(direct),desktop,United States
5310174210774227909,1,1,639.9,14,611.0,(direct),desktop,United States
5313430409302737602,1,1,1033.3,31,1386.0,(direct),desktop,United States
5314118005200949115,1,1,752.6999999999999,23,944.0,google,desktop,United States
5317791335633090472,1,1,85.0,12,516.0,google,desktop,United States
5322201987769163031,1,1,809.9,14,388.0,(direct),desktop,United States
5322397769480961983,1,1,1499.9,27,1090.0,google,desktop,United States
5323620141964404346,1,1,7454.8,22,528.0,google,desktop,United States
5324726013788395323,1,1,429.8,28,851.0,google,desktop,United States
5328385563084211127,1,1,507.9,22,392.0,(direct),desktop,United States
5336619974419440479,1,1,139.9,20,669.0,google,mobile,United States
5341165345511566974,1,1,3888.0,16,497.0,(direct),desktop,United States
5341224124331711899,1,1,1032.3,34,630.0,(direct),desktop,United States
5341271361784611942,5,5,29865.4,207,1170.4,(direct),desktop,United States
5341995419456035142,1,1,1619.6,15,431.0,dfa,mobile,United States
5342287440571105823,1,1,625.9000000000001,20,518.0,(direct),desktop,United States
5342879446684210628,1,1,859.9,22,258.0,(direct),desktop,United States
5343854079752182770,1,1,3319.2000000000003,35,1907.0,mail.google.com,desktop,United States
5346534846866519403,1,1,329.90000000000003,16,737.0,google,desktop,United States
5348778605970675529,1,1,289.8,12,248.0,(direct),desktop,United States
5349155616428631188,1,1,12684.0,47,1311.0,(direct),desktop,United States
5355878105237295955,1,1,179.89999999999998,17,1628.0,google,desktop,United States
5357337729352210856,1,1,243.8,26,1280.0,(direct),desktop,United States
5357834743142863382,1,1,219.9,15,1410.0,google,desktop,United States
5363423256210822275,1,1,219.9,18,877.0,google,mobile,United States
5365708442015077167,1,1,524.9,44,1102.0,google,desktop,United States
5367424131768491778,1,1,1199.4,14,2476.0,google,desktop,United States
5368975563333608262,1,1,279.7,27,1170.0,groups.google.com,desktop,United States
5369128368163820088,1,1,479.9,13,816.0,(direct),desktop,United States
5369550870093872521,1,1,739.7,34,1108.0,google,desktop,United States
5369585818624352954,1,1,1261.4,26,1287.0,(direct),desktop,United States
5371617068925994598,1,1,2385.3,23,1414.0,(direct),desktop,United States
5375879042397621838,1,1,361.9,13,1269.0,(direct),desktop,United States
5376789348329922764,1,1,239.9,21,513.0,(direct),desktop,United States
5377821611338556054,2,2,1605.2,44,1448.5,google,desktop,United States
5378279160532453494,1,1,629.9,21,814.0,google,desktop,United States
5379904968575020585,1,1,341.9,15,360.0,(direct),desktop,United States
5394117793906112034,1,1,197.9,27,1361.0,(direct),desktop,United States
5395170919790371071,1,1,702.5,23,609.0,google,desktop,United States
5397689762316048105,1,1,523.6999999999999,44,1982.0,(direct),mobile,United States
5397831032804503408,1,1,299.8,46,2317.0,google,tablet,United States
5402571042001627330,2,2,983.5999999999999,27,321.5,(direct),desktop,United States
5402622110310553851,1,1,115.7,18,828.0,(direct),desktop,United States
5406305545135860881,1,1,209.9,32,1223.0,google,desktop,United States
5408240703525920538,1,1,242.7,37,1633.0,google,mobile,United States
5411864857395220243,1,1,569.7,15,1075.0,(direct),desktop,United States
5412295266438507399,1,1,843.3,34,1157.0,google,desktop,United States
5414778440969335716,2,2,1829.6999999999998,78,914.0,(direct),desktop,United States
5415086779040891341,1,1,169.89999999999998,24,1494.0,google,tablet,United States
5418879524729998284,1,1,1611.6999999999998,35,907.0,(direct),desktop,United States
5422490769973828124,1,1,741.8000000000001,13,621.0,(direct),desktop,United States
5423437990262090686,1,1,3554.9,30,915.0,(direct),desktop,United States
5426533618446479401,1,1,371.8,35,1136.0,(direct),desktop,United States
5426964543213202381,1,1,839.8000000000001,35,2273.0,(direct),desktop,United States
5429642908355908578,1,1,485.5,52,1849.0,(direct),desktop,United States
5430871113071179635,1,1,497.9,10,163.0,(direct),desktop,United States
5437013238128269518,1,1,207.9,20,2056.0,google,desktop,United States
5438008470160894903,1,1,1960.8,24,1355.0,(direct),desktop,United States
5438973470974624883,1,1,784.5999999999999,21,1786.0,(direct),desktop,United States
5441957633456467994,1,1,1669.7,53,2237.0,(direct),desktop,United States
5446026750047012560,1,1,873.8,13,976.0,(direct),desktop,United States
5448576624239001417,1,1,239.9,18,457.0,(direct),desktop,United States
5450212768993016861,1,1,985.7,28,1242.0,(direct),desktop,United States
5450370391820188732,1,1,289.8,26,753.0,google,desktop,United States
5451348672261739783,1,1,219.9,10,243.0,google,mobile,United States
5453814942218700103,1,1,479.8,14,758.0,google,mobile,United States
5455606693891929152,1,1,353.0,21,444.0,(direct),desktop,United States
5456592734532030332,1,1,239.8,19,593.0,(direct),desktop,United States
5465363328893733529,1,1,385.9,10,383.0,(direct),desktop,United States
5466662603729331412,1,1,1061.9,21,776.0,(direct),desktop,United States
5467849241888825970,1,1,719.7,25,766.0,(direct),desktop,United States
5469079519715865124,1,1,56084.0,52,1898.0,(direct),desktop,United States
5470058724579220258,1,1,315.0,23,953.0,(direct),desktop,United States
5473881678861602565,1,1,633.6,21,298.0,(direct),desktop,United States
5477995204043660887,1,1,323.9,10,252.0,(direct),desktop,United States
5479337178249732915,1,1,269.9,29,1762.0,(direct),tablet,United States
5479473979558156629,1,1,264.7,25,648.0,google,desktop,United States
5480128586099490735,1,1,639.9,25,710.0,(direct),desktop,United States
5480664730921696819,1,1,6280.0,42,720.0,(direct),desktop,United States
5481081028229796179,1,1,215.9,42,2202.0,(direct),desktop,United States
5482268323591147486,1,1,299.8,39,758.0,google,desktop,United States
5483011806347502134,1,1,313.8,41,747.0,(direct),desktop,United States
5483156497557634103,1,1,345.90000000000003,15,338.0,groups.google.com,desktop,United States
5484192431501913475,1,1,647.6999999999999,39,1732.0,(direct),desktop,United States
5488410709317944276,1,1,399.8,19,390.0,(direct),desktop,United States
5490718760386524678,1,1,870.0,28,386.0,(direct),desktop,United States
5491117449549870331,1,1,2012.3,42,2932.0,(direct),desktop,United States
5492367789301420845,1,1,829.9,14,339.0,(direct),desktop,United States
5493141514969614509,1,1,479.7,32,847.0,(direct),desktop,United States
5498699578432669706,1,1,244.4,69,1570.0,google,desktop,United States
5501735992704421396,1,1,1499.4,46,1893.0,(direct),desktop,United States
5506252636984240806,1,1,89.9,14,239.0,(direct),mobile,United States
5506296400494129114,1,1,1166.0,21,512.0,(direct),desktop,United States
5506432627540376379,1,1,319.0,31,500.0,(direct),desktop,United States
5508164318239659326,1,1,322.8,25,3483.0,google,mobile,United States
5509634145014116132,1,1,272.6,28,833.0,(direct),desktop,United States
5512744925410659627,1,1,355.90000000000003,17,513.0,(direct),desktop,United States
5513418547926815153,1,1,639.7,17,450.0,(direct),desktop,United States
5513556639437908117,1,1,10958.6,34,1173.0,(direct),desktop,United States
5514710857144039203,1,1,191.9,14,305.0,(direct),desktop,United States
5516160305654218647,1,1,425.9,13,364.0,(direct),desktop,United States
5520985287231906451,1,1,799.8000000000001,15,519.0,(direct),desktop,United States
5522900869566252601,1,1,890.6999999999999,32,1564.0,duckduckgo.com,desktop,United States
5523134434912624925,1,1,406.8,20,1994.0,google,desktop,United States
5524449021244950311,1,1,355.90000000000003,13,356.0,(direct),desktop,United States
5526508111832118259,2,2,1885.5,59,811.0,(direct),desktop,United States
5526624295443259064,1,1,1854.1,26,696.0,google,mobile,United States
5526675926038480325,1,25,19380.9,466,7013.0,(direct),desktop,United States
5530375638871034769,1,1,1439.8,9,229.0,(direct),desktop,United States
5532417941225696082,1,1,589.8,18,258.0,(direct),desktop,United States
5534685306856888112,1,1,249.9,49,1074.0,google,desktop,United States
5535488940465065287,1,1,695.6999999999999,33,830.0,(direct),desktop,United States
5536585753094480600,1,1,345.90000000000003,14,625.0,(direct),desktop,United States
5538435101700540876,1,1,308.2,16,1257.0,(direct),desktop,United States
5540724306740925009,1,1,351.9,16,553.0,(direct),desktop,United States
5541311886379272019,1,1,2288.5,27,545.0,(direct),desktop,United States
5542844395633027147,2,2,1509.1000000000001,100,2039.0,(direct),desktop,United States
5543720275163396146,2,2,1753.0,21,281.5,google,desktop,United States
5546743631344765720,1,1,469.8,37,2335.0,(direct),desktop,United States
5546793669751235607,1,1,357.9,11,334.0,(direct),desktop,United States
5549135228417306285,1,1,389.4,23,651.0,google,desktop,United States
5552453019078254306,1,1,661.8000000000001,15,186.0,(direct),desktop,United States
5553543772458021100,1,1,2350.7,19,1058.0,(direct),desktop,United Kingdom
5554031903314376393,1,1,126.3,11,188.0,(direct),desktop,United States
5555490388614150520,1,1,401.5,21,474.0,(direct),desktop,United States
5556648817783304059,1,1,1663.8,16,618.0,(direct),desktop,United States
5557717188766173327,1,1,269.9,29,819.0,(direct),desktop,United States
5560297984999378584,1,1,389.7,31,2111.0,(direct),desktop,Guatemala
5560738691178582099,1,1,119.9,27,1225.0,(direct),desktop,United States
5561134301954215785,1,1,229.9,17,484.0,(direct),desktop,United States
5564329510174099370,1,1,1425.8000000000002,14,1015.0,google,desktop,United States
5564610750564086192,1,1,913.4,83,9564.0,google,desktop,United States
5566679994266805984,1,1,707.0,29,653.0,(direct),desktop,United States
5569275433551045400,1,1,679.7,19,1102.0,google,tablet,United States
5577094187209955353,1,1,1403.7,13,753.0,mail.google.com,desktop,United States
5579921985700518049,1,1,1183.9,14,382.0,(direct),desktop,United States
5580729161862830702,1,1,99.7,47,1920.0,Partners,mobile,United States
5581127856210744307,1,1,579.6,46,2215.0,google,desktop,United States
5581714403663520162,1,1,589.7,24,534.0,(direct),desktop,United States
5584411114546174652,2,5,1156.9,66,719.0,(direct),desktop,United States
5587285412268223147,1,1,2250.5,26,2702.0,(direct),desktop,United States
5590346028970118637,1,1,1009.9,22,1072.0,google,mobile,United States
5590743844926892757,3,3,8841.900000000001,97,1320.6666666666667,(direct),desktop,United States
5590886832095311283,1,1,879.5999999999999,46,1075.0,bing,desktop,United States
5591592424191591132,1,1,1472.3,23,2469.0,(direct),desktop,United States
5591828817981508202,1,1,877.0,13,561.0,(direct),desktop,United States
5592426380056165387,1,1,251.8,33,1297.0,(direct),desktop,United States
5592469018549253101,1,1,269.9,10,177.0,(direct),desktop,United States
5592881072764401031,1,1,8571.0,49,2035.0,google,desktop,Canada
5601331232035413778,1,1,1119.3000000000002,24,987.0,google,mobile,Taiwan
5602367908405796576,1,1,1689.5,18,540.0,google,desktop,Canada
5603141733790765998,1,1,399.9,32,1600.0,(direct),desktop,United States
5607760817604104979,1,1,825.4000000000001,13,258.0,(direct),desktop,United States
5609394618521393122,1,1,768.0,44,1064.0,(direct),desktop,United States
5609577776870095596,1,1,779.8000000000001,29,941.0,(direct),mobile,United States
5610034740726325654,1,1,219.9,11,369.0,google,desktop,United States
5610138388014426399,1,1,200.0,13,714.0,google,desktop,United States
5610631581931690167,1,1,739.5,11,717.0,(direct),desktop,Canada
5612267454123483298,1,1,241.7,37,955.0,(direct),desktop,United States
5612437440954478769,1,1,939.7,49,1623.0,google,desktop,United States
5612807768965191337,1,1,527.9,12,490.0,(direct),desktop,United States
5613784133853070022,1,1,3433.1,29,945.0,(direct),desktop,United States
5614933090112217012,1,1,7980.8,21,700.0,google,mobile,United States
5615435557331654733,1,1,490.7,22,456.0,(direct),desktop,United States
5618988196982024867,1,1,305.79999999999995,31,582.0,(direct),desktop,United States
5621966103011693855,1,1,679.5999999999999,48,974.0,(direct),desktop,United States
5623116547642226257,1,1,383.9,11,1626.0,(direct),desktop,United States
5623565277433732918,1,1,89.9,21,597.0,google,desktop,United States
5623787405926174172,1,1,376.9,55,2526.0,(direct),desktop,United States
5625987302621131886,1,1,364.8,17,644.0,google,desktop,Russia
5626083810340068803,1,1,349.90000000000003,8,141.0,(direct),desktop,United States
5627236441803896511,1,1,537.8,26,974.0,(direct),desktop,United States
5632994425337545327,2,2,9341.5,50,887.5,(direct),desktop,United States
5633631220777079493,1,1,535.8,26,723.0,(direct),desktop,United States
5639438910924480453,1,1,3925.2,27,995.0,google,desktop,United States
5640250262390805538,1,1,624.3,8,214.0,(direct),desktop,United States
5642185407180731609,1,1,839.5999999999999,38,783.0,(direct),desktop,United States
5646360372391287672,1,1,477.8,14,292.0,(direct),desktop,United States
5646538776794070198,1,1,59.900000000000006,13,604.0,google,mobile,United States
5651255012455106470,1,1,839.9,22,1257.0,google,desktop,United States
5652101550786394440,1,1,629.6,29,1387.0,(direct),desktop,United States
5656797100186681238,1,1,1335.2,69,2110.0,(direct),desktop,United States
5657677988182303423,1,1,310.0,14,510.0,(direct),desktop,United States
5662114146782089874,1,1,872.6,32,1538.0,(direct),desktop,United States
5670613208439164608,1,1,1370.5,39,1341.0,(direct),desktop,United States
5671628686100405217,1,1,209.9,18,495.0,(direct),desktop,United States
5671688466209278718,1,1,969.9,26,502.0,(direct),desktop,United States
5671719199907401698,1,1,229.9,11,441.0,google,mobile,United States
5674996555424761668,1,1,845.8,51,1801.0,(direct),desktop,United States
5675830566219535598,1,1,449.3,31,1832.0,(direct),desktop,United States
5684662466118174042,1,1,545.8,12,175.0,dfa,desktop,United States
5686997736111090309,1,1,405.9,13,232.0,(direct),desktop,United States
5687201440185842310,1,1,289.0,12,280.0,(direct),desktop,United States
5687667730920600613,2,2,429.79999999999995,59,1044.0,google,desktop,United States
5691228855195017010,1,1,859.2,35,874.0,google,desktop,United States
5692598567107013181,1,1,870.0,16,356.0,google,desktop,United States
5694129009662162026,1,1,341.8,28,900.0,(direct),desktop,United Kingdom
5696607948314871944,1,1,740.3,29,874.0,chat.google.com,desktop,United States
5696877921911680957,1,1,289.0,19,495.0,(direct),desktop,United States
5700698092270325485,1,1,149.9,13,544.0,google,mobile,United States
5701006754406166040,1,1,429.8,16,1222.0,(direct),desktop,United States
5702250706179149383,1,1,489.6,20,1381.0,google,mobile,United States
5703962423814396269,1,1,461.2,35,1955.0,(direct),desktop,United States
5707589491690970706,1,1,1169.3000000000002,29,1013.0,google,desktop,United States
5709093382250533707,1,1,888.5,29,1627.0,google,desktop,Japan
5711731489189820466,1,1,989.7,17,1141.0,(direct),desktop,United States
5712421789817906030,1,1,109.5,22,1266.0,(direct),desktop,United States
5712957387241378835,1,1,259.9,11,327.0,google,desktop,United States
5713958052491086700,2,2,5347.9,42,412.5,(direct),desktop,United States
5714578235466782917,1,1,869.9,25,1136.0,(direct),desktop,United States
5716546627685384562,1,1,889.9,37,2179.0,(direct),desktop,United States
5718010271440408219,1,1,229.9,17,597.0,(direct),tablet,United States
5719637398048239955,1,1,975.8,38,1036.0,(direct),desktop,Peru
5720584332217047483,2,2,7002.2,41,1509.5,(direct),desktop,United States
5724098940737285111,1,1,472.7000000000001,25,1343.0,(direct),desktop,United States
5726599650920385444,1,1,269.8,24,1331.0,(direct),mobile,United States
5727689295522031666,1,1,749.5999999999999,41,1402.0,(direct),desktop,United States
5735801117087440751,1,1,983.5,20,915.0,(direct),desktop,United States
5735858296023788680,1,1,347.8,38,863.0,(direct),desktop,United States
5737086598744080842,1,1,5153.7,31,2263.0,google,desktop,United States
5739969347457225877,1,1,1096.5,14,2260.0,(direct),desktop,United States
5751162786265833024,1,1,829.9,28,935.0,(direct),desktop,United States
5753687412615654863,2,2,3640.0,29,595.5,(direct),desktop,United States
5760490901418119265,1,1,219.9,14,552.0,(direct),desktop,United States
5762152296727527902,1,2,519.8,25,745.0,google,desktop,United States
5763555354582854124,1,1,610.1,17,996.0,sites.google.com,desktop,United States
5764262000762138586,1,1,222.9,12,288.0,google,desktop,United States
5766280637423737637,1,1,199.9,31,734.0,(direct),desktop,United States
5772921781547143127,3,4,8302.1,87,1358.6666666666667,(direct),desktop,United States
5774321029448220916,1,1,668.9,48,2098.0,(direct),desktop,United States
5779647444057786360,1,1,513.6999999999999,19,1720.0,(direct),desktop,United States
5787719394143012193,1,1,385.8,28,586.0,google,desktop,United States
5788942005680192808,1,1,469.7,23,532.0,(direct),mobile,United States
5789628268074280391,1,1,527.9,21,1393.0,google,desktop,United States
5789730670483285107,1,1,939.5,44,1525.0,(direct),desktop,United States
5791424839538217435,1,1,1060.0,16,347.0,(direct),desktop,United States
5793599862151444630,1,1,3282.5,18,295.0,(direct),desktop,United States
5802825037906535413,1,1,209.9,12,281.0,(direct),desktop,United States
5805078807561705608,1,1,198.9,15,1663.0,google,desktop,United States
5807278314451544984,1,1,127.9,17,613.0,(direct),desktop,United States
5810770256591004737,2,2,4726.6,65,453.5,(direct),desktop,United States
5811368078800551365,2,2,892.2,75,1343.0,google,desktop,United States
5811515226534313470,1,1,989.7,35,790.0,(direct),desktop,United States
5812572929202367937,1,1,1608.0,18,733.0,google,desktop,United States
5814707242199508496,1,1,300.0,33,1430.0,(direct),desktop,United States
5816018559064540800,1,1,1808.8,11,186.0,(direct),desktop,United States
5816514381907176001,1,1,503.8,45,1906.0,google,mobile,United States
5818809333488367777,1,1,136.3,11,403.0,google,desktop,United States
5818907015155531907,2,2,1886.0,18,369.0,(direct),desktop,United States
5820498420449602355,1,2,319.8,40,1034.0,(direct),desktop,United States
5823529938186171963,1,1,184.3,19,1367.0,(direct),desktop,United States
5824723295057782001,1,1,329.90000000000003,27,656.0,google,desktop,United States
5825968802963452704,1,1,249.9,16,323.0,google,mobile,Canada
5826166060122171191,1,1,1037.0,14,1182.0,(direct),desktop,United States
5826737021779185298,1,1,269.9,25,3874.0,(direct),desktop,United States
5828638042083405599,1,1,699.5,48,1573.0,(direct),mobile,United States
5834707574158732098,1,1,311.4,33,2501.0,(direct),desktop,United States
5834989441193256083,1,1,539.9,17,430.0,m.facebook.com,mobile,United States
5835011534221003810,1,1,222.9,14,237.0,(direct),desktop,United States
5835265131726609192,1,1,267.4,34,622.0,(direct),desktop,United States
5835418306887672621,1,1,274.9,36,2602.0,google,desktop,Canada
5840295243911523760,1,1,475.8,31,1542.0,(direct),desktop,United States
5840491569007518848,1,1,614.4,36,1514.0,bing,desktop,Canada
5843493310673425771,1,1,805.5,28,703.0,(direct),desktop,United States
5843958474903500870,1,1,129.8,9,396.0,(direct),mobile,United States
5844499585021930653,2,2,1223.1999999999998,43,391.5,(direct),desktop,United States
5846459704283557603,1,1,179.89999999999998,19,1183.0,google,mobile,United States
5846746370544767584,1,1,382.8,31,1166.0,google,desktop,United States
5847645820531531550,1,1,279.8,40,3193.0,(direct),desktop,United States
5849047168572245769,1,1,610.7,18,580.0,(direct),desktop,United States
5852177506011549938,1,1,326.8,22,476.0,google,desktop,United States
5852501539446782255,1,1,357.8,16,328.0,(direct),desktop,United States
5853503812958964619,1,1,304.6,35,1265.0,(direct),desktop,United States
5857188717292018913,1,1,819.9,31,1784.0,(direct),desktop,United States
5857676743018965961,1,1,4030.0,19,317.0,(direct),desktop,United States
5858408190498927717,1,1,268.9,45,1294.0,(direct),desktop,United States
5862903247995019263,1,1,1098.0,15,214.0,(direct),desktop,United States
5863375721947621054,1,1,290.0,11,2250.0,(direct),desktop,United States
5864276802180116505,1,1,415.9,15,549.0,(direct),desktop,United States
5864660038605471307,2,2,797.3,35,675.5,google,desktop,United States
5871441013780996077,1,1,539.8,25,973.0,(direct),desktop,United States
5872995235410179138,1,1,172.8,15,342.0,google,mobile,United States
5873856705282402939,1,1,209.7,49,2865.0,(direct),desktop,United States
5876745703341154088,1,1,229.9,20,602.0,(direct),mobile,United States
5877921283678056526,1,1,215.9,21,639.0,(direct),desktop,United States
5879037707038281515,1,1,1984.8,24,533.0,(direct),desktop,United States
5881420815591584294,1,1,343.7,18,322.0,(direct),desktop,United States
5881534994111255224,1,1,269.9,35,898.0,google,desktop,United States
5883817071899386172,1,1,69.9,18,740.0,google,mobile,United States
5888035730986809120,1,1,1809.7,31,1845.0,google,desktop,Japan
5888716568893996188,1,1,517.9,17,597.0,(direct),desktop,United States
5889010106366698304,1,1,279.9,9,1307.0,(direct),desktop,United States
5891082663141859878,1,1,2019.0,22,409.0,(direct),desktop,United States
5896165545008252371,1,1,429.3,24,1437.0,google,desktop,United States
5905742207313149106,1,1,507.9,16,2105.0,google,desktop,United States
5905965824605720787,1,1,279.9,21,324.0,(direct),mobile,United States
5914563242509482274,1,1,191.9,30,2050.0,(direct),desktop,United States
5915365313992889595,1,1,839.3000000000001,45,1426.0,(direct),desktop,United States
5915583521852915302,1,1,99.8,18,305.0,(direct),desktop,United States
5918969428390529322,1,1,299.9,13,360.0,(direct),desktop,United States
5920338215143617287,1,1,2038.0,26,665.0,(direct),desktop,United States
5921718666533314694,1,1,859.9,35,4055.0,google,tablet,United States
5922545727078253740,1,1,1229.9,13,218.0,(direct),desktop,United States
5923041114491111329,1,1,205.9,16,516.0,google,desktop,United States
5923504027652708716,1,1,459.8,21,353.0,(direct),tablet,United States
5926882558735267837,1,1,1141.5,30,879.0,google,desktop,United States
5930716560276392518,1,1,189.9,10,351.0,(direct),mobile,United States
5943213990126954437,1,1,139.9,24,862.0,google,desktop,United States
5944473218831449800,1,1,189.4,16,459.0,(direct),mobile,United States
5945295413021078012,1,1,377.8,22,393.0,(direct),desktop,United States
5945631967596859293,1,1,155.9,16,428.0,(direct),desktop,South Africa
5946277979460888197,1,1,1081.5,40,1221.0,(direct),desktop,United States
5947969981378635810,1,1,309.8,26,594.0,google,tablet,United States
5949169854058758957,1,1,2754.2000000000003,49,963.0,(direct),desktop,United States
5949575431286593178,1,1,1489.8,31,790.0,google,desktop,Mexico
5950002807583748415,1,1,209.9,19,911.0,google,desktop,United States
5950059119124275683,1,1,879.9,20,552.0,(direct),desktop,United States
5952403374581782630,1,1,439.8,34,1103.0,(direct),desktop,United States
5952422370450576468,1,1,181.9,32,720.0,(direct),desktop,United States
5956945994743265463,1,1,766.2,29,869.0,(direct),desktop,United States
5960127137243713650,2,2,2598.4,39,932.0,(direct),desktop,United States
5961512277421237379,1,1,169.89999999999998,10,174.0,google,desktop,United States
5962830800899970265,1,1,297.9,56,2564.0,sites.google.com,desktop,United States
5964418919606294332,1,1,825.4000000000001,33,876.0,(direct),desktop,United States
5969031097251772016,1,1,541.5999999999999,32,905.0,google,desktop,United States
5969191050952048751,1,1,942.0,33,963.0,(direct),desktop,United States
5971687779393280751,1,1,369.8,13,695.0,(direct),desktop,United States
5975789416845370133,1,1,189.9,27,532.0,google,desktop,United States
5976867149100083641,1,1,207.0,18,568.0,(direct),desktop,United States
5980795059692822710,1,1,225.0,32,644.0,(direct),desktop,United States
5981319719180630127,1,1,2001.7,75,3788.0,(direct),desktop,United States
5985368233376980363,1,2,8333.7,29,926.0,(direct),desktop,United States
5985713737634812575,1,1,159.9,21,703.0,google,desktop,United States
5988082186046287943,1,1,314.8,21,679.0,(direct),tablet,United States
5989963282036287495,1,1,4836.0,20,1553.0,google,desktop,United States
5989978659494486802,1,1,569.7,10,1041.0,(direct),desktop,Japan
5991536664355896877,1,1,589.8,25,1468.0,(direct),desktop,United States
5993570178392052498,1,1,449.9,19,3463.0,(direct),desktop,United States
5993773657417368877,1,1,841.9,13,1620.0,(direct),desktop,United States
5994584903739505696,1,1,309.8,16,775.0,(direct),desktop,United States
5995442471500823689,2,2,1216.8,54,1420.5,(direct),desktop,United States
5998940842547848227,1,1,69.80000000000001,21,476.0,(direct),mobile,United States
6001085697453639910,1,1,229.7,39,807.0,google,desktop,United States
6002089299065068862,1,1,701.8000000000001,17,497.0,(direct),desktop,United States
6005829572969771144,1,1,465.7,37,945.0,google,desktop,United States
6005846941999724552,1,1,401.8,38,985.0,(direct),desktop,United States
6006657047016577071,5,5,3070.1000000000004,84,482.8,(direct),desktop,United States
6007068566943538173,1,1,451.7000000000001,25,439.0,(direct),desktop,United States
6007444138968758475,1,1,369.8,28,841.0,(direct),mobile,United States
6008436631932409360,1,1,439.9,12,505.0,(direct),desktop,United States
6008548099452961352,1,1,199.9,11,218.0,(direct),desktop,United States
6010250598436085923,4,4,22819.6,247,1392.5,(direct),desktop,United States
6011560352150256986,1,1,738.0,15,376.0,(direct),desktop,United States
6014637285460170276,1,1,747.6999999999999,32,1214.0,(direct),desktop,United States
6014980722805375499,1,1,520.0,16,2300.0,(direct),desktop,United States
6016345222703711048,2,2,1237.1999999999998,60,862.0,(direct),desktop,United States
6020712706224683224,1,1,470.0,14,136.0,google,desktop,United States
6022725401734649731,1,1,1369.6,30,1224.0,(direct),desktop,United States
6023796381284015578,1,1,405.9,12,372.0,(direct),desktop,United States
6026763398386298705,1,1,411.9,16,1682.0,(direct),desktop,United States
6026865008041115729,1,1,831.5999999999999,60,2749.0,google,mobile,Philippines
6030141817614722657,2,2,461.90000000000003,41,744.5,(direct),desktop,United States
6035720315860401957,1,1,335.6,15,430.0,(direct),desktop,United States
6036371568698072634,1,1,279.9,13,417.0,(direct),desktop,United States
6039302517821251225,1,1,2727.0,58,908.0,google,desktop,United States
6039611140215041016,1,1,441.6,26,516.0,(direct),desktop,United States
6042992012557557168,1,1,219.9,12,226.0,(direct),desktop,Switzerland
6043590789804259117,1,1,195.9,16,441.0,(direct),desktop,United States
6046590662563532238,1,1,209.7,8,185.0,t.co,desktop,United States
6047640651761300200,1,1,221.9,15,369.0,(direct),desktop,United States
6048454076257067950,1,1,4954.0,21,891.0,(direct),desktop,United States
6049426563900129061,1,1,229.6,15,303.0,google,desktop,United States
6051565234057723830,2,2,1946.9,69,966.0,(direct),desktop,United States
6051908919929899878,1,1,2005.5,27,1559.0,(direct),desktop,United States
6052206455243513477,2,2,33144.0,43,901.5,(direct),desktop,Nigeria
6053317410808350071,1,1,199.7,61,1358.0,(direct),desktop,United States
6056481761819241487,1,1,231.9,14,352.0,(direct),desktop,United States
6056987916550791423,1,1,150.0,10,178.0,(direct),desktop,United States
6060508924396042346,1,1,451.9,13,373.0,l.facebook.com,desktop,United States
6067716449743001995,1,1,2266.8,50,1842.0,google,desktop,United States
6068102071010648164,1,1,319.9,26,1406.0,(direct),desktop,United States
6068721773356724228,1,1,239.9,13,445.0,google,desktop,United States
6075418837768242958,1,1,215.9,18,420.0,(direct),desktop,United States
6076619018565760000,1,1,255.4,35,696.0,(direct),desktop,United States
6078308498520521159,1,1,1999.5,34,543.0,google,desktop,United States
6080515140552290327,1,1,259.9,20,976.0,(direct),desktop,United States
6081065027477521968,1,1,1911.8,28,1583.0,google,desktop,United States
6085175520393840927,1,1,852.5,15,1270.0,google,desktop,United States
6085227967956663557,1,1,217.9,37,1322.0,(direct),desktop,United States
6085954146475273490,1,1,323.8,30,2453.0,(direct),desktop,United States
6089414993077577412,1,1,1623.7,25,657.0,(direct),desktop,United States
6095240958469403590,2,2,572.1,40,648.5,(direct),desktop,United States
6096515321705376059,1,1,679.0999999999999,23,1917.0,(direct),desktop,United States
6099980464352288562,1,1,464.8,23,689.0,(direct),desktop,United States
6100819790518372241,2,2,1411.6,54,883.5,(direct),desktop,United States
6103994353866186506,1,1,229.9,23,688.0,google,desktop,United States
6104963094502152821,2,2,10095.8,67,2244.0,(direct),desktop,United States
6108513116421518895,1,1,2287.4,27,1465.0,(direct),desktop,United States
6110032687734090597,1,1,1762.5,83,1984.0,google,desktop,Canada
6110519761832647760,1,1,365.0,16,287.0,(direct),desktop,United States
6110976865163605905,1,1,3494.3,48,1877.0,(direct),desktop,United States
6114533554915949070,1,1,361.9,11,338.0,(direct),desktop,United States
6116213157558708109,1,1,539.5,38,2161.0,google,desktop,United States
6117915988653147227,1,1,709.7,15,514.0,(direct),desktop,United States
6125563692107396483,1,1,146.0,14,689.0,(direct),desktop,United States
6128896276202796996,1,1,273.6,29,1769.0,google,desktop,United States
6129059309050021920,1,1,279.8,15,563.0,google,desktop,United States
6130248785422352959,1,2,6461.3,48,975.0,(direct),desktop,United States
6132407713411411052,1,1,249.8,22,1203.0,m.facebook.com,mobile,United States
6136082397319101415,1,1,435.9,22,1073.0,(direct),desktop,United States
6139991270179769936,1,1,1074.8,19,809.0,google,desktop,United States
6140447030610096925,1,1,169.89999999999998,33,1320.0,(direct),desktop,United States
6144620538699663193,1,1,29.9,28,1081.0,google,desktop,United States
6147396474895233852,1,1,9006.2,47,2062.0,(direct),desktop,United States
6150828289125902444,1,1,409.8,17,1981.0,(direct),desktop,United States
6151192297026203838,1,1,4621.0,26,850.0,(direct),desktop,United States
6152097881625473469,1,1,155.9,17,263.0,(direct),desktop,United States
6152978475187911748,3,4,1189.6000000000001,73,568.0,(direct),desktop,United States
6155038552130877136,1,1,1465.6999999999998,38,1655.0,(direct),desktop,United States
6158998502530077576,1,1,949.7,20,1030.0,(direct),desktop,United States
6163478637540280922,1,1,205.9,15,1097.0,(direct),desktop,United States
6165745649694489775,2,2,6126.7,68,1554.5,(direct),desktop,United States
6171698148494823293,1,1,289.9,12,767.0,(direct),desktop,United States
6176203092937961614,1,1,2167.5,18,853.0,(direct),desktop,United States
6177485445701283368,1,1,299.8,36,1307.0,(direct),desktop,United States
6177876105515217779,1,1,259.9,16,266.0,google,desktop,United States
6179415313155508546,1,1,225.9,13,325.0,(direct),desktop,United States
6183580574407648205,1,1,189.9,19,332.0,(direct),desktop,United States
6185798445433721880,1,1,241.9,15,639.0,(direct),desktop,United States
6187652750765797994,1,1,5115.0,11,922.0,(direct),desktop,United States
6187845123607693068,1,1,343.9,20,2508.0,google,desktop,United States
6188341189468203455,1,1,1341.2,61,4850.0,(direct),desktop,Singapore
6189137290295727859,1,1,221.8,20,287.0,(direct),desktop,United States
6189798713014161370,1,1,5339.5,40,1133.0,(direct),desktop,United States
6190196977487218557,1,1,1179.6,27,897.0,(direct),desktop,United States
6192730343832686295,4,4,1036.6,59,915.25,(direct),desktop,United States
6197521000092572959,1,1,1836.5,38,1563.0,(direct),desktop,Mexico
6197966487555534228,1,1,1169.8,22,705.0,google,mobile,United States
6198200760309203581,1,1,613.2,25,449.0,(direct),desktop,United States
6200431365137133686,1,1,808.5,42,901.0,google,desktop,United States
6204463650092781278,2,2,3516.3,31,505.0,(direct),desktop,United States
6204487607814883092,1,1,1111.3,34,1292.0,(direct),desktop,United States
6207352053882165053,1,1,165.0,9,177.0,google,desktop,United States
6207808178177919930,2,2,3540.0,37,533.0,(direct),desktop,United States
6208898110027575945,1,1,2430.0,13,595.0,(direct),desktop,United States
6208916346647925082,1,1,199.9,17,387.0,google,desktop,United States
6210742299083383433,1,1,234.9,7,128.0,google,desktop,United States
6213994431207095726,1,1,6718.0,27,1965.0,(direct),desktop,United States
6214016505412778340,1,1,467.9,11,154.0,(direct),desktop,United States
6214611984259283021,1,1,1459.1,33,2390.0,(direct),desktop,United States
6214747534469142657,1,1,619.9,54,1627.0,(direct),desktop,United States
6215409591124058773,1,1,365.9,12,252.0,(direct),desktop,United States
6215579195601546611,1,1,270.3,18,327.0,(direct),desktop,United States
6218917791895202821,1,1,487.9,10,902.0,(direct),desktop,United States
6221432242012964365,1,1,301.90000000000003,13,407.0,google,desktop,United States
6223539301349818074,1,1,359.90000000000003,14,214.0,(direct),desktop,United States
6226617329849661943,1,2,69697.0,66,1593.0,(direct),desktop,United States
6234607912924259841,1,1,1848.1,33,1520.0,(direct),desktop,United States
6235193097799498353,1,1,285.7,20,1960.0,google,mobile,United States
6235355077630549336,1,1,191.9,13,1306.0,(direct),desktop,United States
6236695646664370912,1,1,40135.6,49,4003.0,(direct),desktop,United States
6238089889459333091,2,2,660.0,51,487.5,(direct),desktop,United States
6238289068064224193,1,1,590.0,13,409.0,(direct),desktop,United States
6241521427679714135,2,2,807.0,78,1569.5,google,desktop,United States
6243045099615309942,1,1,4008.6,33,706.0,google,desktop,United States
6245962080386953755,1,1,875.1999999999999,25,949.0,(direct),desktop,United States
6246146960091353412,2,2,1685.0,64,1778.5,google,desktop,United States
6247025136768010466,2,2,2151.5,22,391.0,(direct),desktop,United States
6247107874762400007,1,1,367.8,31,677.0,(direct),desktop,United States
6248428368327517195,1,1,1511.1,35,965.0,(direct),desktop,United States
6249334762900875907,1,1,1131.8000000000002,37,1767.0,(direct),desktop,United States
6250076658796836800,1,1,585.8,18,375.0,(direct),desktop,United States
6253727679164041606,1,1,1720.8000000000002,11,245.0,(direct),desktop,United States
6254480260491626923,1,1,199.5,21,669.0,google,mobile,United States
6256175066456783550,1,1,729.9,28,1188.0,(direct),desktop,United States
6258496391273943408,1,1,537.9,21,905.0,(direct),desktop,United States
6273454334466338652,1,1,319.9,22,369.0,(direct),desktop,United States
6274615038428740035,1,1,209.9,17,811.0,google,mobile,United States
6275380876231092642,1,1,319.7,18,409.0,(direct),desktop,United States
6284948773679645206,1,1,1044.0,24,705.0,(direct),desktop,United States
6285049606450722008,1,1,421.9,22,627.0,(direct),desktop,United States
6288725097585538705,1,1,2380.3,37,585.0,(direct),desktop,Canada
6289648487532029978,1,1,405.9,14,2628.0,mail.google.com,desktop,United States
6295250003347725316,1,1,337.8,15,1381.0,(direct),desktop,United States
6296343210057064368,1,1,394.5,68,1789.0,google,desktop,United States
6296763059019207281,1,1,7936.5,46,3775.0,(direct),desktop,United States
6297135529070226898,1,1,2870.0,17,1099.0,google,desktop,United States
6297544198548387157,1,2,2327.5,41,3683.0,(direct),desktop,United States
6298030765010140996,1,1,319.8,16,525.0,google,mobile,United States
6299158105167667409,1,1,497.6,23,828.0,google,desktop,United States
6302382540936873657,1,1,529.5,24,1329.0,(direct),desktop,United States
6304364152192410070,1,1,360.20000000000005,18,302.0,google,desktop,United States
6305026098623511290,1,1,109.9,11,311.0,(direct),desktop,United States
6307220164561637913,1,1,609.8,12,542.0,(direct),mobile,United States
6310913035223827948,1,1,283.6,11,2021.0,(direct),desktop,United States
6311424614094967654,1,1,169.8,20,417.0,(direct),desktop,United States
6312194749319574796,1,1,249.5,30,1147.0,google,desktop,Argentina
6315186081993676897,1,1,359.79999999999995,12,218.0,(direct),desktop,United States
6318500377157429030,1,1,522.7,24,626.0,google,desktop,United States
6321703139771704283,1,1,219.8,16,340.0,(direct),desktop,United States
6325377874048923314,1,1,561.3000000000001,30,2311.0,(direct),desktop,United States
6330082810003106267,2,2,953.8999999999999,83,1163.5,google,mobile,United States
6330153478154556057,1,1,383.8,20,1123.0,(direct),desktop,United States
6331108098497207662,1,1,559.9,23,560.0,(direct),desktop,United States
6331954478763048800,1,1,395.9,11,336.0,(direct),desktop,United States
6332311978539018182,1,1,309.40000000000003,20,1510.0,(direct),desktop,United States
6332990203478940744,1,1,1035.8,13,596.0,(direct),desktop,United States
6335554848851534266,1,1,509.6,28,1574.0,(direct),desktop,United States
6337016759218580239,1,1,258.8,27,751.0,google,desktop,United States
6338909403180350961,1,1,239.9,18,776.0,google,desktop,United States
6343638699706107057,1,1,499.8,42,1284.0,(direct),desktop,United States
6344125332989627562,1,1,389.7,23,681.0,google,desktop,United States
6347736525399420278,1,1,497.9,63,2511.0,(direct),desktop,United States
6349916551056809056,2,2,5330.0,48,803.0,(direct),desktop,United States
6350737795498436074,1,1,824.5999999999999,33,2247.0,google,desktop,United States
6356583227858655714,1,1,899.8000000000001,29,1419.0,(direct),desktop,United States
6356814303168580391,1,1,629.9,17,342.0,google,desktop,United States
6359330005069703105,1,1,370.9,15,1563.0,(direct),desktop,United States
6359573214811680534,1,1,329.79999999999995,20,283.0,google,desktop,United States
6360297512415625815,1,1,639.7,34,759.0,google,desktop,United States
6361004934465135812,1,1,1095.6999999999998,49,2547.0,(direct),desktop,United States
6361412319872992079,1,1,277.8,19,450.0,google,desktop,United States
6361909939784591562,1,1,289.9,16,329.0,google,desktop,United States
6366523937097011266,1,1,757.0,22,650.0,(direct),desktop,United States
6366738125554594213,2,2,900.9,31,410.5,(direct),desktop,United States
6367005961240877024,1,1,79.80000000000001,26,647.0,(direct),mobile,United States
6373394558572820546,1,1,109.9,16,323.0,google,desktop,United States
6373565169411439679,1,1,127.9,33,1493.0,(direct),desktop,United States
6379051489407304771,1,1,269.8,31,814.0,(direct),mobile,United States
6381379755303153849,1,1,369.8,30,2109.0,(direct),mobile,United States
6381866992087813472,1,1,390.8,13,717.0,(direct),desktop,United States
6383227990844000158,1,1,1069.9,11,174.0,(direct),desktop,United States
6384329866495516492,2,2,878.3,40,645.5,(direct),desktop,United States
6385756990016578225,1,1,4225.0,15,939.0,(direct),desktop,United States
6388824250276633832,2,2,999.4000000000001,35,438.0,(direct),desktop,United States
6390036557697403871,1,1,184.0,13,733.0,google,desktop,United States
6390628371128313999,1,1,1035.4,17,574.0,google,desktop,United States
6391993592802283286,1,1,373.3,31,657.0,(direct),desktop,United States
6392220370835728704,1,1,1059.9,30,1379.0,google,mobile,United States
6396061240253387986,1,1,169.89999999999998,16,377.0,(direct),desktop,United States
6397329721784535287,1,1,439.9,31,762.0,google,desktop,United States
6398718864839297879,1,1,284.7,33,531.0,(direct),desktop,United States
6400178996598013044,1,1,459.8,14,1215.0,(direct),desktop,United States
6403816382362616234,1,1,1370.6999999999998,31,3156.0,(direct),desktop,United States
6404614194766697184,1,1,229.9,14,859.0,google,desktop,United States
6407020613319085956,1,1,247.8,15,261.0,google,desktop,United States
6413810286769822051,1,1,753.8,38,644.0,(direct),desktop,United States
6413819377788473042,1,1,185.8,14,315.0,(direct),desktop,United States
6414469815060591671,1,1,611.7,33,1050.0,(direct),desktop,United States
6415113611963925053,1,1,119.7,21,846.0,(direct),desktop,United States
6416811485882520793,1,1,369.8,12,285.0,(direct),desktop,United States
6417028332559300792,1,1,339.79999999999995,52,1027.0,(direct),desktop,United States
6419238664399930209,1,1,259.9,15,606.0,google,desktop,United States
6420751054856592584,1,1,1373.7,16,453.0,(direct),desktop,United States
6421960756925082099,1,1,499.7,16,268.0,google,desktop,United States
6423525167201014646,1,1,669.9,20,343.0,(direct),desktop,United States
6424007267871857107,1,1,289.7,30,834.0,(direct),mobile,United States
6426341208737197562,1,1,569.9,13,482.0,(direct),desktop,United States
6428761163255691160,1,1,1568.4,50,1207.0,(direct),desktop,United States
6428878966962078899,1,1,161.9,17,606.0,(direct),desktop,United States
6430571014112609987,2,2,1397.1999999999998,55,1088.0,(direct),desktop,United States
6430761922443082063,2,2,8295.0,38,601.0,(direct),desktop,United States
6432276692657258286,1,1,1978.4,46,1291.0,(direct),desktop,United States
6432310188343340425,2,2,15303.1,29,514.5,(direct),desktop,United States
6433831291444208598,1,1,219.9,27,1312.0,google,desktop,United States
6434737895703616541,1,1,477.9,18,617.0,(direct),desktop,United States
6436454707480049919,1,1,781.8000000000001,19,675.0,(direct),desktop,United States
6439470406427514465,1,1,105.0,10,340.0,(direct),desktop,Ukraine
6443595642175123029,1,1,370.9,38,1559.0,(direct),desktop,United States
6446257332258577906,1,1,689.9,14,366.0,(direct),desktop,United States
6448510043360208590,1,1,376.7000000000001,32,670.0,google,desktop,United States
6448832262240591897,1,1,365.9,11,326.0,(direct),desktop,United States
6450328915033226096,1,3,2484.6,52,1539.0,(direct),desktop,United States
6453115802386795978,1,1,1377.5,22,376.0,google,desktop,United States
6453410957469058316,1,1,883.0,25,486.0,(direct),desktop,United States
6453984951886442160,1,1,281.8,27,639.0,(direct),desktop,United States
6459887177399853583,1,1,159.60000000000002,19,430.0,google,desktop,United States
6462196953273318864,2,2,1708.3000000000002,115,1082.0,google,desktop,United States
6463910848287283554,1,1,699.7,46,2286.0,google,desktop,United States
6465870836529202272,1,1,1087.6,68,2128.0,google,mobile,United States
6467955684042708036,1,1,389.9,18,521.0,(direct),desktop,United States
6468324397294207967,1,1,239.9,12,400.0,(direct),mobile,United States
6470814882136589176,1,1,229.9,26,730.0,google,desktop,United States
6481748736257427496,1,1,681.8000000000001,13,537.0,groups.google.com,desktop,United States
6481826553223579425,1,1,2369.9,45,799.0,(direct),desktop,United States
6483542972874741074,1,1,260.0,15,165.0,(direct),desktop,United States
6486169111223038083,1,1,1073.3,30,803.0,(direct),desktop,United States
6486795623038216247,1,1,391.8,18,195.0,(direct),desktop,United States
6487028704457611703,1,1,2044.7,12,375.0,(direct),desktop,United States
6494204056900967959,1,1,328.6,3,514.0,(direct),desktop,United States
6495428628706870090,1,1,6207.0,16,667.0,(direct),desktop,United States
6502669189284720026,1,1,4751.2,35,905.0,(direct),desktop,United States
6505695980027180429,1,1,361.7000000000001,22,624.0,(direct),desktop,United States
6509863579619140812,1,1,527.7,26,593.0,(direct),desktop,United States
6513685604083648974,1,1,4853.0,15,748.0,(direct),desktop,United States
6514103813474537949,1,1,647.8,34,1232.0,(direct),desktop,United States
6516417691965742521,1,1,461.8,35,761.0,(direct),desktop,United States
6521559462592776000,2,2,433.6,47,1221.5,(direct),desktop,United States
6523039845529938938,1,1,241.9,20,403.0,(direct),desktop,United States
6525565523346061607,1,1,215.8,46,768.0,(direct),desktop,United States
6526021164670173680,1,1,709.3000000000001,32,585.0,(direct),desktop,United States
6526089365203867148,1,1,1143.6,20,397.0,(direct),desktop,United States
6527572324759944346,1,1,1164.2,24,464.0,(direct),desktop,United States
6528937376460090929,1,1,450.8,19,613.0,(direct),desktop,United States
6534928919321366267,1,1,319.7,39,1250.0,google,mobile,United States
6539518527897980356,1,1,209.9,8,308.0,(direct),mobile,United States
6542209208399539722,1,1,345.90000000000003,17,644.0,(direct),desktop,United States
6544019530150712383,1,1,487.8,16,393.0,(direct),desktop,United States
6545782400458878065,1,1,449.9,11,311.0,(direct),desktop,United States
6546307978179496414,1,1,878.6,29,1892.0,(direct),desktop,United States
6546372456580324872,1,1,395.9,16,471.0,(direct),desktop,United States
6546857129496008623,1,1,272.7,49,3797.0,(direct),desktop,United States
6551633812942032898,1,1,173.79999999999998,11,333.0,(direct),desktop,United States
6558070663026702303,1,1,259.8,35,1914.0,(direct),desktop,United States
6558432004095303802,1,1,301.8,18,310.0,(direct),desktop,United States
6559285755206861388,1,4,1060.0,65,1171.0,(direct),desktop,United States
6560066529199965530,1,1,786.7,18,994.0,google,desktop,United States
6563130963865137516,2,2,669.8,22,291.0,(direct),desktop,United States
6564152786656423279,1,1,459.8,18,716.0,google,desktop,United States
6565636910376220215,1,1,202.9,16,357.0,google,desktop,United States
6568405082195988335,1,1,312.7,38,2254.0,google,mobile,United States
6569964390858147530,1,1,5039.0,23,574.0,(direct),desktop,United States
6571750739526542034,1,1,809.8000000000001,28,658.0,(direct),desktop,United States
6571994191266464601,1,1,169.89999999999998,32,785.0,google,mobile,United States
6574777397664744469,1,1,201.9,29,2338.0,(direct),desktop,United States
6575507973076035820,1,1,84.9,32,2014.0,(direct),desktop,United States
6576129990528649726,2,2,1119.3000000000002,106,2534.0,google,desktop,United States
6576312646375701904,1,1,1166.1,44,1334.0,google,desktop,United States
6578016208706520145,1,1,109.8,35,1793.0,(direct),desktop,United States
6584758329159438416,1,1,1856.7,13,411.0,(direct),desktop,United States
6585154351202228572,1,1,2215.6,33,805.0,(direct),desktop,United States
6586739058236606680,1,1,434.8,25,762.0,(direct),mobile,United States
6587037994629454209,1,1,229.9,14,232.0,(direct),desktop,United States
6587875124073983247,1,1,249.9,15,324.0,(direct),desktop,United States
6589067113499479000,1,1,252.6,14,319.0,(direct),desktop,United States
6592883580168014282,3,3,7744.0,52,833.6666666666666,(direct),desktop,United States
6594015384875997141,1,1,1245.6,43,836.0,(direct),desktop,United States
6599797229931004781,1,1,301.8,5,276.0,(direct),desktop,United States
6605741812021030281,1,1,554.4,50,1050.0,(direct),desktop,United States
6609719769387131665,1,1,2921.9,17,568.0,(direct),desktop,United States
6615374904571614092,1,1,189.9,16,1305.0,google,mobile,Kazakhstan
6616892388883131353,1,1,383.9,14,361.0,(direct),desktop,United States
6620224985350113488,1,1,349.79999999999995,29,1149.0,(direct),desktop,United States
6622161244934752871,1,1,408.5,12,584.0,(direct),desktop,United States
6622305862930947973,1,1,219.9,12,504.0,google,desktop,United States
6623534661206058922,1,1,514.0999999999999,25,527.0,google,desktop,United States
6627479815076599911,1,1,1070.0,14,621.0,google,desktop,United States
6629666456279123599,1,1,259.9,49,2685.0,google,desktop,United States
6630027914163180636,1,1,426.6,28,3282.0,(direct),desktop,United States
6633599178417941458,1,1,329.79999999999995,35,1004.0,(direct),desktop,United States
6642261851584081073,1,1,189.9,16,467.0,google,desktop,United States
6643309753401682133,1,1,507.8,21,1266.0,(direct),desktop,United States
6644000525957644121,1,1,259.9,17,452.0,google,desktop,United States
6644273643966013405,1,1,1146.1,16,962.0,(direct),desktop,United States
6645347207310315044,1,1,509.6,45,1491.0,google,mobile,United States
6645585126548219573,1,1,809.9,36,919.0,(direct),desktop,United States
6646071329246119871,1,1,179.89999999999998,15,1106.0,(direct),desktop,United States
6646523251391378796,1,1,480.9,17,719.0,(direct),desktop,United States
6658065818028361552,1,1,701.8000000000001,31,3876.0,(direct),desktop,United States
6658963377176900998,1,1,357.40000000000003,23,439.0,(direct),desktop,United States
6668081558564900297,2,2,13866.5,57,1619.0,(direct),desktop,United States
6668929778819384913,1,1,99.9,23,441.0,(direct),desktop,United States
6671389444747353437,2,2,2467.6,50,425.0,(direct),desktop,United States
6674833621031160897,1,1,332.2,26,502.0,(direct),desktop,United States
6676096606002848713,1,1,209.9,17,2374.0,google,desktop,United States
6676417252598129629,1,1,2061.5,55,1280.0,(direct),desktop,United States
6679257213449754553,1,1,139.60000000000002,14,639.0,(direct),tablet,United States
6679426098761347973,1,1,419.8,16,748.0,google,desktop,Japan
6684428411656994293,1,1,392.8,40,656.0,google,mobile,United States
6686381334657841223,1,1,619.8,20,2121.0,google,desktop,Indonesia
6687800400075558056,1,1,387.8,21,651.0,(direct),desktop,United States
6689703929781725667,1,1,189.9,16,379.0,google,desktop,United States
6696682663058659841,1,1,279.7,75,1989.0,google,desktop,United States
6697182263056162374,1,1,653.6,24,759.0,(direct),desktop,United States
6697620123256725715,1,1,294.9,24,576.0,google,desktop,United States
6698595814877741268,1,1,185.9,17,576.0,(direct),desktop,United States
6701329268278625221,1,1,451.6,47,952.0,(direct),desktop,United States
6702410231065530921,1,1,619.8,22,718.0,(direct),desktop,United States
6703621215961449720,1,1,781.3,49,1597.0,google,desktop,United States
6704364789762409859,1,1,994.1,24,1496.0,(direct),desktop,United States
6706297480707515973,1,1,695.6,32,1444.0,(direct),desktop,United States
6713105550821330971,1,1,1766.1,29,1446.0,(direct),desktop,United States
6714603474209482619,1,1,751.8000000000001,11,339.0,(direct),desktop,United States
6716928511410179095,1,1,165.9,13,1915.0,(direct),desktop,United States
6717912372557632494,1,1,872.0,19,388.0,google,desktop,United States
6720643639676411949,1,1,271.90000000000003,8,97.0,(direct),desktop,United States
6721455376185973949,1,1,79.80000000000001,17,355.0,google,desktop,United States
6722355366831429055,2,2,1203.8000000000002,31,715.0,(direct),desktop,United States
6722620376499258929,1,1,869.7,36,1411.0,google,mobile,United States
6726207842188370716,1,1,1285.6,36,838.0,(direct),desktop,United States
6726478899201625475,1,1,281.8,21,575.0,(direct),desktop,United States
6726938691448452344,1,1,562.3,34,1607.0,google,desktop,United States
6730027102407598454,1,1,739.5999999999999,24,391.0,(direct),desktop,United States
6734483584623295408,1,1,193.9,22,2114.0,google,desktop,United States
6736342148988696892,1,7,9517.0,87,1743.0,(direct),desktop,Venezuela
6736977205570964943,1,1,277.7,17,475.0,(direct),desktop,United States
6745703990987927625,1,1,2552.7000000000003,22,793.0,(direct),desktop,France
6748119640287592894,1,1,569.7,13,625.0,(direct),desktop,United States
6752104622110349075,1,1,139.9,14,529.0,(direct),desktop,United States
6752243770204635267,1,1,529.5,13,391.0,phandroid.com,desktop,United States
6752966524308578195,1,1,186.0,61,2515.0,(direct),desktop,United States
6754217124682616244,1,1,970.6,48,2927.0,google,desktop,United States
6754683731104767908,1,1,1932.0,29,1213.0,(direct),desktop,India
6755488962103472751,1,1,821.9,12,707.0,(direct),desktop,United States
6757157297870594584,1,1,559.7,26,883.0,(direct),desktop,United States
6757769563866849051,1,1,969.5,19,426.0,(direct),desktop,United States
6758967380059816274,1,1,769.7,25,670.0,yahoo,desktop,United States
6759210140407313473,1,1,339.90000000000003,19,1220.0,(direct),desktop,United States
6760846348578778765,1,1,199.9,20,457.0,(direct),desktop,Canada
6761788136164809732,1,1,560.7,17,391.0,(direct),desktop,United States
6762079218801830407,1,1,449.8,21,634.0,google,desktop,United States
6764771330832517063,1,1,693.6,21,1067.0,google,desktop,United States
6766597568771975772,2,2,1031.4,33,1289.5,google,desktop,Taiwan
6766852274145624203,1,1,369.8,14,358.0,(direct),desktop,United States
6767082837980910756,1,1,351.9,15,989.0,(direct),desktop,United States
6768220154263223438,2,3,467.70000000000005,40,748.0,(direct),desktop,United States
6768316228601904493,1,1,383.9,9,196.0,(direct),desktop,United States
6768557709167919793,1,1,326.2,20,537.0,(direct),desktop,United States
6768770758966882890,1,1,777.2,33,1151.0,(direct),desktop,United States
6772419843051184934,1,1,1046.0,17,301.0,(direct),desktop,Japan
6773197737992467786,1,1,434.2000000000001,26,1410.0,google,desktop,United States
6773504129316656025,1,1,1687.0,26,2082.0,(direct),desktop,United States
6774994701357708261,1,1,355.90000000000003,14,281.0,(direct),desktop,United States
6775926571390989746,1,1,775.6,40,1393.0,(direct),mobile,United States
6776660125553091121,2,2,831.8,25,571.5,(direct),desktop,United States
6777096292963112230,2,2,7640.6,102,1792.0,google,desktop,Canada
6779452888201593499,1,1,169.8,17,559.0,(direct),mobile,United States
6782547242974334702,1,1,508.6,41,688.0,google,desktop,United States
6784942703599802835,1,1,537.9,16,601.0,(direct),desktop,United States
6786029887137297772,1,1,869.9,15,548.0,(direct),desktop,United States
6788608757552402673,1,1,355.90000000000003,14,1092.0,(direct),desktop,United States
6793059858875608655,1,1,965.8,21,1164.0,(direct),desktop,United States
6793108534147288859,1,1,835.6999999999999,53,1401.0,(direct),desktop,United States
6794948187699910130,1,1,356.2,42,1584.0,(direct),desktop,United States
6797720832813064736,1,1,656.5999999999999,25,929.0,google,desktop,United States
6800222720402902812,1,1,224.8,14,484.0,(direct),mobile,United States
6802209883969763729,1,1,2360.6,24,838.0,(direct),desktop,United States
6803256328892941875,2,2,925.6,63,1077.5,(direct),desktop,United States
6803371393192136951,1,1,44.900000000000006,15,265.0,google,desktop,United States
6814131569143407041,1,1,7225.8,41,1209.0,google,desktop,United States
6816536410771579463,1,1,712.6999999999999,21,1170.0,(direct),desktop,United States
6817073554026572260,1,1,944.4,33,1658.0,google,mobile,United States
6818117303364696962,1,1,1641.6999999999998,29,455.0,(direct),desktop,United States
6820200829240883942,4,4,2387.6,62,332.75,(direct),desktop,United States
6821649352225770256,1,1,527.5,23,366.0,(direct),desktop,United States
6822029585974279558,1,1,547.6,13,1604.0,(direct),desktop,United States
6822760560564314761,1,1,469.9,10,343.0,(direct),desktop,United States
6823900200556222450,1,1,707.6999999999999,19,450.0,google,desktop,United States
6824018129168937782,1,1,2258.1,23,893.0,(direct),desktop,United States
6824514473807635978,1,1,809.5999999999999,29,508.0,(direct),desktop,United States
6827945352712857729,1,1,185.9,38,2283.0,(direct),desktop,United States
6832250540246266715,1,1,754.2,17,725.0,(direct),desktop,United States
6835707118991448680,1,1,165.9,14,382.0,google,desktop,United States
6836107306781208493,1,1,349.6,25,396.0,(direct),desktop,United States
6841461972455474576,1,1,600.0,21,718.0,(direct),desktop,United States
6843737679875735650,1,1,299.8,21,374.0,(direct),desktop,United States
6847022427590388886,1,1,4520.0,19,692.0,google,desktop,United States
6849604863010168468,2,2,8077.4,71,1391.5,(direct),desktop,United States
6849883907378511530,1,1,4101.5,15,786.0,google,desktop,United States
6850824417325260656,1,1,119.8,25,2312.0,google,desktop,United States
6854625627420702012,1,1,139.60000000000002,12,185.0,(direct),desktop,United States
6855059626391376341,1,1,881.7,16,849.0,(direct),desktop,United States
6855063825045549554,1,1,537.9,16,577.0,(direct),desktop,United States
6855973837181242337,1,1,1487.7,31,1223.0,(direct),desktop,United States
6857552977266709862,1,1,852.6999999999999,50,1696.0,google,mobile,United States
6858581199056101379,1,1,1042.5,46,1397.0,(direct),desktop,United States
6858857361782315379,1,1,579.9,18,460.0,(direct),desktop,United States
6859653115224439411,1,1,1145.6,11,247.0,(direct),desktop,United States
6860585506897324641,1,1,4480.0,38,1910.0,(direct),desktop,United States
6861967258484656845,1,1,696.5999999999999,29,938.0,(direct),desktop,United States
6865658404662117322,1,1,289.0,37,1075.0,google,desktop,United States
6866350473487025538,1,1,11982.0,15,786.0,(direct),desktop,Canada
6870007734084119438,1,1,257.7,32,1117.0,(direct),desktop,United States
6873140036612855431,2,2,11990.599999999999,83,997.0,google,desktop,United States
6877077844721170397,1,1,579.4,28,834.0,(direct),desktop,United States
6877088021237631458,1,1,1437.2,50,936.0,google,desktop,United States
6879336706336070910,1,7,12096.4,400,8872.0,mail.google.com,desktop,Venezuela
6879797551911709980,1,1,1179.7,35,1976.0,google,desktop,United States
6881445110889448504,1,1,1339.5,41,2901.0,(direct),desktop,United States
6883290744646769254,1,1,731.9,11,318.0,(direct),desktop,United States
6884119514914214806,1,1,619.4,47,2659.0,(direct),desktop,United States
6885840890081039756,1,1,1572.5,19,488.0,(direct),desktop,United States
6887277539694233275,1,1,1196.5,16,511.0,(direct),desktop,United States
6887689755860406789,1,1,1239.9,31,842.0,(direct),desktop,United States
6889995809478638827,1,1,419.9,16,2137.0,(direct),desktop,United States
6890419448387689000,1,1,385.8,15,520.0,(direct),desktop,United States
6894364758891151323,1,1,379.8,17,2191.0,(direct),desktop,United States
6894660104034700303,1,1,249.9,15,313.0,google,mobile,United States
6897167392084877746,1,1,609.9,11,881.0,(direct),desktop,Canada
6904415728032094280,2,2,749.9,19,169.0,(direct),desktop,United States
6908387488019906910,1,1,491.1,28,782.0,(direct),desktop,United States
6914629838067650341,1,1,609.9,25,680.0,(direct),desktop,United States
6915770645189353635,1,1,319.8,36,1261.0,(direct),desktop,United States
6915949574314968921,1,1,1345.1,22,1001.0,(direct),desktop,United States
6919310682813497265,1,1,179.89999999999998,16,428.0,google,mobile,United States
6925331235673331081,1,1,589.6,27,660.0,google,desktop,United States
6926784689598695134,1,1,1719.5,14,417.0,(direct),desktop,United States
6928471103546165344,1,1,509.3,16,642.0,(direct),desktop,Thailand
6929895101672210569,1,1,310.2,37,1961.0,(direct),desktop,United States
6931833927582821050,1,2,475.6,39,1311.0,(direct),desktop,United States
6932676135236054351,1,1,269.9,25,2740.0,google,desktop,United States
6932737592368590436,1,1,690.8,14,1452.0,google,desktop,United States
6933058408282272884,1,1,1106.9,17,704.0,(direct),desktop,United States
6933441494397777284,1,1,4124.0,28,1548.0,(direct),desktop,Australia
6939779416249682537,1,1,169.89999999999998,12,225.0,(direct),desktop,United States
6942073616379910924,1,1,493.7,27,883.0,(direct),desktop,United States
6942919918740453716,1,1,1289.1,42,1809.0,(direct),desktop,United States
6944288019130180719,4,4,3231.6,53,2341.75,(direct),desktop,United States
6946322182542883504,1,1,309.9,17,262.0,Partners,desktop,United States
6948465282529619891,1,1,373.0,20,3148.0,google,desktop,United States
6948798381192392858,1,1,3389.1000000000004,29,1121.0,google,desktop,United States
6954387213546558639,1,1,281.90000000000003,26,2492.0,(direct),desktop,United States
6957245643416321514,1,1,969.5,132,12136.0,google,desktop,United States
6958136256460936943,1,1,2576.5,22,318.0,(direct),desktop,United States
6958759408390889884,1,1,2373.7,24,554.0,google,desktop,United States
6961799001356572228,1,1,889.9,23,653.0,(direct),desktop,United States
6965694497277122070,1,2,1438.9,75,2048.0,(direct),desktop,United States
6966256087320527646,1,1,9175.0,57,1769.0,(direct),desktop,United States
6968323948324124881,1,1,289.9,21,994.0,google,tablet,United States
6970205212674699450,1,1,271.8,20,1563.0,(direct),desktop,United States
6974476474190004026,1,1,679.9,12,216.0,(direct),desktop,United States
6976087133861419230,1,1,639.9,15,169.0,(direct),mobile,United States
6979205517954044794,1,1,229.9,14,642.0,google,desktop,United States
6983400713632965044,2,2,2172.6,37,622.5,(direct),desktop,United States
6983412535696393860,1,1,165.9,25,625.0,(direct),desktop,United States
6984664807825476732,1,1,311.90000000000003,32,2389.0,(direct),desktop,United States
6984760030997730219,1,1,149.8,18,1007.0,google,tablet,United States
6986536761307654836,4,4,13008.9,159,1360.75,google,desktop,United States
6987303552830349046,1,1,4008.9,44,1174.0,google,desktop,United States
6995967173645019061,1,1,625.7,44,761.0,(direct),desktop,United States
6997260560132631354,1,1,669.4,25,1886.0,(direct),desktop,United States
6997840417339284915,1,1,289.9,15,281.0,google,mobile,United States
6998123451602955017,1,1,10577.8,19,506.0,(direct),desktop,United States
6999322279714294474,1,1,182.9,22,642.0,google,tablet,United States
7000708126985064854,1,1,1806.0,19,406.0,google,desktop,United States
7001424081538361044,1,1,4144.9,114,2610.0,(direct),desktop,United States
7003280874744810220,1,1,154.2,21,471.0,(direct),desktop,United States
7004942470658795502,1,1,382.8,24,921.0,google.com,mobile,United States
7006877722523825276,1,1,165.79999999999998,22,436.0,(direct),desktop,United States
7012131705583674177,2,2,3445.3,64,1876.0,(direct),desktop,United States
7013028488637904040,1,1,1307.5,22,824.0,google,mobile,United States
7015114588825898873,1,1,619.9,23,770.0,google,desktop,United States
7015807370739833242,1,1,165.9,30,582.0,(direct),desktop,United States
7017716009560683263,1,1,139.9,16,403.0,google,desktop,United States
7018780780971706346,1,1,201.9,13,223.0,(direct),desktop,United States
7021513890220777555,1,1,1067.7,12,284.0,(direct),desktop,United States
7023410125494623482,1,1,1309.4,37,609.0,(direct),desktop,United States
7024229681211664053,1,1,261.90000000000003,16,442.0,(direct),desktop,United States
7025060806675934744,1,1,389.8,12,558.0,(direct),desktop,United States
7032925674295119702,1,1,625.6,12,308.0,(direct),desktop,United States
7033370926590252579,1,2,1567.4,54,1422.0,(direct),desktop,United States
7034911966127672083,1,1,497.9,21,549.0,(direct),desktop,United States
7035655888631728269,1,1,665.6,48,898.0,(direct),desktop,United States
7038697118498459952,1,1,229.9,20,1487.0,google,desktop,United States
7039433056529738996,1,1,245.9,13,1972.0,(direct),desktop,United States
7039771343084259446,1,2,819.5,47,1330.0,google,desktop,United States
7039798105038339894,1,1,229.8,25,554.0,(direct),desktop,Canada
7040224635883969893,1,1,1205.3,26,560.0,(direct),desktop,United States
7040970537292451675,1,1,480.6,41,1918.0,google,desktop,United States
7041939324822632725,1,1,1649.8,23,1238.0,(direct),desktop,United States
7043500834350642684,1,1,499.8,37,1421.0,google,desktop,United States
7043818383887881308,1,1,89.80000000000001,14,280.0,google,desktop,United States
7044592028544350936,1,1,310.79999999999995,9,285.0,google,desktop,United States
7045327197067164006,1,1,309.8,22,1073.0,google,mobile,United States
7045858976815818278,1,1,365.9,10,503.0,(direct),desktop,United States
7046459416249489564,1,1,8564.0,23,402.0,(direct),desktop,United States
7048142789651941273,2,2,2863.9,22,787.5,(direct),desktop,United States
7048168030891512460,1,1,2287.5,13,391.0,(direct),desktop,United States
7048860667631832987,1,1,333.40000000000003,17,1638.0,(direct),desktop,United States
7053230033742909452,1,1,619.9,19,640.0,(direct),desktop,United States
7054256782754973251,1,1,259.8,18,340.0,google,desktop,United States
7054908618767753222,1,1,2149.4,39,1418.0,(direct),desktop,United States
7057439304075107628,1,1,989.5,20,692.0,(direct),desktop,United States
7061795919044528167,1,1,711.8000000000001,17,1038.0,(direct),desktop,United States
7063315126654210750,1,1,369.4,20,882.0,google,desktop,United States
7065662789249975422,1,1,859.5999999999999,21,430.0,(direct),desktop,United States
7065813466220804656,1,1,375.9,16,273.0,(direct),desktop,United States
7068061647475096007,1,1,703.8,22,957.0,(direct),desktop,United States
7075819454368142073,1,1,358.8,22,569.0,google,desktop,United States
7077546092404787998,2,2,2098.7,57,690.5,(direct),desktop,United States
7079315843944655334,1,1,319.9,23,412.0,(direct),desktop,United States
7080810108082424102,1,1,99.9,37,2846.0,(direct),mobile,United States
7081230071374452681,1,1,1984.7,28,652.0,google,desktop,United States
7085944502194983759,1,1,288.8,19,476.0,google,desktop,United States
7086888380462447340,1,1,239.9,32,996.0,google,mobile,United States
7089296120636038584,1,1,819.5,14,862.0,yahoo,desktop,United States
7089498775181839224,1,1,231.9,12,494.0,(direct),desktop,United States
7091796288058306768,1,1,441.8,19,558.0,(direct),desktop,United States
7093542318581071543,1,1,913.3,37,823.0,(direct),desktop,United States
7103110735556041594,1,1,432.4,24,1217.0,google,desktop,United States
7105031024714443566,1,1,786.8000000000001,14,625.0,(direct),desktop,United States
7105306279330502506,1,1,329.5,21,1110.0,google,desktop,United States
7108454213160487838,1,1,871.9,15,671.0,(direct),desktop,United States
7109067475137212038,1,1,365.9,20,1856.0,(direct),desktop,United States
7109365960506850158,1,1,332.5,29,694.0,google,desktop,United States
7110192560338601186,1,1,336.4,22,1819.0,(direct),desktop,United States
7111968133200925943,1,1,1059.9,13,259.0,google,mobile,United States
7112946707690589198,1,1,593.4000000000001,35,1025.0,dfa,desktop,United States
7113011772090059658,3,3,34634.1,170,3281.3333333333335,(direct),desktop,United States
7115504822552725751,1,1,457.7000000000001,24,710.0,(direct),desktop,United States
7115815619589342932,1,1,641.0,25,455.0,(direct),desktop,United States
7117209037706583763,1,1,15354.1,62,1510.0,(direct),desktop,United States
7118031954619805826,1,1,259.9,10,276.0,(direct),desktop,United States
7122506252281971882,1,1,702.6,11,720.0,(direct),desktop,United States
7125068043444176386,1,1,219.9,20,926.0,google,mobile,United States
7127403930925257863,1,1,573.6999999999999,28,848.0,(direct),desktop,United States
7128507522052528547,1,1,239.9,18,708.0,google.com,desktop,United States
7131571032267158042,1,1,1219.0,39,1577.0,google,desktop,United States
7131967515028010125,1,1,139.8,18,449.0,google,desktop,United States
7132015811944987714,1,1,2144.2,23,2549.0,dfa,desktop,United States
7137675061715531940,2,2,350.2,20,382.5,(direct),desktop,United States
7139467536826793752,1,1,1655.5,37,1939.0,(direct),desktop,United States
7139641432934028349,1,1,601.5999999999999,13,217.0,(direct),desktop,United States
7141139312225559597,1,1,2223.0,33,513.0,(direct),desktop,United States
7149956682519664200,1,1,499.9,33,696.0,(direct),desktop,United States
7152313806704388410,1,1,657.5,11,2076.0,(direct),desktop,United States
7161524936078300347,1,1,25.0,9,323.0,google,desktop,United States
7166449056011989823,1,1,289.9,17,242.0,google,desktop,United States
7168226225550508027,1,1,6029.099999999999,33,733.0,dfa,desktop,United States
7169974092956652971,1,1,442.0,26,2311.0,google,desktop,United States
7170833000891918188,1,1,93.7,24,868.0,(direct),desktop,United States
7171943038143298955,1,1,494.7,18,483.0,google,desktop,United States
7178918530572590590,1,1,585.6,27,418.0,(direct),desktop,United States
7179047375171047997,1,1,859.9,10,196.0,(direct),desktop,United States
7179885704608750434,1,1,405.9,10,234.0,groups.google.com,desktop,United States
7181128763936845788,1,1,4462.6,30,933.0,google,desktop,United States
7181633001164008604,1,1,545.7,28,728.0,(direct),desktop,United States
7183166419038940327,1,1,2513.1,18,641.0,(direct),desktop,United States
7183243391284715656,1,1,247.0,14,500.0,(direct),desktop,United States
7188768914363923661,1,1,489.8,21,625.0,(direct),desktop,United States
7194598190853071809,1,1,175.9,23,454.0,(direct),desktop,United States
7194697843629533346,1,1,1059.9,17,1407.0,google,desktop,United States
7196904589011879906,1,1,490.0,8,122.0,(direct),desktop,United States
7199611745811583535,1,1,4676.0,27,710.0,(direct),desktop,United States
7202541639275781517,1,1,221.9,25,2205.0,(direct),desktop,United States
7207269090239542768,1,1,191.9,16,901.0,(direct),desktop,United States
7211075105637086382,1,1,1213.9,54,3899.0,google,desktop,United States
7211254729136975568,1,1,737.8,29,949.0,(direct),desktop,United States
7213484590531142958,1,1,1808.5,22,883.0,(direct),desktop,United States
7215304408310414169,1,1,395.9,19,519.0,(direct),desktop,United States
7216832908334831114,1,1,165.9,16,428.0,google,desktop,United States
7220686449275700604,1,1,342.1,14,1036.0,(direct),desktop,United States
7224069720026489065,1,1,615.8,17,347.0,(direct),desktop,United States
7227131899750346684,1,1,229.9,50,2689.0,google,desktop,United States
7227600795388913830,1,1,2278.0,22,628.0,google,desktop,United States
7227604725376239031,1,1,185.9,16,359.0,(direct),desktop,United States
7228304059983177365,1,1,1198.3,85,5747.0,(direct),desktop,United States
7229994429253580812,2,2,639.7,32,954.0,(direct),mobile,United States
7230430554273149935,1,1,139.9,15,442.0,(direct),mobile,United States
7231437685885066535,1,1,731.8000000000001,14,1332.0,(direct),desktop,United States
7232030663207265797,1,1,334.0,17,1375.0,(direct),desktop,United States
7232068354296514443,1,1,583.6,12,496.0,google,desktop,United States
7234178212893913418,2,2,1340.8000000000002,42,871.5,google,desktop,United States
7236509216355448688,1,1,249.9,18,557.0,(direct),mobile,United States
7238649130733042064,1,1,2954.0,12,288.0,(direct),desktop,United States
7241918462963988042,1,2,681.8000000000001,27,1179.0,(direct),desktop,United States
7243174500774931832,1,1,309.8,23,608.0,google,desktop,United States
7245767536802426368,1,1,29.9,13,172.0,(direct),mobile,United States
7247213948842661209,1,1,1862.9,70,4642.0,(direct),desktop,United States
7248845288199471059,1,1,970.0,36,2735.0,(direct),desktop,United States
7249775005981823793,1,1,269.9,22,819.0,(direct),desktop,United States
7254480785524182260,1,1,1718.4,46,1189.0,google,desktop,United States
7256273857089897633,1,1,205.9,23,1882.0,(direct),desktop,United States
7256651340144904184,1,1,619.7,22,1525.0,google,desktop,United States
7258292850581755504,1,1,6203.0,35,926.0,google,desktop,United States
7259906781649779181,1,1,3928.9,8,126.0,google,desktop,United States
7261302704200810675,1,1,9785.9,55,500.0,(direct),desktop,United States
7262804062389318230,1,1,334.0,64,2174.0,(direct),desktop,United States
7263427657913895507,1,1,1599.7,24,475.0,(direct),mobile,United States
7265361594035996306,1,1,281.8,11,418.0,(direct),desktop,United States
7266506425665550772,1,1,13105.9,31,1010.0,(direct),desktop,United States
7266739596439998508,4,4,3819.7,87,371.0,(direct),desktop,United States
7267624930982767347,1,1,161.9,11,824.0,(direct),desktop,United States
7268732315672412988,2,2,2304.8,62,1381.0,google,desktop,United States
7270080953464199743,1,1,1049.9,21,1034.0,(direct),desktop,United States
7273056780415192375,1,1,6417.5,47,3905.0,(direct),desktop,United States
7275146492710079917,1,1,259.9,13,1008.0,google,desktop,United States
7276513137825380307,1,1,187.9,22,949.0,(direct),desktop,United States
7278514590734130730,1,1,1006.7,33,726.0,(direct),desktop,United States
7282058185499112847,3,4,1360.5,75,890.6666666666666,(direct),desktop,United States
7282705298132684237,1,1,531.1,31,705.0,(direct),desktop,United States
7284107994229493297,1,1,119.9,27,1488.0,google,desktop,United States
7284466025557220497,3,3,50295.6,119,1287.6666666666667,(direct),desktop,United States
7284829827483975901,1,1,415.9,16,711.0,(direct),desktop,United States
7285581814755922222,1,1,1000.0,25,1131.0,(direct),desktop,United States
7288253836631073413,1,1,825.6999999999999,23,1012.0,(direct),desktop,United States
7288819554682048730,1,1,109.9,9,333.0,(direct),desktop,United States
7290041530133609917,2,2,1260.6999999999998,55,968.0,google,desktop,United States
7292686000022233408,1,1,2589.0,33,1754.0,(direct),mobile,United States
7292983953762980102,2,2,9527.0,35,451.5,(direct),desktop,United States
7296264109687715813,1,1,1258.0,20,386.0,(direct),desktop,United States
7298336494740484350,1,1,371.6,42,845.0,(direct),desktop,United States
7298416213438900925,2,2,2913.7,35,453.5,(direct),desktop,United States
7303461177926085857,1,1,1069.5,56,2497.0,google,desktop,Canada
7303793848128238288,1,1,259.9,18,453.0,(direct),desktop,United States
7308095176976751222,2,2,7006.4,27,561.5,(direct),desktop,United States
7308330363798605080,1,1,527.8,15,2456.0,google,desktop,United States
7311242886083854158,9,9,57266.299999999996,330,1119.111111111111,(direct),desktop,United States
7314335149820317906,1,1,1017.8,48,1014.0,(direct),desktop,United States
7316352846759466679,1,1,69.9,18,1139.0,google,desktop,United States
7316841871565144800,1,1,241.9,15,916.0,(direct),desktop,United States
7320316463607490470,2,2,159.8,32,576.0,(direct),desktop,United States
7321764593218311455,1,1,355.90000000000003,16,344.0,(direct),desktop,United States
7321815150833739774,1,1,229.9,22,1137.0,google,desktop,United States
7323947562520019941,2,2,359.5,73,2832.5,google,desktop,United States
7328092280392160838,1,1,239.9,9,156.0,google,mobile,United States
7331519147058730868,1,1,507.9,23,665.0,(direct),desktop,United States
7334131787094252765,1,1,703.5,55,1704.0,(direct),desktop,United States
7336999582235222237,1,1,687.6,33,2345.0,(direct),desktop,United States
7338051264625149881,1,1,284.8,19,304.0,(direct),desktop,United States
7338727505204882646,1,1,2667.5,15,541.0,(direct),desktop,United States
7344091753437822948,1,1,789.0,12,334.0,(direct),desktop,United States
7345128727363764298,1,1,701.8000000000001,18,397.0,(direct),desktop,United States
7347861354836730309,1,1,2435.0,16,436.0,(direct),desktop,United States
7347925447338164715,1,1,567.1,13,316.0,(direct),desktop,United States
7348166856129864850,1,1,109.8,23,521.0,google,desktop,United States
7350727860294658830,1,1,156.3,15,444.0,(direct),desktop,United States
7351811396250801209,1,1,832.9000000000001,23,590.0,(direct),desktop,United States
7353302216427585997,1,1,199.9,24,1051.0,(direct),mobile,United States
7354616878013161932,1,1,1427.5,13,426.0,google,desktop,United States
7355682969727116264,1,1,55.0,15,590.0,(direct),desktop,United States
7356046119944247540,1,1,542.8,33,1450.0,(direct),desktop,United States
7356917361593137850,1,1,189.9,18,1694.0,(direct),desktop,United States
7358793687985723141,1,1,560.1,33,741.0,(direct),desktop,United States
7361963700684002436,3,3,2066.9,76,730.3333333333334,(direct),desktop,United States
7365317501077088080,1,1,865.6,59,3067.0,(direct),desktop,United States
7366648314975511623,2,2,560.4,49,410.5,(direct),desktop,United States
7368502516910628581,1,1,199.9,21,1008.0,google,desktop,United States
7371041490532738587,1,1,705.1999999999999,23,490.0,(direct),desktop,United States
7372141474604813858,1,1,859.9,21,1768.0,(direct),desktop,United States
7376293826718831934,1,1,329.0,17,511.0,(direct),desktop,United States
7376304169676630885,1,1,131.9,15,452.0,(direct),desktop,United States
7376750587981554489,1,1,179.89999999999998,15,307.0,(direct),mobile,United States
7377189671853263468,1,2,1368.6,83,3342.0,google,desktop,United States
7382792588713799931,1,1,1723.3000000000002,60,2034.0,(direct),desktop,United States
7384954748824600324,1,1,1073.4,39,991.0,(direct),desktop,United States
7385533995680230366,1,1,239.9,19,744.0,(direct),desktop,United States
7387561254921039539,1,1,719.9,16,451.0,(direct),mobile,United States
7390358029425621068,1,1,59.900000000000006,20,2902.0,(direct),mobile,United States
7392395871123801400,1,1,149.70000000000002,18,384.0,(direct),desktop,United States
7394010699967893588,1,1,4258.5,10,373.0,(direct),desktop,United States
7395718173947720444,1,1,297.5,20,1511.0,(direct),desktop,United States
7396384706323570886,1,1,2159.4,30,991.0,google,mobile,United States
7401384748988164586,1,1,241.9,27,2855.0,(direct),desktop,United States
7402906360219067209,1,1,149.70000000000002,18,728.0,(direct),desktop,United States
7404450717900707917,1,1,249.9,18,1855.0,(direct),desktop,United States
7404717158530100525,1,1,409.7,14,523.0,(direct),desktop,United States
7405413901359579297,2,2,1107.7,37,1805.5,(direct),desktop,United States
7405717600950397747,1,1,279.9,36,990.0,(direct),desktop,United States
7406115845826379585,1,1,219.9,17,556.0,(direct),desktop,United States
7409109542465794166,1,1,499.1,20,746.0,(direct),desktop,United States
7409212089173005419,1,1,372.8,33,2404.0,google,tablet,United States
7412139697907599868,1,1,343.9,29,451.0,google,desktop,United States
7412384587534122484,1,1,1272.3,24,1549.0,google,desktop,United States
7412836405745272778,1,1,969.5,8,451.0,(direct),desktop,United States
7414253814451398004,1,1,449.9,16,357.0,(direct),desktop,United States
7417299995109631513,1,1,355.79999999999995,31,580.0,google,desktop,United States
7419167186572756753,1,1,1115.2,21,594.0,(direct),desktop,United States
7420043202908382961,1,1,209.9,25,922.0,google,desktop,United States
7420300501523012460,2,2,5801.1,133,3227.5,(direct),desktop,United States
7422291256198709098,1,1,457.7000000000001,14,374.0,(direct),desktop,United States
7422368085041338652,1,1,152.89999999999998,20,803.0,(direct),desktop,United States
7424654781881934440,1,1,49.900000000000006,17,414.0,google,desktop,United States
7426824311652962659,1,1,1695.6999999999998,75,1452.0,google,desktop,United States
7428770824061226835,1,1,850.8,37,1415.0,google,desktop,United States
7435052038545127483,2,2,5757.4,54,2026.5,(direct),desktop,United States
7438021961261408453,1,1,520.0,22,1836.0,(direct),desktop,United States
7441074498173829277,2,2,12117.2,46,766.5,google,desktop,United States
7443749709958085466,1,1,206.3,17,493.0,(direct),desktop,United States
7444340499297101269,1,1,307.4,12,299.0,(direct),desktop,United States
7445164027729340348,1,1,211.9,14,237.0,(direct),desktop,United States
7445235885559107095,4,4,25751.600000000002,64,812.5,(direct),desktop,United States
7447137895250670218,1,1,105.0,13,298.0,(direct),desktop,United States
7449855264846001419,1,1,2441.3,77,2533.0,(direct),desktop,United States
7451284399359627657,1,1,454.3,68,3498.0,google,desktop,Canada
7451784455034182787,1,1,424.8,23,747.0,plus.google.com,desktop,United States
7452591958167406113,1,1,129.60000000000002,30,847.0,(direct),desktop,United States
7453027015100594343,1,1,375.9,19,1620.0,(direct),desktop,United States
7454160401328902482,1,1,465.5,31,1582.0,google,desktop,United States
7454455828968667509,1,1,304.9,21,472.0,(direct),mobile,United States
7455554400123317161,1,1,135.9,18,990.0,(direct),desktop,United States
7457632959414021289,1,1,754.2,13,325.0,(direct),desktop,United States
7459944171076059050,1,1,299.40000000000003,12,283.0,google,mobile,United States
7462494643176224339,1,1,583.8000000000001,15,1605.0,(direct),desktop,United States
7463172420271311409,5,5,40548.6,229,1668.0,(direct),desktop,United States
7466690540565937255,1,1,403.8,13,676.0,(direct),mobile,United States
7467073874914897437,1,1,2377.1,25,805.0,google,desktop,United States
7469641396207188649,1,1,239.9,13,359.0,(direct),desktop,United States
7473469688253258626,1,1,399.8,15,368.0,google,desktop,United States
7474545646288919609,1,1,159.9,9,285.0,(direct),desktop,United States
7477203212403257765,1,1,109.8,21,683.0,(direct),desktop,United States
7477634267430924328,2,2,1135.1999999999998,75,1210.0,google,mobile,United States
7478106734160303595,1,1,829.9,23,775.0,(direct),desktop,United States
7481522828290694645,1,1,469.8,12,317.0,google,mobile,United States
7483600664917507409,1,1,2604.6,122,8369.0,(direct),desktop,United States
7486685229070363442,1,1,1192.7,43,1412.0,(direct),desktop,United States
7486736560158559443,1,1,1229.7,44,3380.0,google,desktop,United States
7487437966424965141,1,1,1310.0,24,1828.0,(direct),desktop,United States
7487628839720019888,1,1,199.9,18,374.0,(direct),desktop,United States
7488526074421709685,1,1,361.8,12,211.0,(direct),desktop,United States
7488710348710523001,1,1,707.0,43,1237.0,(direct),desktop,United States
7493980643592684383,1,1,184.9,16,800.0,google,desktop,United States
7495731308701213207,1,1,389.1,35,2073.0,google,mobile,United States
7495862194798259656,1,1,673.8,29,810.0,(direct),desktop,United States
7496201674620418944,1,1,355.90000000000003,10,135.0,sites.google.com,desktop,United States
7499829957338497070,1,1,384.1,35,2248.0,(direct),desktop,United States
7503558141544554377,1,1,119.7,19,546.0,(direct),desktop,United States
7505999967306814340,1,1,676.5,39,540.0,google,desktop,United States
7507699100891959218,1,1,1059.9,20,395.0,google,desktop,United States
7511533079690059775,1,1,1450.0,14,445.0,(direct),desktop,United States
7517029078565627714,1,1,189.9,20,643.0,google,desktop,United States
7517997316226476864,1,1,467.9,15,449.0,(direct),desktop,United States
7519685296264433379,1,1,629.9,63,2180.0,google,desktop,United States
7522971304903482159,1,1,395.9,15,638.0,(direct),desktop,United States
7524176002865422001,1,1,199.5,44,3036.0,(direct),desktop,United States
7526395005987843712,1,1,149.9,30,1980.0,google,desktop,United States
7528605281471957603,1,2,1335.0,40,1929.0,(direct),desktop,United States
7534668743180719090,1,1,1449.4,77,4584.0,(direct),desktop,United States
7535069229429628764,3,3,5862.5,74,666.6666666666666,google,desktop,Belgium
7539934390050787857,1,1,254.8,23,440.0,google,mobile,United States
7541330018561344090,1,1,889.9,27,692.0,(direct),desktop,United States
7545000103569508809,3,3,780.3,55,536.0,sites.google.com,desktop,United States
7545121588966245443,1,1,219.8,24,799.0,(direct),desktop,Canada
7545575276027340424,1,1,49.900000000000006,23,1292.0,(direct),desktop,United States
7545946848283492417,1,1,385.9,23,1237.0,(direct),desktop,United States
7547701694662050330,1,1,542.7,17,1035.0,google,desktop,United States
7548511681521037018,3,3,7258.4,81,1395.0,(direct),desktop,United States
7549018693147139629,1,1,1544.3000000000002,26,524.0,google,desktop,United States
7550860860945022922,1,1,851.9,16,400.0,google,desktop,United States
7552589182628406304,1,1,1289.9,15,593.0,google,desktop,United States
7559237002238167612,1,1,405.9,23,2703.0,(direct),desktop,United States
7559458489771407786,1,1,99.9,14,1672.0,google,desktop,United States
7561014297963838461,3,7,8996.4,253,3523.0,google,desktop,Venezuela
7561249229459674065,1,1,219.9,24,733.0,google,desktop,United States
7565550967344737972,1,1,365.9,22,353.0,mail.google.com,desktop,United States
7565764107128651335,1,1,229.8,27,931.0,(direct),mobile,United States
7567817112637547239,2,4,2931.6,52,1433.0,google,desktop,United States
7574410263456433105,1,1,3230.0,44,847.0,google,desktop,United States
7576219858086855027,1,1,219.7,22,710.0,google,mobile,United States
7576412479791634134,2,2,783.4,42,602.5,google,desktop,United States
7579284721829818358,1,1,878.0,23,1267.0,(direct),desktop,United States
7581944643988473648,1,1,369.9,13,299.0,google,desktop,United States
7585321373986269779,1,1,589.8,20,658.0,google,desktop,Brazil
7588981130462792361,2,2,794.7,52,1271.0,(direct),desktop,United States
7589140490994660050,2,2,1465.8000000000002,28,392.0,(direct),desktop,United States
7591955684159608805,1,1,482.9,48,1752.0,(direct),desktop,United States
7594157089401877562,2,2,571.8,44,860.5,(direct),desktop,United States
7594910457176925161,1,1,2298.5,20,549.0,(direct),desktop,United States
7597832944990027750,1,1,429.9,19,838.0,(direct),desktop,United States
7602795446904794008,1,1,580.0,18,505.0,google,desktop,Switzerland
7606335731603327424,2,2,477.70000000000005,52,1023.5,(direct),desktop,United States
7608996347103620557,1,1,675.9000000000001,14,476.0,(direct),desktop,United States
7622430498708873807,1,1,419.8,27,761.0,(direct),desktop,United States
7623467057602509357,1,1,865.3,30,3126.0,(direct),desktop,United States
7624531134410931401,1,1,1279.7,33,2024.0,google,mobile,United States
7626008159205100378,1,1,649.9,20,395.0,google,desktop,United States
7626451325930281264,1,1,2215.5,48,1272.0,(direct),desktop,United States
7627090613587216352,1,1,1550.3,18,966.0,(direct),desktop,United States
7633401264222322898,1,1,849.9,22,433.0,(direct),desktop,United States
7633475394444208361,1,1,1037.8,48,1549.0,google,desktop,United States
7634897085866546110,1,1,320.0,27,566.0,(direct),desktop,United States
7635012716697544709,1,1,179.89999999999998,11,150.0,google,mobile,United States
7637038443893798015,1,1,189.9,17,283.0,(direct),desktop,United States
7637583730181533171,1,1,369.7,19,1868.0,(direct),desktop,United States
7638200261989402480,1,1,4331.0,16,721.0,(direct),desktop,United States
7638336411447332495,2,3,19700.1,145,1558.0,(direct),desktop,United States
7640844068811990915,1,1,5250.0,20,530.0,(direct),desktop,United States
7642599988772992308,2,2,915.3999999999999,36,668.5,(direct),desktop,United States
7646951145864334861,1,1,209.8,31,1552.0,google,desktop,United States
7647399051164881931,1,1,953.8,28,1227.0,(direct),desktop,United States
7647458799254065971,1,1,425.8,41,1382.0,(direct),desktop,United States
7650573166348333190,1,1,292.2,15,451.0,(direct),desktop,United States
7651073139895028250,2,2,2341.3,31,321.0,(direct),desktop,United States
7652124468815517106,1,1,2458.6000000000004,13,373.0,google,desktop,United States
7653600583827596196,1,1,473.6,21,768.0,(direct),desktop,United States
7656154866854274850,1,1,107.8,14,347.0,(direct),desktop,United States
7656166664902363407,1,1,439.8,16,365.0,(direct),desktop,United States
7658192084720685827,1,1,229.9,13,344.0,(direct),desktop,United States
7665584448967359272,1,1,223.8,37,2255.0,google,desktop,United States
7670063553528001131,1,1,439.8,31,865.0,google,desktop,United States
7671147450962713082,1,1,721.8000000000001,31,2410.0,(direct),desktop,United States
7671938929886422316,1,1,760.3,37,1745.0,(direct),desktop,United States
7675869407000236910,1,2,7092.799999999999,128,2633.0,(direct),desktop,United States
7691826110185211654,1,1,475.2000000000001,21,2494.0,google,desktop,United States
7691884507775578651,1,1,279.8,14,748.0,google,desktop,United States
7695578750853411684,1,1,4880.299999999999,58,1602.0,(direct),desktop,United States
7696973731640073168,1,1,865.3,45,723.0,(direct),desktop,United States
7697210138804043868,2,2,989.3000000000001,35,702.0,(direct),desktop,United States
7697599973738347494,1,1,109.8,17,1127.0,google,desktop,United States
7701571111733834937,1,1,5552.0,33,3281.0,(direct),desktop,United States
7701613595320832147,3,3,22181.0,118,1967.0,(direct),desktop,United States
7703634562564929325,1,1,1999.3,42,1140.0,dfa,mobile,United States
7704158452522194564,1,1,169.89999999999998,19,1386.0,google,desktop,United States
7704838802929652478,1,1,1055.6999999999998,25,507.0,google,desktop,United States
7706423253523283738,1,1,2245.0,23,1407.0,(direct),desktop,United States
7708630394810651470,1,1,339.7,38,752.0,(direct),desktop,United States
7709616629393983673,1,1,55.0,19,603.0,google,mobile,United States
7710274785859342861,1,1,69.9,11,479.0,google,desktop,United States
7713012430069756739,1,12,13196.3,176,3465.0,google,desktop,United States
7716901533486555071,1,1,377.8,22,754.0,(direct),desktop,United States
7717237857998968115,1,1,1589.7,22,442.0,google,desktop,United States
7723283988655524549,1,1,1423.6,22,675.0,(direct),desktop,United States
7724099657846251773,1,1,427.7000000000001,30,2485.0,(direct),desktop,United States
7725596392985025022,1,1,397.8,17,806.0,google,desktop,United States
7725691113815221366,1,1,186.3,12,251.0,(direct),desktop,United States
7727831218148659507,1,1,2609.4,22,1340.0,(direct),desktop,United States
7729298327600931364,1,1,1194.5,30,2180.0,google,desktop,United States
7730778110265788269,1,1,692.6,17,1026.0,(direct),desktop,United States
7731162068091223593,1,1,181.9,22,502.0,(direct),desktop,United States
7732090134568997347,1,1,721.8000000000001,17,827.0,(direct),desktop,United States
7736543262187152126,1,1,484.9,26,799.0,(direct),desktop,United States
7738303201145232755,1,1,203.9,26,537.0,(direct),desktop,United States
7741904137426649634,1,1,323.0,28,783.0,(direct),desktop,United States
7742753003683875687,1,1,817.8,26,617.0,(direct),desktop,United States
7745913892709272663,2,2,582.8,38,2287.0,google,desktop,(not set)
7750057450092176618,1,1,2015.6,40,3370.0,(direct),desktop,United States
7750340404205493317,1,1,49.900000000000006,14,364.0,google,desktop,United States
7753883779576218882,1,1,1079.5,16,165.0,(direct),desktop,United States
7755051258981673515,1,1,1145.3,23,1180.0,(direct),desktop,United States
7757258715868835564,1,1,549.5,10,470.0,(direct),desktop,Venezuela
7757589561918883331,1,1,1009.9,47,3486.0,google,desktop,United States
7761232105915490480,1,1,239.8,22,473.0,(direct),desktop,United States
7761592310264777592,1,1,3523.0,15,503.0,(direct),desktop,United States
7767487111812238597,1,1,1459.3000000000002,34,1714.0,google,desktop,United States
7770933674059715179,3,3,1697.3000000000002,41,1005.6666666666666,(direct),desktop,United States
7771285007340524144,1,1,304.3,11,212.0,(direct),desktop,United States
7771380615067157220,1,1,254.8,16,354.0,google,desktop,United States
7778824028479625662,1,1,689.8000000000001,18,1318.0,(direct),desktop,United States
7782965489086957079,2,2,5681.0,28,803.0,(direct),desktop,United States
7783483124481840961,1,1,3210.0,11,515.0,(direct),desktop,United States
7786496751068018925,1,1,340.5,26,766.0,(direct),desktop,United States
7787440954328108933,1,1,914.8,39,3291.0,google,desktop,United States
7788388085759905895,1,1,2436.0,16,183.0,sites.google.com,desktop,United States
7793160829626238821,1,1,849.9,31,838.0,(direct),desktop,United States
7797161228996458724,1,1,202.7,33,760.0,google,desktop,United States
7802787655834834739,1,1,259.9,21,1288.0,google,mobile,United States
7803437096506812413,1,1,8771.5,46,6850.0,google,desktop,United States
7804796494256061450,2,2,543.8,89,1854.0,dfa,mobile,United States
7806950251446529341,1,1,1052.1,7,307.0,groups.google.com,desktop,United States
7807217189456163612,1,1,329.5,35,1253.0,(direct),desktop,United States
7811787934602942622,3,3,220.0,34,843.6666666666666,(direct),desktop,Canada
7812169483646384233,1,1,249.7,26,805.0,google,desktop,United States
7813149961404844386,30,32,26971.5,435,647.8333333333334,(direct),desktop,United States
7813186643472514760,2,2,1788.7,39,421.5,(direct),desktop,United States
7818622582367990484,1,1,1089.9,12,238.0,(direct),desktop,United States
7822178141511453911,2,2,11556.0,16,143.0,(direct),desktop,United States
7822986627298496483,1,1,259.9,27,672.0,google,desktop,United States
7824102392765552707,1,1,2072.8,27,1602.0,(direct),desktop,United States
7824759881998320555,1,1,362.8,21,1084.0,google,desktop,United States
7828035665151307766,1,1,221.9,13,307.0,(direct),desktop,United States
7834164711977044454,1,1,603.8000000000001,58,1304.0,google,desktop,United States
7834245291980769625,1,1,383.9,16,613.0,(direct),desktop,United States
7836922432734266850,1,1,162.89999999999998,15,371.0,google,desktop,United States
7839731383337024710,1,1,109.9,11,248.0,(direct),mobile,United States
7841078781730568178,1,1,599.6,17,1969.0,(direct),desktop,United States
7841732003589019800,1,1,1526.6999999999998,40,991.0,(direct),desktop,United States
7843562488071473206,1,1,1178.0,9,231.0,(direct),desktop,United States
7844285640302688026,1,1,139.8,48,2278.0,(direct),desktop,United States
7845967413109542320,2,2,3259.4000000000005,54,853.0,(direct),desktop,United States
7846265776310082337,1,1,159.9,12,229.0,google,desktop,United States
7847878753909959497,1,1,241.9,19,1623.0,google,desktop,United States
7853124250162225215,1,1,599.9,30,571.0,google,desktop,United States
7855520906498401439,2,2,1559.6,57,1336.0,(direct),mobile,United States
7857488410437380421,1,1,489.7,48,2528.0,(direct),desktop,United States
7859759557446158559,1,1,1310.6,35,2212.0,google,desktop,United States
7861268750444370687,1,1,485.6,29,1273.0,(direct),desktop,United States
7862709801346463450,1,1,3085.0,16,531.0,(direct),desktop,United States
7864177582545842880,1,1,2190.6,28,527.0,google,desktop,United States
7865812508027554896,1,1,370.5,24,802.0,(direct),desktop,United States
7866268239897048336,1,2,1203.8,31,1566.0,(direct),desktop,United States
7867882247088163383,1,2,1568.1999999999998,50,1553.0,(direct),desktop,Sweden
7870849325324206691,1,1,259.9,20,339.0,(direct),desktop,United States
7871079031879063569,1,1,578.3,16,263.0,google,desktop,United States
7872935762023823952,1,1,2348.7,28,826.0,google,desktop,United States
7873937527041182412,1,1,1274.0,29,3198.0,(direct),desktop,United States
7875893829613781625,1,1,355.90000000000003,18,899.0,(direct),desktop,United States
7876109297899909726,1,1,339.79999999999995,16,600.0,(direct),desktop,United States
7877039778064211316,1,1,29.9,13,630.0,google,desktop,United States
7878351670032839098,2,2,1159.8000000000002,58,1620.5,google,desktop,United States
7879290112537608883,1,1,281.70000000000005,9,135.0,(direct),desktop,United States
7880178108492772399,1,1,995.5,37,1338.0,dfa,desktop,United States
7884800380653018929,1,1,1200.5,29,1784.0,(direct),desktop,United States
7886298582663945846,1,1,271.8,20,564.0,google,desktop,United States
7890966908162899673,1,1,861.9,20,622.0,(direct),desktop,United States
7898871805036704666,1,1,582.0,30,878.0,(direct),desktop,United States
7900214462329441890,1,1,553.9,39,2352.0,google,desktop,United States
7902252986541229075,2,2,1319.7,24,978.5,google,mobile,United States
7908307514083563203,1,1,1248.9,27,491.0,(direct),desktop,United States
7908882748835077246,1,1,371.8,49,1033.0,(direct),desktop,United States
7908892250153476680,1,1,265.9,20,400.0,google,desktop,United States
7910024669087314685,1,1,1487.0,16,676.0,(direct),desktop,United States
7911961580493101960,1,1,165.6,31,537.0,(direct),desktop,United States
7914594983424284090,1,1,739.8000000000001,25,605.0,dfa,desktop,United States
7917822451855985643,1,1,331.5,25,710.0,(direct),desktop,United States
7921241728788576695,1,1,459.7,15,456.0,(direct),desktop,United States
7921624807402363638,1,1,1553.7,16,581.0,(direct),desktop,United States
7923717574756069195,1,1,219.9,13,367.0,google,mobile,United States
7930731506451371847,1,1,209.9,23,1208.0,(direct),desktop,United States
7933171750259720017,2,2,3894.6,114,3673.0,google,desktop,United States
7935549301309973853,1,1,211.9,16,237.0,(direct),desktop,United States
7936166614949878797,1,1,517.9,13,262.0,(direct),desktop,United States
7939195923933153052,1,1,355.90000000000003,24,821.0,(direct),desktop,United States
7939213367478794488,1,1,1469.9,11,692.0,(direct),desktop,United States
7939552270525180888,1,2,228.6,18,741.0,(direct),desktop,United States
7939722678554181163,1,1,282.5,14,491.0,(direct),desktop,United States
7942338055212909628,1,1,564.9,12,295.0,google,desktop,United States
7945508458206701256,1,1,241.9,24,427.0,(direct),desktop,United States
7946697392929480488,1,1,1898.4,50,1474.0,(direct),desktop,United States
7947262115800453109,1,1,767.4,17,600.0,(direct),desktop,United States
7947697374901279912,1,1,172.89999999999998,13,552.0,google,mobile,Canada
7949830908055384624,1,1,2467.7000000000003,15,1578.0,(direct),desktop,United States
7954367393399826900,2,2,366.2,35,1364.0,(direct),desktop,United States
7955265300701242032,1,1,179.8,12,612.0,(direct),mobile,United States
7956245656986449961,2,2,5172.5,39,626.0,(direct),desktop,United States
7964990028393230257,1,1,269.8,32,2504.0,google,tablet,United States
7966024019355321644,1,1,1153.3,29,633.0,(direct),desktop,United States
7970246388355187791,1,1,380.0,34,716.0,google,desktop,United States
7970882488065232755,1,1,900.1999999999999,32,1871.0,(direct),desktop,United States
7971854024765192624,1,1,789.2,30,969.0,google,desktop,United States
7971899755212526545,1,1,215.9,21,959.0,(direct),desktop,United States
7974559694020168451,1,1,260.0,16,282.0,google,desktop,United States
7974747290395913881,1,1,2888.5,20,659.0,(direct),desktop,United States
7976621551830058686,1,1,519.7,35,1613.0,yahoo,desktop,United States
7979010430069561046,1,1,144.9,68,5134.0,google,desktop,United States
7982627573451336069,1,1,189.9,17,780.0,(direct),tablet,United States
7984761365552483293,1,1,3517.9,18,466.0,(direct),desktop,United States
7985347873719599013,1,1,239.7,31,706.0,google,desktop,United States
7985615137097388464,1,1,339.90000000000003,16,488.0,(direct),desktop,United States
7999804494517330141,1,1,1326.6,25,708.0,google,desktop,United States
8002426910576120967,1,1,189.9,11,258.0,(direct),mobile,United States
8003711571072690789,1,1,463.8,20,469.0,(direct),desktop,United States
8004174355462183209,1,1,609.7,23,1137.0,google,desktop,Ecuador
8004196057645719276,1,1,473.7,18,411.0,(direct),desktop,United States
8005660040592987731,1,1,297.8,26,842.0,(direct),desktop,United States
8005996482635469170,1,1,202.0,21,2417.0,(direct),desktop,United States
8006404712306518616,1,1,529.7,10,389.0,google,desktop,United States
8007463966328729062,1,1,245.9,29,2458.0,(direct),desktop,United States
8007564628670829915,1,1,2965.0,32,818.0,(direct),desktop,United States
8008212076718860277,1,1,1222.8,28,3903.0,(direct),desktop,Kuwait
8008641986881155629,1,1,517.9,17,242.0,(direct),desktop,United States
8009185599443907717,1,1,212.9,13,540.0,google,desktop,United States
8010010692264835422,1,1,219.9,36,1178.0,google,desktop,United States
8010576269203179764,1,1,209.9,14,375.0,(direct),mobile,United States
8010758488625619131,1,1,192.9,15,1847.0,(direct),mobile,United States
8010924216301401271,1,1,963.8,31,752.0,(direct),desktop,United States
8012063331203949252,1,1,209.9,10,278.0,google,mobile,United States
8013293722895490429,1,1,385.9,11,241.0,(direct),desktop,United States
8013820676715807864,1,1,361.8,34,1321.0,(direct),desktop,United States
8013949568772685376,1,1,319.8,17,830.0,google,desktop,United States
8016003971239765913,1,2,1319.6,106,3316.0,(direct),desktop,United States
8017023262781664041,1,1,211.7,23,1717.0,(direct),desktop,United States
8017527495949351517,1,1,139.8,20,678.0,bing,desktop,United States
8021466760366947417,1,1,119.9,11,791.0,(direct),tablet,United States
8021812938751479108,2,2,1096.8999999999999,93,1800.5,(direct),desktop,United States
8021862140607876556,1,1,680.5,48,1022.0,(direct),desktop,United States
8022178122812724446,1,1,471.0,17,484.0,(direct),desktop,United States
8025955470222388064,1,1,395.9,13,866.0,(direct),desktop,United States
8028246032728562106,1,1,29.9,13,531.0,google,desktop,United States
8031899498943781745,1,1,719.2,39,833.0,(direct),desktop,United States
8031999310239628131,1,1,3177.6,14,467.0,google,desktop,United States
8039691484832064792,2,2,1029.5,36,739.0,(direct),desktop,United States
8040137666683755877,1,1,437.9,17,501.0,(direct),desktop,United States
8043915706646697572,1,1,559.7,13,214.0,(direct),desktop,United States
8044382674941310486,1,1,3098.0,15,1077.0,(direct),desktop,United States
8045269004501879316,1,1,489.7,12,404.0,google,desktop,United States
8046340312937401767,1,1,289.7,41,2171.0,google,desktop,United States
8048940618687997612,1,1,849.5,38,1838.0,google,desktop,United States
8049218142229066555,1,1,395.9,12,442.0,(direct),desktop,United States
8050215728371627574,1,1,1069.9,16,648.0,(direct),desktop,United States
8051330666155148777,1,1,9053.0,59,1913.0,(direct),desktop,United States
8053221637100558472,1,1,145.9,20,331.0,(direct),desktop,United States
8053647597306727204,1,1,385.9,12,275.0,(direct),desktop,United States
8056549664540866656,1,1,507.9,16,470.0,(direct),desktop,United States
8057532275605267740,1,1,657.8,35,828.0,google,desktop,United States
8057866608589119200,1,1,177.8,28,1138.0,(direct),desktop,United States
8064218130870190860,1,1,875.0,27,1450.0,(direct),desktop,United States
8064625150033508396,1,1,1411.5,46,1741.0,(direct),desktop,United States
8064977824443969181,1,1,374.8,40,1047.0,(direct),mobile,United States
8070491504211007857,1,1,279.9,21,612.0,(direct),mobile,United States
8072259894939566931,1,1,183.8,19,466.0,(direct),desktop,United States
8076506950151787875,1,1,413.8,61,3560.0,(direct),desktop,United States
8084104839232710920,1,1,459.8,33,1456.0,(direct),desktop,United States
8086463065346141262,1,1,529.6,65,2558.0,siliconvalley.about.com,desktop,United States
8091819011425358061,1,1,1111.4,44,4902.0,(direct),desktop,United States
8092136662808852323,2,2,6102.000000000001,37,481.5,(direct),desktop,United States
8099100389239339471,1,1,629.7,23,867.0,(direct),desktop,United States
8100515448851904856,1,1,411.7000000000001,14,267.0,(direct),desktop,United States
8100569458779902192,1,1,403.1,35,676.0,(direct),desktop,United States
8100631432407926233,2,2,2690.3,85,1468.0,(direct),desktop,United States
8101107214208089371,2,2,2229.6,22,201.5,(direct),mobile,United States
8101430633758381310,1,1,1349.6,33,1681.0,(direct),mobile,United States
8108485834336096648,1,1,276.90000000000003,20,420.0,(direct),desktop,United States
8119248827866217059,1,1,278.8,34,1025.0,(direct),desktop,United States
8122301832779303001,1,2,3588.4,32,987.0,(direct),desktop,United States
8122366843389255502,1,1,549.0,19,502.0,google,desktop,United States
8130587090166604598,1,1,465.9,10,184.0,(direct),desktop,United States
8130967170149576800,1,1,1567.5,9,217.0,(direct),desktop,United States
8131657665328866600,1,1,1721.0,54,1833.0,(direct),desktop,United States
8131817196837005031,1,1,289.9,13,240.0,google,desktop,United States
8133234491242505022,2,2,991.0999999999999,36,562.5,(direct),desktop,United States
8134457531307751744,1,1,279.9,21,632.0,(direct),desktop,United States
8135224127864726768,1,1,409.9,20,1813.0,(direct),tablet,United States
8136695157497866307,1,1,889.9,66,2252.0,(direct),desktop,United States
8140584468135962727,1,1,469.8,20,1041.0,google,mobile,United States
8142635325699708577,1,1,2299.7,20,497.0,google,mobile,United States
8146644046556936641,1,1,211.9,26,928.0,(direct),desktop,United States
8147175075790536758,1,1,649.3000000000001,40,1434.0,google,desktop,United States
8149619824926013783,1,1,209.8,19,497.0,(direct),mobile,United States
8149979272084433494,1,1,109.9,14,711.0,(direct),mobile,United States
8151349247637576196,2,2,3209.9,44,711.5,(direct),desktop,United States
8151896772745241193,1,1,1372.0,36,1318.0,google,mobile,United States
8151988731272450660,1,1,571.8,48,2305.0,(direct),desktop,United States
8153111037173030058,1,1,239.9,14,363.0,(direct),desktop,United States
8154133792067968045,1,1,91.8,24,539.0,(direct),desktop,United States
8154318582372771955,1,1,269.9,23,666.0,google,desktop,United States
8154924519171024692,1,1,841.9,25,1058.0,(direct),desktop,United States
8155859003876028076,1,1,229.9,14,614.0,(direct),desktop,United States
8156693537451506265,1,1,2364.5,26,637.0,(direct),desktop,United States
8160024468956674004,1,1,1401.4,22,1473.0,google,desktop,United States
8160051185492681700,2,2,839.6,31,353.5,(direct),desktop,United States
8161117182595468101,1,1,456.1,10,699.0,(direct),desktop,United States
8163699947659294653,1,1,629.9,13,772.0,(direct),desktop,United States
8168437595738289713,1,1,1049.9,12,348.0,google,mobile,United States
8176423825601532068,1,1,529.9,24,1435.0,(direct),desktop,United States
8180992226439641389,1,1,249.4,36,781.0,(direct),desktop,Canada
8183327679520713401,1,1,229.9,23,834.0,(direct),desktop,United States
8184421504690024643,1,1,345.90000000000003,17,1111.0,(direct),desktop,United States
8185162201902372556,1,1,243.8,12,517.0,google,desktop,United States
8188622413153223313,1,1,365.9,18,1010.0,groups.google.com,desktop,United States
8192111433963330892,1,1,607.3,34,1709.0,(direct),desktop,United States
8194948038979976753,1,1,3536.1000000000004,19,396.0,(direct),desktop,United States
8195115218682006813,1,1,249.9,24,1394.0,google,mobile,United States
8195647791855576548,1,1,269.9,16,307.0,google,desktop,United States
8197879643797712877,7,7,30413.1,337,2039.2857142857142,google,desktop,United States
8198644197116666636,1,1,691.8000000000001,12,599.0,(direct),desktop,United States
8198803929635342057,1,1,239.9,14,1678.0,google,tablet,United States
8199640753422534996,1,1,124.8,33,842.0,l.facebook.com,desktop,United States
8200024559872067967,1,1,385.9,14,297.0,groups.google.com,desktop,Ireland
8200223105926163583,3,3,5295.200000000001,95,622.0,google,desktop,United States
8201898397843285921,1,1,415.7,20,754.0,google,desktop,United States
8202033545025881863,1,1,249.8,10,579.0,(direct),mobile,United States
8202388090302209552,1,1,1539.1,45,1285.0,(direct),desktop,United States
8202495144218667422,1,1,429.4,34,769.0,groups.google.com,desktop,United States
8203412351715832620,1,1,59.900000000000006,17,959.0,google,desktop,United States
8204948786772799314,1,1,4070.7,37,881.0,(direct),desktop,United States
8205269849536680674,1,1,423.8,15,326.0,(direct),desktop,United States
8206950109524998366,1,1,1067.8,17,487.0,(direct),desktop,United States
8207927310589023961,1,1,886.5999999999999,28,788.0,google,desktop,United States
8209858673242465448,1,1,1216.3,24,759.0,(direct),desktop,United States
8209866700423757600,1,1,1225.9,54,982.0,(direct),desktop,United States
8214456767333378973,1,1,1469.0,65,1287.0,(direct),desktop,United States
8219922685567782284,1,1,351.8,21,376.0,(direct),desktop,United States
8220211701749350854,1,1,103.9,15,266.0,(direct),desktop,United States
8229626512664616626,1,1,481.9,27,1044.0,(direct),desktop,United States
8230689683989624083,1,1,342.0,7,423.0,(direct),desktop,United States
8235813332821262003,1,1,159.8,28,1108.0,google,mobile,United States
8239546374178075911,1,1,318.2,19,456.0,google,desktop,United States
8239950188993198154,1,1,272.7,29,666.0,(direct),desktop,United States
8241534264339644155,1,1,439.9,15,352.0,(direct),tablet,United States
8242635814734201197,2,2,617.7,22,268.5,(direct),desktop,United States
8246185970156821721,1,1,730.0,14,473.0,google,desktop,United States
8247997741428369490,1,1,152.89999999999998,30,1052.0,google,mobile,United States
8250431010473509037,1,1,811.8000000000001,28,1640.0,(direct),desktop,United States
8253742246691621007,1,1,169.89999999999998,11,277.0,(direct),desktop,United States
8258605994436403442,1,1,13063.5,18,610.0,(direct),desktop,United States
8259756799557639912,1,1,202.9,24,3339.0,google,desktop,India
8261368202596858055,1,1,291.5,16,143.0,(direct),desktop,United States
8261782903617301297,1,1,655.9000000000001,8,379.0,(direct),desktop,United States
8263279530140831487,1,1,369.8,24,1420.0,(direct),desktop,United States
8264946937115630193,1,1,360.0,10,146.0,(direct),desktop,United States
8265320001557604227,1,1,139.9,11,595.0,(direct),desktop,United States
8271448463691293767,1,1,207.9,15,387.0,(direct),desktop,United States
8273781557413173066,1,1,239.8,27,568.0,google,desktop,United States
8274025609481813813,1,2,1859.5,29,1022.0,(direct),desktop,United States
8274198779829884845,1,1,275.79999999999995,13,278.0,(direct),desktop,United States
8274321599109591674,1,1,14550.0,17,2105.0,(direct),desktop,United States
8276434531874543884,1,1,985.7,41,1116.0,(direct),desktop,United States
8277644417832306861,1,1,205.0,18,479.0,(direct),mobile,United States
8277648855078565042,1,1,299.9,11,335.0,google,desktop,United States
8280304533450595822,2,2,739.4,83,1553.5,google,desktop,Taiwan
8281062230897695095,1,1,387.7000000000001,7,468.0,(direct),desktop,United States
8282958596112476816,1,1,341.9,13,452.0,(direct),desktop,United States
8284311607531582308,1,1,435.9,12,95.0,(direct),desktop,United States
8284519161511719385,1,1,389.8,24,349.0,(direct),desktop,United States
8284521095885214097,1,1,706.8000000000001,15,564.0,(direct),desktop,United States
8286582297172880189,2,2,2404.0,58,793.5,(direct),desktop,United States
8287144117447582539,1,1,1154.5,44,896.0,(direct),desktop,United States
8287454401511660857,1,1,364.1,16,619.0,(direct),desktop,United States
8299140226607408492,1,1,402.3,42,1387.0,(direct),desktop,United States
8299318210630907459,1,1,149.8,23,729.0,google,desktop,United States
8303034258831697366,1,1,659.9,16,396.0,(direct),desktop,United States
8303950448649190197,1,1,309.3,29,1641.0,google,desktop,Canada
8305324219354284523,1,1,856.7,37,6808.0,(direct),mobile,United States
8305810804832778221,1,1,2799.1000000000004,39,668.0,(direct),desktop,United States
8308144532481482080,1,1,384.7,25,953.0,google,desktop,United States
8312034469464405386,1,1,875.4000000000001,16,524.0,(direct),desktop,United States
8314880454483296591,1,1,311.90000000000003,13,333.0,(direct),desktop,United States
8317479792403140471,1,1,499.8,16,499.0,(direct),desktop,United States
8321566838784998459,1,1,190.0,18,412.0,google,mobile,United States
8322693232285500367,1,1,658.5,19,3294.0,(direct),desktop,United States
8323502191714564898,1,1,389.6,43,2771.0,google,desktop,United States
8325952063826402508,1,1,119.9,19,710.0,google,desktop,United States
8326216661433256672,1,1,479.9,10,232.0,google,desktop,United States
8329981880354676608,1,1,467.9,16,267.0,(direct),desktop,United States
8341750475034482580,1,1,219.9,28,751.0,google,desktop,United States
8342494724781210773,1,1,109.9,11,387.0,(direct),mobile,United States
8343235523660453315,1,1,653.5,43,620.0,(direct),desktop,United States
8345665415010586104,1,1,6525.0,8,190.0,(direct),desktop,United States
8346636224920881105,1,1,333.8,11,315.0,(direct),desktop,United States
8354297261063065972,1,1,509.5,39,865.0,facebook.com,desktop,United States
8355761719753398617,1,1,8400.5,19,1392.0,google,desktop,United States
8360090579788961221,1,1,777.0,23,454.0,(direct),desktop,United States
8361920675798597013,3,3,2661.2000000000003,49,718.3333333333334,google,desktop,United States
8362006336780022993,1,1,507.9,17,367.0,(direct),desktop,United States
8362548980861988572,1,1,713.8,35,558.0,google,desktop,United States
8363178793377014434,1,1,321.8,12,548.0,(direct),desktop,United States
8364082612050395902,1,1,545.6,10,438.0,(direct),desktop,United States
8373484914224526482,1,1,81.89999999999999,11,126.0,(direct),desktop,United States
8375075536798804409,1,1,869.9,24,825.0,(direct),desktop,United States
8376588599505232518,1,1,833.5,25,531.0,(direct),desktop,United States
8377041631259444171,1,1,458.0,28,1067.0,(direct),desktop,Belgium
8378544677792713974,1,1,215.9,20,424.0,google,desktop,United States
8382560140451028355,1,1,318.2,44,1267.0,google,desktop,United States
8386561909318064795,1,1,211.8,46,593.0,(direct),desktop,United States
8386920340998668390,1,1,765.8,16,1107.0,(direct),desktop,United States
8389503850023713567,1,1,4545.0,16,2411.0,google,desktop,United States
8390158103120899776,1,1,861.9,22,300.0,(direct),desktop,United States
8391920835379946793,1,1,535.6,27,807.0,(direct),desktop,United States
8395347447837292340,1,1,199.9,12,558.0,youtube.com,desktop,United States
8396381914798990516,1,1,279.9,22,890.0,(direct),desktop,United States
8398495866792940081,1,1,161.9,15,252.0,(direct),desktop,United States
8399546162159355177,1,1,414.7,32,919.0,(direct),desktop,United States
8401094161048767375,1,1,249.9,24,509.0,(direct),desktop,United States
8403870234646174771,1,1,185.9,16,966.0,(direct),desktop,United States
8404908998499788213,1,1,1547.6,35,865.0,google,desktop,United States
8406359927975063956,1,1,189.9,26,910.0,(direct),desktop,United States
8407892564585684135,1,1,315.79999999999995,19,607.0,(direct),desktop,Canada
8410351216723895628,1,1,499.7,73,4302.0,(direct),desktop,Australia
8410353231365247459,2,2,1559.4,38,676.0,(direct),desktop,United States
8420677006492094603,1,1,3060.0,18,805.0,(direct),desktop,United States
8421245050853915723,1,1,766.5999999999999,16,940.0,(direct),desktop,United States
8423222760928681011,1,1,269.9,26,701.0,(direct),desktop,United States
8428387378868441998,1,1,3073.4,39,671.0,dfa,desktop,United States
8430163495777040605,1,1,1067.6,13,885.0,(direct),desktop,United States
8434433458217392549,1,2,889.8000000000001,21,787.0,(direct),desktop,United States
8434622228747679141,2,3,861.6,49,473.0,(direct),desktop,United States
8436426603099391262,1,2,8211.4,56,2599.0,(direct),desktop,United States
8436822453341818983,1,1,699.8000000000001,35,732.0,(direct),desktop,United States
8439876649327753892,1,1,161.9,19,275.0,(direct),desktop,United States
8442346211640991096,1,1,209.9,18,925.0,google,desktop,United States
8443643406410739523,3,3,11016.199999999999,58,1261.0,google,desktop,United States
8444517007698550437,1,1,375.9,10,205.0,(direct),desktop,United States
8445452821576503914,1,1,332.8,12,189.0,google,desktop,United States
8452979952112356529,1,1,519.7,21,470.0,(direct),desktop,Hong Kong
8455273438163563940,1,1,409.8,22,991.0,bing,mobile,United States
8458146080792747296,1,1,2217.0,19,642.0,(direct),desktop,United States
8459417204266603118,1,1,769.9,21,896.0,(direct),desktop,United States
8466555030941163716,1,1,807.4,41,746.0,(direct),desktop,United States
8467075594022086226,1,1,545.7,33,3166.0,(direct),desktop,United States
8467482024221985291,1,1,983.1,52,1842.0,(direct),desktop,United States
8470869758522183123,1,1,268.8,38,1163.0,(direct),mobile,United States
8471635860223602848,1,1,393.9,14,378.0,(direct),desktop,United States
8477265213767844589,2,2,9535.0,24,636.0,(direct),desktop,United States
8478498564954638951,1,1,721.5,25,794.0,(direct),desktop,United States
8481119688738735207,1,1,439.9,15,807.0,(direct),desktop,United States
8482358096465271237,3,3,5591.5,134,1225.0,google,desktop,United States
8484431848057067080,1,1,4851.0,24,561.0,(direct),desktop,United States
8485421393652582878,2,3,15550.9,38,1143.0,(direct),desktop,United States
8487348999733948081,1,1,361.9,19,1248.0,google,desktop,United States
8487665150986176710,1,1,229.9,21,1229.0,google,mobile,United States
8489033194414810248,1,1,229.9,18,362.0,google,desktop,Chile
8493357153364319748,1,1,1463.1,13,491.0,google,desktop,United States
8495435396140444674,1,1,256.2,19,1469.0,(direct),desktop,United States
8496471110769354816,1,1,219.3,18,926.0,(direct),desktop,United States
8496641076182253278,1,1,345.79999999999995,23,937.0,google,desktop,United States
8501985399565493808,1,1,1037.7,21,936.0,google,desktop,United States
8503170994445052294,1,1,527.9,17,303.0,(direct),desktop,United States
8504210729882302627,1,1,1343.5,16,669.0,(direct),desktop,United States
8505849671977452585,1,1,204.7,32,914.0,(direct),desktop,United States
8510958331981092876,1,1,457.9,63,2918.0,(direct),desktop,United States
8516882506529991379,1,1,405.9,13,515.0,(direct),desktop,United States
8517640021399044163,1,1,5684.5,36,848.0,(direct),desktop,United States
8519577869545508855,2,2,626.0999999999999,57,889.5,(direct),desktop,United States
8520669029121182420,1,1,2099.5,92,4200.0,google,desktop,United States
8525552808729629890,1,1,249.9,25,387.0,(direct),desktop,United States
8526450853963599523,1,1,525.7,17,847.0,(direct),desktop,United States
8528637428767255034,1,1,604.3,19,755.0,(direct),desktop,United States
8528973034561269758,1,1,198.5,20,483.0,google,desktop,United States
8530723892127582602,1,1,614.9,28,690.0,google,desktop,United States
8532055883431477965,2,2,643.8,25,256.0,dfa,desktop,United States
8532593488057645523,1,2,1007.6,31,2017.0,(direct),desktop,United States
8539433516671325668,1,1,28770.0,17,1756.0,(direct),desktop,United States
8540688286241364465,1,1,292.9,34,997.0,google,mobile,United States
8542066801226157721,1,1,619.9,14,206.0,google,mobile,United States
8543869082820414205,1,1,1103.8,29,2534.0,(direct),desktop,United States
8544910212244329397,1,1,205.9,20,537.0,(direct),desktop,United States
8545209036610253088,1,1,705.9000000000001,23,812.0,(direct),desktop,United States
8551112991718773193,1,1,412.6,23,504.0,(direct),desktop,United States
8552849490437440861,1,1,123.9,19,1618.0,(direct),desktop,United States
8555060882924384609,1,1,197.8,51,1834.0,(direct),desktop,United States
8558475151840397703,1,1,1214.0,60,4371.0,(direct),desktop,United States
8561076636641751159,1,1,181.6,18,740.0,(direct),desktop,United States
8570638550632009628,1,1,1551.6,50,1878.0,(direct),desktop,United States
8572246047047081810,1,1,394.3,35,1137.0,(direct),desktop,United States
8573185463089844920,1,1,251.9,12,304.0,google,desktop,United States
8573628711430738315,1,1,510.0,18,494.0,(direct),desktop,United States
8574963214851619381,1,1,109.8,16,530.0,google,desktop,United States
8576181290100309449,1,1,413.3,29,2529.0,(direct),desktop,United States
8579647481420425960,1,1,2217.5,29,611.0,(direct),desktop,United States
8580690454272378006,1,1,599.9,23,697.0,(direct),desktop,United States
8590369633898567459,1,1,866.5,18,642.0,(direct),desktop,United States
8601291069934991536,1,1,167.89999999999998,12,545.0,(direct),desktop,United States
8607094794616630053,1,1,309.6,36,871.0,google,tablet,United States
8609096969354600531,1,1,219.9,16,415.0,google,mobile,United States
8611515155255472281,1,2,821.7,31,821.0,(direct),desktop,United States
8612048345358957540,2,2,1314.8,55,1624.5,(direct),desktop,United States
8615021998775763953,1,1,647.6,31,754.0,(direct),desktop,United States
8616482225109152227,1,1,1701.6,25,596.0,(direct),desktop,United States
8617743471212010127,1,1,449.9,12,329.0,(direct),desktop,United States
8619176562727195197,1,1,552.7,9,462.0,(direct),desktop,United States
8624185886173345427,1,1,141.9,23,1680.0,(direct),desktop,United States
8624665783694996927,1,1,49.900000000000006,10,96.0,(direct),desktop,United States
8628020817304393126,1,1,1525.6999999999998,25,588.0,(direct),desktop,United States
8635761956186400931,1,1,649.9,28,352.0,(direct),desktop,United States
8636734210084365159,1,1,4689.599999999999,45,3828.0,(direct),desktop,United States
8637126764947849416,1,1,10215.0,39,2730.0,(direct),desktop,United States
8637158932301658318,1,15,3820.0,139,3595.0,(direct),desktop,United States
8637646972279713218,1,1,1771.0,34,1098.0,(direct),desktop,United States
8638210956990977839,1,1,219.9,16,352.0,google,desktop,United States
8639551625314218823,1,1,503.1,55,1615.0,(direct),desktop,United States
8641796138378982634,1,1,1080.0,18,927.0,(direct),desktop,United States
8645618706223786939,1,1,89.80000000000001,15,261.0,(direct),desktop,United States
8651862803150633528,1,1,4270.0,15,481.0,google,desktop,United States
8652257213131315139,1,1,871.5,23,813.0,google,desktop,Saudi Arabia
8652691250363359598,2,4,1390.0,70,1792.0,(direct),desktop,United States
8653598771564353072,1,1,340.1,21,567.0,(direct),desktop,United States
8657427332734176422,5,5,5829.3,99,744.2,google,desktop,United States
8659538857931665839,1,1,1139.5,35,2161.0,(direct),desktop,United States
8666574866065841577,1,1,1209.6,51,1211.0,google,desktop,Saudi Arabia
8668902316036611419,1,1,348.5,19,444.0,(direct),desktop,United States
8669188840409334896,1,1,109.9,21,348.0,google,desktop,Mexico
8671741245048754342,1,2,492.0,51,4245.0,(direct),desktop,United States
8673797451868502971,2,2,1723.8000000000002,58,1000.5,(direct),desktop,United States
8674967480469977880,1,2,509.8,51,2935.0,google,desktop,United States
8676763420791275254,1,1,1444.4,20,1413.0,google,desktop,United States
8683067250916424276,1,1,164.1,17,678.0,(direct),desktop,United States
8683107895227989538,1,1,905.6,34,1269.0,(direct),desktop,United States
8687730117523423401,1,1,123.9,18,762.0,(direct),desktop,United States
8693174288442040841,1,1,219.9,30,1963.0,google,desktop,Brazil
8693462511450231969,1,1,1055.9,34,3170.0,google,desktop,United States
8694355452575545728,1,1,1129.8,21,750.0,google,desktop,United States
8696957377453802990,1,1,249.9,14,510.0,(direct),desktop,United States
8698140093733128307,1,1,179.89999999999998,17,330.0,google,desktop,United States
8704055191873808093,1,1,1829.0,24,1353.0,(direct),desktop,United States
8706346863273192844,1,1,269.9,17,1231.0,google,desktop,United States
8708542801178892943,1,1,673.8,21,648.0,(direct),desktop,United States
8708692061686223002,1,1,239.9,24,1350.0,(direct),desktop,United States
8710915219052042502,1,1,670.6,43,2291.0,(direct),desktop,United States
8713712358107522024,1,1,209.9,28,1812.0,(direct),mobile,United States
8714444733243039474,1,1,1515.6999999999998,24,664.0,(direct),desktop,United States
8715196944012266147,1,1,434.8,12,311.0,(direct),mobile,United States
8718443071348965186,1,1,621.7,8,254.0,google,desktop,United States
8718769444040470230,1,1,376.3,28,515.0,(direct),desktop,United States
8718806684615672297,1,1,139.8,16,899.0,google,desktop,United States
8719058463049309640,1,1,3153.8,27,840.0,(direct),desktop,United States
8719867302995619824,1,1,277.5,42,2719.0,(direct),desktop,United States
8720828592415489216,1,1,415.9,17,536.0,groups.google.com,desktop,United States
8721719977116949998,1,1,819.5999999999999,25,3129.0,google,mobile,United States
8722134795757149550,1,1,629.9,25,764.0,google,desktop,United States
8725233109591668563,1,1,405.9,13,180.0,plus.google.com,desktop,United States
8726427406034606152,1,1,331.9,22,1193.0,(direct),desktop,United States
8726813153683135107,2,2,1379.8,47,1497.5,(direct),desktop,United States
8726963264231955599,1,1,281.90000000000003,22,1750.0,(direct),desktop,United States
8728228319865882103,1,1,289.9,17,1122.0,google,desktop,United States
8730049851613891578,1,1,439.1,29,1859.0,(direct),desktop,United States
8730493892218660083,1,1,496.7000000000001,16,1114.0,(direct),desktop,United States
8734326510553351606,1,1,395.9,21,617.0,(direct),desktop,United States
8737287377964426748,1,1,459.8,21,700.0,google,desktop,United States
8737836949525079223,1,1,1208.5,43,1023.0,google,desktop,United States
8740219759835313049,1,1,1012.4,52,4554.0,(direct),desktop,United States
8743830704801425537,1,1,199.9,28,1600.0,(direct),mobile,United States
8744897619448167360,2,2,1156.3999999999999,34,665.0,(direct),desktop,United States
8749354080686070265,1,1,395.9,22,503.0,plus.google.com,desktop,United States
8753403136686920665,1,1,3730.4,31,1195.0,google,desktop,United States
8754452884191338331,1,1,2001.8,35,1554.0,(direct),desktop,United States
8757403953773731180,1,1,1119.8,44,743.0,yahoo,desktop,United States
8757627980689319217,1,1,523.6999999999999,69,2090.0,google,desktop,United States
8759765163513556904,1,1,419.5,28,792.0,(direct),desktop,United States
8761401299376451102,1,1,343.8,20,477.0,(direct),desktop,United States
8762203686823311307,1,1,169.89999999999998,19,495.0,google,mobile,United States
8764063470465485753,1,1,149.9,13,392.0,(direct),mobile,United States
8764097305653418346,2,2,1511.4,52,828.5,(direct),desktop,United States
8764312739486524799,1,1,271.90000000000003,14,647.0,(direct),desktop,United States
8767013027861401709,1,1,468.7,18,1571.0,google,desktop,United States
8767345170065465322,1,1,1009.9,22,1893.0,google,desktop,United States
8768941993503190593,1,1,344.7,29,629.0,(direct),mobile,United States
8769206328217001636,1,1,229.9,13,232.0,google,desktop,United States
8771334811414684214,1,1,269.9,26,1290.0,(direct),desktop,United States
8777213135454243540,1,1,269.9,59,2079.0,(direct),tablet,United States
8777961928768827238,1,1,1027.7,15,402.0,groups.google.com,desktop,United States
8778563943491859628,1,1,409.7,28,654.0,google,desktop,United States
8780445498294202074,1,1,411.8,26,1319.0,(direct),desktop,United States
8783898015767070689,1,1,329.7,19,1141.0,(direct),desktop,United States
8785104798900521933,1,1,509.7,31,1086.0,(direct),mobile,United States
8788548305613954215,1,1,1174.6,15,430.0,(direct),desktop,United States
8789089219161512447,1,1,259.9,14,942.0,google,mobile,United States
8790419059934322944,1,1,4306.4,29,849.0,(direct),desktop,United States
8793305437694814320,2,2,1390.5,32,667.5,(direct),desktop,United States
8793581808559142208,1,1,355.79999999999995,26,611.0,(direct),desktop,United States
8795588873125044253,1,1,1083.8,15,267.0,(direct),desktop,United States
8796179874973851402,1,1,259.9,17,799.0,google,desktop,United States
8798873887038332681,1,1,425.9,16,771.0,(direct),desktop,United States
8800304863528971642,1,1,259.9,26,860.0,google,mobile,United States
8801662579253848745,1,1,673.6,34,1322.0,(direct),desktop,United States
8804905634731085002,1,1,296.8,13,660.0,(direct),desktop,United States
8806276575158015292,1,1,69.9,14,505.0,google,desktop,United States
8810145279946425641,1,1,507.9,16,317.0,(direct),desktop,United States
8819842572136871109,1,1,774.5999999999999,21,1747.0,google,desktop,United States
8820042908642083525,1,1,1971.9,17,977.0,(direct),desktop,United States
8821726080717309200,1,1,371.4,19,259.0,(direct),desktop,United States
8825602309761363794,2,2,2813.4,65,1794.5,(direct),desktop,United States
8832229039690729204,1,1,429.9,10,144.0,(direct),desktop,United States
8835738429285274387,1,1,487.9,22,1369.0,(direct),desktop,United States
8835920502090073411,1,2,719.4,30,1564.0,(direct),mobile,Canada
8836497360273825933,1,1,240.8,13,501.0,(direct),desktop,United States
8836653961966700632,1,1,1033.5,32,1118.0,(direct),desktop,United States
8837556108431981384,1,1,221.6,19,2145.0,(direct),desktop,United States
8838657285552913253,1,1,1130.6999999999998,17,400.0,(direct),desktop,United States
8838851880121159305,1,1,152.89999999999998,13,194.0,google,mobile,United States
8839065493642053324,1,1,1059.4,22,705.0,search.myway.com,desktop,United States
8841197329105123740,1,1,545.4,25,761.0,(direct),desktop,United States
8844595455983709186,1,1,159.9,23,929.0,(direct),desktop,United States
8844888920708607331,1,1,1289.8,14,1581.0,(direct),desktop,United States
8845114678141238765,1,1,181.9,18,1290.0,(direct),desktop,United States
8845818020104828876,1,1,1914.7,15,406.0,google,desktop,United States
8846681432728347342,1,1,668.9,23,644.0,(direct),desktop,United States
8848160643936299367,1,1,503.8,17,223.0,(direct),desktop,United States
8848326438758712018,1,1,702.2,62,2125.0,(direct),desktop,United States
8852490676110541015,1,1,469.8,20,655.0,(direct),desktop,United States
8854720490471825875,1,1,289.6,59,1897.0,(direct),desktop,United States
8855225089630002391,1,1,563.6,18,474.0,(direct),desktop,United States
8855684563900497413,1,1,717.5,24,335.0,(direct),desktop,United States
8855872305889653694,1,1,179.89999999999998,16,545.0,google,mobile,United States
8856909534295344708,1,1,163.79999999999998,41,954.0,groups.google.com,desktop,United States
8863954266845477277,1,1,279.9,16,1006.0,(direct),mobile,United States
8864604309741280372,1,1,287.5,22,1081.0,(direct),desktop,United States
8866035740350491393,2,2,2009.6,41,1182.0,(direct),desktop,United States
8867871460130530179,1,1,721.8000000000001,18,461.0,(direct),desktop,United States
8874818082863376714,1,1,1129.3000000000002,42,1800.0,(direct),desktop,United States
8878494571203388231,1,1,299.9,31,630.0,(direct),desktop,United States
8878587767550283378,1,1,570.7,11,879.0,(direct),desktop,United States
8885678008062348404,1,1,649.9,10,455.0,(direct),desktop,United States
8887639477324168725,1,1,231.9,16,225.0,(direct),desktop,United States
8889391457640720040,3,3,2633.5,40,318.3333333333333,(direct),desktop,United States
8889736070492596057,1,1,7293.0,54,892.0,(direct),desktop,United States
8894186086393552891,1,1,119.6,34,1235.0,(direct),mobile,United States
8895070637038003269,1,1,195.9,10,214.0,(direct),desktop,United States
8899113493615355633,1,1,544.6,21,663.0,(direct),desktop,United States
8901669251595592717,1,1,349.79999999999995,25,2465.0,google,desktop,United States
8903811163323410238,1,1,252.2,32,1151.0,google,desktop,United States
8906575148569160903,1,1,209.9,21,570.0,(direct),desktop,United States
8907488943105277340,1,1,3588.2,32,1421.0,google,desktop,United States
8910230714986920649,1,1,59.900000000000006,21,548.0,google,desktop,United States
8910769516525628891,1,1,369.9,16,1890.0,(direct),desktop,United States
8912902059525758308,1,1,6034.0,20,641.0,(direct),desktop,United States
8915655068975271461,1,1,325.79999999999995,35,1291.0,(direct),desktop,United States
8918875846126233398,1,1,281.8,13,190.0,dfa,desktop,United States
8921985008327806368,1,1,1936.0,10,193.0,(direct),desktop,United States
8923902094377758912,1,1,463.7,14,900.0,(direct),tablet,United States
8926768253847212533,1,1,297.8,28,430.0,(direct),desktop,United States
8927403881471391262,1,1,289.9,18,389.0,(direct),desktop,United States
8930278305459563871,2,2,1310.8000000000002,37,750.5,(direct),desktop,United States
8936592721963873590,1,1,129.9,11,372.0,(direct),mobile,United States
8939441371996358045,1,1,129.60000000000002,23,1011.0,(direct),mobile,United States
8942866004645538967,1,7,37758.0,343,6427.0,(direct),desktop,United States
8943826077363330152,1,1,219.9,25,855.0,google,tablet,United States
8946514554986669717,1,1,357.2,16,215.0,(direct),desktop,United States
8947946498901524856,1,1,689.7,43,3122.0,(direct),mobile,United States
8950965046902551656,1,1,211.9,15,290.0,(direct),desktop,United States
8953846772945325755,1,1,2784.4,37,1755.0,(direct),desktop,United States
8955721323152136358,1,1,784.0999999999999,24,905.0,(direct),desktop,United States
8955934640424753724,1,1,329.90000000000003,20,2407.0,google,desktop,United States
8960419773475040176,1,1,359.79999999999995,27,457.0,google,desktop,United States
8962889770860338577,1,1,875.6,26,653.0,(direct),desktop,United States
8963849210488709948,1,1,189.9,23,1822.0,(direct),desktop,United States
8966130487678127924,1,1,9847.0,63,1032.0,(direct),desktop,United States
8966349442774967540,1,1,962.3,27,950.0,sites.google.com,desktop,United States
8968458554624269944,1,1,355.90000000000003,15,433.0,groups.google.com,desktop,United States
8972388387130785286,1,1,1082.6,71,3112.0,google,desktop,St. Lucia
8972907985642448260,1,1,1645.5,30,2032.0,(direct),desktop,United States
8977039158734679466,1,1,1037.6,44,1597.0,google,desktop,United States
8981840546214249498,1,1,875.4000000000001,23,1924.0,google,desktop,United States
8981902739255325984,1,1,199.9,15,1120.0,google,desktop,United States
8982077970907117437,1,1,675.9000000000001,18,2265.0,(direct),desktop,United States
8983751556062713329,1,1,3010.6,18,1028.0,google,desktop,United States
8983752580423023317,1,1,2169.5,67,1190.0,(direct),desktop,United States
8986179509991315962,1,1,313.7,16,266.0,(direct),desktop,United States
8986872282597680783,1,1,341.9,21,460.0,(direct),desktop,United States
8988109274209001218,1,1,119.9,11,456.0,t.co,desktop,United States
8997285863534192253,1,1,1179.1,74,1591.0,(direct),desktop,United States
9001502916626110125,1,1,291.90000000000003,28,986.0,google,desktop,United States
9002364108822836989,1,1,783.3,52,2880.0,google,desktop,United States
9002522655121012194,1,1,754.5999999999999,30,1260.0,google,desktop,United States
9002953633143515508,1,1,439.7,29,625.0,dfa,desktop,United States
9004668593024428031,2,2,12974.3,66,744.5,(direct),desktop,United States
9006674589877323297,1,1,1079.9,17,521.0,(direct),desktop,United States
9007057960603042466,1,1,354.79999999999995,25,1630.0,google,desktop,United States
9008243837280281377,1,1,1783.9,34,852.0,(direct),desktop,United States
9013296840842675812,1,1,719.8000000000001,22,571.0,(direct),mobile,United States
9014580000597240539,1,1,268.7,12,396.0,(direct),desktop,United States
9015377887977642612,1,1,334.7,28,539.0,(direct),desktop,United States
9017088554957791620,1,1,337.6,68,1948.0,google,desktop,United States
9017249703406411169,1,1,3018.5,18,1598.0,(direct),desktop,United States
9018439696824607924,1,1,713.4000000000001,23,447.0,(direct),desktop,United States
9020693101547107991,1,1,309.7,18,536.0,google,mobile,United States
9024790933657280533,1,1,619.6,51,1269.0,google,desktop,United States
9026840718082010040,4,7,90111.8,156,1582.25,(direct),desktop,United States
9028538602259911357,1,1,347.8,22,899.0,(direct),desktop,United States
9029794295932939024,5,5,47182.5,251,1125.0,mail.google.com,desktop,United States
9031259776223970026,1,1,589.6,39,1234.0,google,mobile,Egypt
9031724260430223922,1,1,1123.9,31,1049.0,(direct),desktop,United States
9034814434587721345,1,1,869.9,13,769.0,(direct),desktop,United States
9035173114644245964,1,1,229.9,24,851.0,google,desktop,United States
9037017629148514881,1,1,2487.5,27,673.0,(direct),desktop,United States
9037855677717484048,1,1,449.8,30,1633.0,(direct),desktop,United States
9039546167108792600,1,1,95.0,18,1026.0,(direct),mobile,United States
9044693867377555655,1,1,249.7,24,493.0,(direct),desktop,United States
9048197184831921852,1,1,359.79999999999995,20,1496.0,(direct),desktop,United States
9049250229691904708,1,1,829.9,23,1798.0,(direct),desktop,United States
9050594579750010296,1,1,189.9,14,325.0,(direct),desktop,United States
9053359699050904883,1,1,377.8,22,557.0,(direct),desktop,United States
9054221017020554281,1,1,395.9,17,330.0,(direct),desktop,United States
9055644031629567861,1,1,199.9,29,600.0,(direct),desktop,United States
9056182171688831716,1,1,795.6999999999999,35,1190.0,(direct),desktop,United States
9059252837997508617,1,1,199.9,14,616.0,(direct),mobile,United States
9060309108953686961,1,1,349.6,25,2305.0,(direct),mobile,United States
9061352849805143725,1,1,434.7,19,547.0,(direct),desktop,United States
9067286853388783670,3,3,3062.4,105,2640.0,google,desktop,United States
9070662269260587187,1,1,356.8,30,1094.0,google,desktop,United States
9072959041280024923,1,1,345.90000000000003,19,699.0,groups.google.com,desktop,United States
9075997958759576862,1,1,685.1999999999999,24,985.0,google,desktop,United States
9076167061423470043,1,1,562.8,17,295.0,(direct),desktop,United States
9076419614508247108,1,1,651.0,27,957.0,google,desktop,United States
9077649148974613765,2,2,873.5999999999999,78,2062.0,(direct),desktop,United States
9077717113702247034,1,1,229.6,34,1115.0,(direct),desktop,United States
9078321444578002385,2,2,1533.6999999999998,26,247.5,google,desktop,United States
9079614112770240084,1,1,769.4,37,846.0,(direct),desktop,United States
9083435306748007208,1,1,259.8,21,507.0,(direct),mobile,United States
9085834622128985589,1,1,249.9,27,2276.0,(direct),desktop,United States
9085889099907936864,1,1,415.9,18,458.0,(direct),desktop,United States
9086408578145100131,2,2,1181.0,38,490.5,(direct),desktop,United States
9089132392240687728,6,7,68978.4,338,1646.8333333333333,google,desktop,United States
9089896742439819665,1,1,749.9,19,981.0,google,mobile,United States
9090173644074015025,1,1,119.9,10,173.0,(direct),mobile,United States
9095973446989997244,1,1,448.1,18,485.0,(direct),desktop,United States
9096520761663761535,1,1,10365.5,66,4178.0,(direct),mobile,United States
9097173062370236070,1,1,333.9,14,175.0,(direct),desktop,United States
9101737200885775701,1,1,279.9,15,370.0,mg.mail.yahoo.com,desktop,United States
9102474086699884011,1,1,82.0,13,471.0,(direct),desktop,United States
9102765564604864805,1,1,419.9,18,846.0,google,desktop,United States
9104296808650483352,1,1,4400.2,39,805.0,(direct),desktop,United States
9104422787977218572,1,1,271.90000000000003,23,535.0,google,desktop,United States
9104901150360487546,1,1,1109.9,19,1520.0,google,desktop,United States
9106581677989439015,1,1,171.9,49,1214.0,(direct),desktop,United States
9106626115494639878,1,1,590.7,22,411.0,(direct),desktop,United States
9107843838553084970,1,1,275.0,19,1028.0,(direct),desktop,United States
9110454426797065694,1,2,6128.5,67,3192.0,(direct),desktop,United States
9113512902535723065,1,1,325.5,74,1849.0,(direct),desktop,United States
9119794344298537076,1,1,99.7,11,408.0,(direct),desktop,United States
9122350425856868704,1,1,3667.2,39,401.0,(direct),desktop,United States
9124070353088429794,1,1,799.8000000000001,21,749.0,(direct),tablet,United States
9127648314670892401,1,1,11060.0,49,811.0,(direct),desktop,United States
9127657904050953509,1,1,15732.7,70,3009.0,google,desktop,United States
9129211916436188214,1,1,225.7,28,638.0,(direct),desktop,United States
9129722426445993838,1,1,199.9,20,542.0,(direct),desktop,United States
9130367396705369382,1,1,189.9,12,259.0,google,desktop,United States
9135708143864560661,1,1,196.3,12,202.0,google,desktop,United States
9138953117283252035,1,1,533.6999999999999,20,321.0,(direct),desktop,United States
9141220446851563090,1,2,800.3,63,1565.0,(direct),desktop,United States
9153398667901840439,1,1,405.9,12,154.0,(direct),desktop,United States
9155837924786381268,1,1,359.79999999999995,27,873.0,google,desktop,United States
9156564036943742267,1,1,189.7,33,637.0,(direct),desktop,United States
9160012321913348805,1,1,1489.7,12,316.0,(direct),desktop,Puerto Rico
9160688801124625042,3,3,13716.1,101,1322.0,(direct),desktop,United States
9161549067325106850,1,1,289.9,16,426.0,(direct),mobile,United States
9161805961313922627,1,1,109.9,14,489.0,google,mobile,United States
9162599630650052136,1,1,304.3,32,1042.0,(direct),desktop,India
9162804834377040364,1,1,309.8,26,825.0,google,desktop,United States
9164781149169362915,1,1,203.1,13,214.0,(direct),desktop,United States
9166972626679050152,1,1,1166.5,38,1011.0,(direct),desktop,United States
9170450146722277059,1,1,7351.2,40,1565.0,(direct),desktop,United States
9171091809243293607,1,1,182.9,15,589.0,google,desktop,United States
9174179047311042433,1,1,119.9,16,447.0,(direct),mobile,United States
9179364299608933418,1,1,303.8,20,536.0,google,desktop,United States
9179681626908443847,1,1,1245.0,11,305.0,(direct),desktop,United States
9179926875035453581,1,1,2157.6,39,1516.0,(direct),desktop,United States
9180245817688143793,1,1,220.0,14,636.0,google,desktop,United States
9187801447162670683,1,1,159.9,16,404.0,(direct),desktop,United States
9193930054101057748,2,2,663.7,30,421.5,google,desktop,United States
9195681118622809806,1,1,405.9,25,525.0,(direct),desktop,United States
9196760344600861355,1,1,385.3,33,780.0,(direct),desktop,United States
9197517123967159565,1,1,181.9,11,196.0,(direct),desktop,United States
9199984406158134288,1,1,335.79999999999995,12,484.0,google,desktop,United States
9201778469825138922,1,1,269.9,13,1285.0,(direct),mobile,United States
9204558610482507007,1,1,1870.0,22,464.0,google,desktop,United States
9205496322274361632,1,1,299.9,8,249.0,(direct),desktop,United States
9207350605949288880,1,1,1639.1,16,425.0,(direct),desktop,United States
9207818451392214469,1,1,1556.5,20,632.0,(direct),desktop,United States
9208589398581305030,1,1,333.7,36,1287.0,(direct),desktop,United States
9213584705844626996,2,2,134.0,34,1233.5,(direct),desktop,United States
9216546597638935577,1,1,409.8,19,413.0,google,desktop,Hong Kong
9218407649546437318,1,1,1139.9,30,1347.0,(direct),mobile,United States
9219439174856712797,1,1,229.8,12,633.0,(direct),mobile,Canada
9219609257103359166,1,1,1906.8,23,582.0,(direct),desktop,United States
9220403459070771293,1,1,209.6,13,400.0,t.co,desktop,United States
9220624765783417577,1,1,195.9,24,747.0,(direct),desktop,United States
9225056479434506088,1,1,308.8,28,713.0,google,desktop,Japan
9226278380512438191,2,2,1866.8,74,1109.5,(direct),desktop,United States
9227772112500941696,2,2,9357.900000000001,53,1218.0,(direct),mobile,United States
9228091811246318377,1,1,3124.9,25,416.0,(direct),desktop,United States
9229542996504034507,1,1,728.6,13,319.0,(direct),desktop,United States
9229825766007048797,1,1,299.9,17,625.0,google,desktop,United States
9232798931228744855,1,1,729.2,38,789.0,google,desktop,United States
9234695430775481788,1,1,1109.7,28,844.0,google,tablet,United States
9236502013498900724,2,2,5700.3,49,473.5,(direct),desktop,United States
9236937732573035200,1,1,5365.5,25,733.0,(direct),desktop,United States
9237271576556447449,1,1,205.9,38,2642.0,(direct),desktop,United States
9238627988469145785,1,1,255.9,12,189.0,(direct),desktop,United States
9240425877262756231,1,4,1060.0,35,895.0,(direct),desktop,United States
9241394751815106636,1,1,327.8,12,335.0,(direct),desktop,Canada
9241912494909831987,1,1,405.9,34,1102.0,(direct),desktop,United States
9249130983722228273,2,2,1398.5,24,343.5,(direct),desktop,United States
9253840199847773410,1,1,393.7,22,877.0,(direct),desktop,United States
9259412484953197672,1,1,5768.400000000001,57,1374.0,(direct),desktop,United States
9263433725589070912,1,1,853.8,28,3234.0,(direct),desktop,United States
9263852900501117129,1,1,190.0,13,242.0,google,mobile,United States
9263921253881961615,1,1,133.9,9,163.0,(direct),desktop,United States
9269048191224173747,1,1,439.9,22,643.0,(direct),desktop,United States
9271646111007364974,1,1,1185.8,32,929.0,google,desktop,United States
9275740735751035515,1,1,6479.0,13,657.0,(direct),desktop,Taiwan
9276023667336827655,1,1,470.6,26,1155.0,(direct),desktop,United States
9277280346564018096,1,1,179.89999999999998,22,500.0,(direct),desktop,United States
9278147896530416985,1,1,956.9,79,1869.0,google,desktop,United States
9280768891345910775,2,2,906.4000000000001,45,1018.5,(direct),desktop,United States
9280788141225702561,1,1,675.8,31,1156.0,(direct),desktop,United States
9283384332468140262,1,1,353.8,55,1881.0,(direct),desktop,United States
9292934245619777169,1,1,420.9,10,287.0,(direct),desktop,United States
9293223521534878892,1,1,619.9,18,615.0,(direct),desktop,United States
9293575840819435961,1,1,289.9,17,652.0,(direct),desktop,United States
9301277772206384773,1,1,129.9,38,1281.0,google,desktop,United States
9302767552528832368,1,1,1327.0,23,949.0,google,desktop,France
9303426900204805186,1,1,1166.0,27,2678.0,google,desktop,United States
9305224849656676534,1,1,1999.5,30,714.0,(direct),desktop,United States
9305766004990797685,3,5,22100.9,80,1561.3333333333333,(direct),desktop,United States
9308310352918219134,1,1,29356.1,55,1572.0,(direct),desktop,United States
9310312423239347353,1,1,249.9,15,537.0,google,desktop,Germany
9319442569262055147,1,1,298.8,80,4712.0,google,desktop,United States
9320164337521602239,1,1,995.7,40,692.0,(direct),desktop,United States
9321992357308939253,1,1,943.8,16,386.0,google,desktop,United States
9323069406687793647,1,1,679.9,13,610.0,(direct),desktop,United States
9326855238826836003,1,1,179.8,20,798.0,(direct),desktop,United States
9329980237636889950,1,1,169.89999999999998,23,456.0,google,desktop,United States
9332559619940886845,1,1,265.4,47,721.0,(direct),desktop,United States
9332976968342857288,1,1,361.8,38,1028.0,(direct),desktop,United States
9333802179902056601,1,1,687.4,32,919.0,google,desktop,United States
9335042568264282780,1,1,1396.5,30,1553.0,(direct),mobile,United States
9336440504907193236,1,1,620.3,44,2048.0,google,mobile,United States
9338374006954760146,2,2,29684.0,65,707.0,(direct),desktop,United States
9340462929584208347,1,1,6165.0,15,179.0,(direct),desktop,United States
9341809902223423547,1,1,425.9,13,322.0,(direct),desktop,United States
9341891163458549514,1,1,3381.1000000000004,34,907.0,(direct),desktop,United States
9342781097328717607,1,1,119.7,18,348.0,google,desktop,Mexico
9344315745283537381,1,1,586.8,21,2969.0,google,desktop,United States
9344661624535255277,2,2,3264.0,62,682.5,(direct),desktop,United States
9349161317881541522,1,8,9017.1,179,4195.0,l.facebook.com,desktop,Indonesia
9350198009120928098,1,1,689.9,29,1635.0,(direct),desktop,United States
9352955759477478024,1,1,751.8000000000001,17,1293.0,(direct),desktop,United States
9356220375344128149,1,1,984.6,20,367.0,(direct),desktop,United States
9356437814803179808,1,1,1049.4,24,1423.0,google,desktop,United States
9356454171454557820,1,1,455.9,14,314.0,(direct),desktop,United States
9359260991266226539,2,2,915.1,57,1756.5,(direct),desktop,United States
9360023356351962017,1,1,2568.0,19,690.0,(direct),desktop,United States
9361412188151560825,1,1,162.89999999999998,11,220.0,(direct),desktop,United States
9363207205094761073,1,1,215.5,11,797.0,(direct),desktop,United States
9364595610986559397,1,1,365.9,15,497.0,(direct),desktop,United States
9365923038189145929,1,1,469.0,15,424.0,(direct),desktop,United States
9366737913025963076,1,1,49.900000000000006,14,794.0,(direct),mobile,United States
9369594665112316825,1,1,922.0,31,1059.0,(direct),desktop,United States
9372380334741229572,1,1,639.9,18,219.0,(direct),desktop,United States
9372618001980854712,3,3,15589.8,120,1292.6666666666667,dealspotr.com,desktop,United States
9372757256015495422,1,1,435.8,21,548.0,(direct),desktop,United States
9373231378984131987,2,2,2050.0,55,2809.0,google,desktop,Taiwan
9373768824735614756,1,1,145.0,21,400.0,(direct),mobile,Mexico
9374455635799053074,1,1,853.3,5,249.0,(direct),desktop,United States
9374732127201012465,1,1,230.8,11,965.0,(direct),desktop,United States
9374906684711010516,2,2,2870.3,33,1348.0,(direct),desktop,United States
9375786706418760163,1,1,741.8000000000001,10,192.0,(direct),desktop,United States
9376652341885109410,1,1,871.9,21,1052.0,(direct),desktop,United States
9377429831454005466,1,1,704.8000000000001,23,712.0,(direct),desktop,United States
9378433426283964191,1,1,1315.4,33,909.0,(direct),desktop,United States
9381613889924165775,1,1,200.0,31,851.0,google,desktop,United States
9383567792856137029,1,1,1059.9,4,382.0,(direct),desktop,United States
9387513564437162701,1,1,359.90000000000003,15,320.0,(direct),desktop,United States
9388951771131521213,1,1,229.9,22,1130.0,google,desktop,United States
9388969702302248585,1,1,1013.8,19,469.0,(direct),desktop,United States
9389394020676013822,1,1,542.8,41,1817.0,bing,tablet,United States
9389853808320852799,2,2,1972.2,78,1037.5,(direct),desktop,United States
9391607314160932483,1,1,1157.5,29,1645.0,(direct),desktop,United States
9393064695401243962,1,1,299.9,27,2124.0,(direct),desktop,United States
9398183614127015265,1,1,511.0,8,1787.0,(direct),desktop,United States
9398461133792674482,1,1,229.9,25,954.0,google,mobile,United States
9400788889925375458,1,1,219.9,17,649.0,google,tablet,United States
9401702056400438327,1,1,331.9,13,472.0,(direct),desktop,United States
9404133201034662338,1,1,319.40000000000003,20,1840.0,(direct),desktop,United States
9412019855771301758,1,1,1682.3,21,823.0,(direct),desktop,United States
9412874126037419152,1,1,175.7,27,839.0,google,mobile,United States
9417857471295131045,5,9,418108.5,302,1866.8,(direct),desktop,United States
9417971731855271040,2,3,6044.2,75,1422.0,(direct),desktop,United States
9418009854931436193,1,1,365.9,43,1109.0,(direct),desktop,United States
9421912012077740280,1,1,1173.6,33,742.0,mail.google.com,desktop,United States
9422085418164335542,1,1,994.5,23,653.0,google,desktop,United States
9422501587775170340,1,1,308.8,25,4528.0,(direct),mobile,United States
9422760889084118921,1,1,308.2,15,591.0,(direct),desktop,United States
9423576751760739793,1,1,1559.3000000000002,42,3502.0,(direct),mobile,United States
9424559988281477207,1,1,119.8,19,360.0,(direct),desktop,United States
9426148810376053164,1,1,259.6,33,667.0,(direct),desktop,United States
9426279967175711043,1,1,273.0,19,603.0,(direct),desktop,United States
9427363159955336757,1,1,1139.4,52,1336.0,(direct),desktop,United States
9428659505903216368,1,1,756.2,37,1241.0,(direct),desktop,United States
9429313791879453897,1,1,365.9,13,331.0,(direct),desktop,United States
9429712068285188439,1,1,645.8,24,1472.0,(direct),desktop,United States
9431575744211678902,1,1,376.8,34,587.0,google,desktop,United States
9432393275834688713,1,1,775.1999999999999,25,1536.0,(direct),desktop,United States
9433517997046669782,3,3,2027.7,43,412.6666666666667,(direct),desktop,United States
9433643728318784543,1,1,891.5999999999999,23,814.0,(direct),desktop,United States
9441031549900042682,4,4,11280.2,95,704.75,(direct),desktop,United States
9445171435422230535,1,1,560.0,16,504.0,(direct),desktop,United States
9447628234251166900,2,4,1453.6,61,3476.5,(direct),desktop,United States
9448751983627817237,1,1,2039.8,24,742.0,(direct),desktop,United States
9450483833307402164,1,1,279.8,25,556.0,(direct),desktop,United States
9452086584507678214,1,1,239.9,14,249.0,(direct),desktop,United States
9453866125712882796,1,1,249.9,5,305.0,(direct),desktop,United States
9457104387096900889,1,1,2545.9,40,1172.0,(direct),desktop,United States
9457643087878203141,1,1,8003.5,33,1937.0,(direct),desktop,United States
9459521664420901303,1,1,379.5,14,315.0,(direct),desktop,United States
9460311742865907976,1,1,374.8,22,1125.0,google,mobile,United States
9461228084210317849,1,1,481.8,23,1163.0,(direct),desktop,United States
9462748099855919289,1,1,989.3,45,1510.0,(direct),desktop,United States
9463310901039395339,1,1,505.9,16,1968.0,(direct),desktop,United States
9463806441056350498,1,1,625.6,16,795.0,(direct),desktop,United States
9467619663210756890,2,2,3425.8,61,2424.5,(direct),desktop,United States
9469111554165256569,1,1,1091.8000000000002,22,643.0,(direct),desktop,United States
9469314136392123821,1,1,721.8000000000001,19,533.0,(direct),desktop,United States
9470918284099545159,1,1,345.90000000000003,22,510.0,(direct),desktop,United States
9471810254016440991,1,1,1173.1,29,748.0,(direct),desktop,United States
9475000972333610150,1,1,175.9,24,539.0,(direct),desktop,United States
9475218131155083092,1,1,309.8,24,1526.0,(direct),desktop,United States
9476348446859765776,1,1,309.3,10,167.0,(direct),desktop,United States
9477829551781094415,1,2,3419.4,25,1275.0,(direct),desktop,United States
9478362596934369742,1,1,329.79999999999995,22,882.0,(direct),mobile,United States
9478703665192320614,1,1,409.8,11,512.0,google,desktop,United States
9484234336257707179,1,1,136.0,12,618.0,(direct),desktop,United States
9492321535184723478,1,1,1141.6,41,1200.0,(direct),desktop,United States
9495542473910378037,1,1,469.8,19,1725.0,yahoo,mobile,United States
9501779440932333497,1,1,6028.400000000001,32,2592.0,(direct),desktop,United States
9503612993189278427,2,3,1179.1,45,1403.5,(direct),desktop,United States
9505279375401532282,1,1,149.9,27,1297.0,(direct),mobile,United States
9505484401754648749,2,2,949.0000000000001,31,340.5,(direct),desktop,United States
9505488127999299537,1,1,399.7,16,346.0,(direct),desktop,United States
9508544975396755922,1,1,1597.0,24,869.0,(direct),desktop,United States
9509348681300444250,2,2,2203.6,57,1555.5,google,mobile,United States
9509621049646377285,1,1,597.7,22,378.0,(direct),desktop,United States
9512194866017738775,1,1,2798.3,15,1872.0,(direct),desktop,United States
9512976956663565169,1,1,2750.0,25,532.0,(direct),desktop,United States
9519453598438934808,2,2,11441.0,148,1699.5,(direct),desktop,United States
9519477824585169413,1,1,556.8,21,573.0,(direct),desktop,United States
9519825248461982188,1,1,169.89999999999998,20,948.0,(direct),desktop,United States
9521438372294298977,1,1,467.9,28,1173.0,google,desktop,United States
9522133298937793910,1,1,1127.8,19,1129.0,(direct),desktop,United States
9523142287027067833,1,1,497.9,20,2469.0,(direct),desktop,United States
9524665728498622443,1,1,1259.7,20,350.0,(direct),desktop,United States
9524801176083053157,1,1,629.9,11,197.0,(direct),desktop,United States
9525538709571335494,1,1,223.9,27,511.0,google,desktop,United States
9530011325522794445,1,1,99.7,16,4183.0,(direct),desktop,United States
9530536315613357862,3,3,5369.2,61,581.6666666666666,(direct),desktop,United States
9535165767399175841,1,1,383.8,16,465.0,google,desktop,United States
9535515835082372493,1,1,7785.900000000001,56,4944.0,(direct),desktop,United States
9541216071431560465,1,1,383.8,17,936.0,(direct),desktop,United States
9541870086630790426,1,1,199.7,27,1020.0,(direct),desktop,United States
9541996968314639199,2,2,1224.0,77,1334.0,google,desktop,United States
9546428836895358892,1,1,149.9,15,299.0,(direct),desktop,United States
9547536437145935282,1,1,8648.0,35,682.0,google,desktop,United States
9549186864389701668,1,1,169.89999999999998,11,251.0,(direct),desktop,United States
9549544476728099943,1,1,277.7,37,728.0,google,desktop,United States
9550705733723196313,1,1,395.9,14,337.0,(direct),desktop,United States
9554559055315205819,1,1,950.8,22,773.0,(direct),desktop,United States
9556550673068144771,1,1,396.8,33,1998.0,google,desktop,United States
9556564333684881224,1,1,1153.6,57,2678.0,google,desktop,United States
9556948295824706209,1,1,79.9,12,252.0,(direct),desktop,United States
9560188227657174682,1,1,751.5999999999999,111,5063.0,(direct),desktop,United States
9562948220302753056,1,1,599.9,20,588.0,(direct),desktop,United States
9565722193439879038,1,1,471.0,11,301.0,(direct),desktop,United States
9566773033271495002,1,1,237.7,22,239.0,(direct),desktop,United States
9569453499465889655,1,1,3738.0,39,2690.0,(direct),desktop,Spain
9573045056982336984,1,1,2996.3,42,1392.0,google,desktop,United States
9574251971324605553,1,1,339.79999999999995,21,401.0,bing,desktop,United States
9574540989591143939,1,1,333.9,20,505.0,(direct),desktop,United States
9574549721552883119,1,1,149.8,14,480.0,(direct),desktop,United States
9575170126084021202,1,1,259.9,13,337.0,google,desktop,United States
9575515287846808484,1,1,907.8,33,731.0,(direct),desktop,United States
9578166410230124397,1,1,533.8000000000001,17,332.0,(direct),desktop,United States
9578964619917220172,1,1,229.9,11,317.0,(direct),desktop,United States
9583683554162057560,1,1,209.9,15,844.0,google,desktop,United States
9584769989000380816,1,1,3475.4,34,1453.0,(direct),desktop,United States
9585355996663809959,1,1,331.9,23,953.0,(direct),desktop,United States
9585994831948642933,1,1,3820.0,29,595.0,(direct),desktop,Belgium
9587233052829072755,2,2,2032.6,35,596.0,(direct),desktop,United States
9589822168101300209,1,1,3417.5,30,1202.0,google,desktop,United States
9591183428141040621,1,1,159.8,11,480.0,(direct),mobile,United States
9591202457292182670,1,1,327.9,18,966.0,(direct),desktop,United States
9594765739832160882,1,1,286.6,24,571.0,google,desktop,United States
9595877689889623969,1,1,385.9,15,649.0,groups.google.com,desktop,United States
9596545122550322974,1,1,902.6,24,1587.0,google,desktop,United States
9596568187246807844,1,1,1089.4,31,1835.0,(direct),desktop,United States
9598226286194728257,1,1,115.0,31,1186.0,google,mobile,United States
9598871851189945502,2,3,3988.2000000000003,37,862.0,(direct),desktop,United States
9602459823241782836,1,1,310.0,35,933.0,(direct),desktop,United States
9603605279207456197,1,1,279.9,8,229.0,google,desktop,United States
9606909032279164243,1,1,205.0,16,318.0,(direct),desktop,United States
9607694910197531314,2,2,1207.6,44,1071.0,(direct),desktop,United States
9610282033684440542,1,1,252.8,22,1183.0,(direct),desktop,United States
9611453235665038841,1,1,546.5999999999999,27,1372.0,(direct),desktop,United States
9612120883044802142,2,2,2691.2000000000003,45,434.0,(direct),desktop,United States
9613834008182881588,1,1,594.3,66,1593.0,(direct),desktop,United States
9619365002104387449,1,1,1209.2,26,884.0,(direct),desktop,United States
9620467764501266748,1,1,956.6,30,1330.0,google,desktop,United States
9620923631569343304,1,1,145.0,12,115.0,(direct),desktop,United States
9624789523147347433,1,1,429.8,18,1580.0,(direct),desktop,United States
9629138648067304387,1,1,424.9,24,693.0,google,desktop,United States
9631155213272957768,1,1,139.9,38,1031.0,(direct),mobile,United States
9633718916074132320,1,1,359.6,26,360.0,(direct),desktop,United States
9635342124483085641,1,1,659.9,54,1686.0,google,desktop,United States
9637722417818323113,1,1,479.8,20,2505.0,(direct),desktop,United States
9638518335828715596,1,1,560.2,31,653.0,(direct),desktop,United States
9642698057695067786,1,1,9071.9,58,2767.0,(direct),desktop,United States
9652788542912871580,1,1,549.7,16,934.0,(direct),desktop,United States
9654518257837426461,1,1,480.0,18,869.0,(direct),desktop,United States
9654758935896158776,1,1,998.0,15,687.0,(direct),desktop,United States
9654830487352643520,1,1,691.8000000000001,14,246.0,(direct),desktop,United States
9657742098396819155,2,2,513.8000000000001,43,778.0,(direct),desktop,United States
9658269809829788524,1,1,301.70000000000005,13,384.0,(direct),desktop,United States
9658647957470838961,1,1,1327.8,22,898.0,(direct),desktop,United States
9658825846616570867,1,1,1239.6,11,292.0,(direct),desktop,United States
9661775944684760384,1,1,22040.0,34,1829.0,(direct),desktop,United States
9664379686822682449,1,1,648.5,31,1152.0,mail.aol.com,tablet,United States
9665457273951170213,1,1,593.6,20,446.0,(direct),desktop,United States
9665573489181105578,1,1,109.2,40,1503.0,(direct),desktop,United States
9668596499730980627,1,1,339.7,20,630.0,(direct),desktop,United States
9669933764937008223,1,1,1069.9,20,722.0,google,mobile,United States
9670996124580137796,1,1,1669.8,22,557.0,(direct),desktop,United States
9672097680372886188,4,4,4855.6,107,907.5,(direct),desktop,United States
9673854839473677147,1,1,456.1,16,1936.0,(direct),desktop,United States
9673964860189487919,1,1,300.3,50,2337.0,(direct),desktop,United States
9674294764861018259,1,1,213.7,31,1593.0,(direct),desktop,Canada
9676863188506481453,1,1,2955.0,36,602.0,(direct),desktop,United States
9677097503012171995,1,1,1529.0,18,1392.0,google,desktop,United States
9679444214215496163,1,1,1067.7,12,507.0,(direct),desktop,United States
9680451704023510043,1,1,2572.0,31,1517.0,(direct),desktop,Germany
9687331249457582509,1,2,1649.4,45,1900.0,(direct),desktop,United States
9687976620185337812,1,1,145.9,17,1386.0,(direct),desktop,Canada
9692965964258784311,1,1,951.5,26,1197.0,(direct),desktop,United States
9693524201785668348,1,1,193.7,20,520.0,mail.google.com,desktop,United States
9696420302967750807,1,1,499.6,24,1776.0,(direct),desktop,United States
9697396763466620407,1,1,1478.1999999999998,48,2246.0,google,desktop,United States
9697633748020539508,1,1,459.7,6,284.0,(direct),desktop,China
9701069095310895981,1,1,1312.9,38,1725.0,(direct),desktop,United States
9702922854313747953,2,2,5522.0,56,797.5,(direct),desktop,United States
9705228674184876468,1,1,6410.0,47,1625.0,(direct),desktop,United States
9705361545058587946,1,1,179.89999999999998,17,1542.0,(direct),desktop,United States
9707913144913687378,1,1,1304.8,33,1067.0,(direct),desktop,United States
9710480501909231921,1,1,1619.7,17,459.0,(direct),desktop,United States
9711893424833628957,1,1,803.0,14,573.0,google,desktop,United States
9712244099278864842,1,1,109.9,17,421.0,(direct),mobile,United States
9715183070192673688,1,1,345.79999999999995,33,873.0,(direct),desktop,United States
9715798393834232864,1,1,517.9,13,413.0,(direct),desktop,United States
9716190683846040221,1,1,181.9,18,1054.0,(direct),desktop,United States
9717690429113938490,1,1,115.0,13,349.0,(direct),desktop,United States
9720544232071502970,1,1,369.8,25,1642.0,google,mobile,United States
9722351659146132815,1,1,550.0,55,1610.0,(direct),desktop,United States
9725941383382274621,1,1,11099.0,69,2168.0,(direct),mobile,United States
9731351380091791032,1,1,139.9,13,307.0,(direct),desktop,United States
9732382276114221984,1,1,697.4,25,1390.0,(direct),desktop,United States
9732592243898924812,1,1,219.9,11,403.0,(direct),desktop,Sweden
9733256607380770596,1,1,769.5999999999999,23,1157.0,(direct),desktop,United States
9737166459620980047,1,1,656.5,42,1338.0,google,desktop,United States
9737461194458412198,1,1,85.0,29,1166.0,(direct),mobile,United States
9740050408987139130,1,1,375.9,18,479.0,(direct),desktop,United States
9740627261104812573,1,1,411.8,11,246.0,(direct),desktop,United States
9745349280610704454,1,1,199.9,15,321.0,google,mobile,United States
9746124619174084370,2,2,5873.0,66,543.5,(direct),desktop,United States
9751902738681438477,2,2,849.1000000000001,54,1536.5,(direct),desktop,United States
9755261936668961758,1,1,520.1,17,1716.0,(direct),desktop,United States
9758235511148216157,1,2,1340.0,22,705.0,(direct),desktop,United States
9764549242376534173,1,1,1095.8,22,381.0,(direct),desktop,United States
9771437221362506189,1,2,10887.7,169,4037.0,(direct),mobile,United States
9773485240177005933,1,1,209.9,19,620.0,google,mobile,United States
9784853758319873850,2,2,5512.7,58,1119.5,(direct),desktop,United States
9786438806019918915,1,1,665.4000000000001,39,902.0,(direct),desktop,United States
9787338107687829305,1,1,405.9,9,203.0,(direct),desktop,United States
9791048489281287821,2,2,1309.5,30,442.5,(direct),desktop,United States
9791901930361310595,2,2,349.70000000000005,49,789.5,google,mobile,United States
9791969825416528969,1,1,2079.2,12,260.0,google,desktop,United States
9792836485846811388,1,1,689.7,26,2144.0,(direct),desktop,United States
9793419613813560755,1,1,159.9,13,378.0,google,desktop,United States
9797076878073373768,1,1,613.5,29,440.0,(direct),desktop,United States
9800325346437826374,1,1,355.79999999999995,27,693.0,(direct),desktop,United States
9800958292463692895,1,1,1129.0,21,803.0,(direct),desktop,United States
9801270104963945292,1,1,252.7,27,1465.0,google,mobile,United States
9801630253390309535,1,1,478.1,36,777.0,(direct),desktop,United States
9802926311803722380,1,1,39.900000000000006,10,561.0,google,desktop,United States
9804085499377106175,1,1,169.89999999999998,16,870.0,(direct),desktop,United States
9804405852019862459,1,1,139.8,32,1115.0,bing,desktop,United States
9804471949887866440,1,1,319.6,63,2509.0,google,desktop,United States
9804901099323555269,1,1,189.9,11,162.0,(direct),desktop,United States
9806766048628835536,1,1,289.8,31,873.0,google,desktop,United States
9809961963298200028,1,1,972.6,23,621.0,google,desktop,United States
9810394160327877765,1,1,488.6,25,1358.0,google,desktop,United States
9813095973388605327,1,1,339.79999999999995,19,175.0,google,desktop,United States
9814816673410517752,1,1,89.80000000000001,13,785.0,google,desktop,United States
9816583667217814097,1,1,389.8,27,584.0,google,mobile,United States
9816766544877211790,1,1,1540.3,46,3946.0,google,desktop,Indonesia
9820981713611818804,1,1,645.1999999999999,77,1198.0,(direct),desktop,United States
9821966112980946101,1,1,231.9,36,3147.0,(direct),desktop,United States
9822492926505552185,1,1,809.9,15,417.0,(direct),desktop,United States
9824524325763367768,1,1,202.0,15,330.0,(direct),desktop,United States
9824651586153580201,1,1,1070.4,21,663.0,(direct),desktop,United States
9826816980924031810,1,1,421.8,20,729.0,(direct),desktop,United States
9832163989743197601,1,1,559.6,37,1920.0,(direct),desktop,United States
9832479082059669028,1,1,469.8,24,768.0,google,desktop,United States
9839986196824974326,1,1,166.29999999999998,13,1361.0,(direct),desktop,United States
9841406679261096518,1,1,539.5,24,1102.0,(direct),desktop,United States
9846359776693659031,1,1,235.9,17,903.0,(direct),desktop,United States
9846963060470956023,1,1,279.8,26,880.0,(direct),desktop,United States
9849207490494234255,1,1,493.8,19,708.0,(direct),desktop,United States
9851301756919291624,1,1,879.5999999999999,27,663.0,google,desktop,United States
9856403899995722473,1,1,3844.0,13,474.0,(direct),desktop,United States
9858575902161625282,1,1,588.0,27,1489.0,(direct),desktop,United States
9863787389438412366,2,2,1245.6,39,379.5,(direct),desktop,United States
9865389122450632094,2,2,5236.1,31,1364.5,google,desktop,United States
9865893747933434812,1,1,1149.8,14,928.0,(direct),desktop,United States
9866199972997605138,1,1,161.9,19,1430.0,(direct),desktop,United States
9868557064314705324,1,1,3587.9,22,696.0,google,desktop,United States
9874814452029274358,1,1,339.79999999999995,26,823.0,google,desktop,United States
9875621296770930505,1,1,824.2,20,846.0,(direct),desktop,United States
9878888578038359547,1,1,469.7,51,1469.0,(direct),mobile,United States
9878983280738866304,1,1,379.7,29,1641.0,google,desktop,United States
9879056257140317872,1,1,714.4,67,1489.0,(direct),desktop,United States
9880387215496431637,1,1,4564.5,32,736.0,(direct),desktop,United States
9882672558688171171,1,1,604.5,26,1421.0,google,desktop,United States
9884208408379950496,1,1,1989.1,45,461.0,(direct),desktop,United States
9884876722285756468,1,1,292.6,22,595.0,(direct),desktop,United States
9890182105631590481,3,4,4094.3,72,841.6666666666666,(direct),desktop,United States
9893747990452034103,1,1,701.8000000000001,21,484.0,(direct),desktop,United States
9894656893993782511,1,1,269.5,51,1359.0,(direct),desktop,United States
9898247421236738052,1,1,1593.6,22,579.0,(direct),desktop,United States
9901114469536551008,1,1,1033.9,26,1480.0,mg.mail.yahoo.com,desktop,Puerto Rico
9905174730865679854,3,3,2079.1,88,1426.3333333333333,google,desktop,United States
9907138721210043039,1,1,119.9,16,356.0,google,mobile,United States
9908750318118847909,1,1,282.0,35,1293.0,(direct),desktop,United States
9908993706216463889,1,1,99.9,32,568.0,(direct),mobile,United States
9909403981445501787,1,1,704.0,23,1064.0,(direct),desktop,United States
9911363060681535330,1,1,165.9,10,83.0,(direct),desktop,United States
9911451154506607743,1,1,281.0,31,1978.0,google,mobile,United States
9913050839913654697,1,1,185.0,9,612.0,(direct),desktop,United States
9913613662127530897,1,1,3042.5,41,3106.0,(direct),desktop,United States
9913737248744802178,2,2,771.8,24,428.0,(direct),desktop,United States
9917525450459164301,1,1,759.5999999999999,25,508.0,(direct),desktop,United States
9918252406090832709,1,1,179.89999999999998,25,221.0,(direct),mobile,United States
9920226064713599750,1,1,429.6,30,1815.0,google,desktop,United States
9921480541153586613,1,1,201.9,20,1526.0,(direct),desktop,United States
9923410478294660642,1,1,182.9,16,353.0,(direct),desktop,United States
9926655339980503224,1,1,332.8,29,1352.0,(direct),mobile,United States
9929551139809305177,1,1,515.7,37,765.0,(direct),desktop,United States
9935876634073968558,1,1,69.80000000000001,29,1668.0,youtube.com,desktop,United States
9936519501163153285,1,1,579.5,16,333.0,(direct),desktop,Canada
9940848760323603762,1,1,201.9,16,360.0,google,desktop,United States
9941112068189451364,1,1,149.9,16,668.0,google,desktop,United States
9944482549138933048,1,1,1228.5,14,361.0,(direct),desktop,United States
9946704516426299877,1,1,2777.2000000000003,17,362.0,(direct),desktop,United States
9947665738712650436,1,1,1652.8,27,617.0,(direct),desktop,United States
9952985751740974556,1,1,623.6,26,611.0,(direct),desktop,United States
9953956744551076841,2,2,4095.2,29,476.0,(direct),desktop,United States
9954048786263371625,1,1,2737.0,33,1748.0,google,desktop,United States
9954291757269899812,1,1,166.29999999999998,17,773.0,(direct),desktop,United States
9956296141985415749,1,1,3650.0,39,2490.0,google,desktop,United States
9961713390620821018,1,1,429.7,27,693.0,(direct),mobile,United States
9962134079133468457,1,1,229.8,12,344.0,(direct),mobile,United States
9963131995239003867,1,1,467.7000000000001,33,992.0,(direct),desktop,United States
9963197880398595287,2,2,639.5999999999999,36,505.5,google,desktop,United States
9964295350119415430,1,1,4210.0,19,536.0,(direct),desktop,United States
9967421462090240825,1,1,719.2,62,2344.0,google,mobile,United States
9968035159703740191,1,1,598.9,19,1477.0,google,desktop,United States
9970378027479686216,3,3,2663.8,68,836.0,(direct),desktop,United States
9971923779409622764,1,1,279.7,9,622.0,(direct),desktop,United States
9972641923092309898,1,1,441.4,17,538.0,google,desktop,United States
9973195165804180005,1,1,257.6,14,236.0,google,tablet,United States
9973665079624172058,1,1,799.5,32,597.0,(direct),desktop,United States
9974232250427988367,2,2,20873.3,101,2092.0,(direct),desktop,United States
9974351919673138742,1,1,576.0,40,2412.0,google,desktop,United States
9974461982959135812,1,1,239.9,15,484.0,(direct),desktop,United States
9979550771372989715,1,1,289.9,25,889.0,google,desktop,United States
9979979376705372624,1,1,161.9,16,724.0,google,desktop,United States
9981562221973608723,1,1,357.5,90,5381.0,(direct),desktop,South Korea
9982117639715718754,1,1,309.8,60,2277.0,google,tablet,United States
9982700667464896535,1,1,345.90000000000003,12,414.0,(direct),desktop,United States
9989795984216871126,1,1,2107.2,54,1101.0,(direct),desktop,United States
9990183617359422098,2,2,1595.0,36,1224.5,google,desktop,United States
9990797196896345494,1,1,472.5,26,756.0,google,desktop,United States
9991633376050115277,1,1,355.90000000000003,16,386.0,plus.google.com,desktop,United States
