event_type,event_date,user_id,project_name,organization,action,commits_count,files_changed,is_public,language
MergeEvent,2023-08-18,lisa_anderson,netflix/conductor,netflix,commented,,,False,Python
CommitEvent,2023-01-15,sophie_duval,facebook/relay,facebook,opened,8.0,10.0,True,TypeScript
CreateEvent,2023-08-17,mike_johnson,vercel/micro,vercel,commented,,,False,TypeScript
CommitEvent,2023-05-17,david_martinez,vercel/turbo,vercel,opened,15.0,18.0,False,Go
IssuesEvent,2023-04-14,lisa_anderson,microsoft/vscode,microsoft,created,,,True,JavaScript
PullRequestEvent,2023-12-06,anna_wilson,microsoft/dotnet,microsoft,reviewed,3.0,40.0,True,Python
PullRequestEvent,2023-05-01,tom_nelson,apache/spark,apache,approved,45.0,74.0,True,C++
CreateEvent,2023-05-25,sarah_chen,airbnb/lottie,airbnb,created,,,True,Java
CreateEvent,2023-03-09,emma_garcia,uber/kraken,uber,reviewed,,,False,JavaScript
CommitEvent,2023-06-20,james_smith,airbnb/mavericks,airbnb,commented,9.0,20.0,True,Go
PushEvent,2023-09-26,sarah_chen,airbnb/enzyme,airbnb,updated,4.0,7.0,True,Java
MergeEvent,2023-12-09,sarah_chen,netflix/archaius,netflix,opened,,,True,JavaScript
CreateEvent,2023-03-30,rachel_kim,elastic/beats,elastic,approved,,,True,Java
MergeEvent,2023-05-12,tom_nelson,apache/spark,apache,approved,,,True,Go
PullRequestEvent,2023-07-15,john_taylor,vercel/pkg,vercel,created,16.0,22.0,True,Python
PullRequestEvent,2023-08-15,john_taylor,google/angular,google,closed,31.0,20.0,True,C++
CommitEvent,2023-05-21,james_smith,vercel/next.js,vercel,approved,12.0,15.0,True,Rust
IssuesEvent,2023-02-17,john_taylor,uber/react-map-gl,uber,approved,,,True,TypeScript
IssuesEvent,2023-08-02,james_smith,google/chromium,google,merged,,,True,TypeScript
MergeEvent,2023-11-28,olivia_zhang,uber/kraken,uber,reviewed,,,True,Rust
IssuesEvent,2023-05-03,anna_wilson,elastic/beats,elastic,merged,,,False,TypeScript
CommitEvent,2023-10-11,john_taylor,vercel/next.js,vercel,reviewed,12.0,2.0,False,Python
PullRequestEvent,2023-12-23,mark_davis,google/angular,google,created,50.0,66.0,True,Go
PushEvent,2023-05-09,mark_davis,facebook/relay,facebook,merged,11.0,2.0,False,JavaScript
PullRequestEvent,2023-05-03,chris_lee,facebook/yoga,facebook,approved,3.0,33.0,False,Go
PullRequestEvent,2023-01-16,mike_johnson,facebook/jest,facebook,closed,24.0,81.0,False,Java
CommitEvent,2023-12-12,nina_patel,microsoft/vscode,microsoft,approved,3.0,22.0,True,Go
MergeEvent,2023-12-08,rachel_kim,facebook/relay,facebook,reviewed,,,False,TypeScript
MergeEvent,2023-11-19,jen_liu,facebook/jest,facebook,merged,,,False,Go
PushEvent,2023-11-26,tom_nelson,airbnb/mavericks,airbnb,opened,12.0,3.0,False,Java
PullRequestEvent,2023-04-30,rachel_kim,airbnb/mavericks,airbnb,commented,3.0,35.0,False,Python
IssuesEvent,2023-05-09,maria_rodriguez,hashicorp/vagrant,hashicorp,reviewed,,,False,TypeScript
MergeEvent,2023-07-03,robert_brown,hashicorp/vault,hashicorp,created,,,True,JavaScript
IssuesEvent,2023-06-27,anna_wilson,apache/flink,apache,reviewed,,,True,Python
CreateEvent,2023-11-27,john_taylor,google/kubernetes,google,commented,,,True,Go
IssuesEvent,2023-04-06,sophie_duval,facebook/jest,facebook,created,,,True,C++
PullRequestEvent,2023-11-01,olivia_zhang,microsoft/terminal,microsoft,closed,28.0,93.0,True,JavaScript
PushEvent,2023-11-26,nina_patel,uber/jaeger,uber,merged,9.0,10.0,True,C++
IssuesEvent,2023-08-06,robert_brown,uber/jaeger,uber,merged,,,True,Python
CommitEvent,2023-01-07,tom_nelson,facebook/relay,facebook,commented,11.0,16.0,True,TypeScript
MergeEvent,2023-02-23,olivia_zhang,google/chromium,google,opened,,,True,JavaScript
IssuesEvent,2023-09-25,mike_johnson,microsoft/vscode,microsoft,updated,,,True,TypeScript
MergeEvent,2023-12-11,mike_johnson,microsoft/playwright,microsoft,created,,,True,Go
IssuesEvent,2023-07-03,sophie_duval,airbnb/javascript,airbnb,created,,,False,JavaScript
MergeEvent,2023-12-19,tom_nelson,vercel/micro,vercel,reviewed,,,True,Rust
CreateEvent,2023-09-30,jen_liu,elastic/elasticsearch,elastic,opened,,,True,Java
IssuesEvent,2023-04-02,robert_brown,hashicorp/packer,hashicorp,reviewed,,,False,C++
MergeEvent,2023-11-15,maria_rodriguez,microsoft/playwright,microsoft,approved,,,True,JavaScript
IssuesEvent,2023-12-08,tom_nelson,netflix/eureka,netflix,commented,,,False,Go
IssuesEvent,2023-06-13,alex_kumar,uber/react-map-gl,uber,approved,,,False,TypeScript
PushEvent,2023-11-25,robert_brown,microsoft/dotnet,microsoft,updated,15.0,19.0,True,Python
CreateEvent,2023-12-31,mike_johnson,uber/pyro,uber,opened,,,True,Java
CreateEvent,2023-06-20,nina_patel,google/angular,google,approved,,,True,Go
IssuesEvent,2023-05-06,rachel_kim,facebook/jest,facebook,approved,,,True,Go
CommitEvent,2023-08-19,emma_garcia,airbnb/lottie,airbnb,reviewed,5.0,21.0,True,Go
MergeEvent,2023-12-09,john_taylor,google/kubernetes,google,merged,,,True,C++
PushEvent,2023-11-08,sarah_chen,uber/pyro,uber,updated,8.0,12.0,True,TypeScript
PushEvent,2023-04-26,alex_kumar,netflix/conductor,netflix,closed,10.0,20.0,True,TypeScript
IssuesEvent,2023-01-04,david_martinez,hashicorp/vagrant,hashicorp,closed,,,True,TypeScript
PullRequestEvent,2023-04-30,tom_nelson,netflix/conductor,netflix,approved,27.0,25.0,True,Go
CommitEvent,2023-12-08,sarah_chen,netflix/conductor,netflix,closed,8.0,25.0,True,Go
MergeEvent,2023-03-10,anna_wilson,elastic/kibana,elastic,reviewed,,,True,Rust
PushEvent,2023-08-28,dan_murphy,hashicorp/consul,hashicorp,commented,11.0,15.0,True,Java
IssuesEvent,2023-05-25,david_martinez,hashicorp/consul,hashicorp,approved,,,True,JavaScript
PullRequestEvent,2023-11-13,sophie_duval,hashicorp/consul,hashicorp,approved,13.0,73.0,True,JavaScript
PushEvent,2023-06-01,james_smith,hashicorp/consul,hashicorp,opened,11.0,1.0,False,Java
MergeEvent,2023-11-10,sophie_duval,netflix/conductor,netflix,opened,,,True,Python
PullRequestEvent,2023-02-09,nina_patel,google/tensorflow,google,created,10.0,71.0,True,TypeScript
CommitEvent,2023-07-09,emma_garcia,hashicorp/vault,hashicorp,reviewed,14.0,20.0,False,Rust
PullRequestEvent,2023-12-01,mark_davis,google/angular,google,approved,20.0,58.0,False,Python
MergeEvent,2023-06-13,mark_davis,airbnb/javascript,airbnb,merged,,,True,Go
CommitEvent,2023-07-04,anna_wilson,facebook/react-native,facebook,approved,13.0,4.0,True,Python
PushEvent,2023-09-28,john_taylor,apache/spark,apache,opened,12.0,11.0,True,Java
CreateEvent,2023-08-04,john_taylor,facebook/yoga,facebook,approved,,,True,Java
PullRequestEvent,2023-12-19,john_taylor,apache/airflow,apache,commented,4.0,62.0,True,Rust
MergeEvent,2023-10-07,david_martinez,airbnb/enzyme,airbnb,approved,,,False,C++
CommitEvent,2023-08-16,mark_davis,google/tensorflow,google,closed,1.0,25.0,True,Go
MergeEvent,2023-01-19,sarah_chen,airbnb/lottie,airbnb,closed,,,True,Java
PullRequestEvent,2023-04-16,david_martinez,airbnb/enzyme,airbnb,created,14.0,63.0,True,Java
CreateEvent,2023-07-30,alex_kumar,facebook/relay,facebook,merged,,,True,Rust
CreateEvent,2023-06-20,john_taylor,vercel/swr,vercel,merged,,,False,Rust
IssuesEvent,2023-10-26,jen_liu,uber/jaeger,uber,approved,,,True,Rust
PushEvent,2023-06-15,dan_murphy,uber/react-map-gl,uber,created,13.0,16.0,True,TypeScript
PushEvent,2023-03-07,alex_kumar,google/angular,google,approved,7.0,6.0,True,Java
PushEvent,2023-05-06,david_martinez,uber/cadence,uber,created,5.0,13.0,True,Java
CommitEvent,2023-06-11,jen_liu,vercel/hyper,vercel,created,9.0,6.0,True,C++
CreateEvent,2023-08-07,maria_rodriguez,microsoft/TypeScript,microsoft,updated,,,True,C++
PullRequestEvent,2023-12-10,rachel_kim,netflix/zuul,netflix,merged,39.0,98.0,True,C++
MergeEvent,2023-07-01,chris_lee,netflix/archaius,netflix,merged,,,False,Rust
CommitEvent,2023-04-28,nina_patel,hashicorp/vault,hashicorp,merged,10.0,15.0,True,Rust
CommitEvent,2023-01-16,dan_murphy,netflix/hystrix,netflix,updated,11.0,11.0,True,Rust
MergeEvent,2023-08-06,olivia_zhang,vercel/swr,vercel,closed,,,True,TypeScript
MergeEvent,2024-01-01,mike_johnson,uber/jaeger,uber,approved,,,True,JavaScript
IssuesEvent,2023-06-13,tom_nelson,facebook/react-native,facebook,updated,,,True,Java
PushEvent,2023-07-28,david_martinez,hashicorp/consul,hashicorp,commented,13.0,19.0,True,Python
PullRequestEvent,2023-05-15,maria_rodriguez,microsoft/vscode,microsoft,approved,49.0,30.0,True,Rust
CreateEvent,2023-10-16,chris_lee,elastic/kibana,elastic,approved,,,True,C++
CommitEvent,2023-10-06,sarah_chen,google/chromium,google,commented,3.0,18.0,False,C++
PushEvent,2023-08-04,tom_nelson,netflix/conductor,netflix,merged,8.0,22.0,False,JavaScript
CommitEvent,2023-11-27,david_martinez,elastic/elasticsearch,elastic,reviewed,7.0,12.0,True,JavaScript
PullRequestEvent,2023-01-30,john_taylor,elastic/apm-server,elastic,merged,34.0,1.0,True,JavaScript
PushEvent,2023-08-13,sarah_chen,netflix/zuul,netflix,opened,13.0,13.0,True,Python
IssuesEvent,2023-06-04,john_taylor,uber/react-map-gl,uber,updated,,,True,Java
CommitEvent,2023-09-02,mark_davis,vercel/turbo,vercel,merged,5.0,8.0,True,Python
PushEvent,2023-11-29,maria_rodriguez,google/kubernetes,google,updated,15.0,4.0,True,TypeScript
MergeEvent,2023-09-15,olivia_zhang,hashicorp/nomad,hashicorp,opened,,,True,TypeScript
IssuesEvent,2023-10-16,alex_kumar,apache/flink,apache,merged,,,False,JavaScript
PushEvent,2023-02-06,dan_murphy,facebook/relay,facebook,closed,14.0,17.0,True,Go
CreateEvent,2023-03-31,sarah_chen,google/tensorflow,google,reviewed,,,True,JavaScript
CommitEvent,2023-05-19,chris_lee,netflix/hystrix,netflix,created,6.0,11.0,True,Go
CommitEvent,2023-10-29,maria_rodriguez,uber/kraken,uber,created,9.0,10.0,True,Rust
CreateEvent,2023-05-05,mark_davis,airbnb/visx,airbnb,opened,,,False,Go
IssuesEvent,2023-02-17,dan_murphy,airbnb/mavericks,airbnb,commented,,,True,Python
CommitEvent,2023-03-13,james_smith,microsoft/vscode,microsoft,commented,1.0,12.0,True,Go
IssuesEvent,2023-08-15,jen_liu,facebook/react-native,facebook,opened,,,True,JavaScript
IssuesEvent,2023-12-13,sophie_duval,google/tensorflow,google,created,,,True,Python
PushEvent,2023-08-31,nina_patel,microsoft/dotnet,microsoft,updated,13.0,6.0,True,Go
MergeEvent,2023-06-05,anna_wilson,google/go,google,closed,,,True,Java
PushEvent,2023-11-01,david_martinez,airbnb/mavericks,airbnb,opened,8.0,11.0,True,Java
CreateEvent,2023-05-07,emma_garcia,airbnb/visx,airbnb,merged,,,True,Java
IssuesEvent,2023-01-13,david_martinez,apache/spark,apache,commented,,,True,Go
PushEvent,2023-10-30,lisa_anderson,google/angular,google,commented,8.0,25.0,True,TypeScript
CommitEvent,2023-12-01,nina_patel,apache/flink,apache,closed,2.0,21.0,True,JavaScript
PullRequestEvent,2023-04-01,anna_wilson,google/kubernetes,google,created,13.0,70.0,True,Python
CreateEvent,2023-05-13,emma_garcia,airbnb/enzyme,airbnb,merged,,,False,C++
MergeEvent,2023-06-07,maria_rodriguez,google/go,google,merged,,,True,Rust
IssuesEvent,2023-05-30,john_taylor,elastic/logstash,elastic,reviewed,,,False,Rust
CreateEvent,2023-06-28,emma_garcia,airbnb/visx,airbnb,approved,,,True,Rust
MergeEvent,2023-06-30,emma_garcia,netflix/eureka,netflix,closed,,,True,TypeScript
CreateEvent,2023-11-12,david_martinez,apache/beam,apache,opened,,,False,TypeScript
CommitEvent,2023-10-31,sophie_duval,uber/react-map-gl,uber,updated,9.0,16.0,False,Python
CommitEvent,2023-03-15,dan_murphy,microsoft/dotnet,microsoft,commented,8.0,8.0,True,Go
CommitEvent,2023-02-28,rachel_kim,facebook/docusaurus,facebook,opened,9.0,20.0,True,C++
MergeEvent,2023-02-22,james_smith,airbnb/visx,airbnb,commented,,,False,JavaScript
MergeEvent,2023-07-05,sarah_chen,vercel/hyper,vercel,commented,,,True,JavaScript
CreateEvent,2023-11-30,lisa_anderson,elastic/kibana,elastic,opened,,,True,Rust
PullRequestEvent,2023-01-04,nina_patel,elastic/beats,elastic,created,35.0,39.0,True,TypeScript
PullRequestEvent,2023-10-12,david_martinez,microsoft/vscode,microsoft,created,21.0,61.0,True,Java
IssuesEvent,2023-05-03,robert_brown,elastic/kibana,elastic,reviewed,,,True,Rust
MergeEvent,2023-12-19,james_smith,facebook/react,facebook,approved,,,True,TypeScript
CommitEvent,2023-11-18,david_martinez,hashicorp/vault,hashicorp,commented,12.0,21.0,True,Rust
CreateEvent,2023-02-21,tom_nelson,vercel/turbo,vercel,closed,,,True,JavaScript
CreateEvent,2023-01-15,david_martinez,apache/spark,apache,opened,,,True,TypeScript
CreateEvent,2023-01-20,tom_nelson,airbnb/lottie,airbnb,commented,,,True,Python
CreateEvent,2023-04-17,sophie_duval,hashicorp/packer,hashicorp,merged,,,True,TypeScript
CommitEvent,2023-10-05,mike_johnson,hashicorp/nomad,hashicorp,commented,9.0,12.0,True,Go
IssuesEvent,2023-10-04,sophie_duval,apache/spark,apache,updated,,,False,Rust
PullRequestEvent,2023-05-05,olivia_zhang,netflix/zuul,netflix,approved,21.0,86.0,True,Python
CreateEvent,2023-06-23,mark_davis,google/chromium,google,closed,,,True,JavaScript
PushEvent,2023-05-17,lisa_anderson,facebook/react,facebook,closed,12.0,1.0,True,Java
IssuesEvent,2023-02-21,james_smith,microsoft/terminal,microsoft,created,,,True,JavaScript
MergeEvent,2023-03-26,chris_lee,netflix/ribbon,netflix,approved,,,True,Rust
CreateEvent,2023-09-15,alex_kumar,elastic/elasticsearch,elastic,approved,,,True,C++
MergeEvent,2023-06-11,olivia_zhang,netflix/ribbon,netflix,approved,,,True,JavaScript
CommitEvent,2023-12-06,sophie_duval,google/go,google,approved,12.0,5.0,True,Java
MergeEvent,2023-04-06,jen_liu,apache/cassandra,apache,updated,,,True,Python
PullRequestEvent,2023-05-10,rachel_kim,airbnb/enzyme,airbnb,created,37.0,78.0,False,Python
MergeEvent,2023-08-21,rachel_kim,apache/kafka,apache,reviewed,,,True,Go
IssuesEvent,2023-03-23,mike_johnson,microsoft/vscode,microsoft,opened,,,True,Go
CreateEvent,2023-07-16,sophie_duval,vercel/hyper,vercel,updated,,,True,TypeScript
PullRequestEvent,2023-10-23,john_taylor,apache/spark,apache,closed,32.0,54.0,False,Java
PullRequestEvent,2023-06-13,rachel_kim,facebook/docusaurus,facebook,commented,44.0,94.0,False,TypeScript
PushEvent,2023-12-02,john_taylor,microsoft/vscode,microsoft,updated,13.0,22.0,True,Python
PullRequestEvent,2023-12-13,chris_lee,microsoft/TypeScript,microsoft,approved,39.0,86.0,True,C++
CommitEvent,2023-01-19,jen_liu,uber/pyro,uber,updated,15.0,16.0,False,JavaScript
MergeEvent,2023-01-31,emma_garcia,facebook/react-native,facebook,merged,,,True,Go
MergeEvent,2023-09-04,mike_johnson,uber/jaeger,uber,reviewed,,,True,Go
CreateEvent,2023-12-16,emma_garcia,airbnb/javascript,airbnb,approved,,,True,TypeScript
PullRequestEvent,2023-04-04,emma_garcia,airbnb/visx,airbnb,closed,9.0,68.0,True,Java
IssuesEvent,2023-11-09,maria_rodriguez,google/flutter,google,approved,,,True,Go
MergeEvent,2023-11-29,rachel_kim,hashicorp/nomad,hashicorp,created,,,False,Python
IssuesEvent,2023-06-01,rachel_kim,netflix/eureka,netflix,created,,,False,Java
CommitEvent,2023-07-16,dan_murphy,airbnb/javascript,airbnb,commented,1.0,7.0,True,TypeScript
CommitEvent,2023-10-01,nina_patel,vercel/hyper,vercel,merged,7.0,9.0,True,Python
PullRequestEvent,2023-09-01,alex_kumar,elastic/logstash,elastic,created,48.0,48.0,True,Python
CreateEvent,2023-01-19,anna_wilson,netflix/eureka,netflix,approved,,,True,Python
CreateEvent,2023-12-29,emma_garcia,airbnb/javascript,airbnb,closed,,,True,C++
PullRequestEvent,2023-01-11,john_taylor,google/kubernetes,google,approved,29.0,1.0,True,JavaScript
PushEvent,2023-07-03,chris_lee,apache/airflow,apache,reviewed,11.0,21.0,False,Python
PullRequestEvent,2023-08-12,emma_garcia,hashicorp/nomad,hashicorp,reviewed,32.0,47.0,False,Rust
IssuesEvent,2023-08-03,emma_garcia,elastic/apm-server,elastic,approved,,,True,Go
PushEvent,2023-09-10,maria_rodriguez,airbnb/javascript,airbnb,closed,13.0,5.0,True,Python
IssuesEvent,2023-01-08,rachel_kim,apache/airflow,apache,opened,,,False,TypeScript
MergeEvent,2023-09-12,sarah_chen,facebook/jest,facebook,merged,,,False,Rust
MergeEvent,2023-11-14,mark_davis,uber/jaeger,uber,approved,,,True,Rust
CreateEvent,2023-03-18,anna_wilson,elastic/apm-server,elastic,commented,,,False,Python
MergeEvent,2023-12-13,james_smith,google/go,google,commented,,,False,Rust
MergeEvent,2023-02-12,sophie_duval,facebook/docusaurus,facebook,approved,,,True,Python
CreateEvent,2023-06-09,tom_nelson,netflix/eureka,netflix,opened,,,True,C++
CommitEvent,2023-04-12,robert_brown,airbnb/mavericks,airbnb,commented,6.0,6.0,True,C++
PushEvent,2023-01-05,rachel_kim,hashicorp/terraform,hashicorp,closed,10.0,6.0,True,JavaScript
PushEvent,2023-06-14,sarah_chen,google/tensorflow,google,opened,8.0,5.0,True,TypeScript
CommitEvent,2023-05-01,dan_murphy,facebook/yoga,facebook,merged,5.0,9.0,True,Rust
CreateEvent,2023-12-11,emma_garcia,microsoft/PowerToys,microsoft,created,,,True,C++
CommitEvent,2023-03-06,olivia_zhang,elastic/elasticsearch,elastic,updated,15.0,22.0,True,Go
IssuesEvent,2023-03-27,david_martinez,microsoft/dotnet,microsoft,created,,,False,Python
MergeEvent,2023-04-16,maria_rodriguez,uber/jaeger,uber,closed,,,True,Rust
PullRequestEvent,2023-06-14,chris_lee,hashicorp/nomad,hashicorp,approved,42.0,71.0,False,Rust
CreateEvent,2023-01-22,anna_wilson,apache/kafka,apache,merged,,,False,Java
CommitEvent,2023-10-09,tom_nelson,apache/kafka,apache,commented,9.0,15.0,True,Java
PushEvent,2023-04-28,rachel_kim,elastic/logstash,elastic,reviewed,10.0,7.0,True,C++
PullRequestEvent,2023-08-07,emma_garcia,facebook/react-native,facebook,closed,30.0,71.0,True,JavaScript
CommitEvent,2023-11-27,mike_johnson,google/angular,google,closed,2.0,21.0,True,TypeScript
IssuesEvent,2023-12-07,john_taylor,apache/cassandra,apache,approved,,,False,Python
CreateEvent,2023-03-29,sarah_chen,airbnb/visx,airbnb,commented,,,True,JavaScript
CreateEvent,2023-01-23,mike_johnson,apache/flink,apache,commented,,,True,Go
CommitEvent,2023-02-24,james_smith,elastic/apm-server,elastic,updated,15.0,20.0,False,C++
MergeEvent,2023-09-21,david_martinez,hashicorp/vagrant,hashicorp,closed,,,True,JavaScript
PullRequestEvent,2023-10-23,chris_lee,elastic/logstash,elastic,closed,22.0,19.0,True,TypeScript
CreateEvent,2023-07-11,sarah_chen,uber/kraken,uber,commented,,,True,Python
PushEvent,2023-10-22,john_taylor,facebook/jest,facebook,merged,7.0,9.0,True,C++
IssuesEvent,2023-03-24,sarah_chen,vercel/swr,vercel,reviewed,,,True,TypeScript
PullRequestEvent,2023-01-31,john_taylor,microsoft/vscode,microsoft,reviewed,41.0,24.0,True,Java
CommitEvent,2023-09-10,mike_johnson,airbnb/javascript,airbnb,created,6.0,20.0,True,Java
PushEvent,2023-11-19,rachel_kim,facebook/jest,facebook,closed,9.0,8.0,True,Go
IssuesEvent,2023-08-13,emma_garcia,uber/kraken,uber,commented,,,True,C++
CreateEvent,2023-01-09,maria_rodriguez,uber/react-map-gl,uber,closed,,,True,Python
PushEvent,2023-04-09,sarah_chen,uber/jaeger,uber,reviewed,2.0,23.0,True,JavaScript
MergeEvent,2023-07-28,james_smith,facebook/react-native,facebook,reviewed,,,True,Go
IssuesEvent,2023-11-15,rachel_kim,microsoft/vscode,microsoft,approved,,,True,Go
PushEvent,2023-11-26,sarah_chen,airbnb/visx,airbnb,reviewed,1.0,13.0,True,TypeScript
PullRequestEvent,2023-11-20,sarah_chen,netflix/archaius,netflix,closed,36.0,98.0,True,TypeScript
IssuesEvent,2023-07-11,jen_liu,netflix/archaius,netflix,merged,,,True,JavaScript
IssuesEvent,2023-01-05,david_martinez,google/angular,google,created,,,True,Python
CreateEvent,2023-06-03,anna_wilson,netflix/archaius,netflix,updated,,,False,Java
MergeEvent,2023-10-16,david_martinez,elastic/beats,elastic,closed,,,True,Go
PushEvent,2023-03-05,olivia_zhang,google/tensorflow,google,closed,5.0,16.0,True,C++
IssuesEvent,2023-08-07,rachel_kim,hashicorp/packer,hashicorp,reviewed,,,True,Python
CreateEvent,2023-08-29,james_smith,netflix/archaius,netflix,opened,,,False,Go
IssuesEvent,2023-10-29,olivia_zhang,netflix/archaius,netflix,commented,,,True,Go
PullRequestEvent,2023-05-19,sarah_chen,elastic/beats,elastic,reviewed,33.0,61.0,True,Go
MergeEvent,2023-08-04,john_taylor,netflix/ribbon,netflix,updated,,,True,Rust
IssuesEvent,2023-02-07,maria_rodriguez,facebook/yoga,facebook,commented,,,True,Java
CreateEvent,2023-06-15,anna_wilson,google/kubernetes,google,commented,,,False,Python
PullRequestEvent,2023-09-05,dan_murphy,apache/beam,apache,updated,44.0,31.0,True,JavaScript
IssuesEvent,2023-02-09,sarah_chen,vercel/next.js,vercel,commented,,,False,Rust
IssuesEvent,2023-04-11,mark_davis,vercel/next.js,vercel,merged,,,True,Python
CommitEvent,2023-01-21,lisa_anderson,google/angular,google,updated,10.0,10.0,True,Python
CreateEvent,2023-06-25,sophie_duval,hashicorp/consul,hashicorp,opened,,,True,Java
CommitEvent,2023-04-01,olivia_zhang,airbnb/mavericks,airbnb,closed,8.0,7.0,True,Go
CommitEvent,2023-06-17,maria_rodriguez,airbnb/mavericks,airbnb,updated,11.0,3.0,True,JavaScript
PullRequestEvent,2023-09-18,rachel_kim,elastic/elasticsearch,elastic,merged,40.0,27.0,True,Rust
IssuesEvent,2023-06-02,david_martinez,microsoft/terminal,microsoft,reviewed,,,True,Go
CreateEvent,2023-05-09,sophie_duval,facebook/yoga,facebook,commented,,,True,C++
CommitEvent,2023-07-31,tom_nelson,hashicorp/terraform,hashicorp,updated,12.0,7.0,True,JavaScript
PushEvent,2023-01-26,mike_johnson,netflix/hystrix,netflix,approved,2.0,24.0,False,JavaScript
IssuesEvent,2023-05-06,anna_wilson,facebook/react,facebook,closed,,,True,Go
PullRequestEvent,2023-04-17,jen_liu,facebook/yoga,facebook,reviewed,26.0,89.0,True,Go
MergeEvent,2023-11-29,sarah_chen,airbnb/javascript,airbnb,closed,,,True,JavaScript
IssuesEvent,2023-03-05,emma_garcia,netflix/zuul,netflix,opened,,,True,Python
MergeEvent,2023-06-14,jen_liu,airbnb/visx,airbnb,opened,,,True,Go
MergeEvent,2023-12-07,james_smith,facebook/docusaurus,facebook,approved,,,True,Java
CreateEvent,2023-10-04,jen_liu,apache/kafka,apache,merged,,,True,Rust
MergeEvent,2023-05-04,emma_garcia,netflix/ribbon,netflix,updated,,,True,Python
CreateEvent,2023-01-19,mark_davis,apache/cassandra,apache,created,,,True,TypeScript
IssuesEvent,2023-11-13,robert_brown,vercel/swr,vercel,updated,,,True,Python
CreateEvent,2023-03-17,alex_kumar,google/angular,google,opened,,,True,C++
IssuesEvent,2023-11-05,mike_johnson,apache/cassandra,apache,created,,,False,Go
IssuesEvent,2023-10-25,sophie_duval,facebook/react-native,facebook,updated,,,True,Java
IssuesEvent,2023-05-31,david_martinez,elastic/logstash,elastic,merged,,,True,Rust
CreateEvent,2023-08-21,emma_garcia,netflix/archaius,netflix,closed,,,True,TypeScript
CommitEvent,2023-07-17,lisa_anderson,apache/kafka,apache,closed,2.0,12.0,True,Java
CommitEvent,2023-04-06,john_taylor,facebook/jest,facebook,reviewed,7.0,24.0,True,Python
CommitEvent,2023-08-12,tom_nelson,microsoft/vscode,microsoft,commented,15.0,1.0,False,Go
IssuesEvent,2023-04-14,alex_kumar,vercel/pkg,vercel,commented,,,True,Rust
PullRequestEvent,2023-03-07,tom_nelson,airbnb/enzyme,airbnb,opened,6.0,23.0,False,TypeScript
MergeEvent,2023-08-30,sarah_chen,airbnb/mavericks,airbnb,reviewed,,,True,TypeScript
IssuesEvent,2023-12-01,robert_brown,elastic/apm-server,elastic,closed,,,True,Go
PullRequestEvent,2023-03-29,mark_davis,apache/cassandra,apache,created,42.0,67.0,True,Rust
PushEvent,2023-01-20,alex_kumar,netflix/archaius,netflix,updated,9.0,7.0,True,JavaScript
IssuesEvent,2023-06-20,olivia_zhang,apache/airflow,apache,reviewed,,,True,Python
CommitEvent,2023-06-15,emma_garcia,google/go,google,closed,2.0,13.0,True,C++
CommitEvent,2023-04-19,lisa_anderson,vercel/micro,vercel,updated,8.0,25.0,True,Python
CreateEvent,2023-09-03,rachel_kim,uber/jaeger,uber,merged,,,True,TypeScript
PushEvent,2023-10-11,maria_rodriguez,hashicorp/terraform,hashicorp,created,8.0,4.0,True,JavaScript
CommitEvent,2023-10-21,alex_kumar,apache/cassandra,apache,reviewed,6.0,22.0,False,Go
PushEvent,2023-04-05,james_smith,apache/flink,apache,merged,5.0,24.0,False,JavaScript
CreateEvent,2023-08-10,sophie_duval,elastic/elasticsearch,elastic,merged,,,False,C++
PullRequestEvent,2023-04-29,lisa_anderson,netflix/ribbon,netflix,reviewed,29.0,61.0,True,C++
PushEvent,2023-08-22,chris_lee,google/angular,google,closed,4.0,3.0,True,Java
PushEvent,2023-03-19,john_taylor,google/go,google,updated,9.0,23.0,True,TypeScript
PushEvent,2023-10-05,john_taylor,elastic/beats,elastic,commented,5.0,24.0,True,Go
IssuesEvent,2023-11-11,anna_wilson,vercel/pkg,vercel,approved,,,False,Java
CreateEvent,2023-10-31,olivia_zhang,apache/cassandra,apache,closed,,,False,Rust
IssuesEvent,2023-08-13,jen_liu,airbnb/visx,airbnb,merged,,,False,Python
PushEvent,2023-11-10,nina_patel,hashicorp/packer,hashicorp,closed,6.0,17.0,True,Python
PushEvent,2023-09-20,jen_liu,netflix/archaius,netflix,merged,11.0,8.0,True,Go
PushEvent,2023-06-25,chris_lee,airbnb/visx,airbnb,merged,11.0,1.0,True,C++
PullRequestEvent,2023-01-19,chris_lee,google/go,google,closed,3.0,30.0,True,Java
PushEvent,2023-06-15,jen_liu,hashicorp/vagrant,hashicorp,closed,12.0,9.0,True,Go
MergeEvent,2023-10-04,dan_murphy,facebook/yoga,facebook,merged,,,False,TypeScript
MergeEvent,2023-07-01,john_taylor,elastic/logstash,elastic,closed,,,False,Rust
PullRequestEvent,2023-06-04,sarah_chen,google/chromium,google,created,29.0,26.0,True,TypeScript
CreateEvent,2023-12-09,dan_murphy,uber/pyro,uber,reviewed,,,True,Rust
PushEvent,2023-03-19,mike_johnson,microsoft/TypeScript,microsoft,commented,2.0,16.0,False,JavaScript
PullRequestEvent,2023-10-12,jen_liu,uber/jaeger,uber,merged,38.0,64.0,True,Go
CommitEvent,2023-12-24,anna_wilson,vercel/turbo,vercel,reviewed,10.0,15.0,True,Java
PullRequestEvent,2023-11-04,chris_lee,uber/kraken,uber,merged,49.0,7.0,True,Python
IssuesEvent,2023-01-30,mark_davis,uber/kraken,uber,approved,,,False,JavaScript
PushEvent,2023-11-21,james_smith,google/go,google,reviewed,6.0,3.0,True,Java
PullRequestEvent,2023-10-05,robert_brown,airbnb/visx,airbnb,closed,16.0,96.0,True,JavaScript
MergeEvent,2023-02-15,tom_nelson,vercel/next.js,vercel,created,,,True,C++
CommitEvent,2023-08-16,lisa_anderson,uber/react-map-gl,uber,approved,13.0,22.0,True,Python
MergeEvent,2023-04-16,olivia_zhang,microsoft/TypeScript,microsoft,created,,,True,C++
PullRequestEvent,2023-01-15,mike_johnson,apache/airflow,apache,merged,24.0,63.0,False,Rust
CreateEvent,2023-01-29,lisa_anderson,google/tensorflow,google,created,,,True,JavaScript
PushEvent,2023-12-30,chris_lee,vercel/turbo,vercel,merged,14.0,2.0,True,C++
IssuesEvent,2023-11-24,sarah_chen,elastic/logstash,elastic,commented,,,True,C++
MergeEvent,2023-08-12,john_taylor,hashicorp/terraform,hashicorp,approved,,,True,Java
CreateEvent,2023-06-07,olivia_zhang,elastic/apm-server,elastic,opened,,,True,C++
CommitEvent,2023-04-05,sarah_chen,netflix/eureka,netflix,updated,6.0,19.0,False,TypeScript
CommitEvent,2023-08-20,lisa_anderson,uber/cadence,uber,closed,4.0,15.0,False,Python
MergeEvent,2023-02-23,mark_davis,microsoft/playwright,microsoft,opened,,,True,Python
MergeEvent,2023-01-15,david_martinez,microsoft/dotnet,microsoft,commented,,,False,Java
IssuesEvent,2023-11-28,mark_davis,apache/beam,apache,closed,,,True,C++
MergeEvent,2023-10-28,jen_liu,facebook/react,facebook,merged,,,False,Rust
PushEvent,2023-02-24,mike_johnson,apache/spark,apache,updated,15.0,10.0,True,Python
CommitEvent,2023-07-19,john_taylor,netflix/eureka,netflix,created,6.0,22.0,False,C++
IssuesEvent,2023-08-13,olivia_zhang,uber/react-map-gl,uber,reviewed,,,True,TypeScript
CreateEvent,2023-10-03,jen_liu,uber/cadence,uber,approved,,,True,C++
PullRequestEvent,2023-09-29,jen_liu,vercel/micro,vercel,approved,39.0,55.0,True,Go
PullRequestEvent,2023-12-17,emma_garcia,uber/jaeger,uber,updated,48.0,8.0,True,Go
CreateEvent,2023-11-25,maria_rodriguez,hashicorp/terraform,hashicorp,closed,,,True,Rust
PushEvent,2023-05-21,alex_kumar,microsoft/vscode,microsoft,merged,13.0,16.0,True,C++
PushEvent,2023-12-02,dan_murphy,hashicorp/packer,hashicorp,updated,2.0,24.0,True,TypeScript
CommitEvent,2023-04-15,tom_nelson,netflix/conductor,netflix,closed,6.0,1.0,True,Rust
IssuesEvent,2023-02-01,nina_patel,netflix/conductor,netflix,closed,,,False,Go
MergeEvent,2023-07-27,maria_rodriguez,apache/airflow,apache,commented,,,True,JavaScript
PushEvent,2023-06-04,david_martinez,netflix/archaius,netflix,updated,15.0,3.0,True,C++
CreateEvent,2023-06-14,mike_johnson,hashicorp/consul,hashicorp,merged,,,True,Java
IssuesEvent,2023-06-12,olivia_zhang,uber/cadence,uber,closed,,,False,Rust
PullRequestEvent,2023-10-23,nina_patel,uber/react-map-gl,uber,created,50.0,50.0,True,Python
PushEvent,2023-01-11,james_smith,elastic/elasticsearch,elastic,created,12.0,5.0,True,TypeScript
CommitEvent,2023-05-11,anna_wilson,elastic/kibana,elastic,reviewed,14.0,18.0,False,Rust
PushEvent,2023-01-25,sarah_chen,hashicorp/consul,hashicorp,reviewed,7.0,14.0,True,Java
PullRequestEvent,2023-09-06,john_taylor,microsoft/vscode,microsoft,reviewed,12.0,71.0,False,Java
CommitEvent,2023-11-22,mark_davis,netflix/hystrix,netflix,closed,4.0,22.0,True,Rust
MergeEvent,2023-05-05,mike_johnson,airbnb/javascript,airbnb,approved,,,True,Java
PullRequestEvent,2023-12-18,mike_johnson,hashicorp/nomad,hashicorp,reviewed,37.0,38.0,True,JavaScript
CreateEvent,2023-09-16,rachel_kim,hashicorp/packer,hashicorp,commented,,,False,JavaScript
CreateEvent,2023-01-21,nina_patel,facebook/relay,facebook,approved,,,True,Go
CommitEvent,2023-03-02,olivia_zhang,vercel/next.js,vercel,reviewed,2.0,22.0,True,Rust
MergeEvent,2023-01-24,sarah_chen,apache/beam,apache,reviewed,,,True,C++
CreateEvent,2023-06-21,david_martinez,airbnb/javascript,airbnb,opened,,,True,TypeScript
CreateEvent,2023-05-30,david_martinez,airbnb/enzyme,airbnb,merged,,,True,Rust
CreateEvent,2023-04-29,emma_garcia,facebook/react,facebook,opened,,,True,Go
IssuesEvent,2023-03-28,dan_murphy,google/tensorflow,google,updated,,,True,JavaScript
MergeEvent,2023-10-23,mark_davis,apache/spark,apache,merged,,,True,Java
PushEvent,2023-02-19,sophie_duval,hashicorp/vagrant,hashicorp,created,7.0,8.0,True,TypeScript
IssuesEvent,2023-05-23,nina_patel,elastic/logstash,elastic,merged,,,True,Go
CommitEvent,2023-08-06,david_martinez,google/kubernetes,google,merged,11.0,2.0,False,TypeScript
PullRequestEvent,2023-03-14,emma_garcia,elastic/logstash,elastic,updated,38.0,43.0,False,C++
CommitEvent,2023-03-09,jen_liu,google/tensorflow,google,reviewed,3.0,1.0,True,Go
PullRequestEvent,2023-08-25,chris_lee,apache/beam,apache,merged,35.0,37.0,True,Go
CommitEvent,2023-09-03,maria_rodriguez,google/angular,google,approved,5.0,21.0,True,TypeScript
PushEvent,2023-01-11,sarah_chen,facebook/jest,facebook,created,8.0,23.0,True,C++
PushEvent,2023-01-29,robert_brown,netflix/eureka,netflix,commented,5.0,9.0,True,TypeScript
PullRequestEvent,2023-05-10,lisa_anderson,netflix/ribbon,netflix,closed,50.0,47.0,True,Python
CommitEvent,2023-08-14,rachel_kim,netflix/archaius,netflix,created,5.0,18.0,True,Rust
PullRequestEvent,2023-07-08,olivia_zhang,vercel/micro,vercel,created,43.0,46.0,False,Python
CommitEvent,2023-09-16,anna_wilson,uber/pyro,uber,merged,12.0,22.0,True,Rust
IssuesEvent,2023-03-01,nina_patel,vercel/swr,vercel,reviewed,,,True,Go
CreateEvent,2023-03-31,maria_rodriguez,vercel/swr,vercel,closed,,,False,Rust
IssuesEvent,2023-04-14,nina_patel,elastic/beats,elastic,commented,,,False,Go
CreateEvent,2023-08-25,maria_rodriguez,netflix/archaius,netflix,reviewed,,,True,JavaScript
PullRequestEvent,2023-10-05,olivia_zhang,airbnb/lottie,airbnb,commented,21.0,49.0,False,C++
PullRequestEvent,2023-02-26,tom_nelson,airbnb/javascript,airbnb,merged,26.0,44.0,True,Java
PushEvent,2023-10-09,sophie_duval,vercel/turbo,vercel,created,11.0,19.0,True,TypeScript
MergeEvent,2023-04-25,sarah_chen,airbnb/lottie,airbnb,updated,,,True,TypeScript
CreateEvent,2023-12-06,david_martinez,apache/spark,apache,closed,,,True,JavaScript
CommitEvent,2023-01-08,james_smith,facebook/docusaurus,facebook,opened,14.0,9.0,True,Rust
PushEvent,2023-04-10,tom_nelson,elastic/elasticsearch,elastic,merged,3.0,20.0,True,JavaScript
PullRequestEvent,2023-04-09,olivia_zhang,airbnb/mavericks,airbnb,updated,25.0,18.0,True,Java
PushEvent,2023-03-14,anna_wilson,vercel/pkg,vercel,opened,12.0,3.0,True,Go
CreateEvent,2023-08-26,sarah_chen,microsoft/TypeScript,microsoft,created,,,True,JavaScript
CommitEvent,2023-05-18,john_taylor,google/chromium,google,merged,11.0,22.0,False,TypeScript
CreateEvent,2023-10-24,john_taylor,hashicorp/vagrant,hashicorp,approved,,,False,Rust
CommitEvent,2023-03-27,tom_nelson,vercel/micro,vercel,closed,12.0,3.0,False,Java
CreateEvent,2023-04-26,nina_patel,elastic/beats,elastic,merged,,,True,Python
MergeEvent,2023-04-07,dan_murphy,google/chromium,google,created,,,True,JavaScript
PushEvent,2023-11-08,mark_davis,microsoft/terminal,microsoft,merged,4.0,24.0,True,Go
CommitEvent,2023-12-22,lisa_anderson,netflix/ribbon,netflix,reviewed,2.0,24.0,True,Go
IssuesEvent,2023-03-16,jen_liu,airbnb/enzyme,airbnb,commented,,,True,Rust
CommitEvent,2023-11-03,tom_nelson,netflix/ribbon,netflix,reviewed,5.0,12.0,False,Go
IssuesEvent,2023-09-10,sophie_duval,netflix/ribbon,netflix,merged,,,True,Python
PullRequestEvent,2023-10-22,lisa_anderson,airbnb/mavericks,airbnb,closed,13.0,98.0,False,Rust
MergeEvent,2023-09-15,jen_liu,facebook/react,facebook,opened,,,False,Rust
MergeEvent,2023-04-14,lisa_anderson,vercel/pkg,vercel,closed,,,False,Go
IssuesEvent,2023-11-14,sarah_chen,uber/cadence,uber,opened,,,False,Go
CommitEvent,2023-12-01,jen_liu,apache/beam,apache,commented,8.0,1.0,True,Rust
CommitEvent,2023-04-09,jen_liu,hashicorp/terraform,hashicorp,closed,5.0,22.0,True,Rust
PushEvent,2023-09-20,david_martinez,facebook/jest,facebook,created,10.0,2.0,False,TypeScript
CreateEvent,2023-09-03,rachel_kim,netflix/eureka,netflix,closed,,,True,C++
IssuesEvent,2023-11-15,john_taylor,apache/kafka,apache,commented,,,True,Go
PushEvent,2023-05-24,alex_kumar,apache/beam,apache,created,3.0,15.0,True,JavaScript
CommitEvent,2023-12-05,chris_lee,hashicorp/packer,hashicorp,closed,8.0,16.0,False,Python
PullRequestEvent,2023-02-24,nina_patel,netflix/hystrix,netflix,closed,15.0,33.0,False,Python
PullRequestEvent,2023-09-04,sarah_chen,elastic/kibana,elastic,reviewed,29.0,94.0,False,Rust
CreateEvent,2023-10-30,dan_murphy,netflix/hystrix,netflix,commented,,,False,Rust
IssuesEvent,2023-03-18,mike_johnson,vercel/hyper,vercel,approved,,,True,C++
PullRequestEvent,2023-04-24,emma_garcia,airbnb/mavericks,airbnb,updated,44.0,57.0,True,C++
IssuesEvent,2023-06-29,emma_garcia,airbnb/mavericks,airbnb,merged,,,False,TypeScript
IssuesEvent,2023-12-15,anna_wilson,elastic/kibana,elastic,updated,,,False,Java
PushEvent,2023-01-26,james_smith,elastic/logstash,elastic,closed,3.0,12.0,True,Rust
PullRequestEvent,2023-12-05,nina_patel,apache/kafka,apache,updated,16.0,14.0,True,TypeScript
PushEvent,2023-07-06,jen_liu,google/go,google,commented,7.0,18.0,True,Python
CreateEvent,2023-08-16,james_smith,uber/react-map-gl,uber,created,,,True,Python
MergeEvent,2023-07-21,mike_johnson,netflix/zuul,netflix,commented,,,False,Java
IssuesEvent,2023-03-20,anna_wilson,microsoft/dotnet,microsoft,merged,,,False,TypeScript
CreateEvent,2023-12-18,nina_patel,microsoft/PowerToys,microsoft,created,,,True,JavaScript
CreateEvent,2023-12-10,chris_lee,netflix/conductor,netflix,approved,,,True,JavaScript
PushEvent,2023-07-12,anna_wilson,apache/flink,apache,created,14.0,3.0,False,C++
CreateEvent,2023-02-10,dan_murphy,elastic/apm-server,elastic,approved,,,True,TypeScript
CreateEvent,2023-07-16,jen_liu,apache/kafka,apache,commented,,,True,JavaScript
PullRequestEvent,2023-05-05,lisa_anderson,netflix/hystrix,netflix,approved,25.0,95.0,True,C++
CreateEvent,2023-06-26,rachel_kim,netflix/archaius,netflix,closed,,,False,Java
MergeEvent,2023-03-16,nina_patel,vercel/next.js,vercel,approved,,,True,Java
IssuesEvent,2023-04-02,tom_nelson,hashicorp/vault,hashicorp,commented,,,True,JavaScript
MergeEvent,2023-09-29,sarah_chen,apache/kafka,apache,closed,,,True,C++
PullRequestEvent,2023-04-26,james_smith,elastic/apm-server,elastic,created,39.0,59.0,True,Java
PushEvent,2023-09-10,nina_patel,facebook/yoga,facebook,updated,7.0,5.0,True,Go
PullRequestEvent,2023-09-05,maria_rodriguez,uber/react-map-gl,uber,closed,42.0,22.0,False,JavaScript
PushEvent,2023-10-02,tom_nelson,airbnb/mavericks,airbnb,commented,13.0,24.0,True,Python
PullRequestEvent,2023-07-26,robert_brown,hashicorp/nomad,hashicorp,opened,10.0,34.0,True,TypeScript
PushEvent,2023-05-26,lisa_anderson,apache/beam,apache,opened,8.0,25.0,True,TypeScript
PullRequestEvent,2023-03-15,chris_lee,netflix/conductor,netflix,commented,37.0,80.0,True,JavaScript
PullRequestEvent,2023-03-29,james_smith,airbnb/visx,airbnb,created,25.0,53.0,True,Python
PushEvent,2023-04-07,rachel_kim,vercel/pkg,vercel,opened,5.0,12.0,True,Java
CreateEvent,2023-07-15,mark_davis,vercel/pkg,vercel,opened,,,True,Rust
IssuesEvent,2023-06-09,jen_liu,hashicorp/packer,hashicorp,opened,,,True,Java
PullRequestEvent,2023-10-07,olivia_zhang,apache/spark,apache,merged,36.0,48.0,True,TypeScript
IssuesEvent,2023-07-26,mike_johnson,microsoft/vscode,microsoft,created,,,False,C++
CreateEvent,2023-11-29,anna_wilson,elastic/logstash,elastic,closed,,,False,C++
PullRequestEvent,2023-03-28,james_smith,uber/kraken,uber,opened,9.0,77.0,False,Rust
PushEvent,2023-02-15,mike_johnson,microsoft/terminal,microsoft,closed,9.0,1.0,True,Java
IssuesEvent,2023-06-23,tom_nelson,airbnb/javascript,airbnb,created,,,True,Python
PushEvent,2023-03-15,chris_lee,apache/spark,apache,created,5.0,12.0,True,Rust
IssuesEvent,2023-08-09,david_martinez,uber/kraken,uber,updated,,,False,C++
PushEvent,2023-01-08,sophie_duval,hashicorp/vagrant,hashicorp,created,3.0,18.0,True,Rust
CommitEvent,2023-12-21,dan_murphy,elastic/apm-server,elastic,closed,6.0,16.0,True,Go
CreateEvent,2023-04-01,lisa_anderson,vercel/next.js,vercel,closed,,,False,C++
IssuesEvent,2023-11-24,david_martinez,microsoft/terminal,microsoft,closed,,,True,Go
CommitEvent,2023-08-21,chris_lee,uber/cadence,uber,created,7.0,2.0,False,Rust
MergeEvent,2023-02-27,sarah_chen,elastic/elasticsearch,elastic,reviewed,,,False,C++
PushEvent,2023-08-14,jen_liu,microsoft/dotnet,microsoft,created,5.0,15.0,True,Rust
CreateEvent,2023-10-31,lisa_anderson,uber/react-map-gl,uber,created,,,True,Go
IssuesEvent,2023-11-11,robert_brown,microsoft/terminal,microsoft,approved,,,True,Rust
CreateEvent,2023-11-24,john_taylor,google/chromium,google,merged,,,True,C++
CommitEvent,2023-01-22,sarah_chen,uber/kraken,uber,created,11.0,10.0,True,JavaScript
PullRequestEvent,2023-03-14,john_taylor,microsoft/TypeScript,microsoft,created,20.0,85.0,False,C++
CommitEvent,2023-03-27,jen_liu,apache/cassandra,apache,approved,8.0,10.0,False,Rust
PullRequestEvent,2023-08-27,robert_brown,hashicorp/terraform,hashicorp,updated,14.0,30.0,True,Rust
CommitEvent,2023-04-08,tom_nelson,google/chromium,google,created,4.0,19.0,True,C++
MergeEvent,2023-08-24,sarah_chen,facebook/react-native,facebook,opened,,,True,TypeScript
CreateEvent,2023-03-26,maria_rodriguez,elastic/elasticsearch,elastic,closed,,,False,Rust
CommitEvent,2023-03-12,chris_lee,google/tensorflow,google,updated,1.0,2.0,True,Go
CommitEvent,2023-04-21,mike_johnson,netflix/hystrix,netflix,commented,12.0,16.0,False,JavaScript
IssuesEvent,2023-07-29,john_taylor,google/flutter,google,commented,,,True,Python
MergeEvent,2023-10-19,james_smith,facebook/relay,facebook,reviewed,,,True,Rust
PullRequestEvent,2023-02-20,james_smith,netflix/ribbon,netflix,approved,14.0,48.0,True,C++
PullRequestEvent,2023-05-16,jen_liu,microsoft/PowerToys,microsoft,merged,24.0,41.0,False,Python
CommitEvent,2023-01-25,sarah_chen,hashicorp/packer,hashicorp,commented,7.0,15.0,True,JavaScript
IssuesEvent,2023-03-22,tom_nelson,hashicorp/vault,hashicorp,merged,,,True,Java
MergeEvent,2023-05-14,anna_wilson,uber/kraken,uber,closed,,,False,C++
PullRequestEvent,2023-09-23,maria_rodriguez,google/angular,google,closed,46.0,15.0,True,JavaScript
PullRequestEvent,2023-10-07,alex_kumar,facebook/docusaurus,facebook,merged,21.0,94.0,True,JavaScript
PullRequestEvent,2023-04-27,maria_rodriguez,facebook/jest,facebook,opened,19.0,7.0,True,TypeScript
CommitEvent,2023-02-22,tom_nelson,google/angular,google,updated,1.0,24.0,True,C++
PullRequestEvent,2023-10-11,anna_wilson,uber/pyro,uber,opened,31.0,36.0,True,Java
CommitEvent,2023-06-26,john_taylor,uber/jaeger,uber,commented,11.0,25.0,True,C++
CommitEvent,2023-07-29,maria_rodriguez,google/kubernetes,google,merged,2.0,17.0,True,JavaScript
CommitEvent,2023-10-04,alex_kumar,vercel/hyper,vercel,merged,11.0,13.0,True,Go
PushEvent,2023-02-16,anna_wilson,hashicorp/vault,hashicorp,commented,7.0,22.0,True,TypeScript
PushEvent,2023-09-09,robert_brown,elastic/apm-server,elastic,updated,2.0,17.0,True,Python
CommitEvent,2023-03-11,jen_liu,hashicorp/vagrant,hashicorp,opened,7.0,3.0,True,Python
CreateEvent,2023-10-23,robert_brown,facebook/yoga,facebook,closed,,,False,Python
CommitEvent,2023-03-01,tom_nelson,vercel/turbo,vercel,commented,9.0,23.0,True,Python
IssuesEvent,2023-09-02,john_taylor,google/flutter,google,approved,,,True,JavaScript
CreateEvent,2023-05-30,alex_kumar,facebook/react-native,facebook,opened,,,False,JavaScript
PullRequestEvent,2023-08-01,chris_lee,microsoft/dotnet,microsoft,commented,5.0,68.0,False,JavaScript
CreateEvent,2023-03-19,david_martinez,elastic/apm-server,elastic,merged,,,False,Rust
IssuesEvent,2023-02-14,jen_liu,uber/pyro,uber,opened,,,True,Java
PushEvent,2023-08-07,sarah_chen,google/angular,google,closed,9.0,25.0,True,Rust
CommitEvent,2023-05-29,john_taylor,microsoft/PowerToys,microsoft,created,10.0,6.0,False,Python
CommitEvent,2023-10-15,alex_kumar,netflix/conductor,netflix,opened,6.0,1.0,True,TypeScript
PullRequestEvent,2023-06-29,mark_davis,netflix/conductor,netflix,opened,14.0,82.0,True,Python
CreateEvent,2023-09-06,mark_davis,netflix/eureka,netflix,created,,,True,TypeScript
MergeEvent,2023-02-04,john_taylor,uber/jaeger,uber,commented,,,False,Java
PushEvent,2023-10-25,nina_patel,vercel/turbo,vercel,created,3.0,9.0,True,Python
PullRequestEvent,2023-05-31,jen_liu,microsoft/playwright,microsoft,commented,12.0,80.0,True,Java
IssuesEvent,2023-01-27,jen_liu,uber/react-map-gl,uber,merged,,,True,JavaScript
CommitEvent,2023-12-14,jen_liu,netflix/eureka,netflix,reviewed,4.0,17.0,True,JavaScript
PushEvent,2023-09-20,mike_johnson,netflix/zuul,netflix,opened,10.0,22.0,False,TypeScript
PushEvent,2023-07-13,sophie_duval,netflix/hystrix,netflix,updated,6.0,16.0,True,C++
PushEvent,2023-03-28,james_smith,hashicorp/vagrant,hashicorp,reviewed,14.0,15.0,True,TypeScript
IssuesEvent,2023-10-02,olivia_zhang,google/angular,google,created,,,True,JavaScript
PullRequestEvent,2023-02-10,james_smith,netflix/hystrix,netflix,updated,50.0,82.0,True,Rust
CreateEvent,2023-08-05,james_smith,hashicorp/terraform,hashicorp,merged,,,False,TypeScript
CommitEvent,2023-08-17,lisa_anderson,facebook/jest,facebook,closed,10.0,11.0,True,TypeScript
PushEvent,2023-11-18,jen_liu,airbnb/mavericks,airbnb,created,7.0,23.0,True,JavaScript
MergeEvent,2023-02-01,jen_liu,elastic/kibana,elastic,approved,,,True,Go
PushEvent,2023-05-13,anna_wilson,google/go,google,reviewed,4.0,5.0,True,Rust
CreateEvent,2023-05-27,john_taylor,netflix/ribbon,netflix,reviewed,,,True,Java
IssuesEvent,2023-05-02,emma_garcia,facebook/docusaurus,facebook,closed,,,True,Java
PullRequestEvent,2023-01-04,jen_liu,apache/airflow,apache,merged,15.0,75.0,True,Python
IssuesEvent,2023-10-23,sophie_duval,uber/kraken,uber,merged,,,True,TypeScript
MergeEvent,2023-06-22,alex_kumar,airbnb/lottie,airbnb,reviewed,,,True,Python
IssuesEvent,2023-03-22,nina_patel,airbnb/enzyme,airbnb,closed,,,True,Go
IssuesEvent,2023-08-13,chris_lee,hashicorp/packer,hashicorp,reviewed,,,True,JavaScript
IssuesEvent,2023-06-12,anna_wilson,uber/react-map-gl,uber,closed,,,False,JavaScript
PullRequestEvent,2023-02-14,sophie_duval,microsoft/vscode,microsoft,created,20.0,58.0,True,Python
CommitEvent,2023-07-09,maria_rodriguez,elastic/logstash,elastic,opened,8.0,19.0,True,JavaScript
CreateEvent,2023-02-02,lisa_anderson,google/flutter,google,reviewed,,,True,Python
CommitEvent,2023-08-16,alex_kumar,apache/flink,apache,approved,4.0,20.0,False,TypeScript
PushEvent,2023-02-08,david_martinez,microsoft/PowerToys,microsoft,closed,11.0,9.0,True,Go
PushEvent,2023-06-20,dan_murphy,hashicorp/vault,hashicorp,closed,9.0,13.0,True,TypeScript
CommitEvent,2023-08-26,mike_johnson,airbnb/visx,airbnb,created,2.0,23.0,True,Go
IssuesEvent,2023-06-29,sarah_chen,airbnb/mavericks,airbnb,approved,,,True,Python
CreateEvent,2023-05-28,mark_davis,google/kubernetes,google,opened,,,True,TypeScript
PushEvent,2023-09-06,jen_liu,netflix/ribbon,netflix,opened,5.0,10.0,False,Rust
PullRequestEvent,2023-06-21,mike_johnson,hashicorp/consul,hashicorp,opened,50.0,64.0,True,Rust
MergeEvent,2023-10-14,tom_nelson,vercel/micro,vercel,opened,,,False,TypeScript
PullRequestEvent,2023-12-08,dan_murphy,elastic/kibana,elastic,reviewed,16.0,90.0,True,Python
CommitEvent,2023-08-14,anna_wilson,vercel/swr,vercel,created,14.0,4.0,True,C++
PushEvent,2023-10-13,robert_brown,uber/react-map-gl,uber,opened,1.0,23.0,True,Rust
CommitEvent,2023-01-20,david_martinez,netflix/hystrix,netflix,opened,4.0,14.0,True,C++
IssuesEvent,2023-09-03,anna_wilson,elastic/elasticsearch,elastic,commented,,,False,Rust
MergeEvent,2023-07-23,mark_davis,vercel/swr,vercel,commented,,,True,C++
CommitEvent,2023-02-25,tom_nelson,vercel/hyper,vercel,created,2.0,6.0,False,TypeScript
CreateEvent,2023-01-26,lisa_anderson,microsoft/vscode,microsoft,updated,,,True,Go
IssuesEvent,2023-07-09,chris_lee,apache/kafka,apache,created,,,True,Rust
IssuesEvent,2023-10-23,anna_wilson,airbnb/visx,airbnb,merged,,,True,Rust
CommitEvent,2023-04-22,rachel_kim,elastic/apm-server,elastic,reviewed,7.0,11.0,True,Java
CommitEvent,2023-11-12,james_smith,elastic/beats,elastic,reviewed,7.0,3.0,True,Python
CommitEvent,2023-12-22,alex_kumar,facebook/relay,facebook,reviewed,6.0,19.0,False,Go
CommitEvent,2023-01-18,robert_brown,apache/beam,apache,merged,2.0,9.0,True,C++
PullRequestEvent,2023-07-18,robert_brown,hashicorp/nomad,hashicorp,opened,11.0,13.0,True,Python
MergeEvent,2023-03-25,olivia_zhang,uber/cadence,uber,reviewed,,,True,Go
CreateEvent,2023-04-06,nina_patel,hashicorp/nomad,hashicorp,approved,,,True,C++
CreateEvent,2023-09-15,dan_murphy,uber/kraken,uber,reviewed,,,True,Python
MergeEvent,2023-05-29,mike_johnson,netflix/hystrix,netflix,commented,,,True,Go
MergeEvent,2023-09-01,mark_davis,vercel/next.js,vercel,approved,,,True,TypeScript
CreateEvent,2023-06-21,nina_patel,netflix/ribbon,netflix,closed,,,True,JavaScript
PullRequestEvent,2023-10-01,olivia_zhang,google/chromium,google,approved,33.0,91.0,True,Java
CreateEvent,2023-07-03,james_smith,uber/jaeger,uber,reviewed,,,True,TypeScript
MergeEvent,2023-09-20,sophie_duval,google/go,google,opened,,,True,Rust
PushEvent,2023-10-01,maria_rodriguez,facebook/react-native,facebook,commented,12.0,17.0,True,Go
CommitEvent,2023-12-29,john_taylor,uber/kraken,uber,merged,8.0,7.0,False,Python
MergeEvent,2023-01-30,robert_brown,apache/kafka,apache,merged,,,True,Java
CreateEvent,2023-03-03,james_smith,netflix/zuul,netflix,created,,,True,C++
IssuesEvent,2023-09-30,emma_garcia,elastic/elasticsearch,elastic,closed,,,True,Rust
IssuesEvent,2023-09-29,tom_nelson,uber/cadence,uber,approved,,,True,JavaScript
CreateEvent,2023-09-06,chris_lee,uber/react-map-gl,uber,closed,,,True,JavaScript
PushEvent,2023-03-11,chris_lee,google/flutter,google,opened,10.0,6.0,True,C++
CreateEvent,2023-02-17,mike_johnson,vercel/next.js,vercel,closed,,,False,TypeScript
PullRequestEvent,2023-01-06,nina_patel,google/tensorflow,google,opened,2.0,34.0,False,JavaScript
CommitEvent,2023-09-13,olivia_zhang,facebook/react,facebook,opened,9.0,23.0,True,JavaScript
CommitEvent,2023-02-19,james_smith,facebook/relay,facebook,created,10.0,12.0,True,Go
MergeEvent,2023-03-28,anna_wilson,elastic/logstash,elastic,closed,,,True,Rust
PushEvent,2023-08-30,chris_lee,facebook/yoga,facebook,created,15.0,17.0,True,Rust
PushEvent,2023-02-09,rachel_kim,uber/cadence,uber,commented,14.0,5.0,False,Go
MergeEvent,2023-08-10,sophie_duval,airbnb/visx,airbnb,reviewed,,,True,C++
PushEvent,2023-04-13,rachel_kim,elastic/kibana,elastic,reviewed,10.0,13.0,False,JavaScript
CommitEvent,2023-08-18,maria_rodriguez,microsoft/TypeScript,microsoft,merged,7.0,25.0,False,Python
PullRequestEvent,2023-01-03,robert_brown,facebook/yoga,facebook,closed,24.0,28.0,True,C++
CommitEvent,2023-06-30,james_smith,google/chromium,google,reviewed,3.0,21.0,True,Go
PushEvent,2023-10-10,maria_rodriguez,hashicorp/consul,hashicorp,closed,14.0,2.0,True,Java
CommitEvent,2023-12-10,anna_wilson,airbnb/mavericks,airbnb,approved,11.0,6.0,True,TypeScript
PullRequestEvent,2023-06-21,anna_wilson,microsoft/PowerToys,microsoft,created,26.0,5.0,False,TypeScript
MergeEvent,2023-01-08,tom_nelson,google/tensorflow,google,updated,,,True,JavaScript
IssuesEvent,2023-08-17,dan_murphy,vercel/turbo,vercel,merged,,,True,TypeScript
CommitEvent,2023-12-19,mike_johnson,google/chromium,google,commented,14.0,4.0,True,Rust
CommitEvent,2023-08-23,alex_kumar,netflix/archaius,netflix,created,7.0,25.0,True,TypeScript
PullRequestEvent,2023-11-17,nina_patel,airbnb/mavericks,airbnb,merged,21.0,12.0,False,Java
CommitEvent,2023-11-01,dan_murphy,google/chromium,google,updated,1.0,12.0,False,Go
CommitEvent,2023-09-04,maria_rodriguez,uber/jaeger,uber,merged,6.0,16.0,True,Rust
PullRequestEvent,2023-12-21,sarah_chen,apache/flink,apache,created,2.0,21.0,True,Java
CommitEvent,2023-01-22,nina_patel,microsoft/PowerToys,microsoft,created,7.0,20.0,True,TypeScript
PushEvent,2023-02-28,rachel_kim,airbnb/visx,airbnb,created,9.0,5.0,True,C++
CreateEvent,2023-11-24,david_martinez,vercel/next.js,vercel,updated,,,True,Rust
IssuesEvent,2023-06-17,mark_davis,google/chromium,google,commented,,,False,Java
PullRequestEvent,2023-05-13,john_taylor,uber/pyro,uber,created,22.0,54.0,True,JavaScript
IssuesEvent,2023-01-06,nina_patel,vercel/pkg,vercel,created,,,False,JavaScript
CreateEvent,2023-08-23,sarah_chen,netflix/archaius,netflix,merged,,,True,C++
MergeEvent,2023-10-15,robert_brown,elastic/beats,elastic,commented,,,True,Java
MergeEvent,2023-09-28,john_taylor,hashicorp/terraform,hashicorp,created,,,True,JavaScript
IssuesEvent,2023-03-16,robert_brown,apache/cassandra,apache,merged,,,True,JavaScript
CreateEvent,2023-12-26,nina_patel,netflix/ribbon,netflix,approved,,,True,Java
MergeEvent,2023-12-26,mike_johnson,uber/cadence,uber,closed,,,False,TypeScript
CommitEvent,2023-03-26,david_martinez,airbnb/mavericks,airbnb,approved,2.0,19.0,True,Go
CreateEvent,2023-09-12,mike_johnson,facebook/docusaurus,facebook,approved,,,True,Java
CommitEvent,2023-12-12,john_taylor,uber/kraken,uber,created,6.0,25.0,True,TypeScript
MergeEvent,2023-03-14,john_taylor,facebook/react,facebook,reviewed,,,True,Go
MergeEvent,2023-03-15,robert_brown,hashicorp/consul,hashicorp,commented,,,True,JavaScript
CommitEvent,2023-08-18,jen_liu,netflix/hystrix,netflix,closed,14.0,17.0,True,Java
PullRequestEvent,2023-11-28,james_smith,elastic/apm-server,elastic,created,19.0,92.0,True,Python
MergeEvent,2023-11-08,chris_lee,netflix/zuul,netflix,approved,,,True,TypeScript
CommitEvent,2023-07-06,james_smith,netflix/archaius,netflix,merged,7.0,20.0,True,Java
CommitEvent,2023-10-15,jen_liu,apache/flink,apache,commented,14.0,3.0,True,TypeScript
IssuesEvent,2023-12-04,robert_brown,airbnb/lottie,airbnb,updated,,,True,JavaScript
MergeEvent,2023-12-07,sarah_chen,netflix/zuul,netflix,commented,,,True,Java
IssuesEvent,2023-01-24,mike_johnson,uber/pyro,uber,approved,,,True,TypeScript
IssuesEvent,2023-07-13,sophie_duval,vercel/next.js,vercel,merged,,,True,Go
CommitEvent,2023-07-31,maria_rodriguez,vercel/turbo,vercel,opened,8.0,11.0,True,TypeScript
IssuesEvent,2023-09-02,sarah_chen,netflix/eureka,netflix,closed,,,True,JavaScript
MergeEvent,2023-11-07,david_martinez,airbnb/mavericks,airbnb,reviewed,,,True,Java
MergeEvent,2023-01-21,emma_garcia,uber/kraken,uber,closed,,,True,Rust
CommitEvent,2023-05-06,olivia_zhang,facebook/react-native,facebook,commented,10.0,6.0,True,JavaScript
MergeEvent,2023-04-09,jen_liu,netflix/archaius,netflix,commented,,,False,Rust
PullRequestEvent,2023-02-21,olivia_zhang,netflix/eureka,netflix,reviewed,37.0,98.0,False,C++
CreateEvent,2023-01-09,sophie_duval,elastic/kibana,elastic,approved,,,True,Go
CreateEvent,2023-06-18,anna_wilson,google/chromium,google,reviewed,,,True,TypeScript
PullRequestEvent,2023-04-17,robert_brown,uber/jaeger,uber,closed,10.0,30.0,True,Java
IssuesEvent,2023-03-23,robert_brown,hashicorp/consul,hashicorp,commented,,,True,Python
IssuesEvent,2023-01-26,emma_garcia,airbnb/lottie,airbnb,commented,,,True,TypeScript
PullRequestEvent,2023-04-29,chris_lee,vercel/pkg,vercel,approved,23.0,31.0,True,Python
IssuesEvent,2023-02-04,chris_lee,uber/kraken,uber,commented,,,True,Rust
CommitEvent,2023-06-05,mark_davis,google/angular,google,created,6.0,16.0,False,TypeScript
PushEvent,2023-10-12,anna_wilson,google/angular,google,created,1.0,24.0,True,Go
IssuesEvent,2023-05-07,olivia_zhang,apache/airflow,apache,approved,,,True,Python
MergeEvent,2023-04-08,john_taylor,google/flutter,google,updated,,,True,C++
PushEvent,2023-05-28,mike_johnson,netflix/hystrix,netflix,approved,8.0,5.0,True,C++
PullRequestEvent,2023-07-13,jen_liu,facebook/jest,facebook,opened,29.0,86.0,True,Python
MergeEvent,2023-12-20,james_smith,apache/airflow,apache,created,,,True,Python
PushEvent,2023-10-19,rachel_kim,google/flutter,google,commented,4.0,13.0,True,Python
MergeEvent,2023-08-16,anna_wilson,facebook/react-native,facebook,closed,,,False,C++
PullRequestEvent,2023-12-24,mark_davis,vercel/swr,vercel,created,8.0,52.0,True,TypeScript
CommitEvent,2023-01-18,maria_rodriguez,facebook/jest,facebook,opened,1.0,11.0,True,Go
CommitEvent,2023-10-22,chris_lee,apache/kafka,apache,merged,2.0,24.0,True,TypeScript
MergeEvent,2023-12-02,jen_liu,hashicorp/terraform,hashicorp,approved,,,True,JavaScript
PullRequestEvent,2023-11-20,rachel_kim,google/tensorflow,google,updated,22.0,83.0,True,C++
CommitEvent,2023-04-28,chris_lee,apache/flink,apache,commented,11.0,5.0,True,Java
PushEvent,2023-04-09,nina_patel,airbnb/javascript,airbnb,updated,2.0,18.0,True,JavaScript
PushEvent,2023-01-27,dan_murphy,hashicorp/vault,hashicorp,opened,6.0,17.0,True,C++
IssuesEvent,2023-02-03,alex_kumar,apache/kafka,apache,closed,,,True,TypeScript
PullRequestEvent,2023-09-08,maria_rodriguez,apache/cassandra,apache,commented,8.0,20.0,True,Go
CreateEvent,2023-02-28,sophie_duval,facebook/relay,facebook,closed,,,True,TypeScript
IssuesEvent,2023-12-06,alex_kumar,elastic/beats,elastic,opened,,,False,C++
CreateEvent,2023-10-26,david_martinez,google/angular,google,reviewed,,,True,Java
MergeEvent,2023-10-31,james_smith,vercel/pkg,vercel,opened,,,False,Rust
MergeEvent,2023-06-09,john_taylor,netflix/eureka,netflix,reviewed,,,True,Go
IssuesEvent,2023-01-31,rachel_kim,google/angular,google,approved,,,True,Java
MergeEvent,2023-01-11,emma_garcia,facebook/react-native,facebook,reviewed,,,True,JavaScript
MergeEvent,2023-03-18,mark_davis,netflix/ribbon,netflix,created,,,False,Go
CreateEvent,2023-02-22,robert_brown,uber/react-map-gl,uber,opened,,,True,TypeScript
IssuesEvent,2023-07-06,robert_brown,netflix/conductor,netflix,reviewed,,,False,JavaScript
CommitEvent,2023-06-16,john_taylor,hashicorp/vagrant,hashicorp,opened,10.0,18.0,True,JavaScript
PushEvent,2023-12-10,emma_garcia,hashicorp/vagrant,hashicorp,reviewed,7.0,7.0,True,Java
CreateEvent,2023-10-07,rachel_kim,elastic/kibana,elastic,merged,,,True,JavaScript
PullRequestEvent,2023-10-10,dan_murphy,hashicorp/terraform,hashicorp,approved,13.0,96.0,True,Rust
CommitEvent,2023-08-03,sophie_duval,netflix/hystrix,netflix,commented,4.0,13.0,True,Rust
CommitEvent,2023-10-16,emma_garcia,airbnb/mavericks,airbnb,approved,11.0,25.0,True,Java
CreateEvent,2023-06-05,david_martinez,apache/beam,apache,commented,,,True,JavaScript
CommitEvent,2023-06-03,rachel_kim,apache/cassandra,apache,commented,2.0,18.0,True,JavaScript
CommitEvent,2023-01-12,dan_murphy,hashicorp/packer,hashicorp,merged,14.0,13.0,True,JavaScript
PushEvent,2023-01-13,alex_kumar,microsoft/terminal,microsoft,approved,8.0,23.0,False,Java
CreateEvent,2023-02-12,david_martinez,google/flutter,google,reviewed,,,False,TypeScript
CreateEvent,2023-08-20,alex_kumar,netflix/zuul,netflix,approved,,,True,Python
IssuesEvent,2023-08-14,robert_brown,netflix/eureka,netflix,created,,,False,Python
PullRequestEvent,2023-07-07,dan_murphy,hashicorp/terraform,hashicorp,updated,12.0,1.0,True,Rust
IssuesEvent,2023-02-03,sarah_chen,uber/pyro,uber,opened,,,False,Go
PullRequestEvent,2023-03-12,rachel_kim,hashicorp/vault,hashicorp,reviewed,50.0,34.0,False,Go
PullRequestEvent,2023-03-02,rachel_kim,hashicorp/vagrant,hashicorp,closed,20.0,32.0,True,TypeScript
IssuesEvent,2023-02-07,anna_wilson,uber/react-map-gl,uber,approved,,,True,Python
CommitEvent,2023-12-10,anna_wilson,airbnb/mavericks,airbnb,opened,2.0,4.0,False,C++
MergeEvent,2023-07-28,mark_davis,elastic/kibana,elastic,merged,,,True,JavaScript
CreateEvent,2023-05-04,tom_nelson,vercel/micro,vercel,closed,,,True,Python
PullRequestEvent,2023-08-03,mike_johnson,apache/kafka,apache,closed,25.0,51.0,True,Rust
PullRequestEvent,2023-01-21,sarah_chen,vercel/swr,vercel,opened,10.0,60.0,False,Rust
PullRequestEvent,2023-08-05,emma_garcia,airbnb/visx,airbnb,created,3.0,26.0,True,Rust
IssuesEvent,2023-12-29,sarah_chen,hashicorp/vagrant,hashicorp,closed,,,True,Python
PullRequestEvent,2023-08-22,rachel_kim,elastic/elasticsearch,elastic,updated,21.0,4.0,True,Go
CreateEvent,2023-08-05,anna_wilson,apache/spark,apache,commented,,,True,JavaScript
CommitEvent,2023-10-03,lisa_anderson,netflix/conductor,netflix,reviewed,11.0,21.0,True,Go
PullRequestEvent,2023-12-14,john_taylor,netflix/conductor,netflix,created,10.0,96.0,True,JavaScript
PullRequestEvent,2023-05-21,tom_nelson,airbnb/mavericks,airbnb,merged,44.0,59.0,False,JavaScript
CommitEvent,2023-08-11,chris_lee,elastic/logstash,elastic,updated,15.0,10.0,False,Rust
PullRequestEvent,2023-10-06,chris_lee,hashicorp/vagrant,hashicorp,opened,16.0,20.0,False,Go
PullRequestEvent,2023-12-23,maria_rodriguez,facebook/jest,facebook,closed,2.0,24.0,True,Go
PushEvent,2023-04-21,emma_garcia,hashicorp/nomad,hashicorp,commented,1.0,19.0,True,JavaScript
CreateEvent,2023-04-11,james_smith,uber/pyro,uber,opened,,,True,Python
MergeEvent,2023-09-14,maria_rodriguez,airbnb/lottie,airbnb,merged,,,True,C++
CreateEvent,2023-05-02,mark_davis,uber/pyro,uber,updated,,,True,Rust
CommitEvent,2023-05-18,mark_davis,netflix/zuul,netflix,opened,4.0,6.0,True,TypeScript
PushEvent,2023-01-10,maria_rodriguez,airbnb/lottie,airbnb,merged,15.0,21.0,False,Python
IssuesEvent,2023-03-21,mike_johnson,microsoft/terminal,microsoft,closed,,,True,Rust
PushEvent,2023-09-09,mike_johnson,vercel/pkg,vercel,approved,11.0,15.0,True,JavaScript
PullRequestEvent,2023-03-06,sarah_chen,netflix/archaius,netflix,approved,43.0,11.0,False,C++
PullRequestEvent,2023-05-26,nina_patel,facebook/relay,facebook,merged,10.0,82.0,True,JavaScript
CreateEvent,2023-12-14,maria_rodriguez,airbnb/visx,airbnb,created,,,False,Rust
MergeEvent,2023-12-18,david_martinez,microsoft/PowerToys,microsoft,closed,,,True,Go
IssuesEvent,2023-04-11,alex_kumar,google/go,google,updated,,,True,Python
MergeEvent,2023-02-13,robert_brown,airbnb/enzyme,airbnb,closed,,,True,TypeScript
IssuesEvent,2023-04-17,maria_rodriguez,vercel/turbo,vercel,updated,,,True,JavaScript
PushEvent,2023-09-17,maria_rodriguez,elastic/apm-server,elastic,created,2.0,8.0,True,C++
CommitEvent,2023-11-21,chris_lee,netflix/archaius,netflix,merged,12.0,2.0,True,Go
CommitEvent,2023-08-02,sarah_chen,uber/react-map-gl,uber,closed,9.0,16.0,False,TypeScript
CreateEvent,2023-07-27,sarah_chen,vercel/swr,vercel,approved,,,True,TypeScript
CommitEvent,2023-12-21,nina_patel,uber/react-map-gl,uber,commented,15.0,11.0,True,JavaScript
PushEvent,2023-02-24,jen_liu,google/tensorflow,google,opened,3.0,6.0,True,TypeScript
CommitEvent,2023-02-28,tom_nelson,apache/flink,apache,created,9.0,16.0,True,TypeScript
IssuesEvent,2023-09-20,jen_liu,vercel/hyper,vercel,approved,,,False,Java
PullRequestEvent,2023-08-04,rachel_kim,microsoft/vscode,microsoft,created,45.0,41.0,False,Java
PushEvent,2023-09-08,anna_wilson,facebook/yoga,facebook,created,3.0,7.0,False,TypeScript
MergeEvent,2023-03-14,alex_kumar,microsoft/playwright,microsoft,commented,,,True,Java
PullRequestEvent,2023-05-22,maria_rodriguez,airbnb/visx,airbnb,approved,28.0,61.0,True,C++
CreateEvent,2023-09-20,david_martinez,hashicorp/nomad,hashicorp,commented,,,False,TypeScript
CommitEvent,2023-12-16,robert_brown,airbnb/lottie,airbnb,updated,6.0,7.0,True,Java
CommitEvent,2023-03-07,jen_liu,google/flutter,google,updated,9.0,15.0,True,JavaScript
CreateEvent,2023-04-12,sarah_chen,elastic/kibana,elastic,created,,,True,Go
PullRequestEvent,2023-01-15,john_taylor,microsoft/playwright,microsoft,merged,49.0,41.0,True,Rust
PushEvent,2023-09-22,maria_rodriguez,apache/beam,apache,closed,3.0,23.0,True,Go
PushEvent,2023-09-12,james_smith,vercel/turbo,vercel,closed,4.0,11.0,False,JavaScript
PullRequestEvent,2023-10-20,dan_murphy,microsoft/dotnet,microsoft,created,3.0,37.0,True,JavaScript
IssuesEvent,2023-03-15,alex_kumar,netflix/zuul,netflix,updated,,,True,TypeScript
CommitEvent,2023-10-22,olivia_zhang,elastic/logstash,elastic,closed,15.0,3.0,False,Java
IssuesEvent,2023-09-25,olivia_zhang,apache/flink,apache,closed,,,False,TypeScript
MergeEvent,2023-06-25,chris_lee,airbnb/enzyme,airbnb,approved,,,False,Go
MergeEvent,2023-08-30,sophie_duval,apache/flink,apache,approved,,,True,Rust
IssuesEvent,2023-02-24,alex_kumar,airbnb/enzyme,airbnb,created,,,True,C++
CreateEvent,2023-08-31,james_smith,microsoft/PowerToys,microsoft,reviewed,,,True,Rust
IssuesEvent,2023-10-19,james_smith,netflix/ribbon,netflix,merged,,,True,JavaScript
PushEvent,2023-05-01,john_taylor,google/chromium,google,updated,7.0,10.0,True,TypeScript
PullRequestEvent,2023-09-10,maria_rodriguez,netflix/ribbon,netflix,merged,11.0,36.0,True,Python
MergeEvent,2023-07-02,robert_brown,apache/beam,apache,commented,,,True,Rust
MergeEvent,2023-02-26,dan_murphy,elastic/elasticsearch,elastic,approved,,,True,Python
PullRequestEvent,2023-02-18,david_martinez,apache/kafka,apache,updated,8.0,60.0,False,TypeScript
PushEvent,2023-04-03,sophie_duval,vercel/swr,vercel,merged,5.0,18.0,False,Go
CreateEvent,2023-05-06,james_smith,elastic/apm-server,elastic,closed,,,False,Go
IssuesEvent,2023-12-07,john_taylor,airbnb/lottie,airbnb,approved,,,True,Java
PullRequestEvent,2023-01-21,tom_nelson,apache/cassandra,apache,closed,41.0,15.0,True,Python
PushEvent,2023-11-06,nina_patel,microsoft/terminal,microsoft,merged,6.0,2.0,True,JavaScript
CreateEvent,2023-10-15,john_taylor,microsoft/terminal,microsoft,updated,,,False,C++
CreateEvent,2023-05-14,dan_murphy,vercel/swr,vercel,opened,,,True,C++
PullRequestEvent,2023-05-02,john_taylor,facebook/relay,facebook,opened,16.0,28.0,True,Go
PullRequestEvent,2023-12-25,chris_lee,apache/airflow,apache,updated,1.0,87.0,True,Java
CommitEvent,2023-10-22,chris_lee,microsoft/dotnet,microsoft,merged,8.0,8.0,True,JavaScript
IssuesEvent,2023-12-15,mark_davis,hashicorp/vault,hashicorp,approved,,,True,Rust
PullRequestEvent,2023-03-18,john_taylor,google/angular,google,approved,14.0,75.0,False,TypeScript
PullRequestEvent,2023-01-15,james_smith,microsoft/terminal,microsoft,created,34.0,49.0,True,JavaScript
PushEvent,2023-05-11,john_taylor,vercel/micro,vercel,commented,12.0,3.0,True,Java
PushEvent,2023-12-31,john_taylor,facebook/yoga,facebook,reviewed,5.0,10.0,True,C++
MergeEvent,2023-02-21,dan_murphy,uber/jaeger,uber,updated,,,True,Java
MergeEvent,2023-11-16,john_taylor,uber/pyro,uber,commented,,,True,C++
CreateEvent,2023-05-04,maria_rodriguez,microsoft/playwright,microsoft,created,,,True,Rust
IssuesEvent,2023-02-01,john_taylor,google/chromium,google,updated,,,True,Java
IssuesEvent,2023-05-09,maria_rodriguez,elastic/beats,elastic,approved,,,True,Rust
CommitEvent,2023-10-13,anna_wilson,elastic/logstash,elastic,opened,1.0,10.0,True,JavaScript
CommitEvent,2023-07-27,dan_murphy,airbnb/mavericks,airbnb,updated,13.0,18.0,False,TypeScript
CommitEvent,2023-11-21,alex_kumar,uber/pyro,uber,merged,4.0,15.0,True,C++
MergeEvent,2023-07-17,nina_patel,airbnb/lottie,airbnb,opened,,,True,Go
MergeEvent,2023-12-07,mark_davis,facebook/yoga,facebook,created,,,True,Go
MergeEvent,2023-05-29,emma_garcia,uber/cadence,uber,merged,,,True,Java
PushEvent,2023-06-29,dan_murphy,hashicorp/packer,hashicorp,reviewed,15.0,15.0,True,TypeScript
PushEvent,2023-02-23,jen_liu,microsoft/vscode,microsoft,opened,4.0,8.0,True,C++
IssuesEvent,2023-11-06,mark_davis,google/kubernetes,google,updated,,,False,Java
CreateEvent,2023-08-18,dan_murphy,facebook/jest,facebook,closed,,,True,Java
IssuesEvent,2023-10-18,john_taylor,airbnb/javascript,airbnb,approved,,,True,JavaScript
PushEvent,2023-02-25,olivia_zhang,vercel/swr,vercel,reviewed,11.0,13.0,True,C++
MergeEvent,2023-11-19,mike_johnson,microsoft/playwright,microsoft,commented,,,True,C++
IssuesEvent,2023-11-14,jen_liu,apache/flink,apache,commented,,,True,Go
PushEvent,2023-06-06,alex_kumar,google/chromium,google,updated,5.0,10.0,True,Python
PushEvent,2023-03-16,olivia_zhang,netflix/zuul,netflix,updated,9.0,6.0,True,Python
MergeEvent,2023-06-11,mark_davis,apache/cassandra,apache,closed,,,False,Python
CommitEvent,2023-04-01,lisa_anderson,netflix/eureka,netflix,merged,15.0,6.0,False,Java
CommitEvent,2023-04-17,mark_davis,hashicorp/vagrant,hashicorp,commented,12.0,18.0,True,Go
MergeEvent,2023-06-12,maria_rodriguez,airbnb/javascript,airbnb,reviewed,,,True,Go
PullRequestEvent,2023-08-04,david_martinez,hashicorp/vagrant,hashicorp,approved,19.0,99.0,False,C++
CommitEvent,2024-01-01,mark_davis,airbnb/visx,airbnb,created,8.0,17.0,True,JavaScript
IssuesEvent,2023-12-21,olivia_zhang,facebook/docusaurus,facebook,merged,,,True,JavaScript
CreateEvent,2023-12-13,anna_wilson,google/angular,google,created,,,True,Java
MergeEvent,2023-06-06,sophie_duval,microsoft/vscode,microsoft,approved,,,True,Rust
MergeEvent,2023-02-04,maria_rodriguez,netflix/hystrix,netflix,updated,,,False,Java
PullRequestEvent,2023-05-25,sarah_chen,uber/kraken,uber,approved,17.0,60.0,False,Go
CommitEvent,2023-07-16,tom_nelson,apache/spark,apache,opened,4.0,4.0,True,Python
CreateEvent,2023-09-22,tom_nelson,apache/airflow,apache,commented,,,False,Java
PullRequestEvent,2023-12-15,jen_liu,uber/kraken,uber,updated,43.0,71.0,True,Rust
CommitEvent,2023-12-26,sarah_chen,uber/react-map-gl,uber,approved,12.0,9.0,False,Go
CreateEvent,2023-05-06,sarah_chen,microsoft/dotnet,microsoft,commented,,,True,JavaScript
PullRequestEvent,2023-11-14,olivia_zhang,hashicorp/nomad,hashicorp,merged,6.0,59.0,True,Rust
MergeEvent,2023-08-16,mark_davis,airbnb/mavericks,airbnb,merged,,,True,Go
CommitEvent,2023-12-11,rachel_kim,uber/kraken,uber,updated,13.0,25.0,True,JavaScript
IssuesEvent,2023-08-16,anna_wilson,facebook/relay,facebook,reviewed,,,False,C++
IssuesEvent,2023-08-31,dan_murphy,hashicorp/terraform,hashicorp,approved,,,True,TypeScript
PushEvent,2023-03-07,john_taylor,hashicorp/vagrant,hashicorp,reviewed,15.0,5.0,True,Go
IssuesEvent,2023-03-11,robert_brown,facebook/jest,facebook,merged,,,True,JavaScript
CommitEvent,2023-12-25,rachel_kim,netflix/zuul,netflix,merged,7.0,23.0,True,Java
PushEvent,2023-09-17,sophie_duval,hashicorp/vagrant,hashicorp,reviewed,1.0,25.0,True,Python
MergeEvent,2023-08-18,dan_murphy,facebook/docusaurus,facebook,reviewed,,,True,Java
PullRequestEvent,2023-05-12,nina_patel,hashicorp/vault,hashicorp,reviewed,36.0,28.0,True,Python
PushEvent,2023-08-04,rachel_kim,netflix/archaius,netflix,merged,6.0,15.0,False,Go
CommitEvent,2023-06-09,sarah_chen,microsoft/playwright,microsoft,closed,13.0,10.0,False,Java
CreateEvent,2023-09-14,emma_garcia,elastic/beats,elastic,commented,,,False,Go
CommitEvent,2023-07-24,dan_murphy,microsoft/playwright,microsoft,reviewed,12.0,21.0,True,JavaScript
PushEvent,2023-01-10,lisa_anderson,facebook/relay,facebook,closed,7.0,13.0,True,Go
CommitEvent,2023-04-30,nina_patel,netflix/ribbon,netflix,merged,10.0,11.0,False,Go
PullRequestEvent,2023-08-11,james_smith,hashicorp/nomad,hashicorp,reviewed,13.0,61.0,True,Python
PullRequestEvent,2023-10-13,dan_murphy,hashicorp/packer,hashicorp,opened,17.0,33.0,True,TypeScript
PushEvent,2023-04-22,rachel_kim,hashicorp/nomad,hashicorp,created,6.0,7.0,True,JavaScript
CreateEvent,2023-12-13,dan_murphy,elastic/elasticsearch,elastic,opened,,,True,C++
IssuesEvent,2023-05-23,robert_brown,hashicorp/vagrant,hashicorp,created,,,True,Go
CreateEvent,2023-11-27,emma_garcia,uber/cadence,uber,closed,,,True,C++
PushEvent,2023-06-25,rachel_kim,vercel/next.js,vercel,opened,1.0,15.0,True,Rust
IssuesEvent,2023-03-08,chris_lee,apache/beam,apache,commented,,,True,Rust
CreateEvent,2023-12-21,alex_kumar,elastic/kibana,elastic,opened,,,True,Go
IssuesEvent,2023-12-06,john_taylor,netflix/archaius,netflix,approved,,,True,Rust
MergeEvent,2023-07-20,tom_nelson,hashicorp/consul,hashicorp,created,,,False,Go
PushEvent,2023-11-13,nina_patel,hashicorp/consul,hashicorp,closed,13.0,8.0,True,Go
IssuesEvent,2023-04-04,lisa_anderson,elastic/logstash,elastic,closed,,,True,Python
PushEvent,2023-04-29,james_smith,airbnb/visx,airbnb,reviewed,9.0,16.0,True,Rust
PullRequestEvent,2023-10-11,emma_garcia,facebook/docusaurus,facebook,commented,14.0,85.0,True,TypeScript
PullRequestEvent,2023-10-26,dan_murphy,uber/kraken,uber,created,33.0,34.0,True,JavaScript
PushEvent,2023-03-09,robert_brown,elastic/elasticsearch,elastic,closed,15.0,14.0,True,C++
IssuesEvent,2023-12-31,robert_brown,vercel/swr,vercel,closed,,,False,TypeScript
IssuesEvent,2023-07-23,nina_patel,netflix/conductor,netflix,opened,,,False,Go
CommitEvent,2023-10-14,chris_lee,google/kubernetes,google,opened,9.0,17.0,False,JavaScript
PullRequestEvent,2023-02-01,lisa_anderson,netflix/archaius,netflix,commented,1.0,68.0,True,Go
MergeEvent,2023-11-06,nina_patel,airbnb/enzyme,airbnb,created,,,False,JavaScript
CommitEvent,2023-04-18,lisa_anderson,apache/airflow,apache,commented,6.0,7.0,False,Rust
MergeEvent,2023-12-27,nina_patel,apache/kafka,apache,closed,,,False,Java
IssuesEvent,2023-09-30,mike_johnson,hashicorp/nomad,hashicorp,updated,,,False,Rust
PushEvent,2023-02-13,sarah_chen,uber/kraken,uber,closed,2.0,16.0,True,C++
PushEvent,2023-09-24,tom_nelson,airbnb/lottie,airbnb,reviewed,8.0,17.0,True,JavaScript
IssuesEvent,2023-05-08,james_smith,facebook/react,facebook,merged,,,True,TypeScript
CreateEvent,2023-09-01,david_martinez,elastic/elasticsearch,elastic,closed,,,True,Go
IssuesEvent,2023-06-04,olivia_zhang,netflix/zuul,netflix,created,,,False,C++
CreateEvent,2023-12-16,anna_wilson,vercel/hyper,vercel,closed,,,True,TypeScript
IssuesEvent,2023-07-19,chris_lee,uber/kraken,uber,reviewed,,,True,TypeScript
IssuesEvent,2023-07-17,chris_lee,netflix/conductor,netflix,reviewed,,,True,Python
PushEvent,2023-03-28,emma_garcia,microsoft/PowerToys,microsoft,closed,12.0,13.0,True,Rust
IssuesEvent,2023-03-02,mike_johnson,apache/airflow,apache,merged,,,True,Go
CreateEvent,2023-10-15,mike_johnson,microsoft/terminal,microsoft,closed,,,False,Python
MergeEvent,2023-03-10,james_smith,netflix/archaius,netflix,opened,,,True,JavaScript
IssuesEvent,2023-06-30,david_martinez,vercel/swr,vercel,closed,,,True,TypeScript
PushEvent,2023-02-26,david_martinez,airbnb/visx,airbnb,merged,15.0,23.0,True,TypeScript
CreateEvent,2023-10-31,nina_patel,elastic/apm-server,elastic,created,,,True,JavaScript
MergeEvent,2023-11-18,olivia_zhang,facebook/jest,facebook,updated,,,True,JavaScript
PullRequestEvent,2023-04-14,nina_patel,apache/kafka,apache,updated,10.0,82.0,True,TypeScript
PullRequestEvent,2023-07-14,mark_davis,microsoft/playwright,microsoft,updated,7.0,37.0,False,Rust
CreateEvent,2023-08-26,david_martinez,apache/spark,apache,created,,,True,Go
CommitEvent,2023-10-06,tom_nelson,facebook/react,facebook,reviewed,15.0,8.0,False,Python
CommitEvent,2023-01-28,sarah_chen,google/kubernetes,google,reviewed,1.0,21.0,True,TypeScript
PushEvent,2023-07-08,nina_patel,google/angular,google,approved,12.0,13.0,True,Python
PullRequestEvent,2023-04-14,nina_patel,netflix/zuul,netflix,commented,45.0,20.0,True,JavaScript
PushEvent,2023-05-25,rachel_kim,elastic/beats,elastic,merged,1.0,20.0,True,Go
IssuesEvent,2023-01-16,james_smith,hashicorp/packer,hashicorp,updated,,,True,TypeScript
MergeEvent,2023-01-17,alex_kumar,microsoft/terminal,microsoft,updated,,,False,JavaScript
CommitEvent,2023-12-02,alex_kumar,elastic/apm-server,elastic,updated,7.0,17.0,True,TypeScript
PushEvent,2023-10-22,maria_rodriguez,airbnb/mavericks,airbnb,created,6.0,25.0,True,JavaScript
MergeEvent,2023-05-03,chris_lee,airbnb/enzyme,airbnb,updated,,,True,C++
CreateEvent,2023-04-25,maria_rodriguez,hashicorp/packer,hashicorp,merged,,,True,Rust
CreateEvent,2023-07-31,david_martinez,apache/airflow,apache,reviewed,,,True,Go
MergeEvent,2023-12-20,emma_garcia,uber/cadence,uber,created,,,True,Go
MergeEvent,2023-07-31,jen_liu,facebook/react-native,facebook,commented,,,True,Go
PullRequestEvent,2023-04-21,mark_davis,airbnb/lottie,airbnb,merged,37.0,95.0,False,C++
IssuesEvent,2023-04-14,lisa_anderson,hashicorp/consul,hashicorp,reviewed,,,True,TypeScript
CommitEvent,2023-05-23,sophie_duval,facebook/docusaurus,facebook,approved,10.0,21.0,True,Go
CreateEvent,2023-01-22,david_martinez,facebook/docusaurus,facebook,reviewed,,,True,Java
MergeEvent,2023-10-25,anna_wilson,apache/spark,apache,merged,,,False,Rust
CommitEvent,2023-01-11,maria_rodriguez,hashicorp/terraform,hashicorp,reviewed,12.0,5.0,True,JavaScript
PullRequestEvent,2023-05-11,lisa_anderson,airbnb/visx,airbnb,opened,2.0,87.0,True,TypeScript
CommitEvent,2023-08-08,tom_nelson,hashicorp/consul,hashicorp,updated,8.0,16.0,True,Rust
CreateEvent,2023-02-27,john_taylor,hashicorp/vagrant,hashicorp,updated,,,True,Rust
MergeEvent,2023-11-27,nina_patel,apache/spark,apache,closed,,,True,Go
PushEvent,2023-02-17,dan_murphy,apache/airflow,apache,updated,3.0,18.0,True,Python
PushEvent,2023-11-24,sarah_chen,google/kubernetes,google,reviewed,11.0,6.0,True,C++
IssuesEvent,2023-12-27,emma_garcia,google/angular,google,closed,,,True,TypeScript
IssuesEvent,2023-11-10,dan_murphy,uber/react-map-gl,uber,reviewed,,,False,Rust
MergeEvent,2023-06-18,james_smith,vercel/turbo,vercel,created,,,True,C++
PushEvent,2023-08-11,chris_lee,facebook/react-native,facebook,approved,15.0,8.0,False,C++
MergeEvent,2023-08-10,nina_patel,microsoft/playwright,microsoft,reviewed,,,True,Java
CreateEvent,2023-10-23,james_smith,microsoft/TypeScript,microsoft,opened,,,False,Rust
MergeEvent,2023-07-28,mark_davis,elastic/logstash,elastic,opened,,,True,Rust
IssuesEvent,2023-07-30,james_smith,airbnb/enzyme,airbnb,created,,,False,JavaScript
CommitEvent,2023-01-15,rachel_kim,elastic/elasticsearch,elastic,approved,10.0,2.0,True,JavaScript
CreateEvent,2023-12-09,david_martinez,microsoft/playwright,microsoft,created,,,True,Rust
IssuesEvent,2023-07-25,maria_rodriguez,elastic/logstash,elastic,merged,,,True,JavaScript
CommitEvent,2023-11-22,lisa_anderson,vercel/micro,vercel,opened,7.0,19.0,True,Rust
PushEvent,2023-08-24,olivia_zhang,google/kubernetes,google,merged,6.0,7.0,True,Python
PullRequestEvent,2023-04-10,nina_patel,google/kubernetes,google,closed,42.0,62.0,False,JavaScript
PushEvent,2023-05-21,tom_nelson,netflix/conductor,netflix,opened,6.0,5.0,True,Python
MergeEvent,2023-09-05,jen_liu,microsoft/terminal,microsoft,commented,,,True,JavaScript
CommitEvent,2023-06-14,rachel_kim,vercel/pkg,vercel,merged,8.0,11.0,True,Java
PullRequestEvent,2023-11-30,mark_davis,google/tensorflow,google,commented,33.0,63.0,True,Python
MergeEvent,2023-03-11,maria_rodriguez,netflix/hystrix,netflix,closed,,,True,Python
PushEvent,2023-11-23,chris_lee,netflix/archaius,netflix,commented,14.0,3.0,True,Python
MergeEvent,2023-08-12,emma_garcia,google/angular,google,merged,,,True,C++
PushEvent,2023-06-04,james_smith,netflix/zuul,netflix,updated,6.0,15.0,True,Go
PullRequestEvent,2023-07-21,rachel_kim,google/chromium,google,closed,14.0,92.0,False,Rust
PullRequestEvent,2023-09-24,john_taylor,airbnb/javascript,airbnb,opened,41.0,61.0,True,JavaScript
MergeEvent,2023-02-05,olivia_zhang,hashicorp/packer,hashicorp,approved,,,True,Python
PushEvent,2023-08-02,alex_kumar,elastic/apm-server,elastic,updated,2.0,12.0,True,TypeScript
PushEvent,2023-12-22,david_martinez,apache/airflow,apache,merged,14.0,22.0,True,Java
IssuesEvent,2023-09-19,sophie_duval,apache/beam,apache,approved,,,False,Python
PullRequestEvent,2023-01-14,dan_murphy,hashicorp/nomad,hashicorp,commented,26.0,91.0,False,TypeScript
IssuesEvent,2023-11-01,nina_patel,elastic/elasticsearch,elastic,commented,,,True,C++
IssuesEvent,2023-04-28,david_martinez,vercel/pkg,vercel,updated,,,True,C++
PullRequestEvent,2023-09-25,james_smith,facebook/jest,facebook,updated,2.0,73.0,True,Python
CreateEvent,2023-01-28,rachel_kim,google/kubernetes,google,reviewed,,,False,Java
IssuesEvent,2023-09-29,lisa_anderson,uber/kraken,uber,updated,,,True,Python
PushEvent,2023-11-11,lisa_anderson,airbnb/lottie,airbnb,commented,4.0,19.0,False,JavaScript
PullRequestEvent,2023-09-22,david_martinez,google/chromium,google,commented,36.0,26.0,True,Java
CreateEvent,2023-09-09,sophie_duval,facebook/relay,facebook,merged,,,True,C++
IssuesEvent,2023-05-04,alex_kumar,apache/flink,apache,closed,,,True,JavaScript
PullRequestEvent,2023-07-21,john_taylor,google/chromium,google,reviewed,42.0,33.0,False,Rust
PushEvent,2023-09-23,tom_nelson,elastic/kibana,elastic,merged,8.0,2.0,False,Python
CreateEvent,2023-04-08,anna_wilson,uber/pyro,uber,closed,,,True,Go
PushEvent,2023-07-24,olivia_zhang,hashicorp/vagrant,hashicorp,approved,13.0,14.0,False,C++
MergeEvent,2023-07-07,john_taylor,vercel/micro,vercel,opened,,,True,JavaScript
MergeEvent,2023-02-23,mike_johnson,apache/kafka,apache,updated,,,True,TypeScript
IssuesEvent,2023-05-20,dan_murphy,airbnb/lottie,airbnb,created,,,True,Rust
PullRequestEvent,2023-12-15,maria_rodriguez,apache/cassandra,apache,approved,35.0,12.0,True,C++
CreateEvent,2023-10-12,chris_lee,microsoft/terminal,microsoft,closed,,,False,Go
PullRequestEvent,2023-06-24,jen_liu,vercel/hyper,vercel,merged,10.0,64.0,True,Java
CreateEvent,2023-09-17,anna_wilson,airbnb/visx,airbnb,created,,,True,TypeScript
PullRequestEvent,2023-10-12,robert_brown,hashicorp/nomad,hashicorp,closed,36.0,77.0,True,C++
PullRequestEvent,2023-09-23,tom_nelson,vercel/micro,vercel,approved,26.0,20.0,True,JavaScript
PullRequestEvent,2023-05-03,emma_garcia,google/flutter,google,reviewed,13.0,10.0,True,TypeScript
PullRequestEvent,2023-09-27,tom_nelson,vercel/turbo,vercel,approved,21.0,26.0,True,Rust
CreateEvent,2023-06-21,david_martinez,google/flutter,google,merged,,,True,Python
CommitEvent,2023-05-06,john_taylor,elastic/apm-server,elastic,closed,10.0,18.0,True,C++
PullRequestEvent,2023-07-14,sarah_chen,apache/kafka,apache,updated,14.0,16.0,True,Go
CreateEvent,2023-01-05,david_martinez,airbnb/visx,airbnb,commented,,,True,Rust
CreateEvent,2023-12-11,lisa_anderson,facebook/jest,facebook,updated,,,True,Java
CommitEvent,2023-07-29,james_smith,netflix/eureka,netflix,reviewed,4.0,23.0,True,Go
MergeEvent,2023-12-23,rachel_kim,netflix/ribbon,netflix,opened,,,False,JavaScript
CreateEvent,2023-12-27,maria_rodriguez,facebook/react,facebook,commented,,,False,C++
PushEvent,2023-07-14,alex_kumar,elastic/elasticsearch,elastic,reviewed,8.0,5.0,True,Python
CreateEvent,2023-08-04,olivia_zhang,uber/pyro,uber,commented,,,True,TypeScript
MergeEvent,2023-10-19,tom_nelson,apache/cassandra,apache,created,,,True,TypeScript
PushEvent,2023-04-18,robert_brown,hashicorp/vagrant,hashicorp,opened,12.0,7.0,False,Rust
MergeEvent,2023-06-01,dan_murphy,facebook/react,facebook,merged,,,False,Go
CreateEvent,2023-12-29,tom_nelson,facebook/react,facebook,closed,,,True,C++
CreateEvent,2023-02-10,alex_kumar,elastic/elasticsearch,elastic,updated,,,True,TypeScript
IssuesEvent,2023-11-21,chris_lee,airbnb/visx,airbnb,closed,,,False,TypeScript
PullRequestEvent,2023-03-01,maria_rodriguez,vercel/micro,vercel,merged,47.0,92.0,True,Java
IssuesEvent,2023-08-02,olivia_zhang,vercel/hyper,vercel,closed,,,True,Java
CreateEvent,2023-02-10,dan_murphy,microsoft/vscode,microsoft,merged,,,True,Python
IssuesEvent,2023-08-24,mark_davis,hashicorp/vagrant,hashicorp,approved,,,False,Go
CreateEvent,2023-08-03,jen_liu,vercel/micro,vercel,created,,,True,TypeScript
CommitEvent,2023-02-02,rachel_kim,google/go,google,merged,6.0,14.0,True,Go
PushEvent,2023-10-14,tom_nelson,airbnb/visx,airbnb,approved,6.0,14.0,False,JavaScript
CommitEvent,2023-07-17,alex_kumar,hashicorp/packer,hashicorp,reviewed,6.0,6.0,True,Python
MergeEvent,2023-02-17,james_smith,netflix/archaius,netflix,reviewed,,,True,TypeScript
MergeEvent,2023-07-25,david_martinez,facebook/docusaurus,facebook,approved,,,True,Go
CreateEvent,2023-09-09,david_martinez,elastic/beats,elastic,updated,,,True,C++
PullRequestEvent,2023-09-23,tom_nelson,vercel/micro,vercel,commented,7.0,74.0,True,Go
CreateEvent,2023-10-24,lisa_anderson,hashicorp/packer,hashicorp,opened,,,True,Java
CommitEvent,2023-10-21,sarah_chen,google/chromium,google,reviewed,3.0,5.0,True,C++
PushEvent,2023-09-16,rachel_kim,netflix/conductor,netflix,reviewed,4.0,8.0,True,Rust
IssuesEvent,2023-01-25,nina_patel,uber/cadence,uber,opened,,,True,Python
MergeEvent,2023-06-24,sophie_duval,google/flutter,google,created,,,False,Python
PushEvent,2023-05-20,dan_murphy,vercel/swr,vercel,created,10.0,3.0,True,Java
IssuesEvent,2023-03-26,nina_patel,google/tensorflow,google,merged,,,True,JavaScript
IssuesEvent,2023-09-09,olivia_zhang,facebook/docusaurus,facebook,opened,,,True,JavaScript
IssuesEvent,2023-08-16,nina_patel,google/go,google,reviewed,,,True,Rust
CreateEvent,2023-02-08,alex_kumar,google/tensorflow,google,closed,,,True,Java
PushEvent,2023-06-29,john_taylor,uber/jaeger,uber,opened,4.0,24.0,True,Go
CommitEvent,2023-07-02,dan_murphy,airbnb/lottie,airbnb,reviewed,7.0,4.0,True,Java
IssuesEvent,2023-02-23,maria_rodriguez,vercel/pkg,vercel,created,,,False,JavaScript
PullRequestEvent,2023-09-06,sarah_chen,facebook/react-native,facebook,merged,37.0,55.0,False,Go
IssuesEvent,2023-02-05,mark_davis,airbnb/visx,airbnb,updated,,,True,C++
IssuesEvent,2023-07-19,nina_patel,vercel/hyper,vercel,closed,,,True,Go
PullRequestEvent,2023-04-17,rachel_kim,google/go,google,created,13.0,76.0,False,Go
PullRequestEvent,2023-11-03,david_martinez,google/chromium,google,commented,44.0,70.0,True,JavaScript
CommitEvent,2023-08-07,rachel_kim,hashicorp/consul,hashicorp,reviewed,2.0,23.0,True,JavaScript
PushEvent,2023-05-16,rachel_kim,netflix/archaius,netflix,merged,1.0,4.0,True,Go
MergeEvent,2023-11-06,james_smith,airbnb/enzyme,airbnb,updated,,,True,TypeScript
MergeEvent,2023-02-05,mark_davis,netflix/conductor,netflix,approved,,,False,Go
CreateEvent,2023-03-07,robert_brown,uber/pyro,uber,approved,,,True,Rust
MergeEvent,2023-07-21,sophie_duval,uber/kraken,uber,opened,,,True,Python
PullRequestEvent,2023-10-30,nina_patel,google/tensorflow,google,commented,6.0,64.0,True,C++
MergeEvent,2023-12-19,anna_wilson,hashicorp/packer,hashicorp,created,,,True,TypeScript
PushEvent,2023-06-06,rachel_kim,netflix/hystrix,netflix,opened,10.0,6.0,True,Python
PushEvent,2023-04-19,alex_kumar,vercel/pkg,vercel,reviewed,11.0,17.0,False,Go
CreateEvent,2023-09-25,sarah_chen,uber/react-map-gl,uber,opened,,,False,Rust
MergeEvent,2023-07-23,rachel_kim,google/angular,google,approved,,,True,Go
CommitEvent,2023-07-23,james_smith,vercel/turbo,vercel,closed,4.0,19.0,True,JavaScript
PullRequestEvent,2023-07-02,tom_nelson,netflix/ribbon,netflix,merged,44.0,52.0,True,Go
MergeEvent,2023-07-13,lisa_anderson,facebook/react-native,facebook,approved,,,True,TypeScript
PushEvent,2023-03-30,mike_johnson,elastic/logstash,elastic,updated,7.0,11.0,False,JavaScript
MergeEvent,2023-07-04,robert_brown,apache/airflow,apache,created,,,True,Rust
CreateEvent,2023-08-16,sarah_chen,vercel/pkg,vercel,approved,,,True,Python
PushEvent,2023-11-28,jen_liu,microsoft/playwright,microsoft,created,1.0,1.0,False,Python
MergeEvent,2023-01-26,mark_davis,microsoft/dotnet,microsoft,merged,,,False,JavaScript
CreateEvent,2023-09-02,dan_murphy,elastic/elasticsearch,elastic,updated,,,True,Go
IssuesEvent,2023-12-10,chris_lee,netflix/archaius,netflix,updated,,,True,TypeScript
CreateEvent,2023-10-21,nina_patel,apache/flink,apache,approved,,,True,C++
PushEvent,2023-03-12,rachel_kim,apache/spark,apache,opened,5.0,1.0,False,Java
MergeEvent,2023-08-23,sophie_duval,microsoft/dotnet,microsoft,updated,,,True,JavaScript
MergeEvent,2023-01-04,james_smith,netflix/archaius,netflix,reviewed,,,True,Rust
CreateEvent,2023-01-29,jen_liu,facebook/jest,facebook,closed,,,True,C++
IssuesEvent,2023-10-19,nina_patel,hashicorp/terraform,hashicorp,merged,,,True,Rust
PushEvent,2023-08-26,alex_kumar,google/go,google,reviewed,1.0,6.0,True,Java
PullRequestEvent,2023-11-13,sophie_duval,netflix/eureka,netflix,approved,35.0,46.0,True,JavaScript
CreateEvent,2023-02-09,rachel_kim,hashicorp/vagrant,hashicorp,updated,,,True,Python
CreateEvent,2023-06-15,nina_patel,facebook/react-native,facebook,updated,,,False,Go
CreateEvent,2023-06-11,john_taylor,uber/react-map-gl,uber,updated,,,True,Java
PullRequestEvent,2023-10-02,sarah_chen,facebook/yoga,facebook,approved,47.0,54.0,False,Rust
PullRequestEvent,2023-05-13,nina_patel,apache/airflow,apache,merged,31.0,90.0,True,Python
IssuesEvent,2023-03-10,lisa_anderson,netflix/conductor,netflix,approved,,,True,Java
CreateEvent,2023-05-27,dan_murphy,apache/airflow,apache,approved,,,False,TypeScript
CreateEvent,2023-12-12,sarah_chen,airbnb/lottie,airbnb,opened,,,True,Java
PullRequestEvent,2023-07-31,sophie_duval,uber/pyro,uber,commented,29.0,43.0,True,Go
PushEvent,2023-01-16,sophie_duval,vercel/swr,vercel,commented,3.0,9.0,True,Go
PushEvent,2023-01-05,robert_brown,hashicorp/vagrant,hashicorp,updated,3.0,5.0,True,JavaScript
PushEvent,2023-03-19,olivia_zhang,microsoft/dotnet,microsoft,created,10.0,24.0,False,C++
CommitEvent,2023-02-23,alex_kumar,airbnb/visx,airbnb,closed,9.0,20.0,True,JavaScript
CreateEvent,2023-06-16,maria_rodriguez,facebook/react-native,facebook,approved,,,True,Go
MergeEvent,2023-08-17,alex_kumar,airbnb/enzyme,airbnb,closed,,,False,Go
PushEvent,2023-06-23,mike_johnson,apache/airflow,apache,opened,7.0,20.0,False,Python
PullRequestEvent,2023-02-13,maria_rodriguez,netflix/hystrix,netflix,merged,29.0,10.0,True,Rust
CreateEvent,2023-04-29,nina_patel,elastic/kibana,elastic,reviewed,,,False,Go
IssuesEvent,2023-07-01,sophie_duval,microsoft/playwright,microsoft,approved,,,True,JavaScript
MergeEvent,2023-03-16,robert_brown,microsoft/TypeScript,microsoft,commented,,,True,C++
PullRequestEvent,2023-01-01,jen_liu,vercel/turbo,vercel,updated,36.0,96.0,True,Python
CreateEvent,2023-08-25,sarah_chen,netflix/eureka,netflix,approved,,,False,C++
PushEvent,2023-03-01,tom_nelson,apache/kafka,apache,reviewed,9.0,21.0,True,JavaScript
CreateEvent,2023-05-15,robert_brown,facebook/react,facebook,closed,,,False,C++
IssuesEvent,2023-01-14,mark_davis,elastic/elasticsearch,elastic,opened,,,True,C++
IssuesEvent,2023-12-13,maria_rodriguez,microsoft/dotnet,microsoft,reviewed,,,True,JavaScript
CommitEvent,2023-10-10,nina_patel,airbnb/javascript,airbnb,closed,2.0,7.0,True,C++
PullRequestEvent,2023-07-01,olivia_zhang,apache/kafka,apache,merged,48.0,3.0,False,Java
CommitEvent,2023-07-31,chris_lee,uber/cadence,uber,commented,6.0,4.0,True,TypeScript
CommitEvent,2023-08-12,john_taylor,vercel/micro,vercel,merged,7.0,25.0,True,JavaScript
PullRequestEvent,2023-01-14,chris_lee,vercel/swr,vercel,approved,33.0,82.0,False,Java
CreateEvent,2023-11-18,sarah_chen,facebook/yoga,facebook,merged,,,True,Python
PullRequestEvent,2023-04-08,alex_kumar,vercel/hyper,vercel,closed,5.0,60.0,True,Java
IssuesEvent,2023-10-17,maria_rodriguez,apache/kafka,apache,opened,,,True,TypeScript
IssuesEvent,2023-06-10,robert_brown,apache/cassandra,apache,closed,,,False,Rust
PushEvent,2023-04-13,sarah_chen,elastic/beats,elastic,commented,14.0,25.0,True,Rust
MergeEvent,2023-09-14,dan_murphy,apache/kafka,apache,commented,,,True,TypeScript
CreateEvent,2023-05-04,rachel_kim,hashicorp/vagrant,hashicorp,closed,,,True,TypeScript
MergeEvent,2023-11-21,mike_johnson,elastic/apm-server,elastic,updated,,,True,Rust
MergeEvent,2023-03-13,dan_murphy,hashicorp/vault,hashicorp,reviewed,,,True,JavaScript
IssuesEvent,2023-07-02,james_smith,apache/beam,apache,created,,,True,TypeScript
CreateEvent,2023-12-06,chris_lee,uber/jaeger,uber,updated,,,True,TypeScript
IssuesEvent,2023-08-12,sarah_chen,facebook/react-native,facebook,commented,,,True,Go
CreateEvent,2023-06-28,mike_johnson,uber/react-map-gl,uber,closed,,,True,Rust
CreateEvent,2023-07-15,john_taylor,google/flutter,google,approved,,,False,Go
PushEvent,2023-04-10,sarah_chen,microsoft/PowerToys,microsoft,updated,7.0,22.0,True,Rust
PushEvent,2023-09-02,jen_liu,vercel/turbo,vercel,created,9.0,14.0,True,Java
CreateEvent,2023-02-25,tom_nelson,apache/flink,apache,updated,,,True,C++
MergeEvent,2023-11-21,mike_johnson,uber/kraken,uber,reviewed,,,True,Rust
MergeEvent,2023-01-12,alex_kumar,microsoft/TypeScript,microsoft,updated,,,True,TypeScript
MergeEvent,2023-09-21,david_martinez,airbnb/lottie,airbnb,opened,,,True,JavaScript
IssuesEvent,2023-07-21,robert_brown,apache/cassandra,apache,closed,,,True,Java
CreateEvent,2023-03-06,john_taylor,netflix/eureka,netflix,created,,,True,TypeScript
CreateEvent,2023-05-10,sophie_duval,facebook/relay,facebook,closed,,,True,Python
CreateEvent,2023-05-13,john_taylor,facebook/react,facebook,reviewed,,,False,Go
CommitEvent,2023-06-03,robert_brown,netflix/eureka,netflix,opened,5.0,18.0,False,Go
PushEvent,2023-04-28,sophie_duval,elastic/kibana,elastic,approved,11.0,17.0,True,C++
IssuesEvent,2023-10-14,james_smith,vercel/swr,vercel,closed,,,False,JavaScript
CommitEvent,2023-08-20,james_smith,apache/airflow,apache,merged,6.0,15.0,True,JavaScript
MergeEvent,2023-01-05,james_smith,uber/react-map-gl,uber,opened,,,False,C++
PullRequestEvent,2023-04-12,maria_rodriguez,uber/react-map-gl,uber,approved,13.0,64.0,True,JavaScript
CreateEvent,2023-07-30,olivia_zhang,facebook/react,facebook,reviewed,,,True,Python
PullRequestEvent,2023-06-18,james_smith,apache/beam,apache,updated,33.0,55.0,False,C++
IssuesEvent,2023-02-26,olivia_zhang,facebook/docusaurus,facebook,merged,,,True,Rust
CreateEvent,2023-12-23,tom_nelson,microsoft/PowerToys,microsoft,reviewed,,,True,Go
PullRequestEvent,2023-11-07,jen_liu,facebook/relay,facebook,approved,42.0,99.0,True,Java
MergeEvent,2023-11-11,rachel_kim,hashicorp/packer,hashicorp,created,,,False,Go
IssuesEvent,2023-06-28,anna_wilson,hashicorp/nomad,hashicorp,approved,,,True,Python
CreateEvent,2023-05-09,olivia_zhang,google/chromium,google,merged,,,True,JavaScript
IssuesEvent,2023-03-17,maria_rodriguez,microsoft/PowerToys,microsoft,reviewed,,,True,Rust
IssuesEvent,2023-01-22,john_taylor,google/angular,google,updated,,,True,Python
PullRequestEvent,2023-03-12,olivia_zhang,vercel/next.js,vercel,approved,3.0,87.0,True,JavaScript
CreateEvent,2023-04-29,dan_murphy,airbnb/enzyme,airbnb,merged,,,True,TypeScript
CreateEvent,2023-08-28,tom_nelson,microsoft/playwright,microsoft,approved,,,False,Java
CommitEvent,2023-09-10,sarah_chen,google/angular,google,merged,15.0,7.0,True,JavaScript
CommitEvent,2023-05-05,david_martinez,facebook/docusaurus,facebook,merged,7.0,6.0,True,JavaScript
IssuesEvent,2023-04-21,nina_patel,facebook/react,facebook,commented,,,False,C++
CreateEvent,2023-11-11,emma_garcia,google/flutter,google,opened,,,True,Java
CreateEvent,2023-04-12,alex_kumar,microsoft/dotnet,microsoft,created,,,False,Java
PullRequestEvent,2023-12-21,sarah_chen,airbnb/visx,airbnb,updated,44.0,83.0,True,Rust
IssuesEvent,2023-06-14,mark_davis,vercel/next.js,vercel,merged,,,False,JavaScript
CreateEvent,2023-06-15,rachel_kim,elastic/apm-server,elastic,closed,,,True,Python
IssuesEvent,2023-05-27,alex_kumar,uber/cadence,uber,reviewed,,,True,Go
CreateEvent,2023-08-06,james_smith,facebook/react-native,facebook,created,,,True,Go
PullRequestEvent,2023-08-13,chris_lee,netflix/hystrix,netflix,opened,6.0,40.0,True,Java
CreateEvent,2023-07-07,olivia_zhang,facebook/docusaurus,facebook,opened,,,True,Go
CreateEvent,2023-11-06,emma_garcia,airbnb/lottie,airbnb,commented,,,True,Python
CreateEvent,2023-09-25,emma_garcia,apache/airflow,apache,commented,,,False,Rust
CommitEvent,2023-06-21,sarah_chen,uber/react-map-gl,uber,commented,15.0,5.0,False,TypeScript
CreateEvent,2023-08-30,john_taylor,airbnb/lottie,airbnb,commented,,,True,TypeScript
IssuesEvent,2023-10-24,rachel_kim,uber/pyro,uber,opened,,,False,Python
MergeEvent,2023-04-02,james_smith,netflix/archaius,netflix,merged,,,True,Go
MergeEvent,2023-01-12,lisa_anderson,google/flutter,google,opened,,,True,Python
CreateEvent,2023-04-21,sarah_chen,hashicorp/vagrant,hashicorp,commented,,,True,C++
PullRequestEvent,2023-02-02,olivia_zhang,vercel/swr,vercel,closed,19.0,66.0,True,Java
CommitEvent,2023-10-02,emma_garcia,elastic/logstash,elastic,updated,3.0,21.0,True,Rust
IssuesEvent,2023-08-29,dan_murphy,facebook/docusaurus,facebook,commented,,,True,Rust
MergeEvent,2023-01-18,rachel_kim,airbnb/mavericks,airbnb,merged,,,True,Java
CreateEvent,2023-07-15,mark_davis,microsoft/playwright,microsoft,commented,,,True,Rust
MergeEvent,2023-08-27,anna_wilson,airbnb/javascript,airbnb,updated,,,False,Rust
PushEvent,2023-08-04,alex_kumar,microsoft/playwright,microsoft,created,14.0,7.0,True,TypeScript
PullRequestEvent,2023-11-21,rachel_kim,uber/react-map-gl,uber,closed,40.0,14.0,False,Go
CreateEvent,2023-11-04,mark_davis,hashicorp/vault,hashicorp,closed,,,True,TypeScript
MergeEvent,2023-05-16,sarah_chen,netflix/zuul,netflix,created,,,False,TypeScript
PullRequestEvent,2023-06-04,olivia_zhang,apache/airflow,apache,updated,5.0,57.0,False,Rust
MergeEvent,2023-12-03,nina_patel,vercel/hyper,vercel,updated,,,True,C++
MergeEvent,2023-03-09,alex_kumar,facebook/react-native,facebook,updated,,,True,Java
PullRequestEvent,2023-08-06,olivia_zhang,uber/pyro,uber,approved,30.0,28.0,True,TypeScript
CreateEvent,2023-08-11,nina_patel,netflix/eureka,netflix,closed,,,True,Rust
PushEvent,2023-08-29,alex_kumar,airbnb/enzyme,airbnb,opened,7.0,20.0,False,TypeScript
CommitEvent,2023-08-27,mark_davis,facebook/react-native,facebook,merged,12.0,14.0,True,Java
IssuesEvent,2023-09-07,sophie_duval,facebook/jest,facebook,approved,,,True,Java
CommitEvent,2023-07-30,dan_murphy,google/kubernetes,google,opened,3.0,11.0,True,Python
PushEvent,2023-01-30,emma_garcia,facebook/relay,facebook,commented,6.0,15.0,True,JavaScript
CommitEvent,2023-10-02,anna_wilson,uber/cadence,uber,reviewed,15.0,21.0,True,C++
IssuesEvent,2023-03-09,rachel_kim,google/chromium,google,created,,,True,Java
CreateEvent,2023-02-16,dan_murphy,apache/beam,apache,created,,,True,TypeScript
PushEvent,2023-05-16,olivia_zhang,airbnb/javascript,airbnb,reviewed,10.0,25.0,True,JavaScript
MergeEvent,2023-12-29,john_taylor,apache/kafka,apache,closed,,,True,Go
IssuesEvent,2023-02-01,maria_rodriguez,vercel/hyper,vercel,approved,,,True,Java
CreateEvent,2023-07-02,sophie_duval,elastic/beats,elastic,opened,,,False,Java
MergeEvent,2023-08-03,mike_johnson,elastic/beats,elastic,updated,,,True,Rust
PullRequestEvent,2023-09-18,mark_davis,uber/cadence,uber,merged,27.0,87.0,True,JavaScript
CommitEvent,2023-06-02,olivia_zhang,facebook/docusaurus,facebook,merged,1.0,1.0,True,Go
PushEvent,2023-10-31,mike_johnson,microsoft/playwright,microsoft,updated,10.0,15.0,True,Rust
IssuesEvent,2023-09-24,mark_davis,microsoft/terminal,microsoft,commented,,,True,Rust
CommitEvent,2023-12-21,james_smith,hashicorp/packer,hashicorp,reviewed,6.0,10.0,True,Go
MergeEvent,2023-04-08,nina_patel,facebook/relay,facebook,reviewed,,,True,Rust
IssuesEvent,2023-09-17,david_martinez,elastic/kibana,elastic,created,,,True,Java
PushEvent,2023-10-09,maria_rodriguez,facebook/react,facebook,opened,7.0,9.0,True,C++
IssuesEvent,2023-07-29,nina_patel,microsoft/terminal,microsoft,closed,,,True,TypeScript
MergeEvent,2023-01-30,sophie_duval,apache/beam,apache,merged,,,False,Python
CommitEvent,2023-01-22,jen_liu,airbnb/javascript,airbnb,created,15.0,14.0,True,Rust
MergeEvent,2023-07-31,jen_liu,airbnb/lottie,airbnb,commented,,,True,Python
PullRequestEvent,2023-10-17,anna_wilson,vercel/next.js,vercel,reviewed,22.0,85.0,False,TypeScript
PushEvent,2023-07-07,mark_davis,microsoft/PowerToys,microsoft,approved,8.0,17.0,True,Rust
CreateEvent,2023-07-09,sophie_duval,netflix/conductor,netflix,opened,,,True,Rust
CreateEvent,2023-08-22,anna_wilson,uber/pyro,uber,opened,,,True,Java
IssuesEvent,2023-05-14,chris_lee,netflix/eureka,netflix,reviewed,,,True,Go
PullRequestEvent,2023-03-17,alex_kumar,apache/airflow,apache,approved,28.0,49.0,False,Rust
IssuesEvent,2023-09-20,chris_lee,hashicorp/consul,hashicorp,merged,,,True,TypeScript
CommitEvent,2023-09-19,mark_davis,netflix/ribbon,netflix,created,8.0,4.0,True,Go
IssuesEvent,2023-12-30,robert_brown,vercel/micro,vercel,approved,,,True,Java
CreateEvent,2023-02-14,sarah_chen,google/flutter,google,created,,,True,TypeScript
CreateEvent,2023-09-13,jen_liu,facebook/docusaurus,facebook,created,,,False,Go
CommitEvent,2023-04-02,mark_davis,uber/kraken,uber,reviewed,5.0,18.0,True,Python
CreateEvent,2023-09-08,sophie_duval,netflix/hystrix,netflix,approved,,,True,JavaScript
IssuesEvent,2023-07-31,mike_johnson,hashicorp/consul,hashicorp,reviewed,,,True,JavaScript
PushEvent,2023-04-29,robert_brown,uber/react-map-gl,uber,approved,15.0,8.0,True,Rust
PushEvent,2023-09-22,sophie_duval,vercel/micro,vercel,created,3.0,1.0,True,Go
PushEvent,2023-10-24,mike_johnson,elastic/elasticsearch,elastic,closed,13.0,11.0,True,JavaScript
IssuesEvent,2023-10-12,robert_brown,vercel/hyper,vercel,approved,,,True,Go
IssuesEvent,2023-07-17,alex_kumar,apache/beam,apache,closed,,,True,JavaScript
MergeEvent,2023-04-14,olivia_zhang,airbnb/lottie,airbnb,opened,,,True,TypeScript
PullRequestEvent,2023-06-10,olivia_zhang,microsoft/playwright,microsoft,closed,30.0,16.0,True,Python
PullRequestEvent,2023-01-13,tom_nelson,airbnb/enzyme,airbnb,approved,13.0,15.0,False,Python
PullRequestEvent,2023-07-26,anna_wilson,facebook/docusaurus,facebook,closed,4.0,92.0,True,Go
CreateEvent,2023-07-29,tom_nelson,google/chromium,google,approved,,,True,Go
MergeEvent,2023-08-20,chris_lee,apache/flink,apache,approved,,,True,Python
PullRequestEvent,2023-08-06,mark_davis,netflix/conductor,netflix,approved,28.0,74.0,True,Rust
PushEvent,2023-06-07,mike_johnson,elastic/apm-server,elastic,closed,11.0,4.0,True,Java
MergeEvent,2023-05-07,rachel_kim,netflix/ribbon,netflix,updated,,,True,Go
IssuesEvent,2023-06-13,nina_patel,netflix/hystrix,netflix,created,,,True,Java
CreateEvent,2023-09-03,olivia_zhang,apache/spark,apache,opened,,,True,C++
MergeEvent,2023-02-23,jen_liu,uber/pyro,uber,merged,,,True,Go
PushEvent,2023-07-08,dan_murphy,vercel/hyper,vercel,commented,14.0,18.0,False,Python
CommitEvent,2023-06-11,chris_lee,hashicorp/consul,hashicorp,reviewed,15.0,23.0,False,Go
CreateEvent,2023-09-28,lisa_anderson,elastic/kibana,elastic,commented,,,True,C++
IssuesEvent,2023-02-26,mike_johnson,facebook/react-native,facebook,created,,,True,TypeScript
PushEvent,2023-09-06,sophie_duval,netflix/archaius,netflix,commented,5.0,11.0,False,Java
PushEvent,2023-05-12,sophie_duval,airbnb/javascript,airbnb,opened,14.0,6.0,True,Rust
CreateEvent,2023-12-25,lisa_anderson,facebook/docusaurus,facebook,commented,,,True,TypeScript
IssuesEvent,2023-03-18,nina_patel,uber/kraken,uber,closed,,,True,Python
PushEvent,2023-10-19,tom_nelson,vercel/turbo,vercel,opened,15.0,8.0,True,Go
CommitEvent,2023-12-21,chris_lee,facebook/yoga,facebook,commented,3.0,16.0,True,TypeScript
PushEvent,2023-12-19,anna_wilson,elastic/elasticsearch,elastic,approved,12.0,25.0,True,TypeScript
IssuesEvent,2023-10-22,anna_wilson,netflix/conductor,netflix,approved,,,True,JavaScript
MergeEvent,2023-07-21,dan_murphy,vercel/swr,vercel,opened,,,False,TypeScript
MergeEvent,2023-11-15,chris_lee,uber/react-map-gl,uber,opened,,,False,JavaScript
PullRequestEvent,2023-06-02,dan_murphy,google/go,google,opened,35.0,100.0,False,JavaScript
PullRequestEvent,2023-08-13,mark_davis,facebook/docusaurus,facebook,reviewed,41.0,9.0,True,C++
PullRequestEvent,2023-11-07,rachel_kim,vercel/hyper,vercel,created,49.0,92.0,True,Java
IssuesEvent,2023-12-31,mike_johnson,uber/kraken,uber,created,,,True,C++
CreateEvent,2023-10-14,robert_brown,netflix/ribbon,netflix,commented,,,True,C++
PullRequestEvent,2023-12-22,olivia_zhang,hashicorp/consul,hashicorp,merged,33.0,72.0,True,Rust
PushEvent,2023-08-11,chris_lee,facebook/relay,facebook,updated,8.0,3.0,False,Java
PullRequestEvent,2023-09-26,robert_brown,facebook/docusaurus,facebook,updated,8.0,58.0,False,Rust
CommitEvent,2023-11-21,robert_brown,elastic/beats,elastic,closed,13.0,8.0,True,Rust
PullRequestEvent,2023-09-22,maria_rodriguez,microsoft/PowerToys,microsoft,approved,35.0,69.0,True,Rust
IssuesEvent,2023-10-17,mike_johnson,vercel/turbo,vercel,updated,,,True,C++
PullRequestEvent,2023-07-02,tom_nelson,netflix/ribbon,netflix,merged,18.0,18.0,False,Rust
MergeEvent,2023-03-02,lisa_anderson,google/angular,google,updated,,,True,C++
IssuesEvent,2023-05-16,tom_nelson,vercel/turbo,vercel,created,,,True,Go
IssuesEvent,2023-06-04,mike_johnson,facebook/docusaurus,facebook,updated,,,True,Rust
IssuesEvent,2023-08-26,olivia_zhang,apache/airflow,apache,approved,,,False,Python
PullRequestEvent,2023-08-08,emma_garcia,uber/jaeger,uber,approved,12.0,67.0,True,Python
PullRequestEvent,2023-05-12,maria_rodriguez,hashicorp/terraform,hashicorp,commented,28.0,31.0,True,C++
CommitEvent,2023-06-18,rachel_kim,airbnb/enzyme,airbnb,created,3.0,4.0,True,Go
PushEvent,2023-11-03,lisa_anderson,netflix/conductor,netflix,commented,4.0,22.0,True,Java
PullRequestEvent,2023-05-05,nina_patel,google/kubernetes,google,commented,4.0,52.0,True,TypeScript
MergeEvent,2023-12-30,tom_nelson,facebook/relay,facebook,updated,,,True,JavaScript
IssuesEvent,2023-07-29,dan_murphy,apache/cassandra,apache,approved,,,True,C++
MergeEvent,2023-11-18,chris_lee,apache/cassandra,apache,reviewed,,,False,JavaScript
PushEvent,2023-03-06,maria_rodriguez,airbnb/mavericks,airbnb,merged,9.0,12.0,True,Go
CreateEvent,2023-08-12,alex_kumar,hashicorp/nomad,hashicorp,approved,,,True,Python
CreateEvent,2023-05-08,david_martinez,apache/airflow,apache,commented,,,True,Python
PushEvent,2023-07-18,maria_rodriguez,airbnb/javascript,airbnb,reviewed,14.0,18.0,False,JavaScript
CreateEvent,2023-02-05,mark_davis,google/flutter,google,opened,,,True,Python
MergeEvent,2023-07-01,david_martinez,hashicorp/terraform,hashicorp,reviewed,,,True,Rust
IssuesEvent,2023-05-23,mark_davis,hashicorp/vagrant,hashicorp,commented,,,True,Python
CreateEvent,2023-08-27,sophie_duval,uber/react-map-gl,uber,reviewed,,,False,JavaScript
CommitEvent,2023-09-17,sarah_chen,hashicorp/nomad,hashicorp,closed,1.0,22.0,True,Python
IssuesEvent,2023-03-01,emma_garcia,hashicorp/vagrant,hashicorp,closed,,,True,TypeScript
CommitEvent,2023-06-01,james_smith,elastic/kibana,elastic,reviewed,15.0,4.0,True,JavaScript
CommitEvent,2023-05-09,david_martinez,apache/beam,apache,commented,13.0,2.0,True,JavaScript
CommitEvent,2023-04-30,tom_nelson,netflix/zuul,netflix,approved,5.0,18.0,True,C++
CommitEvent,2023-04-21,dan_murphy,netflix/archaius,netflix,closed,4.0,22.0,True,Go
PullRequestEvent,2023-08-15,john_taylor,netflix/hystrix,netflix,closed,7.0,31.0,True,Rust
CreateEvent,2023-09-01,nina_patel,google/go,google,approved,,,False,Go
CommitEvent,2023-02-08,nina_patel,netflix/archaius,netflix,approved,15.0,12.0,True,Go
CreateEvent,2023-10-07,emma_garcia,facebook/react,facebook,approved,,,True,Go
MergeEvent,2023-06-24,maria_rodriguez,google/tensorflow,google,merged,,,True,Rust
IssuesEvent,2023-04-04,james_smith,netflix/zuul,netflix,opened,,,True,Java
PullRequestEvent,2023-04-05,sarah_chen,apache/flink,apache,closed,19.0,73.0,True,C++
IssuesEvent,2023-07-15,rachel_kim,hashicorp/terraform,hashicorp,created,,,True,JavaScript
PullRequestEvent,2023-06-24,olivia_zhang,airbnb/javascript,airbnb,opened,34.0,44.0,False,TypeScript
PushEvent,2023-09-01,rachel_kim,elastic/elasticsearch,elastic,merged,8.0,6.0,False,C++
PullRequestEvent,2023-09-01,james_smith,apache/kafka,apache,closed,3.0,34.0,True,TypeScript
CreateEvent,2023-11-23,emma_garcia,microsoft/dotnet,microsoft,closed,,,True,Python
PullRequestEvent,2023-09-28,mike_johnson,netflix/conductor,netflix,reviewed,31.0,58.0,True,Java
IssuesEvent,2023-10-02,john_taylor,google/angular,google,created,,,True,JavaScript
MergeEvent,2023-06-23,olivia_zhang,vercel/turbo,vercel,merged,,,True,JavaScript
PushEvent,2023-04-09,dan_murphy,elastic/elasticsearch,elastic,opened,7.0,8.0,True,Rust
MergeEvent,2023-02-06,rachel_kim,hashicorp/nomad,hashicorp,closed,,,True,Go
CommitEvent,2023-01-12,maria_rodriguez,apache/beam,apache,approved,8.0,25.0,True,Go
IssuesEvent,2023-01-19,robert_brown,uber/jaeger,uber,updated,,,False,Rust
PullRequestEvent,2023-01-02,olivia_zhang,facebook/jest,facebook,created,3.0,93.0,False,Go
CommitEvent,2023-02-07,david_martinez,facebook/react,facebook,updated,14.0,7.0,False,Java
PushEvent,2023-02-06,dan_murphy,hashicorp/vault,hashicorp,opened,9.0,22.0,False,C++
MergeEvent,2023-12-14,tom_nelson,elastic/beats,elastic,commented,,,True,Rust
PushEvent,2023-11-27,john_taylor,microsoft/TypeScript,microsoft,closed,3.0,2.0,True,Go
CommitEvent,2023-01-27,olivia_zhang,uber/pyro,uber,approved,3.0,12.0,True,Rust
MergeEvent,2023-06-27,anna_wilson,netflix/ribbon,netflix,merged,,,True,Java
IssuesEvent,2023-12-08,sophie_duval,uber/jaeger,uber,created,,,True,Python
CreateEvent,2023-07-09,nina_patel,facebook/react-native,facebook,approved,,,True,Java
CreateEvent,2023-11-18,dan_murphy,apache/airflow,apache,reviewed,,,True,Go
CommitEvent,2023-06-03,alex_kumar,hashicorp/packer,hashicorp,created,4.0,23.0,True,Python
IssuesEvent,2023-11-26,james_smith,uber/jaeger,uber,updated,,,True,TypeScript
CommitEvent,2023-01-25,dan_murphy,hashicorp/terraform,hashicorp,updated,2.0,16.0,True,C++
PullRequestEvent,2023-05-21,nina_patel,airbnb/enzyme,airbnb,reviewed,4.0,74.0,False,Java
PullRequestEvent,2023-01-06,emma_garcia,google/kubernetes,google,reviewed,25.0,8.0,True,Python
PullRequestEvent,2023-06-04,sophie_duval,apache/cassandra,apache,created,37.0,18.0,True,Java
CommitEvent,2023-01-05,david_martinez,apache/beam,apache,closed,14.0,16.0,True,Rust
IssuesEvent,2023-04-28,tom_nelson,facebook/react-native,facebook,created,,,True,TypeScript
PullRequestEvent,2023-04-13,lisa_anderson,netflix/conductor,netflix,merged,13.0,69.0,True,JavaScript
IssuesEvent,2023-01-12,robert_brown,hashicorp/vault,hashicorp,created,,,True,Java
IssuesEvent,2023-02-04,james_smith,google/kubernetes,google,approved,,,False,TypeScript
CreateEvent,2023-03-10,alex_kumar,uber/pyro,uber,updated,,,False,Java
PullRequestEvent,2023-08-05,david_martinez,netflix/archaius,netflix,commented,42.0,13.0,True,Rust
IssuesEvent,2023-04-12,tom_nelson,microsoft/TypeScript,microsoft,closed,,,True,Rust
CreateEvent,2023-02-21,lisa_anderson,microsoft/playwright,microsoft,created,,,True,Go
PullRequestEvent,2023-04-24,mike_johnson,netflix/conductor,netflix,commented,21.0,7.0,True,Go
CommitEvent,2023-01-27,sophie_duval,hashicorp/vault,hashicorp,closed,1.0,11.0,True,Rust
MergeEvent,2023-04-30,alex_kumar,vercel/micro,vercel,created,,,True,JavaScript
CreateEvent,2023-09-15,robert_brown,facebook/yoga,facebook,created,,,True,Python
CommitEvent,2023-04-16,maria_rodriguez,google/kubernetes,google,opened,13.0,16.0,True,JavaScript
PullRequestEvent,2023-06-15,rachel_kim,facebook/relay,facebook,commented,15.0,32.0,True,JavaScript
CreateEvent,2023-09-14,olivia_zhang,vercel/swr,vercel,closed,,,False,JavaScript
MergeEvent,2023-10-21,olivia_zhang,apache/flink,apache,created,,,True,Java
IssuesEvent,2023-08-16,lisa_anderson,airbnb/enzyme,airbnb,opened,,,False,Java
IssuesEvent,2023-01-08,anna_wilson,hashicorp/vagrant,hashicorp,reviewed,,,True,TypeScript
MergeEvent,2023-08-31,maria_rodriguez,microsoft/playwright,microsoft,reviewed,,,True,TypeScript
CreateEvent,2023-01-24,maria_rodriguez,elastic/beats,elastic,merged,,,True,Go
PushEvent,2023-12-07,tom_nelson,microsoft/playwright,microsoft,approved,8.0,10.0,True,Python
CommitEvent,2023-08-13,alex_kumar,netflix/conductor,netflix,merged,15.0,19.0,True,JavaScript
IssuesEvent,2023-12-05,james_smith,netflix/eureka,netflix,merged,,,True,Python
CommitEvent,2023-02-04,tom_nelson,apache/kafka,apache,approved,9.0,11.0,False,Java
CreateEvent,2023-07-07,nina_patel,microsoft/playwright,microsoft,created,,,True,Go
CommitEvent,2023-07-31,david_martinez,facebook/yoga,facebook,merged,4.0,4.0,True,C++
PullRequestEvent,2023-07-26,tom_nelson,facebook/jest,facebook,opened,37.0,40.0,True,TypeScript
PullRequestEvent,2023-10-28,dan_murphy,google/tensorflow,google,commented,42.0,49.0,True,C++
PushEvent,2023-03-26,james_smith,netflix/eureka,netflix,reviewed,4.0,22.0,False,Go
MergeEvent,2023-07-08,nina_patel,microsoft/PowerToys,microsoft,merged,,,True,C++
PullRequestEvent,2023-06-26,nina_patel,apache/spark,apache,closed,10.0,72.0,False,Python
CreateEvent,2023-09-18,olivia_zhang,netflix/zuul,netflix,commented,,,False,Rust
PushEvent,2023-05-25,mike_johnson,uber/cadence,uber,opened,3.0,22.0,True,JavaScript
IssuesEvent,2023-01-29,lisa_anderson,facebook/docusaurus,facebook,approved,,,False,Java
PullRequestEvent,2023-10-30,mark_davis,facebook/react-native,facebook,opened,26.0,46.0,True,Go
PushEvent,2023-06-13,david_martinez,hashicorp/nomad,hashicorp,closed,5.0,6.0,True,Java
IssuesEvent,2023-01-16,alex_kumar,netflix/hystrix,netflix,approved,,,False,Rust
MergeEvent,2023-08-25,jen_liu,google/kubernetes,google,created,,,True,Python
PullRequestEvent,2023-02-09,sarah_chen,netflix/zuul,netflix,commented,32.0,47.0,True,TypeScript
PullRequestEvent,2023-12-21,jen_liu,google/kubernetes,google,commented,16.0,26.0,True,TypeScript
CommitEvent,2023-08-03,robert_brown,uber/cadence,uber,reviewed,6.0,25.0,True,TypeScript
PullRequestEvent,2023-02-09,alex_kumar,airbnb/visx,airbnb,updated,7.0,33.0,True,Go
PullRequestEvent,2023-06-19,chris_lee,apache/cassandra,apache,approved,29.0,2.0,True,JavaScript
PullRequestEvent,2023-03-04,sarah_chen,airbnb/javascript,airbnb,approved,48.0,7.0,True,Go
PullRequestEvent,2023-05-28,tom_nelson,netflix/zuul,netflix,updated,2.0,80.0,True,TypeScript
CommitEvent,2023-06-26,jen_liu,hashicorp/vagrant,hashicorp,merged,15.0,8.0,True,TypeScript
PushEvent,2023-02-22,tom_nelson,facebook/jest,facebook,opened,12.0,14.0,True,Java
PushEvent,2023-10-21,sophie_duval,netflix/zuul,netflix,closed,3.0,13.0,True,Go
PullRequestEvent,2023-08-10,jen_liu,netflix/eureka,netflix,created,7.0,89.0,False,C++
MergeEvent,2023-08-20,nina_patel,google/flutter,google,approved,,,True,Go
PullRequestEvent,2023-11-12,lisa_anderson,microsoft/terminal,microsoft,commented,10.0,99.0,True,C++
PushEvent,2023-06-24,mike_johnson,apache/airflow,apache,updated,6.0,12.0,True,Java
IssuesEvent,2023-02-09,mark_davis,apache/cassandra,apache,reviewed,,,True,JavaScript
MergeEvent,2023-09-13,jen_liu,vercel/swr,vercel,commented,,,True,Go
CommitEvent,2023-12-07,mike_johnson,google/tensorflow,google,approved,11.0,8.0,False,TypeScript
CommitEvent,2023-10-13,chris_lee,netflix/zuul,netflix,updated,8.0,10.0,False,Go
PullRequestEvent,2023-05-30,maria_rodriguez,elastic/beats,elastic,reviewed,30.0,6.0,True,TypeScript
PullRequestEvent,2023-09-25,jen_liu,facebook/react-native,facebook,reviewed,1.0,91.0,False,JavaScript
CommitEvent,2023-06-09,jen_liu,microsoft/PowerToys,microsoft,merged,5.0,19.0,True,Go
PushEvent,2023-04-21,sophie_duval,microsoft/playwright,microsoft,updated,6.0,18.0,False,Go
MergeEvent,2023-11-02,lisa_anderson,microsoft/vscode,microsoft,merged,,,True,Rust
PullRequestEvent,2023-04-19,jen_liu,airbnb/visx,airbnb,approved,4.0,17.0,True,Python
PushEvent,2023-08-15,sophie_duval,airbnb/enzyme,airbnb,reviewed,10.0,21.0,True,Java
CreateEvent,2023-07-15,tom_nelson,airbnb/visx,airbnb,updated,,,True,Rust
IssuesEvent,2023-05-19,alex_kumar,elastic/elasticsearch,elastic,commented,,,True,Rust
PullRequestEvent,2023-04-17,david_martinez,google/kubernetes,google,updated,23.0,80.0,True,JavaScript
MergeEvent,2023-11-05,john_taylor,hashicorp/vault,hashicorp,reviewed,,,True,JavaScript
CreateEvent,2023-06-14,chris_lee,airbnb/javascript,airbnb,merged,,,True,TypeScript
PushEvent,2023-09-24,emma_garcia,hashicorp/consul,hashicorp,opened,7.0,12.0,True,Java
CreateEvent,2023-07-11,robert_brown,hashicorp/vagrant,hashicorp,merged,,,True,Java
MergeEvent,2023-10-31,maria_rodriguez,netflix/conductor,netflix,created,,,False,Java
CommitEvent,2023-10-06,jen_liu,microsoft/dotnet,microsoft,created,2.0,25.0,True,Rust
CommitEvent,2023-05-02,olivia_zhang,hashicorp/terraform,hashicorp,created,15.0,13.0,True,Java
CreateEvent,2023-11-22,john_taylor,google/kubernetes,google,created,,,True,Java
CreateEvent,2023-09-15,sophie_duval,facebook/relay,facebook,merged,,,True,Java
CommitEvent,2023-11-18,olivia_zhang,google/flutter,google,closed,9.0,22.0,True,Python
PullRequestEvent,2023-07-21,mark_davis,airbnb/mavericks,airbnb,updated,4.0,89.0,True,C++
PullRequestEvent,2023-08-21,anna_wilson,microsoft/vscode,microsoft,closed,19.0,60.0,True,JavaScript
CreateEvent,2023-06-26,robert_brown,uber/cadence,uber,updated,,,True,TypeScript
PushEvent,2023-08-24,john_taylor,elastic/logstash,elastic,commented,6.0,18.0,True,Rust
MergeEvent,2023-11-18,anna_wilson,microsoft/vscode,microsoft,approved,,,True,Python
MergeEvent,2023-05-01,olivia_zhang,vercel/hyper,vercel,merged,,,True,Rust
CreateEvent,2023-10-10,nina_patel,google/go,google,created,,,True,Go
MergeEvent,2023-11-12,alex_kumar,uber/jaeger,uber,reviewed,,,True,C++
PushEvent,2023-04-12,olivia_zhang,vercel/hyper,vercel,created,8.0,14.0,False,Rust
CreateEvent,2023-02-21,rachel_kim,elastic/elasticsearch,elastic,opened,,,True,C++
IssuesEvent,2023-06-19,nina_patel,microsoft/PowerToys,microsoft,updated,,,True,Rust
PushEvent,2023-12-15,david_martinez,airbnb/visx,airbnb,updated,12.0,7.0,False,Rust
MergeEvent,2023-10-04,mark_davis,elastic/apm-server,elastic,approved,,,True,Java
PullRequestEvent,2023-04-04,maria_rodriguez,airbnb/lottie,airbnb,created,16.0,64.0,False,JavaScript
IssuesEvent,2023-05-13,alex_kumar,vercel/turbo,vercel,closed,,,True,Go
PushEvent,2023-03-07,robert_brown,facebook/jest,facebook,updated,2.0,22.0,True,Python
PushEvent,2023-06-09,rachel_kim,netflix/hystrix,netflix,opened,1.0,12.0,False,C++
IssuesEvent,2023-12-03,rachel_kim,microsoft/playwright,microsoft,approved,,,True,Rust
CommitEvent,2023-11-11,mark_davis,google/go,google,created,15.0,25.0,True,TypeScript
MergeEvent,2023-09-03,sarah_chen,netflix/hystrix,netflix,commented,,,True,Rust
PullRequestEvent,2023-10-23,olivia_zhang,facebook/react,facebook,commented,33.0,40.0,True,Java
PushEvent,2023-12-02,emma_garcia,uber/react-map-gl,uber,closed,10.0,12.0,False,Go
CreateEvent,2023-12-28,rachel_kim,airbnb/visx,airbnb,approved,,,True,JavaScript
MergeEvent,2023-06-10,robert_brown,vercel/swr,vercel,closed,,,True,Rust
MergeEvent,2023-09-18,sophie_duval,netflix/eureka,netflix,approved,,,False,Python
MergeEvent,2023-06-03,anna_wilson,google/kubernetes,google,merged,,,True,Go
CreateEvent,2023-02-26,robert_brown,microsoft/terminal,microsoft,opened,,,True,C++
MergeEvent,2023-04-07,olivia_zhang,netflix/conductor,netflix,opened,,,False,TypeScript
CommitEvent,2023-08-31,nina_patel,uber/pyro,uber,closed,11.0,24.0,False,C++
CommitEvent,2023-12-27,john_taylor,hashicorp/packer,hashicorp,merged,11.0,24.0,False,C++
IssuesEvent,2023-04-12,olivia_zhang,facebook/yoga,facebook,opened,,,False,Go
MergeEvent,2023-05-28,tom_nelson,microsoft/dotnet,microsoft,approved,,,True,Java
IssuesEvent,2023-12-30,james_smith,google/flutter,google,closed,,,True,Python
MergeEvent,2023-12-18,david_martinez,vercel/micro,vercel,created,,,True,C++
IssuesEvent,2023-01-09,emma_garcia,elastic/kibana,elastic,updated,,,True,JavaScript
PullRequestEvent,2023-09-30,lisa_anderson,google/tensorflow,google,opened,23.0,50.0,False,Go
PushEvent,2023-03-20,dan_murphy,elastic/apm-server,elastic,closed,9.0,25.0,True,TypeScript
IssuesEvent,2023-06-04,maria_rodriguez,uber/pyro,uber,reviewed,,,False,C++
IssuesEvent,2023-10-14,sophie_duval,google/chromium,google,merged,,,True,C++
PushEvent,2023-06-17,olivia_zhang,vercel/micro,vercel,opened,4.0,8.0,False,C++
PushEvent,2023-11-19,james_smith,elastic/logstash,elastic,created,15.0,8.0,True,Java
IssuesEvent,2023-12-01,anna_wilson,vercel/turbo,vercel,closed,,,True,Go
PushEvent,2023-10-29,jen_liu,apache/kafka,apache,merged,8.0,16.0,True,JavaScript
MergeEvent,2023-01-04,rachel_kim,microsoft/playwright,microsoft,closed,,,True,Python
IssuesEvent,2023-06-29,david_martinez,hashicorp/nomad,hashicorp,closed,,,False,Rust
PullRequestEvent,2023-06-11,sophie_duval,netflix/archaius,netflix,merged,23.0,64.0,True,Go
CreateEvent,2023-07-05,james_smith,facebook/react-native,facebook,created,,,True,C++
IssuesEvent,2023-07-19,anna_wilson,vercel/pkg,vercel,reviewed,,,True,C++
PullRequestEvent,2023-03-13,lisa_anderson,vercel/micro,vercel,commented,34.0,18.0,True,Java
PullRequestEvent,2023-06-05,dan_murphy,airbnb/visx,airbnb,merged,42.0,80.0,True,Java
CreateEvent,2023-11-03,mark_davis,google/angular,google,reviewed,,,True,JavaScript
PullRequestEvent,2023-05-18,john_taylor,facebook/yoga,facebook,opened,11.0,32.0,True,C++
CommitEvent,2023-03-24,alex_kumar,elastic/apm-server,elastic,merged,13.0,3.0,True,Java
PullRequestEvent,2023-03-14,robert_brown,elastic/logstash,elastic,merged,50.0,7.0,False,Rust
IssuesEvent,2023-09-21,david_martinez,elastic/logstash,elastic,closed,,,True,Python
CreateEvent,2023-05-23,maria_rodriguez,elastic/elasticsearch,elastic,closed,,,True,C++
IssuesEvent,2023-08-10,jen_liu,facebook/react,facebook,opened,,,False,C++
CreateEvent,2023-06-16,mike_johnson,facebook/relay,facebook,merged,,,True,Rust
PullRequestEvent,2023-10-23,robert_brown,elastic/apm-server,elastic,commented,46.0,30.0,True,Rust
CommitEvent,2023-03-29,chris_lee,microsoft/PowerToys,microsoft,closed,6.0,7.0,True,Python
MergeEvent,2023-12-16,dan_murphy,hashicorp/terraform,hashicorp,created,,,True,C++
MergeEvent,2023-09-29,chris_lee,airbnb/enzyme,airbnb,approved,,,True,JavaScript
IssuesEvent,2023-08-02,alex_kumar,uber/react-map-gl,uber,commented,,,True,Rust
CommitEvent,2023-02-09,david_martinez,apache/kafka,apache,closed,9.0,22.0,True,Python
IssuesEvent,2023-03-01,john_taylor,uber/react-map-gl,uber,closed,,,False,C++
PushEvent,2023-09-27,david_martinez,hashicorp/vault,hashicorp,reviewed,15.0,4.0,True,TypeScript
CommitEvent,2023-01-27,chris_lee,microsoft/TypeScript,microsoft,created,8.0,19.0,True,Java
MergeEvent,2023-05-04,alex_kumar,facebook/react,facebook,reviewed,,,True,Go
CreateEvent,2023-03-06,tom_nelson,airbnb/javascript,airbnb,reviewed,,,True,Go
PushEvent,2023-05-24,mike_johnson,facebook/jest,facebook,approved,5.0,23.0,False,Python
PushEvent,2023-12-14,chris_lee,hashicorp/terraform,hashicorp,merged,14.0,21.0,True,Go
MergeEvent,2023-02-13,rachel_kim,netflix/ribbon,netflix,created,,,False,JavaScript
CommitEvent,2023-04-06,olivia_zhang,apache/spark,apache,merged,2.0,2.0,True,TypeScript
PullRequestEvent,2023-04-27,alex_kumar,microsoft/TypeScript,microsoft,opened,28.0,71.0,True,Rust
PushEvent,2023-02-22,jen_liu,facebook/jest,facebook,approved,4.0,7.0,True,Go
CommitEvent,2023-10-15,olivia_zhang,facebook/relay,facebook,updated,3.0,7.0,True,Java
PushEvent,2023-01-02,robert_brown,hashicorp/nomad,hashicorp,opened,13.0,25.0,True,TypeScript
PushEvent,2023-06-10,dan_murphy,uber/kraken,uber,commented,6.0,1.0,True,Python
IssuesEvent,2023-06-09,mark_davis,netflix/eureka,netflix,closed,,,False,Python
IssuesEvent,2023-08-04,alex_kumar,microsoft/PowerToys,microsoft,created,,,True,JavaScript
CommitEvent,2023-02-05,chris_lee,elastic/beats,elastic,updated,15.0,19.0,True,JavaScript
PullRequestEvent,2023-02-06,sophie_duval,uber/jaeger,uber,commented,6.0,8.0,True,JavaScript
CommitEvent,2023-10-18,david_martinez,facebook/jest,facebook,opened,14.0,8.0,True,Python
PushEvent,2023-04-08,james_smith,facebook/react-native,facebook,updated,14.0,9.0,True,Go
PushEvent,2023-05-31,dan_murphy,airbnb/visx,airbnb,closed,14.0,25.0,False,JavaScript
CreateEvent,2023-10-31,lisa_anderson,uber/jaeger,uber,created,,,True,Go
IssuesEvent,2023-01-01,jen_liu,microsoft/playwright,microsoft,reviewed,,,True,Python
MergeEvent,2023-06-03,dan_murphy,apache/beam,apache,reviewed,,,True,JavaScript
IssuesEvent,2023-09-19,mark_davis,apache/cassandra,apache,merged,,,True,Go
PullRequestEvent,2023-06-28,maria_rodriguez,uber/react-map-gl,uber,created,3.0,67.0,True,JavaScript
PushEvent,2023-09-11,mike_johnson,airbnb/enzyme,airbnb,merged,5.0,6.0,True,TypeScript
CreateEvent,2023-10-27,chris_lee,netflix/ribbon,netflix,commented,,,True,Python
CreateEvent,2023-12-15,maria_rodriguez,microsoft/vscode,microsoft,opened,,,False,TypeScript
CommitEvent,2023-06-09,alex_kumar,airbnb/javascript,airbnb,reviewed,7.0,19.0,True,C++
IssuesEvent,2023-10-22,mark_davis,facebook/yoga,facebook,commented,,,True,C++
MergeEvent,2023-06-12,jen_liu,airbnb/enzyme,airbnb,merged,,,False,TypeScript
PullRequestEvent,2023-06-13,sophie_duval,apache/airflow,apache,opened,17.0,96.0,True,TypeScript
CommitEvent,2023-01-28,james_smith,google/tensorflow,google,updated,10.0,24.0,True,JavaScript
CreateEvent,2023-12-13,david_martinez,hashicorp/vagrant,hashicorp,approved,,,True,JavaScript
IssuesEvent,2023-07-03,dan_murphy,hashicorp/vault,hashicorp,created,,,True,Rust
CommitEvent,2023-10-13,dan_murphy,airbnb/lottie,airbnb,reviewed,9.0,3.0,True,TypeScript
CommitEvent,2023-11-09,maria_rodriguez,elastic/logstash,elastic,reviewed,15.0,16.0,False,Rust
PushEvent,2023-08-27,alex_kumar,apache/kafka,apache,commented,3.0,1.0,False,Go
CreateEvent,2023-05-12,nina_patel,microsoft/terminal,microsoft,opened,,,False,Python
PushEvent,2023-08-11,anna_wilson,netflix/zuul,netflix,commented,10.0,24.0,False,C++
IssuesEvent,2023-05-03,sophie_duval,facebook/yoga,facebook,merged,,,True,Go
MergeEvent,2023-08-28,mike_johnson,vercel/pkg,vercel,updated,,,True,Rust
CommitEvent,2023-03-04,dan_murphy,uber/pyro,uber,approved,1.0,9.0,True,JavaScript
IssuesEvent,2023-02-09,anna_wilson,microsoft/TypeScript,microsoft,reviewed,,,True,Python
MergeEvent,2023-08-24,nina_patel,facebook/relay,facebook,approved,,,False,Java
IssuesEvent,2023-01-05,john_taylor,vercel/next.js,vercel,reviewed,,,True,C++
PushEvent,2023-03-14,robert_brown,microsoft/terminal,microsoft,closed,11.0,2.0,True,Rust
CreateEvent,2023-06-04,emma_garcia,vercel/micro,vercel,commented,,,True,Rust
CommitEvent,2023-10-30,lisa_anderson,google/go,google,reviewed,3.0,3.0,True,C++
PushEvent,2023-09-13,anna_wilson,elastic/elasticsearch,elastic,reviewed,3.0,11.0,True,TypeScript
PushEvent,2023-03-10,emma_garcia,airbnb/javascript,airbnb,reviewed,1.0,20.0,True,Java
IssuesEvent,2023-12-30,david_martinez,elastic/logstash,elastic,updated,,,False,Go
IssuesEvent,2023-04-20,sophie_duval,hashicorp/vault,hashicorp,closed,,,True,Go
PullRequestEvent,2023-01-18,chris_lee,facebook/docusaurus,facebook,approved,17.0,10.0,False,TypeScript
PushEvent,2023-06-03,olivia_zhang,facebook/react-native,facebook,updated,7.0,7.0,True,Rust
PushEvent,2023-10-05,mark_davis,vercel/pkg,vercel,approved,13.0,1.0,True,Go
IssuesEvent,2023-12-16,robert_brown,hashicorp/vagrant,hashicorp,approved,,,True,Rust
PullRequestEvent,2023-05-15,sarah_chen,hashicorp/vagrant,hashicorp,reviewed,9.0,74.0,True,TypeScript
CreateEvent,2023-10-23,sarah_chen,hashicorp/consul,hashicorp,closed,,,True,Java
CreateEvent,2023-08-26,anna_wilson,elastic/apm-server,elastic,opened,,,True,Rust
CommitEvent,2023-09-02,rachel_kim,google/tensorflow,google,commented,13.0,14.0,True,C++
CreateEvent,2023-07-27,olivia_zhang,airbnb/visx,airbnb,merged,,,True,Go
CreateEvent,2023-01-19,mike_johnson,google/angular,google,approved,,,False,Python
PushEvent,2023-07-08,chris_lee,uber/jaeger,uber,opened,15.0,23.0,True,Go
PushEvent,2023-08-26,anna_wilson,vercel/swr,vercel,updated,11.0,21.0,True,TypeScript
MergeEvent,2023-12-05,mark_davis,facebook/docusaurus,facebook,created,,,True,Rust
MergeEvent,2023-05-10,lisa_anderson,netflix/ribbon,netflix,created,,,True,Rust
CommitEvent,2023-10-12,alex_kumar,airbnb/mavericks,airbnb,updated,13.0,21.0,True,JavaScript
MergeEvent,2023-11-04,mike_johnson,microsoft/dotnet,microsoft,created,,,False,Go
PullRequestEvent,2023-11-23,jen_liu,apache/airflow,apache,created,33.0,38.0,False,Python
IssuesEvent,2023-09-10,dan_murphy,apache/cassandra,apache,created,,,False,JavaScript
PullRequestEvent,2023-01-29,john_taylor,facebook/react,facebook,merged,26.0,34.0,False,JavaScript
CreateEvent,2023-08-16,robert_brown,google/kubernetes,google,updated,,,True,C++
CommitEvent,2023-10-24,emma_garcia,airbnb/javascript,airbnb,updated,6.0,1.0,True,TypeScript
CommitEvent,2023-01-31,olivia_zhang,airbnb/javascript,airbnb,commented,14.0,25.0,True,JavaScript
CommitEvent,2023-05-22,sarah_chen,facebook/yoga,facebook,updated,15.0,4.0,True,Go
PullRequestEvent,2023-04-01,sarah_chen,apache/cassandra,apache,merged,2.0,57.0,True,Java
PullRequestEvent,2023-11-29,olivia_zhang,microsoft/PowerToys,microsoft,opened,12.0,16.0,False,JavaScript
PullRequestEvent,2023-05-23,mike_johnson,apache/airflow,apache,created,45.0,71.0,True,Go
CreateEvent,2023-02-02,sophie_duval,netflix/zuul,netflix,closed,,,True,TypeScript
MergeEvent,2023-10-06,robert_brown,facebook/react-native,facebook,merged,,,True,TypeScript
PullRequestEvent,2023-09-30,jen_liu,facebook/react,facebook,updated,32.0,11.0,True,JavaScript
PullRequestEvent,2023-05-30,sophie_duval,elastic/logstash,elastic,commented,16.0,21.0,True,JavaScript
PushEvent,2023-01-17,sarah_chen,uber/pyro,uber,created,8.0,7.0,False,TypeScript
MergeEvent,2023-06-20,jen_liu,airbnb/enzyme,airbnb,opened,,,True,Go
MergeEvent,2023-11-27,mark_davis,apache/airflow,apache,opened,,,False,Java
CommitEvent,2023-09-02,robert_brown,hashicorp/terraform,hashicorp,reviewed,8.0,23.0,True,C++
IssuesEvent,2023-02-06,alex_kumar,netflix/archaius,netflix,created,,,False,Rust
CommitEvent,2023-07-23,james_smith,apache/spark,apache,approved,6.0,6.0,True,JavaScript
PushEvent,2023-06-23,anna_wilson,uber/cadence,uber,merged,11.0,15.0,False,TypeScript
CreateEvent,2023-10-30,olivia_zhang,airbnb/lottie,airbnb,opened,,,True,Go
CreateEvent,2023-08-16,tom_nelson,airbnb/enzyme,airbnb,opened,,,True,Java
IssuesEvent,2023-02-24,chris_lee,uber/jaeger,uber,commented,,,False,C++
CreateEvent,2023-08-15,tom_nelson,apache/airflow,apache,commented,,,False,Rust
PullRequestEvent,2023-06-21,sophie_duval,uber/jaeger,uber,approved,38.0,33.0,False,Java
MergeEvent,2023-04-10,jen_liu,facebook/relay,facebook,created,,,True,Go
CommitEvent,2023-09-11,sarah_chen,microsoft/TypeScript,microsoft,opened,1.0,2.0,True,JavaScript
IssuesEvent,2023-04-08,john_taylor,airbnb/visx,airbnb,closed,,,False,Python
PullRequestEvent,2023-11-11,sophie_duval,apache/flink,apache,opened,48.0,88.0,True,C++
IssuesEvent,2023-07-18,mark_davis,elastic/beats,elastic,closed,,,True,Go
PullRequestEvent,2023-11-11,robert_brown,facebook/react-native,facebook,commented,24.0,90.0,False,TypeScript
MergeEvent,2023-09-14,emma_garcia,vercel/swr,vercel,reviewed,,,True,Python
IssuesEvent,2023-06-19,chris_lee,netflix/ribbon,netflix,opened,,,True,Go
CommitEvent,2023-05-11,robert_brown,google/tensorflow,google,opened,7.0,9.0,True,Rust
IssuesEvent,2023-05-04,lisa_anderson,microsoft/playwright,microsoft,reviewed,,,True,Rust
PushEvent,2023-07-06,mike_johnson,elastic/beats,elastic,updated,9.0,5.0,False,Java
PushEvent,2023-09-08,mark_davis,google/tensorflow,google,created,13.0,13.0,True,JavaScript
CreateEvent,2023-01-13,anna_wilson,airbnb/javascript,airbnb,approved,,,True,Java
CreateEvent,2023-12-03,emma_garcia,microsoft/vscode,microsoft,commented,,,True,Rust
CreateEvent,2023-07-21,john_taylor,facebook/docusaurus,facebook,updated,,,True,C++
IssuesEvent,2023-10-27,mike_johnson,google/angular,google,approved,,,False,Python
CommitEvent,2023-11-22,lisa_anderson,netflix/conductor,netflix,updated,13.0,15.0,True,Go
PushEvent,2023-04-11,robert_brown,microsoft/dotnet,microsoft,merged,3.0,6.0,True,Go
CommitEvent,2023-10-21,tom_nelson,apache/airflow,apache,updated,7.0,15.0,True,JavaScript
CreateEvent,2023-12-23,tom_nelson,apache/spark,apache,updated,,,False,Go
CommitEvent,2023-12-03,james_smith,apache/spark,apache,approved,1.0,16.0,True,TypeScript
MergeEvent,2023-02-05,mark_davis,facebook/docusaurus,facebook,reviewed,,,True,Go
CommitEvent,2023-10-10,david_martinez,elastic/kibana,elastic,commented,11.0,3.0,True,Python
MergeEvent,2023-01-20,robert_brown,elastic/kibana,elastic,commented,,,False,C++
CreateEvent,2023-02-26,emma_garcia,elastic/kibana,elastic,merged,,,True,Java
PullRequestEvent,2023-06-13,robert_brown,uber/react-map-gl,uber,commented,38.0,19.0,False,C++
CommitEvent,2023-05-30,maria_rodriguez,apache/kafka,apache,commented,13.0,18.0,True,JavaScript
PullRequestEvent,2023-10-04,nina_patel,microsoft/PowerToys,microsoft,closed,16.0,79.0,False,Python
CommitEvent,2023-09-07,emma_garcia,facebook/relay,facebook,created,12.0,23.0,True,Rust
PushEvent,2023-05-15,sarah_chen,google/kubernetes,google,merged,9.0,12.0,True,Rust
PullRequestEvent,2023-05-29,emma_garcia,netflix/eureka,netflix,updated,31.0,100.0,False,Go
MergeEvent,2023-06-14,rachel_kim,vercel/micro,vercel,merged,,,True,Java
MergeEvent,2023-09-28,lisa_anderson,uber/pyro,uber,opened,,,False,Python
CreateEvent,2023-08-10,mark_davis,google/tensorflow,google,opened,,,True,Go
CommitEvent,2023-07-19,emma_garcia,netflix/conductor,netflix,opened,6.0,2.0,True,Java
PullRequestEvent,2023-02-11,mike_johnson,apache/kafka,apache,created,45.0,28.0,True,TypeScript
PullRequestEvent,2023-12-07,mark_davis,google/flutter,google,created,10.0,92.0,True,Rust
CreateEvent,2023-04-05,rachel_kim,uber/cadence,uber,created,,,False,JavaScript
PushEvent,2023-02-04,sarah_chen,airbnb/mavericks,airbnb,merged,3.0,14.0,True,C++
MergeEvent,2023-01-01,emma_garcia,airbnb/visx,airbnb,closed,,,True,TypeScript
PullRequestEvent,2023-07-15,olivia_zhang,netflix/ribbon,netflix,approved,38.0,97.0,True,JavaScript
CommitEvent,2023-05-13,dan_murphy,airbnb/visx,airbnb,merged,9.0,19.0,True,Python
PullRequestEvent,2023-01-03,alex_kumar,facebook/react,facebook,reviewed,10.0,45.0,False,TypeScript
CreateEvent,2023-12-01,john_taylor,vercel/micro,vercel,commented,,,False,JavaScript
CreateEvent,2023-05-30,anna_wilson,elastic/logstash,elastic,reviewed,,,True,Rust
PushEvent,2023-01-09,mark_davis,apache/kafka,apache,commented,7.0,14.0,True,Go
CommitEvent,2023-02-23,dan_murphy,uber/jaeger,uber,closed,9.0,17.0,True,Java
MergeEvent,2023-02-02,dan_murphy,netflix/zuul,netflix,merged,,,True,Go
CreateEvent,2023-03-19,sarah_chen,microsoft/PowerToys,microsoft,merged,,,False,C++
PushEvent,2023-12-07,david_martinez,facebook/relay,facebook,updated,4.0,3.0,True,C++
PushEvent,2023-01-25,sophie_duval,apache/cassandra,apache,closed,11.0,12.0,True,Go
MergeEvent,2023-10-02,olivia_zhang,hashicorp/nomad,hashicorp,created,,,True,Python
PullRequestEvent,2023-01-30,sophie_duval,netflix/eureka,netflix,approved,46.0,8.0,True,Java
IssuesEvent,2023-07-20,robert_brown,apache/spark,apache,opened,,,True,Java
PullRequestEvent,2023-07-24,david_martinez,google/go,google,commented,50.0,74.0,True,Java
PushEvent,2023-07-12,robert_brown,airbnb/enzyme,airbnb,commented,4.0,4.0,False,Rust
PushEvent,2023-03-10,olivia_zhang,vercel/pkg,vercel,merged,2.0,12.0,True,Rust
PullRequestEvent,2023-10-31,dan_murphy,elastic/elasticsearch,elastic,merged,2.0,50.0,False,TypeScript
CommitEvent,2023-02-11,mark_davis,uber/kraken,uber,closed,15.0,4.0,True,C++
CommitEvent,2023-07-26,james_smith,uber/react-map-gl,uber,created,9.0,8.0,True,Go
PushEvent,2023-08-11,sarah_chen,microsoft/TypeScript,microsoft,approved,14.0,9.0,True,Go
CreateEvent,2023-01-25,lisa_anderson,microsoft/vscode,microsoft,updated,,,True,JavaScript
PullRequestEvent,2023-06-12,dan_murphy,hashicorp/consul,hashicorp,merged,43.0,48.0,False,C++
CommitEvent,2023-04-21,dan_murphy,hashicorp/packer,hashicorp,updated,13.0,16.0,False,Go
CommitEvent,2023-02-23,tom_nelson,airbnb/mavericks,airbnb,commented,4.0,25.0,True,JavaScript
IssuesEvent,2023-05-11,lisa_anderson,microsoft/PowerToys,microsoft,merged,,,True,Rust
IssuesEvent,2023-07-20,rachel_kim,airbnb/mavericks,airbnb,closed,,,True,JavaScript
MergeEvent,2023-05-16,john_taylor,hashicorp/nomad,hashicorp,updated,,,False,C++
PullRequestEvent,2023-01-18,dan_murphy,elastic/apm-server,elastic,approved,43.0,62.0,True,C++
PullRequestEvent,2023-07-12,jen_liu,elastic/kibana,elastic,approved,28.0,25.0,True,Java
MergeEvent,2023-02-08,lisa_anderson,facebook/react-native,facebook,closed,,,True,Rust
PushEvent,2023-10-03,alex_kumar,google/tensorflow,google,updated,8.0,20.0,False,Go
MergeEvent,2023-09-23,john_taylor,uber/kraken,uber,opened,,,True,Java
MergeEvent,2023-12-11,emma_garcia,elastic/logstash,elastic,reviewed,,,True,Java
CommitEvent,2023-02-24,lisa_anderson,elastic/elasticsearch,elastic,created,15.0,2.0,True,TypeScript
PullRequestEvent,2023-04-30,anna_wilson,elastic/apm-server,elastic,reviewed,21.0,97.0,True,Go
PullRequestEvent,2023-04-15,dan_murphy,elastic/apm-server,elastic,closed,14.0,62.0,True,Python
CreateEvent,2023-04-03,david_martinez,uber/react-map-gl,uber,created,,,False,Rust
PullRequestEvent,2023-04-22,john_taylor,elastic/elasticsearch,elastic,created,18.0,96.0,False,Go
CreateEvent,2023-10-07,sophie_duval,apache/spark,apache,commented,,,True,TypeScript
PullRequestEvent,2023-12-12,anna_wilson,netflix/eureka,netflix,reviewed,45.0,48.0,True,JavaScript
PushEvent,2023-06-15,mike_johnson,facebook/react-native,facebook,approved,14.0,5.0,True,Python
MergeEvent,2023-03-03,tom_nelson,microsoft/vscode,microsoft,opened,,,False,Rust
IssuesEvent,2023-01-22,james_smith,hashicorp/nomad,hashicorp,merged,,,False,Python
MergeEvent,2023-05-14,tom_nelson,google/go,google,commented,,,True,Java
PushEvent,2023-06-01,chris_lee,google/kubernetes,google,approved,15.0,10.0,True,C++
CommitEvent,2023-06-16,emma_garcia,hashicorp/consul,hashicorp,created,1.0,22.0,True,C++
PushEvent,2023-10-07,anna_wilson,netflix/ribbon,netflix,merged,3.0,13.0,True,JavaScript
IssuesEvent,2023-10-16,jen_liu,apache/flink,apache,merged,,,True,C++
PullRequestEvent,2023-07-04,jen_liu,vercel/pkg,vercel,reviewed,28.0,3.0,True,TypeScript
PushEvent,2023-12-05,mike_johnson,facebook/react-native,facebook,opened,15.0,14.0,True,Rust
PushEvent,2023-03-13,emma_garcia,vercel/pkg,vercel,approved,5.0,17.0,True,Go
CreateEvent,2023-05-16,emma_garcia,hashicorp/consul,hashicorp,reviewed,,,False,C++
PushEvent,2023-05-05,sophie_duval,airbnb/enzyme,airbnb,approved,13.0,6.0,False,C++
PushEvent,2023-02-05,sarah_chen,facebook/yoga,facebook,opened,4.0,3.0,True,Python
PushEvent,2023-06-20,sophie_duval,google/go,google,approved,3.0,4.0,True,Java
CreateEvent,2023-05-14,james_smith,apache/flink,apache,created,,,True,TypeScript
PushEvent,2023-09-15,maria_rodriguez,microsoft/terminal,microsoft,opened,14.0,7.0,True,JavaScript
CreateEvent,2023-02-11,dan_murphy,hashicorp/terraform,hashicorp,commented,,,True,JavaScript
CreateEvent,2023-01-17,tom_nelson,vercel/hyper,vercel,opened,,,True,TypeScript
CommitEvent,2023-07-15,tom_nelson,uber/jaeger,uber,merged,5.0,12.0,True,Java
PullRequestEvent,2023-02-28,mike_johnson,google/chromium,google,commented,12.0,61.0,True,TypeScript
MergeEvent,2023-06-15,anna_wilson,microsoft/vscode,microsoft,opened,,,True,Java
CommitEvent,2023-12-12,sarah_chen,facebook/react-native,facebook,reviewed,15.0,17.0,True,JavaScript
MergeEvent,2023-08-07,nina_patel,vercel/pkg,vercel,commented,,,True,JavaScript
PullRequestEvent,2023-05-28,sarah_chen,uber/react-map-gl,uber,updated,45.0,16.0,True,C++
CommitEvent,2023-10-30,david_martinez,google/go,google,created,3.0,15.0,True,Python
IssuesEvent,2023-05-20,dan_murphy,airbnb/lottie,airbnb,approved,,,False,Rust
CreateEvent,2023-01-07,james_smith,uber/jaeger,uber,created,,,False,Go
IssuesEvent,2023-10-18,sophie_duval,airbnb/javascript,airbnb,merged,,,False,Rust
MergeEvent,2023-03-23,robert_brown,microsoft/vscode,microsoft,reviewed,,,True,Java
MergeEvent,2023-12-02,mark_davis,vercel/swr,vercel,reviewed,,,True,Go
CommitEvent,2023-08-27,dan_murphy,elastic/apm-server,elastic,reviewed,4.0,23.0,True,Go
PullRequestEvent,2023-10-28,jen_liu,microsoft/TypeScript,microsoft,closed,8.0,84.0,False,C++
MergeEvent,2023-07-02,john_taylor,netflix/archaius,netflix,created,,,False,Rust
PushEvent,2023-03-30,robert_brown,microsoft/TypeScript,microsoft,merged,8.0,2.0,True,TypeScript
CreateEvent,2023-02-06,nina_patel,facebook/relay,facebook,merged,,,False,Java
CommitEvent,2023-04-04,tom_nelson,netflix/eureka,netflix,merged,1.0,2.0,False,C++
CommitEvent,2023-01-30,nina_patel,uber/pyro,uber,updated,1.0,10.0,False,Python
PullRequestEvent,2023-08-04,dan_murphy,netflix/eureka,netflix,reviewed,39.0,75.0,True,Python
CreateEvent,2023-05-13,dan_murphy,airbnb/mavericks,airbnb,approved,,,True,Java
PushEvent,2023-06-05,maria_rodriguez,uber/pyro,uber,reviewed,6.0,23.0,True,C++
CommitEvent,2023-02-03,maria_rodriguez,microsoft/TypeScript,microsoft,approved,11.0,18.0,True,TypeScript
PullRequestEvent,2023-11-02,james_smith,elastic/logstash,elastic,approved,11.0,75.0,False,Go
CreateEvent,2023-01-11,jen_liu,hashicorp/vault,hashicorp,approved,,,True,TypeScript
PushEvent,2023-02-21,sarah_chen,uber/cadence,uber,created,1.0,22.0,True,Java
PushEvent,2023-04-25,anna_wilson,vercel/next.js,vercel,updated,6.0,7.0,True,Go
CreateEvent,2023-02-26,mark_davis,google/tensorflow,google,reviewed,,,True,Python
PushEvent,2023-11-19,mark_davis,apache/kafka,apache,opened,1.0,6.0,True,C++
PushEvent,2023-07-10,anna_wilson,airbnb/javascript,airbnb,reviewed,12.0,13.0,False,Go
PushEvent,2023-05-26,olivia_zhang,apache/cassandra,apache,created,10.0,21.0,True,Java
MergeEvent,2023-05-26,rachel_kim,uber/react-map-gl,uber,opened,,,True,TypeScript
MergeEvent,2023-12-03,sarah_chen,netflix/zuul,netflix,updated,,,False,Python
MergeEvent,2023-01-26,sarah_chen,apache/kafka,apache,created,,,False,Rust
MergeEvent,2023-04-05,david_martinez,microsoft/playwright,microsoft,created,,,True,TypeScript
PullRequestEvent,2023-04-21,emma_garcia,elastic/kibana,elastic,approved,23.0,42.0,True,Go
MergeEvent,2023-06-04,chris_lee,apache/beam,apache,commented,,,True,C++
PushEvent,2023-02-14,sarah_chen,microsoft/dotnet,microsoft,approved,7.0,19.0,True,Rust
PushEvent,2023-02-11,anna_wilson,uber/cadence,uber,created,1.0,23.0,True,C++
PushEvent,2023-09-21,tom_nelson,netflix/hystrix,netflix,closed,6.0,11.0,False,C++
PushEvent,2023-09-11,alex_kumar,netflix/archaius,netflix,commented,15.0,2.0,False,Go
CreateEvent,2023-04-18,chris_lee,google/chromium,google,closed,,,True,Rust
MergeEvent,2023-04-03,david_martinez,elastic/kibana,elastic,merged,,,True,Java
CreateEvent,2023-04-03,robert_brown,vercel/hyper,vercel,merged,,,True,TypeScript
MergeEvent,2023-07-24,lisa_anderson,uber/kraken,uber,opened,,,True,TypeScript
CommitEvent,2023-02-08,olivia_zhang,hashicorp/vault,hashicorp,updated,3.0,14.0,True,Rust
MergeEvent,2023-07-13,dan_murphy,facebook/relay,facebook,reviewed,,,False,C++
PullRequestEvent,2023-08-22,james_smith,facebook/relay,facebook,closed,5.0,4.0,True,Go
MergeEvent,2023-10-04,emma_garcia,airbnb/lottie,airbnb,closed,,,True,JavaScript
CommitEvent,2023-12-19,lisa_anderson,apache/flink,apache,merged,14.0,16.0,True,TypeScript
MergeEvent,2023-01-02,rachel_kim,microsoft/playwright,microsoft,updated,,,False,C++
IssuesEvent,2023-11-30,tom_nelson,google/angular,google,created,,,True,Go
CreateEvent,2023-11-16,john_taylor,hashicorp/packer,hashicorp,merged,,,False,JavaScript
PushEvent,2023-12-28,dan_murphy,google/chromium,google,closed,1.0,1.0,True,C++
CommitEvent,2023-08-02,nina_patel,hashicorp/vagrant,hashicorp,approved,15.0,4.0,True,Python
PullRequestEvent,2023-07-25,mike_johnson,google/angular,google,reviewed,23.0,11.0,True,Python
PullRequestEvent,2023-07-11,tom_nelson,elastic/kibana,elastic,updated,22.0,25.0,True,C++
PullRequestEvent,2023-07-02,jen_liu,netflix/conductor,netflix,merged,28.0,100.0,True,C++
PullRequestEvent,2023-04-11,jen_liu,facebook/docusaurus,facebook,merged,41.0,37.0,True,Go
CreateEvent,2023-07-03,chris_lee,uber/react-map-gl,uber,merged,,,False,Python
PullRequestEvent,2023-08-08,alex_kumar,hashicorp/terraform,hashicorp,merged,35.0,79.0,False,JavaScript
IssuesEvent,2023-03-19,anna_wilson,airbnb/visx,airbnb,opened,,,False,Go
MergeEvent,2023-04-30,nina_patel,vercel/swr,vercel,closed,,,True,C++
PullRequestEvent,2023-08-27,anna_wilson,apache/flink,apache,closed,22.0,2.0,True,Java
CreateEvent,2023-01-13,sophie_duval,microsoft/vscode,microsoft,reviewed,,,True,Rust
IssuesEvent,2023-03-24,alex_kumar,uber/kraken,uber,created,,,False,JavaScript
MergeEvent,2023-01-28,dan_murphy,vercel/swr,vercel,created,,,True,TypeScript
MergeEvent,2023-05-17,chris_lee,netflix/hystrix,netflix,updated,,,True,Java
MergeEvent,2023-12-13,david_martinez,netflix/hystrix,netflix,merged,,,True,Java
IssuesEvent,2023-02-16,rachel_kim,vercel/turbo,vercel,merged,,,False,Rust
PullRequestEvent,2023-04-29,james_smith,airbnb/mavericks,airbnb,created,33.0,74.0,True,Go
PushEvent,2023-07-29,maria_rodriguez,netflix/eureka,netflix,opened,11.0,25.0,True,Python
CreateEvent,2023-01-06,sarah_chen,airbnb/mavericks,airbnb,approved,,,True,Rust
CreateEvent,2023-11-03,john_taylor,airbnb/mavericks,airbnb,merged,,,True,Java
PullRequestEvent,2023-05-13,mark_davis,elastic/apm-server,elastic,commented,22.0,61.0,True,Go
PushEvent,2023-09-19,mike_johnson,vercel/turbo,vercel,updated,10.0,10.0,True,TypeScript
CreateEvent,2023-09-25,robert_brown,google/flutter,google,closed,,,False,TypeScript
CommitEvent,2023-06-03,james_smith,hashicorp/terraform,hashicorp,opened,7.0,9.0,True,JavaScript
IssuesEvent,2023-06-13,john_taylor,vercel/micro,vercel,merged,,,False,Go
CommitEvent,2023-06-08,david_martinez,facebook/docusaurus,facebook,updated,4.0,18.0,True,Go
MergeEvent,2023-11-03,tom_nelson,vercel/turbo,vercel,opened,,,True,C++
PullRequestEvent,2023-10-05,jen_liu,facebook/yoga,facebook,updated,2.0,87.0,True,Go
CreateEvent,2023-06-28,rachel_kim,google/flutter,google,opened,,,True,JavaScript
CommitEvent,2023-05-31,david_martinez,uber/cadence,uber,updated,13.0,13.0,True,Java
CommitEvent,2023-10-22,robert_brown,apache/flink,apache,updated,1.0,5.0,True,Rust
CommitEvent,2023-06-10,david_martinez,airbnb/javascript,airbnb,commented,12.0,20.0,True,Go
CreateEvent,2023-10-14,maria_rodriguez,apache/flink,apache,opened,,,True,JavaScript
PushEvent,2023-09-21,rachel_kim,microsoft/PowerToys,microsoft,reviewed,5.0,9.0,True,Go
CreateEvent,2023-09-09,mark_davis,apache/beam,apache,closed,,,True,JavaScript
MergeEvent,2023-06-17,mark_davis,facebook/relay,facebook,updated,,,True,TypeScript
PullRequestEvent,2023-01-26,james_smith,uber/pyro,uber,merged,40.0,54.0,True,TypeScript
MergeEvent,2023-11-27,robert_brown,vercel/turbo,vercel,merged,,,True,Rust
CreateEvent,2023-06-30,robert_brown,vercel/hyper,vercel,commented,,,False,Java
CreateEvent,2023-12-21,sarah_chen,hashicorp/packer,hashicorp,closed,,,False,Python
IssuesEvent,2023-04-16,david_martinez,uber/jaeger,uber,closed,,,True,Python
PushEvent,2023-12-27,dan_murphy,vercel/turbo,vercel,opened,5.0,6.0,True,JavaScript
PushEvent,2023-08-11,dan_murphy,facebook/relay,facebook,opened,2.0,5.0,True,Java
CreateEvent,2024-01-01,john_taylor,elastic/logstash,elastic,opened,,,True,Go
CreateEvent,2023-06-06,olivia_zhang,google/angular,google,approved,,,True,Python
PushEvent,2023-05-17,john_taylor,vercel/next.js,vercel,opened,3.0,18.0,True,JavaScript
MergeEvent,2023-04-30,maria_rodriguez,netflix/hystrix,netflix,approved,,,True,JavaScript
PullRequestEvent,2023-07-28,anna_wilson,microsoft/TypeScript,microsoft,opened,19.0,4.0,False,C++
PushEvent,2023-05-10,james_smith,elastic/apm-server,elastic,created,3.0,15.0,False,Java
MergeEvent,2023-02-11,john_taylor,apache/flink,apache,closed,,,True,JavaScript
MergeEvent,2023-10-30,rachel_kim,netflix/ribbon,netflix,commented,,,True,Rust
PushEvent,2023-04-12,lisa_anderson,airbnb/javascript,airbnb,reviewed,13.0,3.0,True,JavaScript
CommitEvent,2023-09-12,lisa_anderson,apache/flink,apache,closed,11.0,18.0,True,Go
PushEvent,2023-10-05,olivia_zhang,vercel/swr,vercel,closed,5.0,22.0,True,Go
CommitEvent,2023-03-17,john_taylor,airbnb/mavericks,airbnb,opened,11.0,2.0,False,Rust
CreateEvent,2023-04-14,robert_brown,apache/cassandra,apache,opened,,,True,Python
MergeEvent,2023-10-27,maria_rodriguez,airbnb/visx,airbnb,reviewed,,,True,Rust
IssuesEvent,2023-09-13,tom_nelson,netflix/conductor,netflix,commented,,,False,Java
IssuesEvent,2023-04-19,mike_johnson,uber/react-map-gl,uber,reviewed,,,True,Go
PushEvent,2023-11-07,anna_wilson,uber/cadence,uber,opened,8.0,10.0,False,Go
IssuesEvent,2023-04-20,rachel_kim,vercel/hyper,vercel,created,,,True,Rust
PullRequestEvent,2024-01-01,david_martinez,netflix/archaius,netflix,opened,2.0,53.0,True,TypeScript
PushEvent,2023-01-16,alex_kumar,airbnb/enzyme,airbnb,approved,10.0,11.0,True,Java
PushEvent,2023-02-19,robert_brown,netflix/archaius,netflix,reviewed,2.0,1.0,True,Python
CreateEvent,2023-11-19,rachel_kim,facebook/react-native,facebook,opened,,,False,Java
CreateEvent,2023-10-23,john_taylor,apache/cassandra,apache,opened,,,True,Java
CreateEvent,2023-07-23,dan_murphy,vercel/swr,vercel,merged,,,True,C++
PullRequestEvent,2023-07-01,james_smith,netflix/ribbon,netflix,approved,16.0,22.0,False,Go
PullRequestEvent,2023-12-29,mark_davis,apache/flink,apache,opened,2.0,88.0,True,JavaScript
PushEvent,2023-12-27,lisa_anderson,elastic/elasticsearch,elastic,reviewed,9.0,2.0,True,JavaScript
PullRequestEvent,2023-10-19,jen_liu,facebook/relay,facebook,closed,38.0,34.0,True,Go
PullRequestEvent,2023-10-31,maria_rodriguez,netflix/eureka,netflix,created,18.0,1.0,True,Go
PullRequestEvent,2023-10-10,mark_davis,uber/pyro,uber,closed,5.0,65.0,True,Rust
PushEvent,2023-02-13,jen_liu,elastic/elasticsearch,elastic,closed,3.0,2.0,True,JavaScript
PullRequestEvent,2023-08-02,david_martinez,elastic/beats,elastic,updated,29.0,47.0,True,Rust
CommitEvent,2023-02-27,dan_murphy,google/flutter,google,approved,3.0,24.0,True,Python
CommitEvent,2023-05-06,david_martinez,netflix/conductor,netflix,closed,14.0,14.0,True,Rust
CommitEvent,2023-07-07,james_smith,netflix/archaius,netflix,approved,5.0,1.0,True,Java
IssuesEvent,2023-07-12,sophie_duval,facebook/yoga,facebook,approved,,,True,Rust
CreateEvent,2023-07-03,rachel_kim,elastic/logstash,elastic,opened,,,True,Go
PushEvent,2023-03-11,robert_brown,airbnb/enzyme,airbnb,opened,14.0,13.0,True,Java
IssuesEvent,2023-05-17,emma_garcia,apache/airflow,apache,merged,,,True,C++
MergeEvent,2023-04-30,robert_brown,google/angular,google,merged,,,True,C++
CommitEvent,2023-11-05,sophie_duval,apache/flink,apache,reviewed,7.0,9.0,True,TypeScript
PushEvent,2023-01-04,david_martinez,vercel/turbo,vercel,commented,8.0,1.0,True,Go
CreateEvent,2023-02-13,jen_liu,apache/spark,apache,commented,,,True,Python
MergeEvent,2023-12-25,john_taylor,microsoft/playwright,microsoft,approved,,,False,Rust
CommitEvent,2023-07-14,rachel_kim,google/chromium,google,updated,1.0,25.0,True,C++
PullRequestEvent,2023-06-20,rachel_kim,google/go,google,created,40.0,49.0,False,Python
CreateEvent,2023-03-09,dan_murphy,elastic/beats,elastic,commented,,,True,TypeScript
PullRequestEvent,2023-05-04,dan_murphy,hashicorp/nomad,hashicorp,commented,27.0,74.0,True,Java
CreateEvent,2023-01-17,olivia_zhang,airbnb/enzyme,airbnb,commented,,,False,JavaScript
CreateEvent,2023-11-18,mark_davis,uber/jaeger,uber,updated,,,True,Python
CommitEvent,2023-01-13,sophie_duval,microsoft/terminal,microsoft,opened,9.0,11.0,True,TypeScript
IssuesEvent,2023-03-23,jen_liu,vercel/next.js,vercel,closed,,,True,C++
IssuesEvent,2023-08-17,lisa_anderson,apache/cassandra,apache,merged,,,True,Go
CommitEvent,2023-09-28,olivia_zhang,hashicorp/terraform,hashicorp,commented,13.0,18.0,True,TypeScript
PullRequestEvent,2023-04-21,tom_nelson,uber/kraken,uber,approved,27.0,100.0,True,C++
PushEvent,2023-06-17,emma_garcia,hashicorp/terraform,hashicorp,approved,10.0,16.0,True,JavaScript
PushEvent,2023-09-12,sarah_chen,vercel/swr,vercel,reviewed,5.0,13.0,True,Rust
IssuesEvent,2023-02-12,emma_garcia,elastic/kibana,elastic,created,,,True,JavaScript
CreateEvent,2023-03-21,nina_patel,microsoft/TypeScript,microsoft,created,,,True,JavaScript
CreateEvent,2023-03-01,mike_johnson,apache/flink,apache,closed,,,True,TypeScript
CommitEvent,2023-07-20,sarah_chen,facebook/docusaurus,facebook,approved,14.0,2.0,True,JavaScript
PushEvent,2023-09-19,lisa_anderson,netflix/eureka,netflix,commented,7.0,4.0,True,JavaScript
PushEvent,2023-05-12,lisa_anderson,facebook/jest,facebook,approved,8.0,20.0,True,Python
MergeEvent,2023-11-03,mark_davis,netflix/eureka,netflix,updated,,,True,Rust
IssuesEvent,2023-07-17,anna_wilson,netflix/eureka,netflix,merged,,,True,Java
PushEvent,2023-12-01,olivia_zhang,google/angular,google,commented,8.0,25.0,True,Rust
MergeEvent,2023-06-12,tom_nelson,hashicorp/terraform,hashicorp,commented,,,True,Java
CommitEvent,2023-09-29,lisa_anderson,airbnb/enzyme,airbnb,reviewed,15.0,17.0,True,Go
PullRequestEvent,2023-02-24,emma_garcia,airbnb/javascript,airbnb,closed,29.0,71.0,False,Rust
IssuesEvent,2023-07-03,alex_kumar,facebook/jest,facebook,approved,,,True,Rust
PushEvent,2023-08-08,dan_murphy,hashicorp/nomad,hashicorp,closed,7.0,13.0,True,Python
CreateEvent,2023-06-25,lisa_anderson,apache/beam,apache,merged,,,True,Go
PullRequestEvent,2023-03-29,sarah_chen,uber/react-map-gl,uber,closed,28.0,10.0,True,Rust
IssuesEvent,2023-01-24,anna_wilson,vercel/swr,vercel,merged,,,True,TypeScript
PullRequestEvent,2023-02-10,maria_rodriguez,elastic/apm-server,elastic,merged,10.0,65.0,True,TypeScript
PullRequestEvent,2023-05-23,jen_liu,facebook/yoga,facebook,commented,3.0,37.0,True,JavaScript
MergeEvent,2023-03-17,emma_garcia,microsoft/playwright,microsoft,closed,,,True,Go
PushEvent,2023-07-06,robert_brown,netflix/hystrix,netflix,created,2.0,25.0,True,Java
CommitEvent,2023-11-12,sophie_duval,airbnb/mavericks,airbnb,opened,13.0,8.0,True,Rust
CreateEvent,2023-04-06,maria_rodriguez,uber/kraken,uber,commented,,,True,TypeScript
MergeEvent,2023-06-02,emma_garcia,hashicorp/vault,hashicorp,created,,,True,Java
CommitEvent,2023-12-09,david_martinez,netflix/conductor,netflix,opened,13.0,14.0,True,Java
CommitEvent,2023-11-19,john_taylor,apache/airflow,apache,merged,7.0,10.0,False,Python
CreateEvent,2023-01-05,olivia_zhang,hashicorp/terraform,hashicorp,reviewed,,,True,TypeScript
CommitEvent,2023-09-15,sarah_chen,airbnb/enzyme,airbnb,closed,3.0,5.0,False,Java
PushEvent,2023-12-17,robert_brown,elastic/kibana,elastic,merged,4.0,21.0,True,JavaScript
CommitEvent,2023-09-27,sophie_duval,google/go,google,closed,7.0,25.0,True,JavaScript
CreateEvent,2023-05-29,chris_lee,apache/spark,apache,opened,,,True,Rust
IssuesEvent,2023-04-05,mark_davis,uber/react-map-gl,uber,approved,,,False,Java
CreateEvent,2023-02-09,mike_johnson,netflix/zuul,netflix,closed,,,True,Python
CreateEvent,2023-03-22,nina_patel,uber/kraken,uber,updated,,,True,Rust
CommitEvent,2023-04-04,mike_johnson,google/angular,google,opened,3.0,16.0,True,Java
PullRequestEvent,2023-08-19,maria_rodriguez,facebook/react,facebook,reviewed,17.0,41.0,True,C++
MergeEvent,2023-08-24,alex_kumar,vercel/micro,vercel,approved,,,True,TypeScript
CommitEvent,2023-05-10,jen_liu,facebook/jest,facebook,commented,4.0,21.0,True,TypeScript
MergeEvent,2023-08-31,lisa_anderson,google/chromium,google,created,,,True,C++
IssuesEvent,2023-10-03,anna_wilson,facebook/react,facebook,merged,,,True,C++
PullRequestEvent,2023-06-30,robert_brown,uber/kraken,uber,updated,2.0,91.0,False,Rust
PullRequestEvent,2023-11-03,anna_wilson,microsoft/PowerToys,microsoft,reviewed,11.0,73.0,True,TypeScript
CommitEvent,2023-03-16,james_smith,facebook/docusaurus,facebook,created,15.0,13.0,True,C++
PushEvent,2023-09-07,sarah_chen,facebook/relay,facebook,opened,6.0,13.0,True,TypeScript
MergeEvent,2023-10-20,david_martinez,elastic/apm-server,elastic,reviewed,,,True,Go
MergeEvent,2023-02-03,sophie_duval,uber/cadence,uber,created,,,False,Python
PullRequestEvent,2023-11-08,sophie_duval,airbnb/javascript,airbnb,reviewed,20.0,48.0,True,Java
MergeEvent,2023-09-10,chris_lee,uber/cadence,uber,opened,,,False,TypeScript
PushEvent,2023-01-01,james_smith,microsoft/dotnet,microsoft,created,10.0,21.0,True,Rust
CreateEvent,2023-02-18,tom_nelson,airbnb/visx,airbnb,updated,,,True,Go
PushEvent,2023-11-14,sarah_chen,google/chromium,google,created,14.0,3.0,False,TypeScript
CreateEvent,2023-02-10,anna_wilson,vercel/turbo,vercel,reviewed,,,True,C++
PushEvent,2023-04-16,jen_liu,google/tensorflow,google,opened,8.0,13.0,False,C++
CommitEvent,2023-04-22,tom_nelson,uber/jaeger,uber,commented,7.0,7.0,True,Java
IssuesEvent,2023-01-29,david_martinez,microsoft/TypeScript,microsoft,opened,,,True,Go
MergeEvent,2023-11-19,chris_lee,microsoft/TypeScript,microsoft,opened,,,True,TypeScript
PushEvent,2023-05-10,chris_lee,apache/cassandra,apache,merged,8.0,8.0,True,C++
CreateEvent,2023-11-25,tom_nelson,facebook/yoga,facebook,approved,,,True,Go
MergeEvent,2023-05-01,john_taylor,elastic/kibana,elastic,approved,,,False,Java
CommitEvent,2023-10-06,rachel_kim,hashicorp/terraform,hashicorp,merged,1.0,19.0,True,Go
IssuesEvent,2023-10-12,emma_garcia,apache/beam,apache,closed,,,True,Java
IssuesEvent,2023-10-03,rachel_kim,elastic/kibana,elastic,updated,,,True,JavaScript
MergeEvent,2023-06-20,john_taylor,google/angular,google,approved,,,False,Java
MergeEvent,2023-09-16,sarah_chen,facebook/docusaurus,facebook,approved,,,True,C++
CommitEvent,2023-05-08,mike_johnson,uber/pyro,uber,created,13.0,4.0,True,Go
PushEvent,2023-11-01,alex_kumar,google/flutter,google,updated,4.0,7.0,True,C++
PullRequestEvent,2023-12-30,dan_murphy,elastic/logstash,elastic,approved,18.0,29.0,True,Go
CreateEvent,2023-04-23,mark_davis,hashicorp/consul,hashicorp,merged,,,True,JavaScript
CreateEvent,2023-10-11,robert_brown,microsoft/vscode,microsoft,reviewed,,,False,Python
PullRequestEvent,2023-10-24,olivia_zhang,microsoft/dotnet,microsoft,updated,18.0,50.0,True,Python
CommitEvent,2023-03-27,alex_kumar,microsoft/TypeScript,microsoft,approved,3.0,8.0,True,JavaScript
PushEvent,2023-10-20,jen_liu,facebook/yoga,facebook,closed,7.0,14.0,False,Go
PullRequestEvent,2023-12-19,david_martinez,apache/cassandra,apache,merged,7.0,62.0,False,Java
PushEvent,2023-01-30,jen_liu,vercel/micro,vercel,created,14.0,8.0,True,JavaScript
CommitEvent,2023-11-20,robert_brown,vercel/next.js,vercel,reviewed,9.0,9.0,False,Python
CreateEvent,2023-05-28,robert_brown,hashicorp/vagrant,hashicorp,created,,,True,Rust
PullRequestEvent,2023-03-27,tom_nelson,netflix/eureka,netflix,merged,50.0,36.0,True,Python
MergeEvent,2023-04-29,nina_patel,google/chromium,google,approved,,,True,JavaScript
MergeEvent,2023-09-08,john_taylor,airbnb/visx,airbnb,commented,,,True,Rust
IssuesEvent,2023-09-10,sarah_chen,microsoft/dotnet,microsoft,approved,,,True,C++
PullRequestEvent,2023-11-03,olivia_zhang,vercel/turbo,vercel,reviewed,38.0,84.0,True,JavaScript
CommitEvent,2023-05-29,david_martinez,vercel/hyper,vercel,commented,15.0,7.0,False,TypeScript
CreateEvent,2023-12-30,alex_kumar,apache/beam,apache,approved,,,True,C++
MergeEvent,2023-07-16,sarah_chen,netflix/archaius,netflix,approved,,,True,C++
CreateEvent,2023-01-10,rachel_kim,netflix/conductor,netflix,merged,,,True,Go
PushEvent,2023-02-15,alex_kumar,hashicorp/packer,hashicorp,merged,11.0,23.0,False,C++
IssuesEvent,2023-07-01,tom_nelson,google/go,google,approved,,,True,Java
CreateEvent,2023-04-01,dan_murphy,elastic/apm-server,elastic,commented,,,True,Rust
CreateEvent,2023-10-01,mike_johnson,google/flutter,google,updated,,,False,Go
PushEvent,2023-05-24,dan_murphy,vercel/micro,vercel,reviewed,15.0,8.0,True,Java
PullRequestEvent,2023-06-25,nina_patel,apache/kafka,apache,created,30.0,60.0,False,Python
CommitEvent,2023-01-26,david_martinez,apache/airflow,apache,approved,3.0,2.0,True,C++
CommitEvent,2023-09-29,tom_nelson,facebook/relay,facebook,merged,2.0,7.0,False,Rust
CommitEvent,2023-11-15,robert_brown,facebook/react,facebook,opened,15.0,11.0,True,C++
IssuesEvent,2023-09-22,emma_garcia,google/flutter,google,closed,,,True,Rust
PullRequestEvent,2023-10-13,sarah_chen,microsoft/terminal,microsoft,reviewed,33.0,60.0,True,Go
PushEvent,2023-01-25,olivia_zhang,facebook/docusaurus,facebook,reviewed,11.0,13.0,True,JavaScript
PullRequestEvent,2023-07-02,dan_murphy,facebook/react,facebook,commented,4.0,95.0,True,JavaScript
IssuesEvent,2023-10-04,sophie_duval,elastic/beats,elastic,updated,,,False,Go
CommitEvent,2023-07-09,emma_garcia,microsoft/vscode,microsoft,reviewed,2.0,5.0,True,JavaScript
CreateEvent,2023-11-19,emma_garcia,apache/cassandra,apache,updated,,,True,Go
CreateEvent,2023-04-01,olivia_zhang,elastic/kibana,elastic,reviewed,,,False,JavaScript
CommitEvent,2023-02-21,sophie_duval,hashicorp/consul,hashicorp,approved,5.0,19.0,False,C++
PushEvent,2023-09-27,sophie_duval,hashicorp/vagrant,hashicorp,opened,6.0,23.0,True,Java
CommitEvent,2023-07-31,sarah_chen,apache/beam,apache,approved,6.0,14.0,True,Go
IssuesEvent,2023-12-23,jen_liu,elastic/apm-server,elastic,closed,,,True,C++
PullRequestEvent,2023-06-15,lisa_anderson,elastic/beats,elastic,opened,24.0,35.0,True,Go
PushEvent,2023-09-01,chris_lee,microsoft/dotnet,microsoft,updated,4.0,9.0,False,JavaScript
IssuesEvent,2023-06-18,alex_kumar,google/flutter,google,closed,,,True,Python
PushEvent,2023-07-02,anna_wilson,apache/spark,apache,approved,5.0,21.0,True,TypeScript
PushEvent,2023-03-08,john_taylor,netflix/conductor,netflix,opened,13.0,24.0,False,Rust
CreateEvent,2023-12-13,mike_johnson,uber/react-map-gl,uber,closed,,,True,Go
CreateEvent,2023-05-23,mark_davis,vercel/hyper,vercel,closed,,,True,Rust
CommitEvent,2023-03-28,john_taylor,apache/kafka,apache,approved,2.0,8.0,False,Rust
IssuesEvent,2023-05-18,olivia_zhang,hashicorp/vault,hashicorp,reviewed,,,True,Python
CommitEvent,2023-12-16,sophie_duval,netflix/ribbon,netflix,updated,14.0,4.0,False,Go
MergeEvent,2023-10-28,nina_patel,hashicorp/packer,hashicorp,updated,,,False,Go
PullRequestEvent,2023-08-15,mark_davis,vercel/micro,vercel,merged,34.0,96.0,True,C++
PullRequestEvent,2023-03-02,chris_lee,facebook/react,facebook,approved,45.0,90.0,True,TypeScript
MergeEvent,2023-03-25,olivia_zhang,uber/cadence,uber,reviewed,,,True,TypeScript
CommitEvent,2023-05-22,robert_brown,uber/pyro,uber,approved,10.0,23.0,True,Rust
PushEvent,2023-10-26,david_martinez,facebook/yoga,facebook,closed,15.0,9.0,False,Java
PushEvent,2023-07-17,emma_garcia,elastic/beats,elastic,approved,8.0,7.0,True,JavaScript
PushEvent,2023-10-30,sarah_chen,airbnb/javascript,airbnb,reviewed,15.0,8.0,True,Java
MergeEvent,2023-10-23,tom_nelson,uber/cadence,uber,created,,,True,Rust
CommitEvent,2023-04-20,david_martinez,netflix/zuul,netflix,reviewed,11.0,21.0,True,Rust
MergeEvent,2023-06-15,maria_rodriguez,apache/spark,apache,merged,,,True,Go
CreateEvent,2023-04-16,mike_johnson,hashicorp/consul,hashicorp,commented,,,True,Python
CommitEvent,2023-01-09,mark_davis,vercel/swr,vercel,approved,2.0,15.0,True,Rust
IssuesEvent,2023-08-31,chris_lee,facebook/react-native,facebook,approved,,,True,Python
PullRequestEvent,2023-09-30,sophie_duval,facebook/jest,facebook,merged,17.0,29.0,True,Go
PullRequestEvent,2023-01-11,anna_wilson,hashicorp/vault,hashicorp,commented,37.0,100.0,True,Java
CreateEvent,2023-06-16,alex_kumar,airbnb/visx,airbnb,closed,,,True,JavaScript
PushEvent,2023-04-17,jen_liu,elastic/beats,elastic,approved,4.0,24.0,False,Go
IssuesEvent,2023-05-05,emma_garcia,uber/jaeger,uber,merged,,,False,TypeScript
PushEvent,2023-06-26,rachel_kim,hashicorp/nomad,hashicorp,created,9.0,10.0,False,JavaScript
IssuesEvent,2023-02-24,john_taylor,facebook/docusaurus,facebook,updated,,,True,TypeScript
CreateEvent,2023-09-20,lisa_anderson,hashicorp/vault,hashicorp,reviewed,,,True,JavaScript
PushEvent,2023-12-16,sophie_duval,vercel/swr,vercel,opened,3.0,8.0,True,Rust
PushEvent,2023-12-01,olivia_zhang,apache/beam,apache,updated,7.0,24.0,False,C++
IssuesEvent,2023-04-16,emma_garcia,elastic/elasticsearch,elastic,merged,,,True,Rust
MergeEvent,2023-11-27,olivia_zhang,netflix/ribbon,netflix,opened,,,False,TypeScript
MergeEvent,2023-05-04,mark_davis,uber/cadence,uber,updated,,,True,C++
CommitEvent,2023-12-15,robert_brown,netflix/zuul,netflix,closed,7.0,2.0,True,Java
PushEvent,2023-04-06,jen_liu,hashicorp/consul,hashicorp,merged,8.0,10.0,True,JavaScript
PushEvent,2023-03-30,jen_liu,microsoft/dotnet,microsoft,updated,11.0,5.0,True,TypeScript
IssuesEvent,2023-02-28,jen_liu,uber/react-map-gl,uber,commented,,,True,Python
MergeEvent,2023-12-08,anna_wilson,apache/kafka,apache,reviewed,,,False,TypeScript
CommitEvent,2023-08-15,anna_wilson,netflix/eureka,netflix,opened,7.0,9.0,False,TypeScript
PushEvent,2023-07-13,jen_liu,vercel/micro,vercel,opened,10.0,18.0,True,Python
MergeEvent,2023-12-13,jen_liu,hashicorp/vagrant,hashicorp,approved,,,True,Java
PullRequestEvent,2023-04-18,john_taylor,uber/cadence,uber,created,36.0,24.0,True,JavaScript
CreateEvent,2023-07-26,emma_garcia,hashicorp/nomad,hashicorp,closed,,,True,TypeScript
CreateEvent,2023-12-07,chris_lee,vercel/turbo,vercel,merged,,,False,TypeScript
PushEvent,2023-01-24,emma_garcia,facebook/react,facebook,created,15.0,2.0,False,Go
PullRequestEvent,2023-01-11,sarah_chen,google/chromium,google,approved,33.0,83.0,True,Java
CreateEvent,2023-09-08,jen_liu,google/tensorflow,google,opened,,,True,C++
CommitEvent,2023-10-21,alex_kumar,facebook/react,facebook,updated,7.0,4.0,True,Go
IssuesEvent,2023-10-23,rachel_kim,elastic/apm-server,elastic,closed,,,True,Go
CreateEvent,2023-02-05,david_martinez,vercel/turbo,vercel,approved,,,False,Python
PullRequestEvent,2023-11-04,tom_nelson,google/chromium,google,created,12.0,91.0,True,Java
MergeEvent,2023-05-18,lisa_anderson,google/go,google,closed,,,True,Go
IssuesEvent,2023-07-11,jen_liu,facebook/docusaurus,facebook,updated,,,True,Rust
MergeEvent,2023-02-08,olivia_zhang,netflix/eureka,netflix,created,,,True,C++
CreateEvent,2023-12-12,sarah_chen,microsoft/dotnet,microsoft,created,,,False,Python
PushEvent,2023-08-29,john_taylor,microsoft/terminal,microsoft,approved,13.0,1.0,True,Rust
CreateEvent,2023-05-10,tom_nelson,apache/beam,apache,opened,,,True,TypeScript
CreateEvent,2023-06-01,anna_wilson,airbnb/javascript,airbnb,reviewed,,,True,Python
PushEvent,2023-04-23,lisa_anderson,hashicorp/terraform,hashicorp,approved,7.0,12.0,False,JavaScript
CreateEvent,2023-07-30,jen_liu,microsoft/dotnet,microsoft,approved,,,False,C++
CommitEvent,2023-01-30,mark_davis,uber/pyro,uber,opened,10.0,7.0,True,JavaScript
MergeEvent,2023-01-17,alex_kumar,google/flutter,google,commented,,,True,Java
PullRequestEvent,2023-10-08,alex_kumar,airbnb/javascript,airbnb,closed,50.0,2.0,False,JavaScript
IssuesEvent,2023-07-28,sarah_chen,airbnb/visx,airbnb,merged,,,True,TypeScript
PullRequestEvent,2023-06-28,emma_garcia,facebook/docusaurus,facebook,created,30.0,99.0,True,TypeScript
CommitEvent,2023-01-27,anna_wilson,netflix/zuul,netflix,reviewed,2.0,21.0,True,C++
IssuesEvent,2023-05-30,chris_lee,airbnb/lottie,airbnb,commented,,,True,Go
PushEvent,2023-07-04,tom_nelson,netflix/archaius,netflix,opened,1.0,11.0,True,Python
CreateEvent,2023-05-15,lisa_anderson,microsoft/PowerToys,microsoft,approved,,,True,Java
CommitEvent,2023-11-18,james_smith,netflix/ribbon,netflix,opened,2.0,14.0,True,TypeScript
MergeEvent,2023-09-07,robert_brown,vercel/hyper,vercel,commented,,,True,TypeScript
CreateEvent,2023-04-11,james_smith,elastic/elasticsearch,elastic,commented,,,True,JavaScript
PullRequestEvent,2023-02-11,chris_lee,microsoft/playwright,microsoft,closed,43.0,53.0,True,Go
CommitEvent,2023-03-14,chris_lee,google/chromium,google,created,14.0,19.0,False,C++
MergeEvent,2023-07-29,rachel_kim,uber/jaeger,uber,created,,,False,Python
CreateEvent,2023-05-03,dan_murphy,vercel/swr,vercel,reviewed,,,True,TypeScript
CommitEvent,2023-06-29,robert_brown,airbnb/enzyme,airbnb,closed,1.0,21.0,False,C++
MergeEvent,2023-11-04,tom_nelson,apache/cassandra,apache,commented,,,True,TypeScript
PushEvent,2023-06-22,nina_patel,vercel/turbo,vercel,opened,15.0,5.0,True,JavaScript
CreateEvent,2023-05-30,olivia_zhang,facebook/docusaurus,facebook,closed,,,True,JavaScript
PushEvent,2023-12-07,anna_wilson,microsoft/PowerToys,microsoft,commented,2.0,24.0,True,C++
PushEvent,2023-02-23,sarah_chen,airbnb/mavericks,airbnb,commented,13.0,17.0,True,Python
CommitEvent,2023-07-10,sarah_chen,hashicorp/nomad,hashicorp,approved,5.0,15.0,True,TypeScript
PushEvent,2023-09-10,maria_rodriguez,apache/airflow,apache,closed,2.0,8.0,True,Java
IssuesEvent,2023-06-20,dan_murphy,apache/kafka,apache,opened,,,False,Rust
CreateEvent,2023-07-28,john_taylor,airbnb/enzyme,airbnb,updated,,,True,C++
PullRequestEvent,2023-09-10,nina_patel,hashicorp/vault,hashicorp,closed,13.0,6.0,True,TypeScript
IssuesEvent,2023-10-08,mike_johnson,google/chromium,google,approved,,,True,C++
IssuesEvent,2023-08-02,dan_murphy,apache/beam,apache,reviewed,,,True,Python
PullRequestEvent,2023-07-12,jen_liu,facebook/jest,facebook,closed,12.0,95.0,True,JavaScript
CreateEvent,2023-08-19,alex_kumar,uber/jaeger,uber,merged,,,True,C++
IssuesEvent,2023-06-10,david_martinez,netflix/eureka,netflix,reviewed,,,True,JavaScript
IssuesEvent,2023-12-26,maria_rodriguez,uber/kraken,uber,merged,,,True,C++
MergeEvent,2023-11-12,nina_patel,netflix/ribbon,netflix,merged,,,True,Go
IssuesEvent,2023-03-16,olivia_zhang,airbnb/visx,airbnb,closed,,,True,Go
PullRequestEvent,2023-05-30,maria_rodriguez,elastic/logstash,elastic,closed,12.0,64.0,True,Rust
CommitEvent,2023-11-03,nina_patel,microsoft/TypeScript,microsoft,merged,3.0,12.0,False,C++
PullRequestEvent,2023-02-05,nina_patel,airbnb/lottie,airbnb,updated,25.0,28.0,False,Rust
CommitEvent,2023-12-26,sophie_duval,google/tensorflow,google,updated,9.0,5.0,False,JavaScript
CreateEvent,2023-10-04,chris_lee,apache/kafka,apache,created,,,True,TypeScript
PushEvent,2023-01-29,anna_wilson,vercel/turbo,vercel,merged,14.0,23.0,True,C++
PullRequestEvent,2023-10-10,emma_garcia,microsoft/vscode,microsoft,merged,50.0,45.0,False,C++
PullRequestEvent,2023-07-20,anna_wilson,uber/react-map-gl,uber,merged,1.0,76.0,True,Rust
CommitEvent,2023-12-25,mike_johnson,netflix/hystrix,netflix,merged,2.0,14.0,False,Java
CommitEvent,2023-01-30,david_martinez,netflix/ribbon,netflix,created,8.0,8.0,True,C++
MergeEvent,2023-03-18,sophie_duval,airbnb/enzyme,airbnb,closed,,,True,Go
CreateEvent,2023-06-17,james_smith,microsoft/TypeScript,microsoft,closed,,,True,C++
PushEvent,2023-10-03,tom_nelson,netflix/eureka,netflix,opened,4.0,9.0,True,Go
CreateEvent,2023-03-06,olivia_zhang,google/flutter,google,approved,,,False,TypeScript
PullRequestEvent,2023-11-17,lisa_anderson,uber/react-map-gl,uber,created,33.0,8.0,True,Python
IssuesEvent,2023-01-23,anna_wilson,hashicorp/vagrant,hashicorp,created,,,True,JavaScript
CommitEvent,2023-08-04,chris_lee,microsoft/playwright,microsoft,opened,7.0,14.0,True,TypeScript
PullRequestEvent,2023-02-20,james_smith,airbnb/visx,airbnb,approved,27.0,63.0,False,TypeScript
PushEvent,2023-05-01,emma_garcia,google/tensorflow,google,reviewed,15.0,4.0,True,TypeScript
PushEvent,2023-07-15,john_taylor,uber/kraken,uber,merged,4.0,22.0,True,Python
CreateEvent,2023-07-17,rachel_kim,apache/flink,apache,created,,,False,TypeScript
MergeEvent,2023-05-17,maria_rodriguez,netflix/zuul,netflix,opened,,,True,Rust
MergeEvent,2023-11-07,james_smith,airbnb/enzyme,airbnb,merged,,,False,Java
IssuesEvent,2023-09-18,lisa_anderson,google/kubernetes,google,opened,,,True,Rust
MergeEvent,2023-03-22,jen_liu,uber/cadence,uber,reviewed,,,True,Rust
PullRequestEvent,2023-08-23,jen_liu,facebook/yoga,facebook,opened,45.0,30.0,False,JavaScript
CommitEvent,2023-03-10,rachel_kim,google/angular,google,closed,14.0,25.0,True,Java
PullRequestEvent,2023-09-25,alex_kumar,hashicorp/vault,hashicorp,commented,11.0,21.0,True,C++
IssuesEvent,2023-12-15,tom_nelson,uber/react-map-gl,uber,created,,,True,C++
MergeEvent,2023-06-13,sarah_chen,airbnb/visx,airbnb,closed,,,True,Python
IssuesEvent,2023-08-10,rachel_kim,netflix/conductor,netflix,updated,,,True,TypeScript
PushEvent,2023-06-27,anna_wilson,microsoft/playwright,microsoft,commented,3.0,4.0,True,Rust
PushEvent,2023-12-14,rachel_kim,elastic/elasticsearch,elastic,commented,7.0,24.0,False,TypeScript
CommitEvent,2023-04-20,sophie_duval,vercel/next.js,vercel,merged,10.0,13.0,True,C++
CommitEvent,2023-08-30,mark_davis,microsoft/playwright,microsoft,approved,3.0,19.0,True,Python
MergeEvent,2023-03-08,emma_garcia,netflix/ribbon,netflix,reviewed,,,True,Python
MergeEvent,2023-12-17,robert_brown,apache/flink,apache,reviewed,,,True,Rust
PushEvent,2023-07-29,dan_murphy,netflix/hystrix,netflix,opened,2.0,25.0,True,C++
PushEvent,2023-06-03,nina_patel,microsoft/vscode,microsoft,created,7.0,23.0,False,Java
CommitEvent,2023-06-01,david_martinez,facebook/react-native,facebook,closed,5.0,16.0,True,Go
IssuesEvent,2023-06-06,dan_murphy,netflix/ribbon,netflix,reviewed,,,False,Java
PullRequestEvent,2023-10-15,maria_rodriguez,google/tensorflow,google,updated,49.0,62.0,True,TypeScript
CreateEvent,2023-01-05,mark_davis,airbnb/visx,airbnb,merged,,,True,Python
PushEvent,2023-08-29,mark_davis,facebook/yoga,facebook,merged,6.0,16.0,True,Go
PushEvent,2023-10-02,tom_nelson,airbnb/javascript,airbnb,updated,6.0,1.0,True,Rust
MergeEvent,2023-08-26,alex_kumar,airbnb/enzyme,airbnb,approved,,,True,JavaScript
MergeEvent,2023-01-09,alex_kumar,airbnb/visx,airbnb,opened,,,True,C++
PushEvent,2023-09-15,john_taylor,elastic/apm-server,elastic,closed,3.0,7.0,True,JavaScript
CreateEvent,2023-09-03,dan_murphy,uber/kraken,uber,reviewed,,,True,Python
CreateEvent,2023-07-14,james_smith,airbnb/javascript,airbnb,commented,,,False,Java
PullRequestEvent,2023-05-20,olivia_zhang,microsoft/terminal,microsoft,commented,30.0,2.0,False,Go
MergeEvent,2023-03-18,maria_rodriguez,uber/jaeger,uber,opened,,,True,Python
IssuesEvent,2023-09-29,sophie_duval,facebook/jest,facebook,approved,,,True,Java
IssuesEvent,2023-08-14,john_taylor,microsoft/terminal,microsoft,approved,,,True,Java
IssuesEvent,2023-07-17,tom_nelson,google/chromium,google,commented,,,True,Java
CommitEvent,2023-08-20,anna_wilson,hashicorp/terraform,hashicorp,approved,3.0,12.0,True,JavaScript
MergeEvent,2023-10-19,rachel_kim,apache/spark,apache,closed,,,True,TypeScript
CreateEvent,2023-12-27,sophie_duval,facebook/jest,facebook,merged,,,True,C++
PushEvent,2023-12-09,tom_nelson,facebook/react-native,facebook,created,5.0,13.0,True,TypeScript
CommitEvent,2023-03-22,chris_lee,hashicorp/consul,hashicorp,reviewed,6.0,5.0,True,Python
MergeEvent,2023-04-02,anna_wilson,elastic/beats,elastic,commented,,,True,Go
CreateEvent,2023-05-16,lisa_anderson,elastic/logstash,elastic,closed,,,True,Rust
CreateEvent,2023-07-22,jen_liu,elastic/kibana,elastic,opened,,,True,TypeScript
PushEvent,2023-02-05,alex_kumar,elastic/logstash,elastic,closed,15.0,13.0,False,TypeScript
IssuesEvent,2023-10-10,robert_brown,google/chromium,google,closed,,,False,Java
PullRequestEvent,2023-02-14,jen_liu,airbnb/lottie,airbnb,commented,35.0,71.0,True,Go
MergeEvent,2023-06-16,mark_davis,elastic/elasticsearch,elastic,closed,,,False,Python
CreateEvent,2023-02-17,rachel_kim,uber/jaeger,uber,commented,,,True,C++
CreateEvent,2023-04-10,sophie_duval,uber/kraken,uber,reviewed,,,True,Python
MergeEvent,2023-09-28,tom_nelson,google/flutter,google,commented,,,False,Java
IssuesEvent,2023-09-24,james_smith,facebook/docusaurus,facebook,approved,,,True,Java
IssuesEvent,2023-05-20,nina_patel,uber/cadence,uber,reviewed,,,True,Go
PullRequestEvent,2023-12-11,sophie_duval,elastic/kibana,elastic,updated,23.0,82.0,True,C++
PushEvent,2023-07-23,rachel_kim,apache/flink,apache,approved,4.0,18.0,True,Go
CommitEvent,2023-10-06,mark_davis,hashicorp/vault,hashicorp,updated,2.0,13.0,False,TypeScript
PullRequestEvent,2023-08-27,robert_brown,vercel/swr,vercel,closed,3.0,96.0,True,Python
CreateEvent,2023-08-02,anna_wilson,google/tensorflow,google,merged,,,False,Go
PushEvent,2023-06-19,robert_brown,apache/flink,apache,opened,13.0,16.0,True,Python
IssuesEvent,2023-07-12,jen_liu,microsoft/PowerToys,microsoft,approved,,,True,C++
CommitEvent,2023-06-17,sarah_chen,vercel/micro,vercel,closed,13.0,5.0,True,Java
PullRequestEvent,2023-07-29,anna_wilson,apache/flink,apache,commented,17.0,8.0,True,Rust
PushEvent,2023-01-02,sarah_chen,uber/cadence,uber,closed,4.0,20.0,False,Python
MergeEvent,2023-05-12,sophie_duval,netflix/zuul,netflix,created,,,True,JavaScript
CommitEvent,2023-02-26,lisa_anderson,airbnb/mavericks,airbnb,commented,15.0,3.0,True,Java
MergeEvent,2023-03-28,chris_lee,google/go,google,closed,,,True,JavaScript
IssuesEvent,2023-04-09,chris_lee,facebook/react-native,facebook,merged,,,True,C++
IssuesEvent,2023-02-14,jen_liu,apache/cassandra,apache,closed,,,False,Python
MergeEvent,2023-08-31,david_martinez,airbnb/lottie,airbnb,created,,,True,Python
IssuesEvent,2023-06-27,chris_lee,uber/jaeger,uber,closed,,,True,C++
IssuesEvent,2023-01-07,dan_murphy,airbnb/lottie,airbnb,merged,,,True,Rust
CommitEvent,2023-12-02,emma_garcia,elastic/beats,elastic,opened,15.0,6.0,True,Java
CreateEvent,2023-06-15,mike_johnson,google/kubernetes,google,commented,,,True,Java
PullRequestEvent,2023-03-15,james_smith,apache/spark,apache,approved,23.0,78.0,True,Java
CreateEvent,2023-12-19,david_martinez,uber/react-map-gl,uber,commented,,,True,C++
MergeEvent,2023-05-12,sarah_chen,google/angular,google,opened,,,True,JavaScript
CreateEvent,2023-12-29,sarah_chen,apache/kafka,apache,updated,,,True,Python
MergeEvent,2023-10-24,emma_garcia,hashicorp/vagrant,hashicorp,commented,,,True,TypeScript
IssuesEvent,2023-07-21,james_smith,microsoft/playwright,microsoft,updated,,,True,TypeScript
PullRequestEvent,2023-05-25,mike_johnson,hashicorp/nomad,hashicorp,reviewed,48.0,74.0,False,Python
PullRequestEvent,2023-03-16,dan_murphy,vercel/next.js,vercel,updated,50.0,16.0,True,Python
PullRequestEvent,2023-01-22,mike_johnson,facebook/jest,facebook,created,21.0,19.0,True,TypeScript
CommitEvent,2023-10-23,sophie_duval,uber/kraken,uber,opened,7.0,24.0,True,Rust
MergeEvent,2023-10-13,rachel_kim,facebook/jest,facebook,approved,,,True,C++
PushEvent,2023-10-31,sarah_chen,netflix/conductor,netflix,commented,14.0,16.0,True,JavaScript
PushEvent,2023-06-25,emma_garcia,google/go,google,commented,9.0,12.0,True,JavaScript
CommitEvent,2023-04-27,mark_davis,facebook/docusaurus,facebook,created,11.0,11.0,False,Java
PullRequestEvent,2023-12-18,jen_liu,google/chromium,google,opened,42.0,16.0,True,TypeScript
PushEvent,2023-07-20,sophie_duval,facebook/react-native,facebook,opened,7.0,11.0,True,JavaScript
IssuesEvent,2023-11-11,chris_lee,google/angular,google,merged,,,True,Go
PushEvent,2023-11-07,robert_brown,facebook/docusaurus,facebook,approved,12.0,2.0,False,JavaScript
PullRequestEvent,2023-09-12,david_martinez,microsoft/PowerToys,microsoft,merged,36.0,47.0,True,TypeScript
PushEvent,2023-08-28,mike_johnson,uber/pyro,uber,reviewed,3.0,12.0,False,TypeScript
CreateEvent,2023-05-25,nina_patel,apache/beam,apache,merged,,,True,JavaScript
PullRequestEvent,2023-12-20,sophie_duval,apache/flink,apache,commented,43.0,77.0,True,TypeScript
IssuesEvent,2023-04-07,sophie_duval,airbnb/enzyme,airbnb,opened,,,False,TypeScript
PushEvent,2023-06-01,chris_lee,hashicorp/vault,hashicorp,closed,14.0,11.0,True,C++
IssuesEvent,2023-02-20,sarah_chen,uber/jaeger,uber,reviewed,,,True,Go
CommitEvent,2023-11-29,sarah_chen,netflix/ribbon,netflix,closed,5.0,6.0,True,C++
PullRequestEvent,2023-07-05,lisa_anderson,microsoft/vscode,microsoft,opened,16.0,50.0,True,C++
MergeEvent,2023-03-11,tom_nelson,vercel/micro,vercel,reviewed,,,True,Java
PullRequestEvent,2023-04-20,dan_murphy,microsoft/PowerToys,microsoft,closed,6.0,15.0,True,Python
PullRequestEvent,2023-05-05,dan_murphy,airbnb/enzyme,airbnb,reviewed,16.0,100.0,True,C++
IssuesEvent,2023-08-08,tom_nelson,airbnb/lottie,airbnb,updated,,,True,Python
IssuesEvent,2023-02-11,david_martinez,microsoft/terminal,microsoft,commented,,,True,Go
PullRequestEvent,2023-07-11,emma_garcia,elastic/beats,elastic,approved,6.0,99.0,False,C++
CommitEvent,2023-12-22,maria_rodriguez,apache/airflow,apache,reviewed,7.0,14.0,True,Java
PushEvent,2023-05-25,david_martinez,facebook/jest,facebook,closed,12.0,17.0,False,Rust
IssuesEvent,2023-02-10,tom_nelson,netflix/ribbon,netflix,updated,,,True,TypeScript
CommitEvent,2023-07-17,rachel_kim,facebook/relay,facebook,approved,13.0,15.0,True,Python
IssuesEvent,2023-05-07,james_smith,facebook/docusaurus,facebook,reviewed,,,False,Go
CreateEvent,2023-02-21,james_smith,apache/spark,apache,closed,,,True,JavaScript
MergeEvent,2023-04-11,olivia_zhang,netflix/conductor,netflix,commented,,,True,Rust
PushEvent,2023-04-25,jen_liu,microsoft/dotnet,microsoft,closed,7.0,19.0,False,C++
PushEvent,2023-08-31,jen_liu,elastic/beats,elastic,reviewed,6.0,10.0,True,Python
PushEvent,2023-06-09,anna_wilson,hashicorp/vagrant,hashicorp,updated,5.0,23.0,True,C++
CreateEvent,2023-04-15,olivia_zhang,vercel/hyper,vercel,commented,,,True,Python
IssuesEvent,2023-12-27,anna_wilson,vercel/turbo,vercel,reviewed,,,True,C++
CommitEvent,2023-04-14,robert_brown,elastic/apm-server,elastic,updated,1.0,9.0,True,TypeScript
MergeEvent,2023-12-21,robert_brown,netflix/eureka,netflix,reviewed,,,True,JavaScript
IssuesEvent,2023-11-12,sophie_duval,vercel/swr,vercel,updated,,,True,JavaScript
PullRequestEvent,2023-01-13,mark_davis,google/tensorflow,google,updated,42.0,88.0,True,TypeScript
PullRequestEvent,2023-11-30,david_martinez,facebook/relay,facebook,reviewed,36.0,53.0,True,Rust
PullRequestEvent,2023-12-31,chris_lee,microsoft/dotnet,microsoft,opened,5.0,16.0,True,Rust
CommitEvent,2023-11-26,david_martinez,uber/pyro,uber,commented,8.0,5.0,False,Go
PushEvent,2023-09-22,tom_nelson,uber/pyro,uber,approved,9.0,2.0,True,Go
PullRequestEvent,2023-03-29,mike_johnson,apache/flink,apache,closed,45.0,89.0,True,Go
CreateEvent,2023-12-27,mark_davis,uber/pyro,uber,reviewed,,,False,TypeScript
IssuesEvent,2023-08-22,nina_patel,microsoft/terminal,microsoft,reviewed,,,True,C++
CommitEvent,2023-05-20,rachel_kim,apache/spark,apache,updated,12.0,1.0,True,Rust
CreateEvent,2023-04-06,sarah_chen,google/go,google,updated,,,True,JavaScript
PushEvent,2023-05-14,sophie_duval,uber/jaeger,uber,approved,2.0,13.0,True,Rust
IssuesEvent,2023-11-27,sophie_duval,apache/airflow,apache,closed,,,False,Python
CommitEvent,2023-02-08,sophie_duval,microsoft/terminal,microsoft,closed,4.0,2.0,True,C++
CommitEvent,2023-02-01,tom_nelson,uber/kraken,uber,updated,1.0,13.0,True,Python
CreateEvent,2023-07-22,maria_rodriguez,airbnb/visx,airbnb,opened,,,True,Java
IssuesEvent,2023-12-27,james_smith,facebook/relay,facebook,opened,,,True,TypeScript
CreateEvent,2023-11-20,nina_patel,apache/kafka,apache,closed,,,True,Rust
MergeEvent,2023-01-25,dan_murphy,uber/kraken,uber,approved,,,True,Rust
CommitEvent,2023-05-01,alex_kumar,netflix/eureka,netflix,merged,5.0,1.0,True,Go
PushEvent,2023-02-18,david_martinez,netflix/hystrix,netflix,approved,13.0,13.0,True,Python
IssuesEvent,2023-05-31,mark_davis,vercel/swr,vercel,opened,,,True,Go
PullRequestEvent,2023-10-08,david_martinez,uber/pyro,uber,commented,36.0,99.0,True,JavaScript
MergeEvent,2023-06-27,anna_wilson,netflix/zuul,netflix,opened,,,True,Java
MergeEvent,2023-05-27,mark_davis,vercel/turbo,vercel,updated,,,False,Python
MergeEvent,2023-01-26,mark_davis,uber/pyro,uber,approved,,,True,C++
CommitEvent,2023-01-03,sophie_duval,elastic/beats,elastic,opened,5.0,2.0,True,Java
PushEvent,2023-11-05,jen_liu,microsoft/vscode,microsoft,merged,13.0,24.0,True,JavaScript
PullRequestEvent,2023-11-23,david_martinez,hashicorp/packer,hashicorp,approved,10.0,35.0,True,JavaScript
PushEvent,2023-12-17,olivia_zhang,elastic/elasticsearch,elastic,created,13.0,9.0,True,Java
CommitEvent,2023-11-18,jen_liu,airbnb/javascript,airbnb,reviewed,2.0,25.0,True,Python
PullRequestEvent,2023-03-30,nina_patel,apache/flink,apache,updated,49.0,94.0,True,Python
PullRequestEvent,2023-04-20,james_smith,uber/cadence,uber,created,19.0,62.0,False,C++
PushEvent,2023-04-10,maria_rodriguez,hashicorp/terraform,hashicorp,opened,7.0,5.0,True,TypeScript
PushEvent,2023-08-15,james_smith,netflix/conductor,netflix,closed,4.0,9.0,True,C++
PullRequestEvent,2023-12-18,dan_murphy,uber/cadence,uber,commented,42.0,98.0,True,Java
CommitEvent,2023-01-09,alex_kumar,facebook/relay,facebook,closed,13.0,17.0,True,Java
PushEvent,2023-07-16,david_martinez,microsoft/PowerToys,microsoft,updated,1.0,9.0,True,C++
CreateEvent,2023-02-07,chris_lee,uber/pyro,uber,updated,,,True,TypeScript
PullRequestEvent,2023-01-25,robert_brown,google/flutter,google,approved,44.0,20.0,True,Java
CreateEvent,2023-09-15,david_martinez,elastic/logstash,elastic,opened,,,True,Rust
CreateEvent,2023-10-26,mike_johnson,apache/cassandra,apache,reviewed,,,True,C++
CommitEvent,2023-01-19,john_taylor,airbnb/lottie,airbnb,opened,10.0,10.0,True,Python
CommitEvent,2023-10-17,jen_liu,microsoft/dotnet,microsoft,updated,9.0,7.0,True,C++
MergeEvent,2023-11-12,sarah_chen,netflix/hystrix,netflix,created,,,True,C++
CreateEvent,2023-02-03,chris_lee,vercel/next.js,vercel,commented,,,True,Go
CreateEvent,2023-12-28,mike_johnson,google/kubernetes,google,approved,,,False,JavaScript
PullRequestEvent,2023-06-01,anna_wilson,microsoft/terminal,microsoft,commented,41.0,32.0,True,Rust
PullRequestEvent,2023-08-22,dan_murphy,uber/react-map-gl,uber,commented,2.0,57.0,True,C++
MergeEvent,2023-01-22,sarah_chen,apache/spark,apache,created,,,True,Go
MergeEvent,2023-10-18,james_smith,netflix/archaius,netflix,closed,,,True,Python
PullRequestEvent,2023-05-07,david_martinez,vercel/turbo,vercel,created,34.0,42.0,False,Python
CreateEvent,2023-11-30,anna_wilson,google/go,google,reviewed,,,True,Java
IssuesEvent,2023-06-02,mark_davis,elastic/elasticsearch,elastic,approved,,,True,Java
CreateEvent,2023-07-07,alex_kumar,apache/airflow,apache,approved,,,True,Rust
CreateEvent,2023-08-02,rachel_kim,elastic/beats,elastic,approved,,,False,JavaScript
PushEvent,2023-04-29,maria_rodriguez,uber/pyro,uber,closed,11.0,1.0,True,Go
PushEvent,2023-01-06,rachel_kim,elastic/elasticsearch,elastic,merged,7.0,8.0,True,TypeScript
PushEvent,2023-04-17,david_martinez,hashicorp/consul,hashicorp,reviewed,9.0,15.0,True,Python
PullRequestEvent,2023-03-18,emma_garcia,uber/pyro,uber,closed,21.0,68.0,True,Rust
MergeEvent,2023-05-16,jen_liu,facebook/react-native,facebook,reviewed,,,True,Rust
CommitEvent,2023-05-03,nina_patel,facebook/react,facebook,created,13.0,21.0,True,JavaScript
PullRequestEvent,2023-12-02,james_smith,airbnb/visx,airbnb,updated,31.0,43.0,False,Java
IssuesEvent,2023-10-26,mark_davis,facebook/jest,facebook,approved,,,False,Rust
IssuesEvent,2023-05-19,james_smith,netflix/eureka,netflix,updated,,,True,TypeScript
PullRequestEvent,2023-01-09,anna_wilson,netflix/eureka,netflix,reviewed,2.0,44.0,True,Python
PullRequestEvent,2023-12-03,olivia_zhang,uber/kraken,uber,commented,37.0,69.0,True,JavaScript
PushEvent,2023-05-12,chris_lee,netflix/eureka,netflix,closed,11.0,25.0,False,Rust
PushEvent,2023-10-29,robert_brown,elastic/logstash,elastic,reviewed,10.0,21.0,False,Java
CommitEvent,2023-04-12,emma_garcia,airbnb/lottie,airbnb,approved,7.0,22.0,True,Java
PushEvent,2023-11-17,sophie_duval,airbnb/visx,airbnb,commented,2.0,3.0,False,Rust
PullRequestEvent,2023-07-25,lisa_anderson,apache/flink,apache,updated,30.0,52.0,True,Python
IssuesEvent,2023-04-01,mike_johnson,vercel/hyper,vercel,approved,,,True,Python
CreateEvent,2023-12-02,maria_rodriguez,uber/pyro,uber,commented,,,True,Java
CommitEvent,2023-12-14,alex_kumar,microsoft/dotnet,microsoft,approved,10.0,15.0,False,JavaScript
PushEvent,2023-03-04,alex_kumar,hashicorp/terraform,hashicorp,approved,5.0,13.0,True,TypeScript
IssuesEvent,2023-05-27,nina_patel,netflix/ribbon,netflix,closed,,,True,Rust
MergeEvent,2023-07-23,emma_garcia,netflix/eureka,netflix,opened,,,True,Rust
IssuesEvent,2023-02-24,mike_johnson,elastic/logstash,elastic,closed,,,True,TypeScript
PushEvent,2023-12-22,chris_lee,airbnb/enzyme,airbnb,approved,2.0,18.0,True,C++
CreateEvent,2023-08-03,tom_nelson,vercel/hyper,vercel,closed,,,False,TypeScript
CreateEvent,2023-08-08,dan_murphy,facebook/relay,facebook,merged,,,False,Rust
CreateEvent,2023-09-30,olivia_zhang,uber/react-map-gl,uber,merged,,,True,JavaScript
PushEvent,2023-10-14,alex_kumar,facebook/jest,facebook,reviewed,5.0,21.0,False,TypeScript
CommitEvent,2023-01-07,maria_rodriguez,netflix/zuul,netflix,opened,7.0,9.0,False,Java
PushEvent,2023-02-12,mike_johnson,apache/airflow,apache,commented,5.0,19.0,True,Rust
CreateEvent,2023-01-05,jen_liu,hashicorp/packer,hashicorp,closed,,,True,C++
MergeEvent,2023-01-30,mark_davis,uber/cadence,uber,commented,,,False,Go
PullRequestEvent,2023-01-04,sarah_chen,airbnb/javascript,airbnb,merged,10.0,57.0,True,Go
PushEvent,2023-10-24,maria_rodriguez,airbnb/lottie,airbnb,opened,2.0,21.0,False,Java
PullRequestEvent,2023-05-21,rachel_kim,uber/jaeger,uber,merged,36.0,35.0,True,Rust
MergeEvent,2023-03-05,sarah_chen,netflix/conductor,netflix,opened,,,True,Rust
PullRequestEvent,2023-01-26,tom_nelson,facebook/yoga,facebook,approved,1.0,63.0,True,Rust
MergeEvent,2023-03-20,tom_nelson,airbnb/javascript,airbnb,updated,,,True,Python
CreateEvent,2023-07-28,mark_davis,elastic/logstash,elastic,approved,,,False,Rust
PullRequestEvent,2023-07-16,sarah_chen,facebook/relay,facebook,reviewed,39.0,47.0,False,Go
CreateEvent,2023-12-29,david_martinez,microsoft/dotnet,microsoft,updated,,,True,Go
PushEvent,2023-06-14,sarah_chen,microsoft/playwright,microsoft,created,6.0,18.0,False,Java
CommitEvent,2023-07-13,sarah_chen,facebook/react,facebook,updated,8.0,25.0,True,TypeScript
PushEvent,2023-09-11,robert_brown,hashicorp/packer,hashicorp,opened,12.0,18.0,True,TypeScript
CreateEvent,2023-08-14,olivia_zhang,netflix/archaius,netflix,approved,,,False,Java
CreateEvent,2023-11-01,sophie_duval,facebook/docusaurus,facebook,reviewed,,,False,Java
PullRequestEvent,2023-03-18,john_taylor,microsoft/dotnet,microsoft,reviewed,19.0,76.0,True,Rust
CommitEvent,2023-05-19,alex_kumar,apache/spark,apache,updated,1.0,2.0,True,Python
CreateEvent,2023-07-29,emma_garcia,facebook/yoga,facebook,merged,,,True,Python
MergeEvent,2023-10-14,robert_brown,uber/kraken,uber,created,,,True,Java
CreateEvent,2023-09-19,chris_lee,google/kubernetes,google,commented,,,True,Java
MergeEvent,2023-07-06,jen_liu,google/chromium,google,reviewed,,,True,Java
CreateEvent,2023-01-28,tom_nelson,facebook/docusaurus,facebook,reviewed,,,False,Go
PullRequestEvent,2023-01-26,emma_garcia,apache/cassandra,apache,commented,9.0,91.0,True,JavaScript
CommitEvent,2023-12-23,anna_wilson,elastic/beats,elastic,approved,2.0,10.0,True,Java
CreateEvent,2023-06-27,olivia_zhang,apache/cassandra,apache,closed,,,True,JavaScript
IssuesEvent,2023-12-10,nina_patel,vercel/swr,vercel,reviewed,,,False,Rust
IssuesEvent,2023-01-30,nina_patel,hashicorp/terraform,hashicorp,updated,,,True,JavaScript
IssuesEvent,2023-09-01,alex_kumar,netflix/eureka,netflix,approved,,,True,Python
PushEvent,2023-06-20,jen_liu,google/flutter,google,created,3.0,23.0,True,Java
IssuesEvent,2023-01-30,sophie_duval,airbnb/javascript,airbnb,commented,,,True,Java
IssuesEvent,2023-10-06,tom_nelson,apache/flink,apache,reviewed,,,True,JavaScript
IssuesEvent,2023-07-24,mark_davis,netflix/ribbon,netflix,reviewed,,,True,TypeScript
MergeEvent,2023-11-23,tom_nelson,hashicorp/vault,hashicorp,created,,,False,Python
CreateEvent,2023-07-23,lisa_anderson,netflix/conductor,netflix,approved,,,True,Python
CommitEvent,2023-08-04,anna_wilson,facebook/jest,facebook,created,7.0,10.0,True,TypeScript
MergeEvent,2023-11-26,jen_liu,apache/kafka,apache,merged,,,False,Rust
MergeEvent,2023-06-22,mike_johnson,elastic/apm-server,elastic,approved,,,True,Go
PushEvent,2023-06-05,maria_rodriguez,microsoft/terminal,microsoft,opened,2.0,22.0,True,Rust
IssuesEvent,2023-08-15,emma_garcia,airbnb/lottie,airbnb,updated,,,True,Java
IssuesEvent,2023-08-16,alex_kumar,airbnb/mavericks,airbnb,approved,,,False,C++
MergeEvent,2023-09-23,lisa_anderson,apache/airflow,apache,closed,,,True,C++
IssuesEvent,2023-07-06,john_taylor,facebook/relay,facebook,created,,,False,Go
MergeEvent,2023-05-24,rachel_kim,elastic/kibana,elastic,closed,,,True,C++
CreateEvent,2023-01-11,jen_liu,apache/spark,apache,opened,,,True,C++
CreateEvent,2023-04-03,sarah_chen,airbnb/visx,airbnb,merged,,,True,Go
PushEvent,2023-11-11,rachel_kim,hashicorp/vault,hashicorp,reviewed,8.0,2.0,True,TypeScript
MergeEvent,2023-10-14,nina_patel,netflix/eureka,netflix,reviewed,,,True,JavaScript
IssuesEvent,2023-11-04,dan_murphy,elastic/kibana,elastic,updated,,,False,Python
CreateEvent,2023-05-10,maria_rodriguez,netflix/hystrix,netflix,approved,,,True,C++
IssuesEvent,2023-08-04,maria_rodriguez,uber/jaeger,uber,updated,,,True,JavaScript
IssuesEvent,2023-07-29,dan_murphy,netflix/zuul,netflix,created,,,False,Python
PullRequestEvent,2023-02-18,sarah_chen,airbnb/enzyme,airbnb,commented,7.0,61.0,True,JavaScript
PullRequestEvent,2023-04-03,robert_brown,uber/pyro,uber,opened,44.0,96.0,False,Java
PullRequestEvent,2023-05-26,robert_brown,google/kubernetes,google,merged,49.0,50.0,True,C++
PullRequestEvent,2023-05-08,mark_davis,facebook/react-native,facebook,approved,36.0,38.0,True,Java
MergeEvent,2023-03-17,sophie_duval,airbnb/enzyme,airbnb,opened,,,True,JavaScript
CommitEvent,2023-06-20,james_smith,hashicorp/packer,hashicorp,opened,15.0,22.0,True,C++
IssuesEvent,2023-07-30,mike_johnson,netflix/ribbon,netflix,merged,,,True,Java
IssuesEvent,2023-10-14,chris_lee,elastic/beats,elastic,closed,,,True,Rust
CreateEvent,2023-04-29,dan_murphy,elastic/logstash,elastic,updated,,,True,Java
CreateEvent,2023-02-24,jen_liu,facebook/yoga,facebook,reviewed,,,False,C++
CommitEvent,2023-10-14,anna_wilson,facebook/jest,facebook,approved,13.0,10.0,False,JavaScript
CreateEvent,2023-08-23,nina_patel,netflix/zuul,netflix,created,,,False,TypeScript
PullRequestEvent,2023-04-05,sophie_duval,elastic/logstash,elastic,merged,44.0,63.0,True,C++
MergeEvent,2023-07-23,olivia_zhang,uber/react-map-gl,uber,approved,,,True,Rust
IssuesEvent,2023-10-11,mark_davis,uber/cadence,uber,closed,,,False,Java
MergeEvent,2023-12-16,maria_rodriguez,facebook/relay,facebook,opened,,,True,Rust
IssuesEvent,2023-02-03,sarah_chen,elastic/apm-server,elastic,approved,,,True,JavaScript
MergeEvent,2023-09-27,mike_johnson,uber/kraken,uber,updated,,,True,Go
IssuesEvent,2023-01-09,mark_davis,elastic/beats,elastic,closed,,,True,Python
CommitEvent,2023-08-03,emma_garcia,apache/kafka,apache,created,3.0,8.0,True,Rust
CommitEvent,2023-06-13,alex_kumar,airbnb/enzyme,airbnb,merged,1.0,11.0,True,Rust
CommitEvent,2023-05-22,dan_murphy,facebook/react-native,facebook,opened,11.0,25.0,False,Rust
CommitEvent,2023-08-07,john_taylor,vercel/hyper,vercel,updated,11.0,8.0,False,C++
IssuesEvent,2023-08-24,chris_lee,airbnb/lottie,airbnb,merged,,,True,JavaScript
PullRequestEvent,2023-10-12,nina_patel,apache/beam,apache,reviewed,50.0,20.0,True,Rust
PushEvent,2023-01-30,dan_murphy,hashicorp/consul,hashicorp,opened,9.0,5.0,True,Rust
PullRequestEvent,2023-09-29,david_martinez,elastic/elasticsearch,elastic,created,49.0,100.0,True,C++
MergeEvent,2023-07-08,nina_patel,elastic/elasticsearch,elastic,commented,,,True,C++
CommitEvent,2023-05-10,alex_kumar,microsoft/playwright,microsoft,commented,8.0,24.0,True,JavaScript
MergeEvent,2023-03-17,lisa_anderson,google/angular,google,reviewed,,,True,Go
MergeEvent,2023-03-25,david_martinez,vercel/swr,vercel,created,,,False,Java
MergeEvent,2023-03-26,nina_patel,airbnb/mavericks,airbnb,opened,,,True,Java
CreateEvent,2023-04-05,david_martinez,facebook/react-native,facebook,opened,,,True,Python
CreateEvent,2023-05-24,alex_kumar,google/tensorflow,google,reviewed,,,True,Rust
CreateEvent,2023-08-09,jen_liu,google/kubernetes,google,created,,,True,Rust
MergeEvent,2023-06-06,emma_garcia,apache/beam,apache,created,,,True,Rust
PullRequestEvent,2023-10-04,anna_wilson,hashicorp/vault,hashicorp,merged,44.0,17.0,True,TypeScript
CommitEvent,2023-04-07,emma_garcia,google/go,google,created,14.0,11.0,False,C++
IssuesEvent,2023-02-10,alex_kumar,netflix/ribbon,netflix,reviewed,,,True,C++
CommitEvent,2023-02-28,lisa_anderson,netflix/conductor,netflix,reviewed,11.0,25.0,True,Go
CreateEvent,2023-11-05,anna_wilson,vercel/swr,vercel,reviewed,,,True,Go
CreateEvent,2023-09-22,sophie_duval,airbnb/visx,airbnb,closed,,,True,JavaScript
CommitEvent,2023-12-01,nina_patel,airbnb/mavericks,airbnb,created,12.0,18.0,True,C++
CommitEvent,2023-11-26,sophie_duval,apache/flink,apache,opened,1.0,24.0,True,Go
IssuesEvent,2023-01-22,nina_patel,elastic/kibana,elastic,created,,,True,Python
MergeEvent,2023-04-02,mike_johnson,vercel/turbo,vercel,opened,,,True,C++
PushEvent,2023-03-09,dan_murphy,hashicorp/nomad,hashicorp,approved,9.0,16.0,True,Python
PushEvent,2023-06-15,mike_johnson,apache/beam,apache,updated,2.0,22.0,False,C++
CommitEvent,2023-07-04,chris_lee,netflix/eureka,netflix,approved,14.0,2.0,True,Rust
MergeEvent,2023-09-23,lisa_anderson,hashicorp/consul,hashicorp,commented,,,True,Rust
CommitEvent,2023-07-12,anna_wilson,netflix/zuul,netflix,merged,14.0,15.0,True,JavaScript
IssuesEvent,2023-05-26,robert_brown,hashicorp/packer,hashicorp,closed,,,True,C++
PushEvent,2023-09-08,robert_brown,vercel/micro,vercel,merged,5.0,13.0,True,Python
CommitEvent,2023-07-19,dan_murphy,microsoft/dotnet,microsoft,closed,1.0,20.0,True,JavaScript
CreateEvent,2023-04-26,olivia_zhang,airbnb/javascript,airbnb,opened,,,True,Go
MergeEvent,2023-02-18,john_taylor,uber/react-map-gl,uber,commented,,,False,Java
IssuesEvent,2023-07-17,maria_rodriguez,facebook/react-native,facebook,closed,,,True,C++
MergeEvent,2023-11-30,david_martinez,apache/flink,apache,opened,,,True,Python
MergeEvent,2023-01-20,jen_liu,google/tensorflow,google,closed,,,True,Java
PullRequestEvent,2023-11-09,jen_liu,netflix/conductor,netflix,approved,28.0,76.0,False,Rust
PullRequestEvent,2023-06-01,tom_nelson,elastic/apm-server,elastic,closed,43.0,1.0,True,Python
CreateEvent,2023-02-12,tom_nelson,google/go,google,reviewed,,,True,Go
PullRequestEvent,2023-07-22,sophie_duval,elastic/beats,elastic,closed,15.0,8.0,False,Python
CommitEvent,2023-09-18,david_martinez,elastic/kibana,elastic,opened,9.0,14.0,True,Java
PushEvent,2023-10-26,alex_kumar,microsoft/TypeScript,microsoft,approved,13.0,1.0,True,TypeScript
CreateEvent,2023-04-11,james_smith,apache/spark,apache,reviewed,,,False,Rust
PushEvent,2023-06-09,chris_lee,google/angular,google,closed,1.0,11.0,True,Rust
CommitEvent,2023-08-15,robert_brown,airbnb/mavericks,airbnb,created,3.0,5.0,True,JavaScript
MergeEvent,2023-01-06,alex_kumar,netflix/eureka,netflix,reviewed,,,True,JavaScript
CommitEvent,2023-10-20,mark_davis,apache/flink,apache,approved,3.0,6.0,True,Python
CreateEvent,2023-10-20,john_taylor,vercel/hyper,vercel,updated,,,False,JavaScript
PushEvent,2023-05-08,olivia_zhang,elastic/logstash,elastic,reviewed,6.0,11.0,True,TypeScript
PushEvent,2023-05-02,rachel_kim,uber/pyro,uber,merged,15.0,25.0,True,Java
IssuesEvent,2023-07-03,david_martinez,apache/kafka,apache,created,,,True,Rust
PushEvent,2023-03-02,mike_johnson,microsoft/playwright,microsoft,updated,9.0,4.0,True,Python
IssuesEvent,2023-11-20,john_taylor,microsoft/PowerToys,microsoft,reviewed,,,False,Java
MergeEvent,2023-05-12,sophie_duval,vercel/hyper,vercel,updated,,,False,JavaScript
PullRequestEvent,2023-12-22,sophie_duval,netflix/conductor,netflix,merged,42.0,13.0,True,Python
IssuesEvent,2023-06-05,dan_murphy,netflix/conductor,netflix,opened,,,True,C++
PushEvent,2023-03-31,john_taylor,hashicorp/consul,hashicorp,approved,4.0,24.0,False,C++
IssuesEvent,2023-06-08,lisa_anderson,uber/kraken,uber,commented,,,False,TypeScript
PushEvent,2023-05-17,james_smith,facebook/relay,facebook,commented,9.0,9.0,True,Rust
CreateEvent,2023-07-17,anna_wilson,apache/airflow,apache,reviewed,,,False,Python
CommitEvent,2023-09-10,jen_liu,google/go,google,updated,8.0,25.0,True,Go
PushEvent,2023-02-03,mark_davis,apache/flink,apache,merged,1.0,11.0,True,C++
PullRequestEvent,2023-09-03,james_smith,airbnb/lottie,airbnb,approved,13.0,91.0,False,TypeScript
PushEvent,2023-07-14,chris_lee,microsoft/playwright,microsoft,opened,10.0,11.0,True,C++
PullRequestEvent,2023-11-17,lisa_anderson,elastic/beats,elastic,updated,9.0,75.0,True,TypeScript
CommitEvent,2023-05-26,john_taylor,hashicorp/vault,hashicorp,created,6.0,8.0,True,C++
CreateEvent,2023-11-11,tom_nelson,netflix/zuul,netflix,closed,,,True,Python
CreateEvent,2023-11-18,nina_patel,hashicorp/vagrant,hashicorp,created,,,True,Rust
CommitEvent,2023-01-25,sarah_chen,apache/cassandra,apache,merged,14.0,10.0,True,Java
CreateEvent,2023-10-28,rachel_kim,vercel/swr,vercel,opened,,,False,Java
MergeEvent,2023-04-30,sarah_chen,elastic/kibana,elastic,merged,,,True,C++
PushEvent,2023-04-10,sophie_duval,vercel/micro,vercel,created,12.0,6.0,True,Rust
CommitEvent,2023-05-09,emma_garcia,microsoft/TypeScript,microsoft,reviewed,1.0,9.0,False,Go
CommitEvent,2023-03-04,nina_patel,microsoft/TypeScript,microsoft,merged,12.0,14.0,True,Python
IssuesEvent,2023-10-07,john_taylor,vercel/micro,vercel,merged,,,False,JavaScript
IssuesEvent,2023-05-11,nina_patel,facebook/jest,facebook,opened,,,False,JavaScript
MergeEvent,2023-02-25,james_smith,elastic/logstash,elastic,updated,,,True,Python
CommitEvent,2023-05-26,lisa_anderson,hashicorp/nomad,hashicorp,commented,4.0,16.0,True,Go
PullRequestEvent,2023-10-06,jen_liu,vercel/swr,vercel,closed,44.0,49.0,False,TypeScript
PullRequestEvent,2023-09-08,chris_lee,vercel/hyper,vercel,created,42.0,7.0,False,TypeScript
PushEvent,2023-05-01,david_martinez,airbnb/enzyme,airbnb,updated,7.0,8.0,False,Go
MergeEvent,2023-09-10,alex_kumar,microsoft/TypeScript,microsoft,commented,,,False,Go
PushEvent,2023-09-12,dan_murphy,microsoft/terminal,microsoft,updated,9.0,3.0,True,C++
CreateEvent,2023-10-03,tom_nelson,hashicorp/consul,hashicorp,reviewed,,,True,Rust
PullRequestEvent,2023-09-26,john_taylor,apache/spark,apache,merged,32.0,12.0,True,JavaScript
CreateEvent,2023-12-28,lisa_anderson,netflix/eureka,netflix,merged,,,False,C++
PushEvent,2023-09-16,mike_johnson,microsoft/playwright,microsoft,opened,7.0,11.0,False,C++
PullRequestEvent,2023-08-26,olivia_zhang,microsoft/terminal,microsoft,commented,3.0,78.0,True,Go
PullRequestEvent,2023-03-18,david_martinez,vercel/hyper,vercel,merged,26.0,41.0,True,JavaScript
CommitEvent,2023-09-24,david_martinez,microsoft/TypeScript,microsoft,approved,2.0,12.0,False,Python
PullRequestEvent,2023-08-05,lisa_anderson,google/kubernetes,google,merged,12.0,54.0,True,Go
PushEvent,2023-06-14,nina_patel,vercel/pkg,vercel,updated,4.0,23.0,True,Go
PushEvent,2023-01-16,emma_garcia,airbnb/javascript,airbnb,updated,15.0,21.0,True,Rust
IssuesEvent,2023-04-23,david_martinez,elastic/elasticsearch,elastic,commented,,,False,JavaScript
PullRequestEvent,2023-02-05,rachel_kim,google/chromium,google,merged,11.0,80.0,True,Go
CreateEvent,2023-11-16,chris_lee,elastic/apm-server,elastic,approved,,,True,Rust
PushEvent,2023-07-20,sarah_chen,microsoft/dotnet,microsoft,reviewed,10.0,2.0,False,Rust
IssuesEvent,2023-12-29,emma_garcia,vercel/pkg,vercel,reviewed,,,True,JavaScript
CommitEvent,2023-10-13,olivia_zhang,apache/kafka,apache,created,12.0,1.0,True,Go
MergeEvent,2023-07-06,jen_liu,apache/cassandra,apache,approved,,,False,JavaScript
CreateEvent,2023-06-28,lisa_anderson,airbnb/enzyme,airbnb,updated,,,True,Python
PullRequestEvent,2023-09-07,dan_murphy,airbnb/mavericks,airbnb,opened,32.0,77.0,False,C++
PushEvent,2023-02-17,dan_murphy,elastic/apm-server,elastic,created,12.0,2.0,True,Java
CommitEvent,2023-12-10,tom_nelson,apache/spark,apache,merged,12.0,25.0,True,C++
PullRequestEvent,2023-04-23,maria_rodriguez,google/tensorflow,google,commented,42.0,96.0,True,Go
PushEvent,2023-12-01,jen_liu,apache/airflow,apache,commented,2.0,18.0,True,TypeScript
CommitEvent,2023-03-09,john_taylor,vercel/micro,vercel,closed,8.0,4.0,True,Python
CreateEvent,2023-05-15,robert_brown,hashicorp/terraform,hashicorp,updated,,,False,C++
CreateEvent,2023-10-23,rachel_kim,facebook/react-native,facebook,created,,,True,Python
PushEvent,2023-11-01,lisa_anderson,elastic/beats,elastic,closed,9.0,15.0,True,Python
IssuesEvent,2023-06-30,tom_nelson,netflix/hystrix,netflix,approved,,,True,Go
IssuesEvent,2023-11-09,lisa_anderson,netflix/conductor,netflix,commented,,,False,JavaScript
CommitEvent,2023-12-06,james_smith,airbnb/mavericks,airbnb,opened,9.0,25.0,True,Go
CreateEvent,2023-09-10,james_smith,netflix/conductor,netflix,approved,,,True,Java
CommitEvent,2023-12-29,dan_murphy,microsoft/dotnet,microsoft,commented,13.0,3.0,True,JavaScript
IssuesEvent,2023-11-10,olivia_zhang,facebook/react-native,facebook,commented,,,True,Go
MergeEvent,2023-06-20,mark_davis,google/chromium,google,opened,,,True,JavaScript
PullRequestEvent,2023-08-05,john_taylor,vercel/micro,vercel,commented,25.0,44.0,True,TypeScript
PushEvent,2023-02-04,alex_kumar,microsoft/vscode,microsoft,approved,5.0,8.0,True,Python
PullRequestEvent,2023-01-07,emma_garcia,apache/beam,apache,updated,14.0,98.0,True,Python
CommitEvent,2023-09-24,sarah_chen,netflix/ribbon,netflix,reviewed,4.0,12.0,True,C++
CreateEvent,2023-11-21,olivia_zhang,uber/kraken,uber,merged,,,True,JavaScript
CommitEvent,2023-09-07,james_smith,hashicorp/vault,hashicorp,closed,5.0,10.0,False,TypeScript
CreateEvent,2023-06-05,mike_johnson,apache/beam,apache,created,,,True,TypeScript
MergeEvent,2023-04-14,david_martinez,vercel/hyper,vercel,merged,,,True,Python
IssuesEvent,2023-05-23,emma_garcia,netflix/hystrix,netflix,closed,,,True,Java
PullRequestEvent,2023-10-08,emma_garcia,vercel/hyper,vercel,opened,24.0,87.0,True,Java
IssuesEvent,2023-07-26,sarah_chen,hashicorp/vault,hashicorp,reviewed,,,True,Python
CommitEvent,2023-01-27,nina_patel,microsoft/vscode,microsoft,opened,3.0,10.0,True,Java
PullRequestEvent,2023-11-17,emma_garcia,airbnb/javascript,airbnb,opened,20.0,7.0,True,JavaScript
MergeEvent,2023-01-22,sarah_chen,vercel/hyper,vercel,opened,,,False,C++
CreateEvent,2023-12-11,lisa_anderson,netflix/hystrix,netflix,merged,,,True,C++
PullRequestEvent,2023-08-14,dan_murphy,facebook/relay,facebook,updated,12.0,43.0,True,C++
IssuesEvent,2023-01-29,tom_nelson,netflix/eureka,netflix,created,,,True,JavaScript
CommitEvent,2023-01-30,emma_garcia,microsoft/TypeScript,microsoft,created,7.0,12.0,True,Python
CreateEvent,2023-09-06,jen_liu,hashicorp/packer,hashicorp,opened,,,True,C++
CreateEvent,2023-08-20,sophie_duval,apache/cassandra,apache,created,,,False,Rust
PushEvent,2023-03-10,james_smith,hashicorp/vagrant,hashicorp,updated,1.0,18.0,False,C++
CreateEvent,2023-07-19,olivia_zhang,elastic/kibana,elastic,reviewed,,,True,Go
CreateEvent,2023-11-26,olivia_zhang,google/go,google,closed,,,True,TypeScript
CommitEvent,2023-11-14,sophie_duval,apache/flink,apache,reviewed,9.0,20.0,True,Java
CommitEvent,2023-12-16,dan_murphy,google/flutter,google,opened,13.0,14.0,True,JavaScript
PullRequestEvent,2023-02-07,lisa_anderson,microsoft/dotnet,microsoft,reviewed,28.0,40.0,False,C++
PushEvent,2023-10-21,jen_liu,elastic/apm-server,elastic,approved,8.0,14.0,True,Go
PushEvent,2023-06-27,mark_davis,netflix/zuul,netflix,merged,9.0,14.0,True,TypeScript
MergeEvent,2023-01-05,james_smith,hashicorp/consul,hashicorp,updated,,,True,JavaScript
MergeEvent,2023-10-29,mark_davis,uber/kraken,uber,closed,,,True,JavaScript
CommitEvent,2023-07-16,lisa_anderson,microsoft/PowerToys,microsoft,reviewed,2.0,15.0,True,Java
PullRequestEvent,2023-02-03,tom_nelson,microsoft/terminal,microsoft,updated,26.0,19.0,False,Java
MergeEvent,2023-08-31,maria_rodriguez,uber/jaeger,uber,opened,,,True,Go
MergeEvent,2023-08-14,chris_lee,facebook/relay,facebook,opened,,,False,Go
PullRequestEvent,2023-08-06,jen_liu,apache/airflow,apache,closed,1.0,87.0,True,TypeScript
IssuesEvent,2023-10-09,john_taylor,microsoft/TypeScript,microsoft,merged,,,True,JavaScript
PullRequestEvent,2023-09-28,jen_liu,netflix/archaius,netflix,merged,45.0,42.0,True,Python
CreateEvent,2023-10-18,emma_garcia,facebook/yoga,facebook,approved,,,False,JavaScript
IssuesEvent,2023-04-22,emma_garcia,elastic/apm-server,elastic,updated,,,True,Rust
CommitEvent,2023-10-15,rachel_kim,microsoft/PowerToys,microsoft,updated,7.0,24.0,True,C++
CommitEvent,2023-12-03,david_martinez,vercel/pkg,vercel,merged,11.0,5.0,True,Python
MergeEvent,2023-08-20,maria_rodriguez,microsoft/vscode,microsoft,created,,,True,C++
CommitEvent,2023-01-21,chris_lee,hashicorp/packer,hashicorp,opened,12.0,19.0,True,Java
CommitEvent,2023-01-06,maria_rodriguez,vercel/hyper,vercel,commented,11.0,21.0,False,TypeScript
CommitEvent,2023-05-25,maria_rodriguez,hashicorp/terraform,hashicorp,merged,5.0,24.0,True,C++
CommitEvent,2023-09-26,rachel_kim,netflix/archaius,netflix,opened,12.0,1.0,True,Go
PushEvent,2023-06-30,anna_wilson,airbnb/enzyme,airbnb,merged,3.0,6.0,True,C++
PullRequestEvent,2023-05-02,emma_garcia,facebook/relay,facebook,approved,20.0,49.0,True,Go
CommitEvent,2023-10-14,chris_lee,uber/pyro,uber,updated,6.0,19.0,True,Go
MergeEvent,2023-04-29,emma_garcia,uber/react-map-gl,uber,created,,,False,C++
CreateEvent,2023-12-02,john_taylor,google/kubernetes,google,opened,,,True,TypeScript
IssuesEvent,2023-06-08,anna_wilson,facebook/yoga,facebook,approved,,,True,JavaScript
MergeEvent,2023-01-24,sophie_duval,hashicorp/terraform,hashicorp,closed,,,False,Rust
IssuesEvent,2023-05-12,rachel_kim,netflix/archaius,netflix,closed,,,True,JavaScript
MergeEvent,2023-01-10,mike_johnson,airbnb/lottie,airbnb,reviewed,,,True,Java
CreateEvent,2023-03-12,rachel_kim,microsoft/dotnet,microsoft,approved,,,True,C++
MergeEvent,2023-02-12,jen_liu,uber/jaeger,uber,created,,,False,TypeScript
MergeEvent,2023-02-17,jen_liu,vercel/micro,vercel,updated,,,True,C++
PullRequestEvent,2023-05-31,chris_lee,hashicorp/vault,hashicorp,opened,1.0,7.0,True,Java
MergeEvent,2023-05-30,james_smith,vercel/turbo,vercel,commented,,,True,Rust
CreateEvent,2023-03-18,nina_patel,uber/react-map-gl,uber,merged,,,True,Rust
MergeEvent,2023-09-13,rachel_kim,airbnb/lottie,airbnb,approved,,,False,C++
MergeEvent,2023-07-17,emma_garcia,netflix/ribbon,netflix,reviewed,,,False,Go
MergeEvent,2023-03-31,dan_murphy,apache/spark,apache,closed,,,True,C++
MergeEvent,2023-12-12,nina_patel,hashicorp/vagrant,hashicorp,approved,,,False,Rust
PullRequestEvent,2023-01-10,emma_garcia,facebook/docusaurus,facebook,merged,31.0,40.0,False,Rust
PullRequestEvent,2023-01-23,alex_kumar,apache/flink,apache,opened,10.0,60.0,True,JavaScript
IssuesEvent,2023-08-29,anna_wilson,facebook/react,facebook,commented,,,True,TypeScript
CommitEvent,2023-05-09,nina_patel,elastic/beats,elastic,reviewed,5.0,7.0,True,Java
IssuesEvent,2023-08-16,olivia_zhang,apache/kafka,apache,reviewed,,,True,JavaScript
CommitEvent,2023-12-03,sarah_chen,facebook/yoga,facebook,closed,5.0,20.0,True,TypeScript
PushEvent,2023-10-17,dan_murphy,facebook/jest,facebook,merged,1.0,5.0,True,JavaScript
PushEvent,2023-05-03,nina_patel,netflix/conductor,netflix,commented,15.0,12.0,True,JavaScript
PullRequestEvent,2023-04-04,chris_lee,hashicorp/vagrant,hashicorp,created,9.0,69.0,True,JavaScript
IssuesEvent,2023-11-12,david_martinez,google/chromium,google,approved,,,False,Python
CreateEvent,2023-01-08,james_smith,vercel/pkg,vercel,approved,,,True,Rust
IssuesEvent,2023-07-17,tom_nelson,elastic/logstash,elastic,created,,,True,JavaScript
CreateEvent,2023-11-27,robert_brown,elastic/kibana,elastic,commented,,,False,Go
PullRequestEvent,2023-01-13,james_smith,uber/cadence,uber,merged,42.0,93.0,True,JavaScript
IssuesEvent,2023-11-07,maria_rodriguez,microsoft/TypeScript,microsoft,created,,,True,C++
CommitEvent,2023-03-25,maria_rodriguez,vercel/hyper,vercel,merged,14.0,1.0,False,TypeScript
CreateEvent,2023-02-05,rachel_kim,google/angular,google,updated,,,False,Java
CreateEvent,2023-11-12,chris_lee,vercel/turbo,vercel,created,,,True,TypeScript
IssuesEvent,2023-03-22,sophie_duval,elastic/elasticsearch,elastic,created,,,False,C++
MergeEvent,2023-05-24,emma_garcia,facebook/jest,facebook,updated,,,True,Python
CreateEvent,2023-04-10,lisa_anderson,airbnb/visx,airbnb,reviewed,,,True,TypeScript
MergeEvent,2023-08-19,mark_davis,hashicorp/vagrant,hashicorp,closed,,,True,Go
CreateEvent,2023-02-10,maria_rodriguez,facebook/jest,facebook,merged,,,True,TypeScript
PullRequestEvent,2023-10-18,james_smith,vercel/pkg,vercel,reviewed,23.0,99.0,False,JavaScript
IssuesEvent,2023-06-17,mike_johnson,vercel/hyper,vercel,updated,,,True,TypeScript
CreateEvent,2023-05-11,james_smith,uber/jaeger,uber,reviewed,,,False,Python
CreateEvent,2023-07-22,olivia_zhang,google/flutter,google,created,,,True,Go
PullRequestEvent,2023-06-02,dan_murphy,elastic/apm-server,elastic,updated,46.0,46.0,False,TypeScript
PushEvent,2023-11-21,anna_wilson,vercel/turbo,vercel,merged,13.0,8.0,False,TypeScript
IssuesEvent,2023-05-13,david_martinez,microsoft/vscode,microsoft,approved,,,True,Python
CreateEvent,2023-07-01,robert_brown,netflix/zuul,netflix,approved,,,True,Java
IssuesEvent,2023-11-17,nina_patel,elastic/elasticsearch,elastic,created,,,True,C++
PullRequestEvent,2023-11-27,olivia_zhang,google/tensorflow,google,closed,45.0,91.0,True,TypeScript
PushEvent,2023-05-03,sophie_duval,uber/kraken,uber,approved,1.0,20.0,True,TypeScript
CommitEvent,2023-08-22,tom_nelson,google/tensorflow,google,opened,11.0,8.0,True,Python
PullRequestEvent,2023-11-17,emma_garcia,uber/jaeger,uber,reviewed,49.0,52.0,True,Java
CreateEvent,2023-03-17,nina_patel,airbnb/enzyme,airbnb,merged,,,True,TypeScript
PullRequestEvent,2023-09-25,tom_nelson,facebook/docusaurus,facebook,created,41.0,51.0,True,Go
PushEvent,2023-06-06,tom_nelson,netflix/conductor,netflix,updated,4.0,6.0,False,Java
CommitEvent,2023-04-18,mike_johnson,microsoft/TypeScript,microsoft,created,9.0,12.0,True,Python
PullRequestEvent,2023-06-30,maria_rodriguez,netflix/eureka,netflix,closed,36.0,65.0,True,JavaScript
IssuesEvent,2023-12-29,chris_lee,uber/jaeger,uber,merged,,,True,JavaScript
MergeEvent,2023-12-06,olivia_zhang,vercel/pkg,vercel,commented,,,True,JavaScript
PushEvent,2023-10-19,tom_nelson,airbnb/mavericks,airbnb,created,2.0,25.0,True,Java
CommitEvent,2023-08-02,alex_kumar,microsoft/dotnet,microsoft,merged,10.0,4.0,False,JavaScript
CommitEvent,2023-10-15,alex_kumar,google/flutter,google,created,13.0,11.0,True,TypeScript
CommitEvent,2023-02-04,nina_patel,airbnb/mavericks,airbnb,merged,4.0,8.0,True,JavaScript
PushEvent,2023-08-20,dan_murphy,airbnb/lottie,airbnb,approved,12.0,4.0,True,TypeScript
MergeEvent,2023-08-14,john_taylor,hashicorp/consul,hashicorp,opened,,,False,TypeScript
MergeEvent,2023-03-29,rachel_kim,apache/kafka,apache,reviewed,,,True,JavaScript
CommitEvent,2023-01-01,john_taylor,vercel/swr,vercel,updated,3.0,12.0,True,Python
MergeEvent,2023-07-25,john_taylor,microsoft/terminal,microsoft,created,,,True,Go
CreateEvent,2023-08-16,mark_davis,vercel/next.js,vercel,updated,,,True,JavaScript
MergeEvent,2023-04-01,mark_davis,uber/kraken,uber,opened,,,False,Java
MergeEvent,2023-02-14,sophie_duval,vercel/hyper,vercel,opened,,,False,Java
IssuesEvent,2023-10-19,jen_liu,google/kubernetes,google,reviewed,,,False,Python
CommitEvent,2023-05-09,james_smith,microsoft/terminal,microsoft,merged,7.0,23.0,True,Go
PushEvent,2023-10-25,david_martinez,microsoft/dotnet,microsoft,reviewed,12.0,9.0,True,C++
PushEvent,2023-03-15,james_smith,uber/pyro,uber,created,8.0,1.0,True,C++
CommitEvent,2023-04-26,anna_wilson,uber/pyro,uber,approved,14.0,24.0,False,TypeScript
PullRequestEvent,2023-09-30,emma_garcia,vercel/turbo,vercel,opened,26.0,14.0,True,C++
PullRequestEvent,2023-05-05,tom_nelson,vercel/micro,vercel,reviewed,40.0,64.0,True,JavaScript
PullRequestEvent,2023-08-01,david_martinez,facebook/relay,facebook,commented,25.0,57.0,True,Go
PushEvent,2023-07-08,jen_liu,microsoft/vscode,microsoft,commented,13.0,2.0,True,Go
PullRequestEvent,2023-09-19,olivia_zhang,microsoft/playwright,microsoft,approved,37.0,58.0,True,JavaScript
CreateEvent,2023-07-08,mike_johnson,facebook/react-native,facebook,updated,,,True,Go
CommitEvent,2023-08-06,emma_garcia,facebook/react-native,facebook,opened,12.0,24.0,True,Python
CreateEvent,2023-09-21,sophie_duval,vercel/turbo,vercel,opened,,,True,JavaScript
PushEvent,2023-12-19,robert_brown,hashicorp/packer,hashicorp,closed,11.0,2.0,True,Java
CreateEvent,2023-05-25,sophie_duval,airbnb/enzyme,airbnb,opened,,,True,Go
MergeEvent,2023-03-18,mike_johnson,google/angular,google,closed,,,True,Rust
CommitEvent,2023-10-16,emma_garcia,microsoft/playwright,microsoft,closed,6.0,6.0,False,C++
CreateEvent,2023-09-22,anna_wilson,netflix/conductor,netflix,updated,,,True,C++
PullRequestEvent,2023-09-29,mike_johnson,vercel/micro,vercel,created,26.0,85.0,True,Rust
IssuesEvent,2023-01-06,sarah_chen,vercel/micro,vercel,closed,,,True,Java
IssuesEvent,2023-10-14,tom_nelson,elastic/beats,elastic,closed,,,True,Go
PushEvent,2023-01-10,rachel_kim,facebook/docusaurus,facebook,merged,2.0,22.0,True,TypeScript
PullRequestEvent,2023-05-17,john_taylor,vercel/swr,vercel,closed,14.0,26.0,True,C++
CreateEvent,2023-11-21,david_martinez,vercel/micro,vercel,commented,,,True,Rust
PushEvent,2023-03-01,nina_patel,netflix/conductor,netflix,commented,9.0,15.0,False,JavaScript
MergeEvent,2023-06-20,rachel_kim,microsoft/playwright,microsoft,opened,,,True,JavaScript
CreateEvent,2023-06-05,alex_kumar,google/kubernetes,google,merged,,,False,Rust
CreateEvent,2023-09-01,sarah_chen,vercel/next.js,vercel,commented,,,True,Go
CreateEvent,2023-12-06,robert_brown,uber/pyro,uber,created,,,True,Java
MergeEvent,2023-01-10,alex_kumar,apache/spark,apache,opened,,,False,Java
PullRequestEvent,2023-03-13,mike_johnson,uber/jaeger,uber,opened,13.0,37.0,False,TypeScript
IssuesEvent,2023-07-17,john_taylor,google/kubernetes,google,updated,,,True,C++
MergeEvent,2023-05-14,mike_johnson,airbnb/javascript,airbnb,closed,,,True,Python
MergeEvent,2023-10-26,tom_nelson,vercel/hyper,vercel,closed,,,False,Python
CreateEvent,2023-12-21,robert_brown,vercel/hyper,vercel,updated,,,True,JavaScript
MergeEvent,2023-01-24,jen_liu,microsoft/PowerToys,microsoft,closed,,,True,Rust
CommitEvent,2023-09-06,mike_johnson,elastic/elasticsearch,elastic,opened,2.0,5.0,True,Go
IssuesEvent,2023-01-04,maria_rodriguez,airbnb/lottie,airbnb,created,,,True,Python
PullRequestEvent,2023-12-03,olivia_zhang,vercel/hyper,vercel,commented,22.0,55.0,True,TypeScript
CommitEvent,2023-07-01,emma_garcia,uber/kraken,uber,updated,4.0,16.0,True,C++
IssuesEvent,2023-02-21,robert_brown,uber/kraken,uber,updated,,,False,Python
IssuesEvent,2023-07-02,olivia_zhang,microsoft/TypeScript,microsoft,updated,,,True,Java
CommitEvent,2023-09-28,anna_wilson,uber/pyro,uber,approved,12.0,13.0,True,Rust
CommitEvent,2023-10-16,robert_brown,hashicorp/terraform,hashicorp,merged,7.0,7.0,True,Go
CommitEvent,2023-05-08,rachel_kim,facebook/jest,facebook,reviewed,9.0,5.0,True,TypeScript
CreateEvent,2023-02-20,alex_kumar,uber/jaeger,uber,commented,,,True,Java
CreateEvent,2023-09-24,sarah_chen,netflix/zuul,netflix,closed,,,True,Python
CommitEvent,2023-12-08,emma_garcia,vercel/turbo,vercel,commented,15.0,20.0,True,JavaScript
IssuesEvent,2023-09-11,sarah_chen,microsoft/terminal,microsoft,approved,,,False,JavaScript
CreateEvent,2023-09-11,emma_garcia,vercel/next.js,vercel,closed,,,True,C++
CommitEvent,2023-09-27,olivia_zhang,airbnb/visx,airbnb,reviewed,15.0,7.0,True,Rust
PullRequestEvent,2023-03-11,alex_kumar,vercel/turbo,vercel,approved,21.0,5.0,False,TypeScript
IssuesEvent,2023-12-20,alex_kumar,airbnb/mavericks,airbnb,merged,,,True,TypeScript
PushEvent,2023-12-04,chris_lee,uber/react-map-gl,uber,commented,5.0,3.0,True,Rust
IssuesEvent,2023-06-11,james_smith,uber/pyro,uber,updated,,,True,JavaScript
PushEvent,2023-11-29,chris_lee,uber/kraken,uber,reviewed,4.0,5.0,True,JavaScript
CreateEvent,2023-11-11,lisa_anderson,elastic/apm-server,elastic,opened,,,False,Go
PushEvent,2023-12-08,anna_wilson,airbnb/mavericks,airbnb,merged,12.0,25.0,True,Java
CommitEvent,2023-12-16,tom_nelson,vercel/turbo,vercel,closed,6.0,3.0,True,C++
MergeEvent,2023-10-11,robert_brown,apache/flink,apache,opened,,,True,Rust
PushEvent,2023-12-15,mike_johnson,facebook/react-native,facebook,approved,6.0,18.0,True,C++
PushEvent,2023-08-11,olivia_zhang,elastic/logstash,elastic,updated,15.0,1.0,True,Java
MergeEvent,2023-03-05,james_smith,netflix/zuul,netflix,closed,,,True,Rust
PullRequestEvent,2023-10-26,sophie_duval,uber/kraken,uber,opened,27.0,16.0,True,Python
CommitEvent,2023-01-30,nina_patel,vercel/next.js,vercel,opened,2.0,20.0,True,JavaScript
PullRequestEvent,2023-04-23,mike_johnson,apache/cassandra,apache,merged,27.0,51.0,True,Rust
CreateEvent,2023-07-01,chris_lee,elastic/elasticsearch,elastic,updated,,,False,Python
PushEvent,2023-04-05,sarah_chen,elastic/beats,elastic,reviewed,1.0,20.0,True,JavaScript
PullRequestEvent,2023-10-22,mike_johnson,microsoft/PowerToys,microsoft,closed,36.0,77.0,False,Java
CreateEvent,2023-06-22,robert_brown,netflix/ribbon,netflix,reviewed,,,True,TypeScript
CreateEvent,2023-03-08,emma_garcia,netflix/eureka,netflix,opened,,,False,JavaScript
PushEvent,2023-02-04,james_smith,vercel/next.js,vercel,approved,4.0,11.0,True,TypeScript
CommitEvent,2023-10-31,david_martinez,hashicorp/packer,hashicorp,approved,10.0,9.0,False,C++
CreateEvent,2023-10-04,mark_davis,vercel/turbo,vercel,created,,,True,Python
PushEvent,2023-01-13,anna_wilson,netflix/hystrix,netflix,approved,7.0,18.0,True,TypeScript
CreateEvent,2023-11-28,emma_garcia,netflix/hystrix,netflix,commented,,,False,Go
CreateEvent,2023-07-03,david_martinez,uber/kraken,uber,created,,,True,Go
CommitEvent,2023-11-06,nina_patel,facebook/docusaurus,facebook,closed,8.0,15.0,False,Python
CommitEvent,2023-01-14,chris_lee,apache/flink,apache,updated,5.0,11.0,True,Go
IssuesEvent,2023-05-25,emma_garcia,facebook/jest,facebook,updated,,,True,Java
MergeEvent,2023-09-05,john_taylor,apache/kafka,apache,commented,,,True,Python
MergeEvent,2023-07-13,emma_garcia,elastic/logstash,elastic,merged,,,True,JavaScript
CommitEvent,2023-04-15,jen_liu,elastic/kibana,elastic,approved,1.0,5.0,False,Java
MergeEvent,2023-05-07,john_taylor,google/angular,google,created,,,True,TypeScript
PullRequestEvent,2023-07-10,anna_wilson,vercel/pkg,vercel,closed,46.0,25.0,True,Go
CreateEvent,2023-08-25,james_smith,apache/spark,apache,commented,,,False,C++
MergeEvent,2023-09-25,chris_lee,hashicorp/terraform,hashicorp,updated,,,True,Java
IssuesEvent,2023-01-12,rachel_kim,vercel/pkg,vercel,commented,,,False,TypeScript
MergeEvent,2023-05-03,maria_rodriguez,facebook/docusaurus,facebook,created,,,True,Python
PushEvent,2023-11-12,john_taylor,hashicorp/vault,hashicorp,merged,4.0,22.0,True,Go
IssuesEvent,2023-08-18,dan_murphy,airbnb/enzyme,airbnb,updated,,,True,Go
MergeEvent,2023-11-30,mike_johnson,google/chromium,google,created,,,True,Go
IssuesEvent,2023-09-12,dan_murphy,vercel/swr,vercel,approved,,,True,Python
CommitEvent,2023-11-10,sarah_chen,google/kubernetes,google,commented,15.0,5.0,True,Python
CommitEvent,2023-07-28,chris_lee,uber/jaeger,uber,commented,11.0,14.0,False,TypeScript
PushEvent,2023-09-17,sophie_duval,netflix/archaius,netflix,approved,4.0,1.0,False,Java
CommitEvent,2023-08-20,nina_patel,netflix/zuul,netflix,commented,2.0,22.0,True,C++
PushEvent,2023-05-15,rachel_kim,facebook/yoga,facebook,reviewed,6.0,24.0,True,Go
MergeEvent,2023-06-10,olivia_zhang,uber/kraken,uber,reviewed,,,True,TypeScript
CreateEvent,2023-04-13,robert_brown,apache/flink,apache,closed,,,True,TypeScript
PushEvent,2023-06-16,anna_wilson,google/go,google,opened,13.0,25.0,True,C++
MergeEvent,2023-04-14,sophie_duval,uber/react-map-gl,uber,closed,,,True,Go
PushEvent,2023-01-15,chris_lee,uber/pyro,uber,merged,3.0,12.0,True,Java
IssuesEvent,2023-04-13,tom_nelson,elastic/apm-server,elastic,created,,,True,TypeScript
PushEvent,2023-11-13,sophie_duval,netflix/conductor,netflix,commented,13.0,21.0,True,C++
CommitEvent,2023-01-07,maria_rodriguez,apache/spark,apache,commented,2.0,8.0,False,C++
CommitEvent,2023-09-04,sarah_chen,google/kubernetes,google,closed,9.0,8.0,True,JavaScript
CommitEvent,2023-11-30,tom_nelson,google/flutter,google,updated,1.0,13.0,True,TypeScript
CreateEvent,2023-07-24,robert_brown,hashicorp/vagrant,hashicorp,opened,,,False,Java
MergeEvent,2023-01-09,olivia_zhang,airbnb/mavericks,airbnb,updated,,,True,Python
CreateEvent,2023-12-21,nina_patel,vercel/hyper,vercel,created,,,True,Rust
MergeEvent,2023-07-29,chris_lee,uber/react-map-gl,uber,approved,,,True,Go
MergeEvent,2023-12-30,dan_murphy,hashicorp/terraform,hashicorp,updated,,,False,JavaScript
CommitEvent,2023-10-05,jen_liu,netflix/conductor,netflix,reviewed,15.0,21.0,True,Python
PullRequestEvent,2023-03-24,nina_patel,apache/flink,apache,reviewed,33.0,73.0,True,Java
IssuesEvent,2023-02-08,sophie_duval,facebook/yoga,facebook,closed,,,True,TypeScript
PullRequestEvent,2023-03-28,mark_davis,elastic/elasticsearch,elastic,updated,10.0,8.0,False,C++
PullRequestEvent,2023-10-17,lisa_anderson,apache/airflow,apache,approved,38.0,18.0,False,Go
PullRequestEvent,2023-11-04,anna_wilson,elastic/elasticsearch,elastic,updated,28.0,62.0,False,Java
MergeEvent,2023-04-04,chris_lee,vercel/micro,vercel,opened,,,True,Java
CommitEvent,2023-03-10,nina_patel,elastic/apm-server,elastic,created,7.0,21.0,True,C++
IssuesEvent,2023-06-11,alex_kumar,airbnb/lottie,airbnb,opened,,,True,Rust
IssuesEvent,2023-03-28,dan_murphy,google/tensorflow,google,reviewed,,,True,JavaScript
PushEvent,2023-07-18,john_taylor,hashicorp/nomad,hashicorp,closed,6.0,2.0,False,Rust
PushEvent,2023-08-10,sophie_duval,airbnb/javascript,airbnb,approved,9.0,5.0,False,C++
CommitEvent,2023-06-24,chris_lee,airbnb/javascript,airbnb,approved,2.0,15.0,True,C++
IssuesEvent,2023-08-25,nina_patel,microsoft/dotnet,microsoft,reviewed,,,True,Rust
MergeEvent,2023-12-15,jen_liu,netflix/archaius,netflix,created,,,True,C++
MergeEvent,2023-07-28,dan_murphy,vercel/micro,vercel,created,,,False,Go
CommitEvent,2023-04-10,james_smith,hashicorp/consul,hashicorp,updated,2.0,15.0,False,TypeScript
CreateEvent,2023-06-24,lisa_anderson,netflix/archaius,netflix,closed,,,True,C++
CreateEvent,2023-11-30,david_martinez,elastic/kibana,elastic,commented,,,True,TypeScript
MergeEvent,2023-09-20,john_taylor,hashicorp/vagrant,hashicorp,updated,,,True,C++
IssuesEvent,2023-07-12,mike_johnson,uber/react-map-gl,uber,merged,,,False,Go
CommitEvent,2023-06-27,emma_garcia,uber/jaeger,uber,updated,15.0,10.0,False,JavaScript
PushEvent,2023-08-07,alex_kumar,vercel/pkg,vercel,reviewed,11.0,10.0,True,TypeScript
PushEvent,2023-05-30,chris_lee,facebook/yoga,facebook,closed,15.0,3.0,True,TypeScript
PullRequestEvent,2023-02-07,emma_garcia,facebook/docusaurus,facebook,updated,45.0,83.0,True,TypeScript
IssuesEvent,2023-12-18,rachel_kim,hashicorp/nomad,hashicorp,created,,,False,JavaScript
PullRequestEvent,2023-08-10,rachel_kim,google/flutter,google,closed,22.0,54.0,False,Python
PushEvent,2023-12-11,olivia_zhang,uber/cadence,uber,created,9.0,9.0,True,Rust
IssuesEvent,2023-02-12,olivia_zhang,airbnb/mavericks,airbnb,commented,,,True,C++
CommitEvent,2023-01-22,nina_patel,facebook/docusaurus,facebook,commented,10.0,5.0,True,C++
PushEvent,2023-03-21,emma_garcia,facebook/yoga,facebook,created,1.0,12.0,True,Python
CommitEvent,2023-03-23,alex_kumar,facebook/react,facebook,opened,1.0,22.0,True,Go
PullRequestEvent,2023-03-18,lisa_anderson,elastic/elasticsearch,elastic,commented,9.0,38.0,True,Rust
CreateEvent,2023-02-06,tom_nelson,microsoft/terminal,microsoft,reviewed,,,True,TypeScript
CreateEvent,2023-07-08,mike_johnson,microsoft/TypeScript,microsoft,opened,,,True,C++
PullRequestEvent,2023-12-19,james_smith,vercel/swr,vercel,updated,12.0,51.0,True,TypeScript
MergeEvent,2023-06-13,rachel_kim,airbnb/visx,airbnb,approved,,,True,TypeScript
PushEvent,2023-07-05,chris_lee,uber/pyro,uber,commented,7.0,7.0,True,TypeScript
MergeEvent,2023-11-09,nina_patel,google/chromium,google,merged,,,True,C++
PullRequestEvent,2023-09-15,robert_brown,airbnb/enzyme,airbnb,closed,31.0,67.0,True,Java
MergeEvent,2023-12-14,mike_johnson,facebook/relay,facebook,opened,,,True,JavaScript
PushEvent,2023-07-06,mark_davis,elastic/logstash,elastic,merged,7.0,14.0,True,Rust
PullRequestEvent,2023-08-03,sophie_duval,microsoft/TypeScript,microsoft,approved,34.0,27.0,True,Go
IssuesEvent,2023-08-31,alex_kumar,airbnb/visx,airbnb,approved,,,True,C++
MergeEvent,2023-02-08,jen_liu,airbnb/mavericks,airbnb,updated,,,True,JavaScript
CreateEvent,2023-07-05,mike_johnson,google/go,google,opened,,,False,Java
PullRequestEvent,2023-01-09,tom_nelson,google/go,google,updated,5.0,47.0,True,Python
MergeEvent,2023-06-28,dan_murphy,apache/cassandra,apache,commented,,,True,Rust
IssuesEvent,2023-04-07,maria_rodriguez,microsoft/vscode,microsoft,closed,,,True,JavaScript
PushEvent,2023-11-30,robert_brown,apache/cassandra,apache,closed,6.0,1.0,True,Java
MergeEvent,2023-07-08,dan_murphy,netflix/archaius,netflix,closed,,,True,Python
CommitEvent,2023-03-19,alex_kumar,microsoft/vscode,microsoft,opened,7.0,20.0,False,Go
CreateEvent,2023-12-26,sophie_duval,airbnb/enzyme,airbnb,reviewed,,,True,Java
CreateEvent,2023-12-17,robert_brown,elastic/logstash,elastic,opened,,,True,Java
CommitEvent,2023-11-08,lisa_anderson,airbnb/lottie,airbnb,reviewed,15.0,20.0,True,Rust
PushEvent,2023-10-26,mark_davis,hashicorp/vault,hashicorp,opened,2.0,17.0,True,Python
CommitEvent,2023-12-15,sarah_chen,google/kubernetes,google,reviewed,12.0,12.0,False,Go
MergeEvent,2023-06-27,mark_davis,apache/kafka,apache,opened,,,True,JavaScript
CreateEvent,2023-04-29,james_smith,elastic/apm-server,elastic,merged,,,False,JavaScript
PullRequestEvent,2023-09-10,mike_johnson,netflix/zuul,netflix,merged,36.0,2.0,False,JavaScript
IssuesEvent,2023-10-04,john_taylor,microsoft/dotnet,microsoft,created,,,True,C++
CreateEvent,2023-08-01,alex_kumar,uber/kraken,uber,approved,,,True,Rust
IssuesEvent,2023-06-12,jen_liu,apache/cassandra,apache,commented,,,True,C++
IssuesEvent,2023-10-30,olivia_zhang,uber/jaeger,uber,updated,,,False,JavaScript
CreateEvent,2023-06-26,mark_davis,google/angular,google,reviewed,,,True,Rust
CommitEvent,2023-10-27,olivia_zhang,apache/spark,apache,created,15.0,7.0,False,Python
IssuesEvent,2023-07-18,anna_wilson,hashicorp/consul,hashicorp,created,,,True,Python
CreateEvent,2023-09-29,sophie_duval,elastic/elasticsearch,elastic,commented,,,True,C++
CommitEvent,2023-10-22,mark_davis,google/tensorflow,google,merged,2.0,22.0,False,Python
CommitEvent,2023-05-25,emma_garcia,uber/kraken,uber,opened,7.0,16.0,False,Rust
PushEvent,2023-03-23,james_smith,facebook/yoga,facebook,updated,15.0,5.0,True,C++
IssuesEvent,2023-08-23,olivia_zhang,apache/kafka,apache,created,,,False,Rust
CommitEvent,2023-04-06,jen_liu,google/kubernetes,google,reviewed,6.0,25.0,True,Rust
CreateEvent,2023-03-04,rachel_kim,google/chromium,google,closed,,,True,Rust
CreateEvent,2023-03-05,emma_garcia,airbnb/mavericks,airbnb,closed,,,True,Rust
MergeEvent,2023-05-12,james_smith,uber/react-map-gl,uber,opened,,,False,C++
CommitEvent,2023-03-23,alex_kumar,netflix/zuul,netflix,approved,1.0,21.0,True,Java
CommitEvent,2023-05-31,sophie_duval,airbnb/javascript,airbnb,created,5.0,11.0,True,TypeScript
PullRequestEvent,2023-08-20,chris_lee,facebook/yoga,facebook,created,6.0,66.0,False,Rust
CommitEvent,2023-09-26,mike_johnson,google/flutter,google,merged,7.0,7.0,True,Java
MergeEvent,2023-08-13,dan_murphy,apache/cassandra,apache,approved,,,True,Java
MergeEvent,2023-11-03,john_taylor,vercel/next.js,vercel,approved,,,True,Java
MergeEvent,2023-10-28,mark_davis,hashicorp/terraform,hashicorp,closed,,,True,JavaScript
MergeEvent,2023-03-01,sarah_chen,hashicorp/terraform,hashicorp,closed,,,True,TypeScript
MergeEvent,2023-11-28,nina_patel,microsoft/terminal,microsoft,updated,,,False,Python
MergeEvent,2023-07-04,anna_wilson,hashicorp/packer,hashicorp,closed,,,False,Rust
CommitEvent,2023-04-21,nina_patel,google/angular,google,reviewed,12.0,20.0,True,Rust
IssuesEvent,2023-12-15,lisa_anderson,airbnb/lottie,airbnb,merged,,,True,Rust
CreateEvent,2023-08-13,james_smith,vercel/swr,vercel,approved,,,True,Rust
CreateEvent,2023-03-15,robert_brown,vercel/micro,vercel,created,,,True,Python
MergeEvent,2023-12-17,sarah_chen,netflix/hystrix,netflix,merged,,,True,Java
IssuesEvent,2023-05-05,chris_lee,uber/pyro,uber,opened,,,True,C++
PushEvent,2023-05-25,jen_liu,hashicorp/packer,hashicorp,updated,2.0,14.0,True,Python
IssuesEvent,2023-06-22,alex_kumar,apache/kafka,apache,opened,,,False,TypeScript
PushEvent,2023-12-11,tom_nelson,elastic/apm-server,elastic,approved,13.0,20.0,False,TypeScript
PushEvent,2023-10-24,mark_davis,uber/jaeger,uber,closed,9.0,12.0,True,JavaScript
PushEvent,2023-04-11,anna_wilson,airbnb/javascript,airbnb,reviewed,2.0,5.0,True,TypeScript
PullRequestEvent,2023-03-13,chris_lee,uber/cadence,uber,commented,20.0,81.0,True,Rust
PushEvent,2023-10-05,nina_patel,netflix/zuul,netflix,created,8.0,19.0,True,Go
CommitEvent,2023-09-15,rachel_kim,google/go,google,updated,5.0,19.0,True,Rust
MergeEvent,2023-04-04,james_smith,apache/cassandra,apache,approved,,,True,Python
IssuesEvent,2023-06-25,rachel_kim,apache/beam,apache,commented,,,True,Go
CreateEvent,2023-11-04,anna_wilson,microsoft/dotnet,microsoft,approved,,,True,Python
MergeEvent,2023-09-21,john_taylor,hashicorp/packer,hashicorp,created,,,True,JavaScript
PullRequestEvent,2023-12-31,mark_davis,facebook/docusaurus,facebook,merged,9.0,10.0,False,Java
PullRequestEvent,2023-12-22,olivia_zhang,apache/airflow,apache,opened,46.0,20.0,True,TypeScript
CreateEvent,2023-03-07,alex_kumar,facebook/docusaurus,facebook,updated,,,True,Rust
PullRequestEvent,2023-04-17,robert_brown,apache/beam,apache,reviewed,22.0,1.0,True,JavaScript
MergeEvent,2023-09-30,sophie_duval,facebook/react,facebook,created,,,False,Go
PushEvent,2023-07-14,robert_brown,vercel/micro,vercel,created,8.0,15.0,True,Python
PushEvent,2023-07-04,alex_kumar,google/chromium,google,approved,9.0,7.0,True,Python
CommitEvent,2023-01-02,emma_garcia,microsoft/vscode,microsoft,updated,11.0,4.0,True,Java
MergeEvent,2023-02-13,dan_murphy,netflix/conductor,netflix,commented,,,False,Java
CommitEvent,2023-08-05,nina_patel,facebook/relay,facebook,commented,15.0,14.0,False,Go
IssuesEvent,2023-05-09,jen_liu,google/chromium,google,approved,,,True,Java
CreateEvent,2023-05-29,mark_davis,apache/cassandra,apache,merged,,,True,C++
PullRequestEvent,2023-08-14,john_taylor,google/kubernetes,google,reviewed,3.0,94.0,True,Java
PullRequestEvent,2023-07-05,chris_lee,vercel/turbo,vercel,closed,30.0,67.0,True,JavaScript
CreateEvent,2023-11-19,john_taylor,microsoft/dotnet,microsoft,approved,,,False,JavaScript
CommitEvent,2023-11-17,david_martinez,apache/beam,apache,merged,13.0,14.0,True,Java
IssuesEvent,2023-09-25,dan_murphy,facebook/yoga,facebook,created,,,True,JavaScript
MergeEvent,2023-06-15,sarah_chen,uber/react-map-gl,uber,created,,,True,TypeScript
PushEvent,2023-05-14,nina_patel,vercel/next.js,vercel,created,1.0,21.0,True,TypeScript
MergeEvent,2023-07-30,maria_rodriguez,airbnb/mavericks,airbnb,opened,,,True,Python
CreateEvent,2023-01-28,david_martinez,apache/airflow,apache,reviewed,,,True,Java
CreateEvent,2023-09-05,tom_nelson,airbnb/visx,airbnb,opened,,,False,JavaScript
MergeEvent,2023-06-15,chris_lee,google/kubernetes,google,closed,,,True,Go
CommitEvent,2023-04-30,john_taylor,elastic/elasticsearch,elastic,commented,14.0,14.0,True,Java
CommitEvent,2024-01-01,maria_rodriguez,apache/flink,apache,reviewed,4.0,10.0,True,JavaScript
PullRequestEvent,2023-01-27,james_smith,hashicorp/packer,hashicorp,approved,48.0,8.0,False,JavaScript
PullRequestEvent,2023-03-06,emma_garcia,hashicorp/nomad,hashicorp,updated,27.0,44.0,True,Python
CreateEvent,2023-01-12,nina_patel,elastic/apm-server,elastic,updated,,,True,JavaScript
MergeEvent,2023-05-21,rachel_kim,hashicorp/packer,hashicorp,commented,,,True,Rust
CreateEvent,2023-06-20,rachel_kim,hashicorp/packer,hashicorp,reviewed,,,True,Rust
MergeEvent,2023-05-24,lisa_anderson,airbnb/mavericks,airbnb,merged,,,False,Python
CreateEvent,2023-02-20,emma_garcia,elastic/logstash,elastic,approved,,,True,C++
MergeEvent,2023-04-03,nina_patel,google/tensorflow,google,opened,,,False,Go
IssuesEvent,2023-10-22,tom_nelson,vercel/next.js,vercel,reviewed,,,True,Python
CommitEvent,2023-03-06,rachel_kim,microsoft/terminal,microsoft,opened,2.0,1.0,True,Python
CommitEvent,2023-02-16,olivia_zhang,microsoft/playwright,microsoft,created,9.0,23.0,True,TypeScript
PushEvent,2023-12-31,chris_lee,uber/pyro,uber,merged,4.0,4.0,True,JavaScript
CommitEvent,2023-12-01,anna_wilson,facebook/docusaurus,facebook,reviewed,1.0,19.0,False,Go
CreateEvent,2023-06-23,nina_patel,hashicorp/packer,hashicorp,reviewed,,,True,JavaScript
PushEvent,2023-09-05,david_martinez,airbnb/visx,airbnb,updated,9.0,13.0,True,JavaScript
PullRequestEvent,2023-02-06,sarah_chen,facebook/react-native,facebook,opened,31.0,81.0,False,JavaScript
PushEvent,2023-10-30,david_martinez,vercel/turbo,vercel,commented,11.0,21.0,True,Go
MergeEvent,2023-10-13,dan_murphy,google/chromium,google,created,,,True,Go
CommitEvent,2023-04-24,sophie_duval,facebook/yoga,facebook,merged,13.0,8.0,False,C++
PullRequestEvent,2023-04-02,chris_lee,facebook/relay,facebook,reviewed,50.0,69.0,False,Rust
MergeEvent,2023-12-22,james_smith,vercel/hyper,vercel,commented,,,False,C++
PushEvent,2023-08-24,dan_murphy,apache/kafka,apache,closed,9.0,22.0,True,TypeScript
IssuesEvent,2023-09-27,alex_kumar,apache/cassandra,apache,closed,,,False,Python
CommitEvent,2023-09-28,john_taylor,apache/cassandra,apache,closed,9.0,5.0,True,JavaScript
PullRequestEvent,2023-05-30,mark_davis,elastic/logstash,elastic,updated,24.0,96.0,True,Rust
PushEvent,2023-05-01,maria_rodriguez,google/tensorflow,google,updated,15.0,10.0,True,C++
IssuesEvent,2023-09-07,emma_garcia,facebook/jest,facebook,reviewed,,,True,Java
PushEvent,2023-08-24,jen_liu,microsoft/PowerToys,microsoft,closed,15.0,6.0,True,C++
IssuesEvent,2023-12-25,alex_kumar,netflix/archaius,netflix,opened,,,True,TypeScript
CreateEvent,2023-10-16,jen_liu,elastic/logstash,elastic,reviewed,,,True,TypeScript
PushEvent,2023-06-19,alex_kumar,google/kubernetes,google,closed,10.0,16.0,True,JavaScript
PushEvent,2023-04-27,alex_kumar,microsoft/playwright,microsoft,commented,7.0,4.0,True,Rust
PushEvent,2023-03-28,mike_johnson,vercel/micro,vercel,reviewed,12.0,9.0,True,JavaScript
CommitEvent,2023-08-18,mike_johnson,hashicorp/packer,hashicorp,reviewed,3.0,22.0,True,Java
PushEvent,2023-11-16,emma_garcia,airbnb/lottie,airbnb,commented,6.0,7.0,True,Rust
CommitEvent,2023-09-16,john_taylor,hashicorp/consul,hashicorp,updated,2.0,17.0,False,Java
PullRequestEvent,2023-11-01,sophie_duval,google/kubernetes,google,closed,14.0,3.0,False,Python
CommitEvent,2023-10-17,alex_kumar,uber/pyro,uber,updated,4.0,4.0,False,C++
PushEvent,2023-07-04,rachel_kim,google/tensorflow,google,approved,12.0,1.0,False,Go
PullRequestEvent,2023-07-28,emma_garcia,microsoft/TypeScript,microsoft,merged,41.0,33.0,True,JavaScript
CommitEvent,2023-01-07,sarah_chen,uber/react-map-gl,uber,created,11.0,3.0,True,TypeScript
PushEvent,2023-11-29,robert_brown,google/tensorflow,google,commented,7.0,12.0,True,Go
PullRequestEvent,2023-03-29,maria_rodriguez,uber/kraken,uber,updated,25.0,99.0,True,Python
CreateEvent,2023-11-14,mark_davis,apache/flink,apache,created,,,True,JavaScript
IssuesEvent,2023-05-28,mike_johnson,microsoft/PowerToys,microsoft,updated,,,True,C++
PullRequestEvent,2023-05-08,rachel_kim,elastic/kibana,elastic,reviewed,50.0,16.0,False,Python
CreateEvent,2023-06-18,jen_liu,facebook/relay,facebook,closed,,,False,Java
CreateEvent,2023-05-31,tom_nelson,microsoft/vscode,microsoft,closed,,,True,Go
PushEvent,2023-11-28,alex_kumar,vercel/swr,vercel,updated,1.0,23.0,False,Go
CreateEvent,2023-08-15,dan_murphy,airbnb/javascript,airbnb,opened,,,True,Rust
CommitEvent,2023-03-30,lisa_anderson,google/go,google,commented,8.0,19.0,True,Rust
IssuesEvent,2023-07-22,sarah_chen,airbnb/javascript,airbnb,commented,,,True,Rust
PushEvent,2023-04-18,rachel_kim,google/chromium,google,opened,3.0,6.0,True,Java
IssuesEvent,2023-02-13,jen_liu,google/chromium,google,created,,,True,TypeScript
PullRequestEvent,2023-03-06,jen_liu,microsoft/terminal,microsoft,updated,27.0,28.0,True,JavaScript
CreateEvent,2023-08-12,chris_lee,vercel/micro,vercel,commented,,,False,TypeScript
IssuesEvent,2023-11-28,john_taylor,vercel/next.js,vercel,approved,,,True,Python
PushEvent,2023-02-17,sarah_chen,vercel/micro,vercel,merged,14.0,25.0,True,Java
CommitEvent,2023-06-08,chris_lee,uber/kraken,uber,commented,8.0,10.0,True,Java
MergeEvent,2023-09-08,james_smith,google/kubernetes,google,closed,,,True,TypeScript
CreateEvent,2023-01-18,jen_liu,airbnb/enzyme,airbnb,created,,,True,Rust
PullRequestEvent,2023-08-22,tom_nelson,facebook/react-native,facebook,merged,6.0,4.0,True,Python
PushEvent,2023-05-09,tom_nelson,elastic/elasticsearch,elastic,created,15.0,10.0,True,Python
CreateEvent,2023-01-21,chris_lee,google/angular,google,approved,,,False,Go
PullRequestEvent,2023-05-15,dan_murphy,google/flutter,google,closed,44.0,5.0,True,Rust
MergeEvent,2023-12-12,olivia_zhang,microsoft/PowerToys,microsoft,closed,,,True,JavaScript
PullRequestEvent,2023-02-22,james_smith,apache/spark,apache,approved,7.0,48.0,False,Go
MergeEvent,2023-07-27,rachel_kim,vercel/hyper,vercel,opened,,,True,C++
PullRequestEvent,2023-12-07,jen_liu,microsoft/playwright,microsoft,updated,41.0,40.0,True,JavaScript
IssuesEvent,2023-08-25,mike_johnson,hashicorp/packer,hashicorp,merged,,,False,TypeScript
CommitEvent,2023-05-06,david_martinez,uber/jaeger,uber,commented,14.0,8.0,True,JavaScript
CommitEvent,2023-01-30,nina_patel,facebook/yoga,facebook,opened,7.0,3.0,True,Rust
CommitEvent,2023-03-30,sarah_chen,netflix/archaius,netflix,commented,4.0,6.0,False,C++
CommitEvent,2023-10-06,anna_wilson,hashicorp/packer,hashicorp,opened,4.0,13.0,False,JavaScript
IssuesEvent,2023-01-21,lisa_anderson,hashicorp/terraform,hashicorp,reviewed,,,True,C++
PushEvent,2023-08-03,lisa_anderson,apache/airflow,apache,reviewed,14.0,14.0,True,Java
CreateEvent,2023-11-24,anna_wilson,google/chromium,google,commented,,,True,JavaScript
IssuesEvent,2023-11-20,nina_patel,hashicorp/nomad,hashicorp,approved,,,True,Rust
PullRequestEvent,2023-02-18,jen_liu,hashicorp/consul,hashicorp,closed,22.0,13.0,False,Java
CommitEvent,2023-08-19,sarah_chen,apache/flink,apache,approved,12.0,18.0,True,Rust
MergeEvent,2023-07-11,olivia_zhang,vercel/hyper,vercel,opened,,,True,Go
MergeEvent,2023-08-24,david_martinez,google/angular,google,opened,,,True,Java
CommitEvent,2023-04-16,robert_brown,microsoft/PowerToys,microsoft,commented,4.0,18.0,True,JavaScript
IssuesEvent,2023-12-20,mark_davis,vercel/hyper,vercel,updated,,,False,Java
MergeEvent,2023-01-19,tom_nelson,microsoft/vscode,microsoft,approved,,,True,TypeScript
IssuesEvent,2023-01-18,john_taylor,netflix/hystrix,netflix,reviewed,,,True,TypeScript
CreateEvent,2023-08-19,david_martinez,vercel/pkg,vercel,opened,,,True,Python
MergeEvent,2023-05-11,chris_lee,microsoft/vscode,microsoft,updated,,,True,Rust
CreateEvent,2023-08-02,anna_wilson,uber/pyro,uber,closed,,,True,Go
CommitEvent,2023-10-10,james_smith,uber/pyro,uber,closed,1.0,5.0,False,Java
MergeEvent,2023-10-09,rachel_kim,airbnb/enzyme,airbnb,updated,,,True,TypeScript
PushEvent,2023-12-25,dan_murphy,netflix/archaius,netflix,commented,14.0,4.0,False,JavaScript
PushEvent,2023-07-23,james_smith,google/flutter,google,reviewed,2.0,2.0,False,Rust
IssuesEvent,2023-03-24,robert_brown,hashicorp/vault,hashicorp,closed,,,True,C++
PullRequestEvent,2023-06-04,alex_kumar,apache/kafka,apache,opened,23.0,74.0,False,Java
IssuesEvent,2023-10-31,sophie_duval,airbnb/mavericks,airbnb,commented,,,False,Python
MergeEvent,2023-08-09,sophie_duval,hashicorp/vagrant,hashicorp,approved,,,True,TypeScript
PushEvent,2023-11-13,john_taylor,microsoft/PowerToys,microsoft,commented,14.0,1.0,True,Go
PullRequestEvent,2023-07-14,nina_patel,hashicorp/terraform,hashicorp,created,36.0,55.0,False,JavaScript
CommitEvent,2023-07-03,rachel_kim,google/tensorflow,google,created,9.0,21.0,False,TypeScript
PushEvent,2023-02-11,robert_brown,elastic/beats,elastic,closed,3.0,14.0,False,Python
CreateEvent,2023-02-22,tom_nelson,netflix/archaius,netflix,approved,,,True,Python
CommitEvent,2023-01-19,sophie_duval,elastic/apm-server,elastic,closed,1.0,21.0,True,Java
CommitEvent,2023-09-01,emma_garcia,hashicorp/packer,hashicorp,reviewed,9.0,3.0,True,Rust
PullRequestEvent,2023-05-09,sophie_duval,facebook/react-native,facebook,opened,18.0,63.0,False,C++
IssuesEvent,2023-09-16,david_martinez,microsoft/vscode,microsoft,opened,,,True,JavaScript
PullRequestEvent,2023-05-24,alex_kumar,uber/kraken,uber,created,25.0,35.0,True,Java
PushEvent,2023-12-26,alex_kumar,airbnb/lottie,airbnb,opened,3.0,7.0,False,JavaScript
MergeEvent,2023-10-19,robert_brown,vercel/hyper,vercel,reviewed,,,False,TypeScript
MergeEvent,2023-04-24,lisa_anderson,vercel/turbo,vercel,opened,,,True,Python
PushEvent,2023-01-24,mike_johnson,netflix/conductor,netflix,opened,11.0,22.0,True,JavaScript
PushEvent,2023-08-12,dan_murphy,elastic/kibana,elastic,reviewed,12.0,24.0,True,C++
CommitEvent,2023-01-03,sophie_duval,facebook/jest,facebook,approved,6.0,14.0,True,Rust
CreateEvent,2023-07-07,olivia_zhang,apache/flink,apache,commented,,,True,Python
CommitEvent,2023-05-31,mark_davis,apache/cassandra,apache,created,6.0,14.0,True,TypeScript
MergeEvent,2023-11-08,robert_brown,microsoft/playwright,microsoft,commented,,,False,C++
CreateEvent,2023-05-06,james_smith,hashicorp/packer,hashicorp,reviewed,,,True,Rust
CreateEvent,2023-12-28,sophie_duval,elastic/logstash,elastic,commented,,,False,Java
PullRequestEvent,2023-09-04,robert_brown,vercel/next.js,vercel,created,9.0,48.0,True,Python
PushEvent,2023-12-22,tom_nelson,google/chromium,google,created,15.0,9.0,True,TypeScript
PushEvent,2023-03-30,rachel_kim,airbnb/visx,airbnb,closed,2.0,5.0,False,Java
PushEvent,2023-07-19,tom_nelson,hashicorp/nomad,hashicorp,reviewed,9.0,21.0,True,JavaScript
CommitEvent,2023-04-22,lisa_anderson,google/flutter,google,updated,13.0,14.0,True,TypeScript
IssuesEvent,2023-10-04,james_smith,vercel/turbo,vercel,opened,,,True,Java
CreateEvent,2023-08-10,jen_liu,facebook/docusaurus,facebook,opened,,,True,Go
CreateEvent,2023-04-12,maria_rodriguez,apache/airflow,apache,updated,,,True,Rust
MergeEvent,2023-07-16,david_martinez,facebook/relay,facebook,created,,,False,C++
IssuesEvent,2023-09-15,tom_nelson,facebook/jest,facebook,closed,,,True,TypeScript
MergeEvent,2023-12-17,maria_rodriguez,elastic/kibana,elastic,approved,,,True,Go
CreateEvent,2023-06-13,maria_rodriguez,airbnb/mavericks,airbnb,merged,,,True,Rust
PushEvent,2023-06-28,chris_lee,elastic/elasticsearch,elastic,updated,2.0,6.0,False,JavaScript
IssuesEvent,2023-06-20,sarah_chen,google/tensorflow,google,approved,,,True,TypeScript
IssuesEvent,2023-05-04,chris_lee,microsoft/PowerToys,microsoft,opened,,,True,Java
CreateEvent,2023-08-23,chris_lee,uber/pyro,uber,approved,,,False,JavaScript
IssuesEvent,2023-03-12,chris_lee,apache/beam,apache,opened,,,True,Rust
PullRequestEvent,2023-03-08,dan_murphy,apache/beam,apache,merged,19.0,5.0,False,Go
CreateEvent,2023-08-07,maria_rodriguez,google/flutter,google,merged,,,True,C++
MergeEvent,2023-04-30,maria_rodriguez,airbnb/lottie,airbnb,approved,,,True,TypeScript
IssuesEvent,2023-01-15,chris_lee,google/kubernetes,google,updated,,,True,Go
PullRequestEvent,2023-01-08,alex_kumar,elastic/logstash,elastic,created,10.0,74.0,True,TypeScript
CreateEvent,2023-02-05,tom_nelson,hashicorp/terraform,hashicorp,closed,,,True,C++
PullRequestEvent,2023-09-01,alex_kumar,vercel/hyper,vercel,merged,3.0,33.0,False,Java
CommitEvent,2023-06-10,maria_rodriguez,netflix/zuul,netflix,created,6.0,6.0,False,TypeScript
MergeEvent,2023-07-11,maria_rodriguez,apache/cassandra,apache,updated,,,True,Rust
CommitEvent,2023-07-27,sarah_chen,vercel/turbo,vercel,updated,2.0,20.0,True,JavaScript
PullRequestEvent,2023-07-07,anna_wilson,uber/kraken,uber,closed,18.0,29.0,True,JavaScript
CreateEvent,2023-04-05,jen_liu,vercel/micro,vercel,merged,,,True,Python
IssuesEvent,2023-06-07,james_smith,apache/beam,apache,reviewed,,,True,Go
CommitEvent,2023-03-28,mike_johnson,microsoft/playwright,microsoft,created,2.0,17.0,True,Python
CommitEvent,2023-10-30,rachel_kim,facebook/yoga,facebook,closed,15.0,15.0,True,JavaScript
PushEvent,2023-01-25,robert_brown,microsoft/TypeScript,microsoft,merged,13.0,24.0,False,TypeScript
PullRequestEvent,2023-06-23,james_smith,microsoft/terminal,microsoft,created,32.0,15.0,True,Rust
MergeEvent,2023-08-07,lisa_anderson,microsoft/TypeScript,microsoft,updated,,,True,TypeScript
PullRequestEvent,2023-02-05,james_smith,elastic/kibana,elastic,opened,24.0,45.0,True,JavaScript
PullRequestEvent,2023-01-15,mike_johnson,vercel/micro,vercel,updated,10.0,76.0,True,C++
MergeEvent,2023-04-07,dan_murphy,hashicorp/terraform,hashicorp,approved,,,True,Python
MergeEvent,2023-05-07,sophie_duval,microsoft/terminal,microsoft,reviewed,,,True,TypeScript
IssuesEvent,2023-01-11,david_martinez,elastic/elasticsearch,elastic,created,,,False,Java
PushEvent,2023-07-29,dan_murphy,facebook/yoga,facebook,created,1.0,5.0,True,JavaScript
CommitEvent,2023-10-25,john_taylor,uber/cadence,uber,opened,11.0,6.0,False,JavaScript
PullRequestEvent,2023-04-26,robert_brown,facebook/relay,facebook,reviewed,43.0,60.0,False,C++
CommitEvent,2023-01-01,rachel_kim,uber/cadence,uber,closed,3.0,4.0,True,Rust
PushEvent,2023-10-02,maria_rodriguez,uber/jaeger,uber,approved,14.0,2.0,False,Python
CreateEvent,2023-09-28,sarah_chen,facebook/relay,facebook,created,,,False,Rust
MergeEvent,2023-02-23,tom_nelson,google/flutter,google,merged,,,True,Java
PushEvent,2023-05-06,mark_davis,netflix/conductor,netflix,reviewed,7.0,8.0,True,Java
MergeEvent,2023-03-23,nina_patel,elastic/beats,elastic,approved,,,True,Java
CommitEvent,2023-07-03,olivia_zhang,microsoft/vscode,microsoft,commented,8.0,4.0,True,TypeScript
MergeEvent,2023-07-11,robert_brown,google/kubernetes,google,approved,,,True,TypeScript
CommitEvent,2023-07-27,chris_lee,netflix/conductor,netflix,reviewed,14.0,18.0,True,C++
PullRequestEvent,2023-06-17,james_smith,elastic/elasticsearch,elastic,opened,18.0,80.0,True,Java
MergeEvent,2023-04-14,chris_lee,vercel/pkg,vercel,opened,,,True,Go
MergeEvent,2023-07-03,lisa_anderson,apache/flink,apache,merged,,,True,TypeScript
PushEvent,2023-02-14,sophie_duval,uber/jaeger,uber,opened,12.0,23.0,True,JavaScript
PushEvent,2023-04-11,jen_liu,elastic/beats,elastic,closed,5.0,18.0,True,Python
IssuesEvent,2023-11-21,jen_liu,microsoft/dotnet,microsoft,created,,,True,TypeScript
IssuesEvent,2023-09-03,mike_johnson,netflix/ribbon,netflix,merged,,,False,Rust
CreateEvent,2023-04-18,anna_wilson,apache/kafka,apache,commented,,,True,JavaScript
CreateEvent,2023-08-13,anna_wilson,apache/flink,apache,updated,,,True,Python
CreateEvent,2023-01-28,jen_liu,netflix/archaius,netflix,commented,,,True,Go
MergeEvent,2023-04-16,david_martinez,apache/kafka,apache,reviewed,,,True,Java
MergeEvent,2023-08-30,sophie_duval,google/angular,google,updated,,,True,TypeScript
MergeEvent,2023-11-22,sarah_chen,uber/pyro,uber,commented,,,True,Python
IssuesEvent,2023-11-11,sarah_chen,uber/kraken,uber,created,,,False,Go
PullRequestEvent,2023-02-20,alex_kumar,hashicorp/packer,hashicorp,merged,21.0,19.0,True,Python
IssuesEvent,2023-08-17,david_martinez,apache/spark,apache,approved,,,True,Rust
PushEvent,2023-04-06,anna_wilson,apache/flink,apache,merged,6.0,13.0,True,C++
CreateEvent,2023-01-24,alex_kumar,facebook/relay,facebook,approved,,,True,Python
PullRequestEvent,2023-01-08,nina_patel,apache/flink,apache,commented,22.0,90.0,True,TypeScript
CommitEvent,2023-10-28,rachel_kim,elastic/kibana,elastic,created,7.0,17.0,True,TypeScript
MergeEvent,2023-11-08,robert_brown,apache/beam,apache,closed,,,True,Rust
MergeEvent,2023-10-01,sophie_duval,airbnb/mavericks,airbnb,created,,,False,Rust
CommitEvent,2023-07-16,rachel_kim,facebook/relay,facebook,created,10.0,19.0,True,JavaScript
PullRequestEvent,2023-05-31,lisa_anderson,airbnb/mavericks,airbnb,opened,28.0,56.0,True,C++
CreateEvent,2023-10-04,lisa_anderson,hashicorp/packer,hashicorp,updated,,,False,Rust
CreateEvent,2023-03-29,john_taylor,elastic/apm-server,elastic,commented,,,True,Go
PullRequestEvent,2023-01-17,jen_liu,elastic/logstash,elastic,opened,4.0,14.0,False,Rust
CreateEvent,2023-01-24,tom_nelson,netflix/zuul,netflix,closed,,,False,Python
CommitEvent,2023-08-04,rachel_kim,facebook/react-native,facebook,commented,11.0,20.0,True,JavaScript
PushEvent,2023-08-16,lisa_anderson,airbnb/javascript,airbnb,opened,8.0,25.0,True,Rust
CommitEvent,2023-08-03,chris_lee,facebook/yoga,facebook,approved,7.0,11.0,True,Python
CreateEvent,2023-03-25,dan_murphy,netflix/archaius,netflix,created,,,True,Java
PullRequestEvent,2023-03-12,david_martinez,apache/spark,apache,updated,44.0,27.0,True,Go
PushEvent,2023-12-04,maria_rodriguez,apache/cassandra,apache,created,14.0,22.0,False,Go
CommitEvent,2023-10-24,john_taylor,netflix/conductor,netflix,commented,13.0,23.0,True,Go
MergeEvent,2023-11-18,rachel_kim,facebook/docusaurus,facebook,reviewed,,,True,Go
IssuesEvent,2023-04-24,mark_davis,vercel/pkg,vercel,merged,,,True,TypeScript
CreateEvent,2023-08-21,david_martinez,uber/pyro,uber,opened,,,False,C++
MergeEvent,2023-07-12,jen_liu,microsoft/terminal,microsoft,opened,,,True,TypeScript
PullRequestEvent,2023-07-19,nina_patel,facebook/docusaurus,facebook,updated,26.0,24.0,True,TypeScript
PushEvent,2023-07-30,sarah_chen,airbnb/javascript,airbnb,commented,11.0,7.0,False,C++
CreateEvent,2023-05-08,nina_patel,google/chromium,google,opened,,,True,C++
PushEvent,2023-12-12,nina_patel,vercel/micro,vercel,updated,4.0,23.0,True,Python
PullRequestEvent,2023-08-28,tom_nelson,elastic/elasticsearch,elastic,merged,16.0,37.0,True,JavaScript
CommitEvent,2023-06-06,maria_rodriguez,elastic/elasticsearch,elastic,commented,7.0,3.0,True,Rust
MergeEvent,2023-06-15,anna_wilson,facebook/relay,facebook,merged,,,True,Java
MergeEvent,2023-08-11,olivia_zhang,netflix/conductor,netflix,merged,,,False,C++
MergeEvent,2023-11-25,nina_patel,facebook/react,facebook,approved,,,False,C++
IssuesEvent,2023-07-30,robert_brown,hashicorp/terraform,hashicorp,opened,,,True,C++
CommitEvent,2023-01-26,mike_johnson,facebook/jest,facebook,merged,14.0,21.0,True,Go
PullRequestEvent,2023-07-21,emma_garcia,elastic/apm-server,elastic,updated,1.0,78.0,True,Java
CreateEvent,2023-01-17,tom_nelson,netflix/hystrix,netflix,approved,,,False,JavaScript
IssuesEvent,2023-04-24,tom_nelson,netflix/conductor,netflix,approved,,,True,Java
IssuesEvent,2023-07-09,lisa_anderson,hashicorp/nomad,hashicorp,created,,,True,C++
CreateEvent,2023-09-05,rachel_kim,vercel/hyper,vercel,approved,,,True,Go
MergeEvent,2023-01-14,rachel_kim,netflix/conductor,netflix,approved,,,False,Go
CommitEvent,2023-09-06,chris_lee,facebook/react,facebook,created,15.0,6.0,True,Go
PushEvent,2023-12-16,chris_lee,google/flutter,google,commented,14.0,5.0,True,Java
CreateEvent,2023-08-24,jen_liu,airbnb/javascript,airbnb,closed,,,True,Java
MergeEvent,2023-08-31,maria_rodriguez,elastic/kibana,elastic,created,,,True,Rust
CommitEvent,2023-04-16,rachel_kim,microsoft/terminal,microsoft,closed,2.0,19.0,True,JavaScript
MergeEvent,2023-01-06,dan_murphy,google/tensorflow,google,reviewed,,,False,Python
IssuesEvent,2023-11-13,lisa_anderson,microsoft/PowerToys,microsoft,created,,,True,Java
PullRequestEvent,2023-05-09,david_martinez,vercel/hyper,vercel,merged,10.0,21.0,True,Python
IssuesEvent,2023-09-08,tom_nelson,google/tensorflow,google,closed,,,True,JavaScript
PullRequestEvent,2023-06-12,david_martinez,elastic/logstash,elastic,updated,30.0,92.0,True,TypeScript
CreateEvent,2023-11-06,sarah_chen,elastic/kibana,elastic,reviewed,,,False,C++
PushEvent,2023-11-14,olivia_zhang,airbnb/javascript,airbnb,opened,8.0,23.0,True,Go
CreateEvent,2023-07-01,maria_rodriguez,google/kubernetes,google,commented,,,True,Go
MergeEvent,2023-03-03,nina_patel,airbnb/lottie,airbnb,reviewed,,,True,Rust
MergeEvent,2023-09-20,nina_patel,hashicorp/vault,hashicorp,opened,,,True,Java
PushEvent,2023-05-11,james_smith,facebook/relay,facebook,closed,2.0,4.0,True,C++
CommitEvent,2023-04-08,robert_brown,microsoft/playwright,microsoft,closed,12.0,11.0,True,TypeScript
CommitEvent,2023-03-17,robert_brown,elastic/apm-server,elastic,created,2.0,6.0,True,Go
PullRequestEvent,2023-06-14,mark_davis,apache/spark,apache,opened,8.0,39.0,True,TypeScript
IssuesEvent,2023-05-13,john_taylor,airbnb/visx,airbnb,updated,,,True,JavaScript
IssuesEvent,2023-08-03,mark_davis,elastic/beats,elastic,opened,,,False,Java
MergeEvent,2023-08-09,maria_rodriguez,netflix/ribbon,netflix,approved,,,True,JavaScript
PullRequestEvent,2023-01-06,maria_rodriguez,elastic/beats,elastic,commented,23.0,42.0,True,Python
CommitEvent,2023-12-30,john_taylor,microsoft/TypeScript,microsoft,commented,1.0,12.0,False,Python
PullRequestEvent,2023-09-19,alex_kumar,airbnb/lottie,airbnb,reviewed,4.0,92.0,True,Go
CreateEvent,2023-11-16,rachel_kim,airbnb/javascript,airbnb,updated,,,True,JavaScript
CommitEvent,2023-08-11,maria_rodriguez,elastic/elasticsearch,elastic,created,3.0,3.0,True,TypeScript
IssuesEvent,2023-01-21,sophie_duval,facebook/docusaurus,facebook,commented,,,True,Rust
MergeEvent,2023-06-21,robert_brown,airbnb/visx,airbnb,commented,,,False,TypeScript
IssuesEvent,2023-08-03,mark_davis,hashicorp/vagrant,hashicorp,updated,,,True,Rust
MergeEvent,2023-06-21,olivia_zhang,vercel/turbo,vercel,approved,,,True,JavaScript
CreateEvent,2023-05-13,anna_wilson,vercel/pkg,vercel,merged,,,False,Python
PushEvent,2023-09-05,anna_wilson,google/chromium,google,merged,7.0,24.0,False,C++
PushEvent,2023-03-16,tom_nelson,facebook/react-native,facebook,merged,4.0,13.0,False,Go
CommitEvent,2023-12-05,dan_murphy,facebook/yoga,facebook,opened,11.0,6.0,True,Python
PullRequestEvent,2023-05-10,rachel_kim,hashicorp/packer,hashicorp,commented,20.0,80.0,False,Java
PushEvent,2023-12-19,mike_johnson,facebook/yoga,facebook,approved,15.0,22.0,True,Rust
CommitEvent,2023-07-17,mike_johnson,vercel/pkg,vercel,opened,11.0,17.0,False,JavaScript
CommitEvent,2023-08-24,mike_johnson,apache/cassandra,apache,closed,12.0,1.0,False,TypeScript
CommitEvent,2023-02-22,alex_kumar,apache/flink,apache,opened,14.0,25.0,False,TypeScript
CreateEvent,2023-05-26,tom_nelson,uber/react-map-gl,uber,merged,,,True,Java
MergeEvent,2023-01-02,chris_lee,hashicorp/vault,hashicorp,reviewed,,,False,Python
PullRequestEvent,2023-12-13,sarah_chen,uber/kraken,uber,created,35.0,22.0,False,TypeScript
CreateEvent,2023-01-16,mike_johnson,netflix/zuul,netflix,commented,,,True,Java
CreateEvent,2023-08-28,john_taylor,elastic/elasticsearch,elastic,reviewed,,,False,C++
CreateEvent,2023-05-01,olivia_zhang,uber/react-map-gl,uber,approved,,,True,Python
IssuesEvent,2023-09-13,robert_brown,microsoft/PowerToys,microsoft,updated,,,True,TypeScript
PushEvent,2023-08-08,mike_johnson,elastic/apm-server,elastic,closed,2.0,22.0,True,TypeScript
CommitEvent,2023-12-25,tom_nelson,vercel/turbo,vercel,created,7.0,5.0,False,TypeScript
PushEvent,2023-11-05,sarah_chen,microsoft/terminal,microsoft,reviewed,9.0,13.0,True,C++
CreateEvent,2023-10-22,dan_murphy,apache/flink,apache,reviewed,,,False,C++
CreateEvent,2023-04-24,emma_garcia,elastic/elasticsearch,elastic,approved,,,True,Python
MergeEvent,2023-07-23,emma_garcia,elastic/apm-server,elastic,updated,,,True,Python
CommitEvent,2023-05-21,anna_wilson,google/angular,google,closed,12.0,18.0,True,C++
IssuesEvent,2023-01-19,olivia_zhang,netflix/hystrix,netflix,opened,,,True,Go
PullRequestEvent,2023-03-10,dan_murphy,netflix/conductor,netflix,commented,28.0,64.0,True,Rust
IssuesEvent,2023-09-18,dan_murphy,hashicorp/nomad,hashicorp,created,,,True,Rust
MergeEvent,2023-09-23,mark_davis,hashicorp/packer,hashicorp,merged,,,True,Go
PullRequestEvent,2023-09-11,tom_nelson,microsoft/terminal,microsoft,commented,23.0,9.0,True,Rust
PullRequestEvent,2023-01-01,tom_nelson,vercel/hyper,vercel,updated,6.0,85.0,False,C++
IssuesEvent,2023-05-25,robert_brown,uber/react-map-gl,uber,updated,,,True,Java
PushEvent,2023-11-11,mike_johnson,vercel/hyper,vercel,created,15.0,11.0,True,Rust
IssuesEvent,2023-02-21,jen_liu,vercel/micro,vercel,approved,,,True,Java
CreateEvent,2023-10-08,mike_johnson,vercel/hyper,vercel,closed,,,True,C++
CreateEvent,2023-03-28,maria_rodriguez,uber/cadence,uber,approved,,,True,TypeScript
CreateEvent,2023-08-08,chris_lee,vercel/next.js,vercel,closed,,,True,Python
PullRequestEvent,2023-10-31,mark_davis,netflix/zuul,netflix,reviewed,14.0,91.0,False,Rust
MergeEvent,2023-06-24,mike_johnson,netflix/eureka,netflix,opened,,,True,Python
MergeEvent,2023-08-03,tom_nelson,netflix/eureka,netflix,merged,,,False,Python
PullRequestEvent,2023-10-25,james_smith,elastic/elasticsearch,elastic,reviewed,2.0,86.0,True,Python
PullRequestEvent,2023-01-08,nina_patel,hashicorp/vagrant,hashicorp,opened,8.0,34.0,True,TypeScript
MergeEvent,2023-01-18,david_martinez,airbnb/javascript,airbnb,updated,,,False,Java
PushEvent,2023-03-01,mike_johnson,facebook/react,facebook,created,5.0,19.0,True,C++
CommitEvent,2023-11-20,lisa_anderson,elastic/logstash,elastic,closed,1.0,1.0,False,Go
CommitEvent,2023-12-22,james_smith,hashicorp/terraform,hashicorp,closed,9.0,15.0,False,Python
CommitEvent,2023-11-12,james_smith,netflix/conductor,netflix,updated,13.0,5.0,False,TypeScript
IssuesEvent,2023-04-21,jen_liu,airbnb/visx,airbnb,approved,,,False,C++
MergeEvent,2023-06-04,rachel_kim,uber/cadence,uber,opened,,,True,Python
CommitEvent,2023-12-29,mark_davis,facebook/react,facebook,approved,13.0,12.0,True,Go
PushEvent,2023-12-07,anna_wilson,uber/pyro,uber,reviewed,3.0,10.0,True,TypeScript
PushEvent,2023-09-23,nina_patel,airbnb/javascript,airbnb,approved,7.0,4.0,True,Go
CommitEvent,2023-05-12,james_smith,netflix/hystrix,netflix,merged,14.0,22.0,True,JavaScript
IssuesEvent,2023-06-05,james_smith,apache/beam,apache,merged,,,False,JavaScript
PullRequestEvent,2023-03-03,emma_garcia,google/flutter,google,approved,30.0,67.0,True,Java
CreateEvent,2023-02-06,alex_kumar,apache/beam,apache,updated,,,True,Java
CreateEvent,2023-02-03,dan_murphy,vercel/swr,vercel,opened,,,True,TypeScript
PushEvent,2023-03-25,robert_brown,facebook/yoga,facebook,commented,9.0,2.0,False,Python
CommitEvent,2023-07-15,lisa_anderson,uber/kraken,uber,commented,6.0,2.0,True,Rust
PushEvent,2023-02-17,chris_lee,apache/beam,apache,closed,2.0,13.0,False,Go
CreateEvent,2023-04-30,dan_murphy,hashicorp/packer,hashicorp,commented,,,False,Java
MergeEvent,2023-08-20,chris_lee,google/chromium,google,updated,,,False,Java
PullRequestEvent,2023-05-17,sophie_duval,microsoft/terminal,microsoft,commented,5.0,65.0,False,TypeScript
PushEvent,2023-09-30,david_martinez,google/flutter,google,created,11.0,7.0,True,Python
CreateEvent,2023-12-26,mark_davis,facebook/docusaurus,facebook,opened,,,True,TypeScript
IssuesEvent,2023-12-19,rachel_kim,airbnb/mavericks,airbnb,closed,,,False,TypeScript
MergeEvent,2023-10-13,sophie_duval,netflix/archaius,netflix,reviewed,,,True,Go
PushEvent,2023-01-10,sarah_chen,microsoft/dotnet,microsoft,reviewed,10.0,14.0,False,Go
PushEvent,2023-03-21,mark_davis,uber/kraken,uber,reviewed,12.0,1.0,True,JavaScript
IssuesEvent,2023-05-20,olivia_zhang,google/chromium,google,reviewed,,,True,C++
PushEvent,2023-02-26,sarah_chen,vercel/turbo,vercel,commented,9.0,6.0,True,Rust
MergeEvent,2023-05-09,emma_garcia,hashicorp/packer,hashicorp,closed,,,True,Go
MergeEvent,2023-10-11,emma_garcia,uber/cadence,uber,opened,,,True,TypeScript
PushEvent,2023-06-13,jen_liu,elastic/elasticsearch,elastic,opened,3.0,10.0,True,C++
PullRequestEvent,2023-11-03,dan_murphy,elastic/logstash,elastic,closed,2.0,63.0,True,Python
MergeEvent,2023-03-24,maria_rodriguez,microsoft/terminal,microsoft,updated,,,False,Go
PushEvent,2023-01-26,olivia_zhang,microsoft/playwright,microsoft,updated,15.0,18.0,False,C++
CreateEvent,2023-02-22,john_taylor,vercel/pkg,vercel,commented,,,True,Rust
MergeEvent,2023-07-30,chris_lee,netflix/ribbon,netflix,commented,,,True,TypeScript
MergeEvent,2023-08-21,david_martinez,apache/kafka,apache,reviewed,,,True,C++
CommitEvent,2023-06-12,alex_kumar,facebook/relay,facebook,closed,14.0,15.0,False,Python
PullRequestEvent,2023-03-17,robert_brown,elastic/apm-server,elastic,reviewed,49.0,81.0,False,C++
PushEvent,2023-03-29,chris_lee,vercel/turbo,vercel,opened,12.0,19.0,True,Go
IssuesEvent,2023-03-21,maria_rodriguez,hashicorp/nomad,hashicorp,approved,,,True,JavaScript
MergeEvent,2023-07-05,lisa_anderson,microsoft/TypeScript,microsoft,created,,,True,Go
MergeEvent,2023-03-12,mark_davis,netflix/conductor,netflix,reviewed,,,True,TypeScript
MergeEvent,2023-08-18,tom_nelson,netflix/ribbon,netflix,approved,,,False,JavaScript
PullRequestEvent,2023-11-02,tom_nelson,elastic/logstash,elastic,closed,14.0,80.0,True,TypeScript
IssuesEvent,2023-05-21,tom_nelson,google/angular,google,approved,,,True,Java
CreateEvent,2023-09-16,david_martinez,uber/pyro,uber,reviewed,,,False,Java
PullRequestEvent,2023-12-05,jen_liu,apache/beam,apache,approved,41.0,33.0,False,Python
MergeEvent,2023-03-25,tom_nelson,apache/airflow,apache,merged,,,True,TypeScript
MergeEvent,2023-06-17,david_martinez,vercel/hyper,vercel,approved,,,True,Java
CommitEvent,2023-03-23,mark_davis,elastic/apm-server,elastic,reviewed,11.0,15.0,True,JavaScript
PullRequestEvent,2023-03-23,john_taylor,vercel/turbo,vercel,opened,7.0,97.0,True,Rust
PushEvent,2023-03-26,john_taylor,airbnb/enzyme,airbnb,commented,7.0,12.0,False,Go
PushEvent,2023-10-25,rachel_kim,facebook/yoga,facebook,closed,2.0,20.0,True,TypeScript
PullRequestEvent,2023-09-01,jen_liu,uber/pyro,uber,commented,37.0,73.0,True,TypeScript
PullRequestEvent,2023-07-11,emma_garcia,netflix/conductor,netflix,closed,31.0,39.0,False,Java
CreateEvent,2023-02-19,olivia_zhang,elastic/beats,elastic,merged,,,True,Rust
CommitEvent,2023-01-01,anna_wilson,hashicorp/packer,hashicorp,updated,3.0,10.0,False,TypeScript
MergeEvent,2023-03-15,david_martinez,netflix/conductor,netflix,approved,,,False,Go
CreateEvent,2023-03-08,jen_liu,apache/airflow,apache,commented,,,True,C++
CommitEvent,2023-06-19,emma_garcia,elastic/apm-server,elastic,commented,8.0,7.0,True,JavaScript
PullRequestEvent,2023-07-24,jen_liu,hashicorp/vault,hashicorp,created,25.0,49.0,True,Go
IssuesEvent,2023-12-29,david_martinez,facebook/yoga,facebook,updated,,,True,JavaScript
CreateEvent,2023-04-04,james_smith,netflix/conductor,netflix,updated,,,True,Rust
MergeEvent,2023-02-28,maria_rodriguez,elastic/apm-server,elastic,commented,,,True,TypeScript
CommitEvent,2023-01-23,james_smith,elastic/beats,elastic,opened,1.0,16.0,True,Python
CreateEvent,2023-07-09,anna_wilson,airbnb/lottie,airbnb,opened,,,True,Go
MergeEvent,2023-01-27,maria_rodriguez,facebook/relay,facebook,closed,,,False,Go
CreateEvent,2023-11-08,nina_patel,airbnb/mavericks,airbnb,created,,,True,Go
PushEvent,2023-10-24,mark_davis,uber/jaeger,uber,updated,8.0,11.0,True,Rust
CreateEvent,2023-03-16,robert_brown,microsoft/vscode,microsoft,merged,,,False,C++
MergeEvent,2023-10-14,mark_davis,elastic/kibana,elastic,created,,,True,JavaScript
IssuesEvent,2023-10-21,emma_garcia,facebook/relay,facebook,closed,,,True,Go
CommitEvent,2023-05-09,robert_brown,hashicorp/terraform,hashicorp,updated,8.0,9.0,True,Python
MergeEvent,2023-08-16,nina_patel,microsoft/TypeScript,microsoft,approved,,,True,Java
PushEvent,2023-04-19,jen_liu,uber/pyro,uber,approved,6.0,15.0,True,Rust
PushEvent,2023-12-12,mike_johnson,netflix/conductor,netflix,created,15.0,19.0,True,TypeScript
PushEvent,2023-06-24,dan_murphy,apache/spark,apache,closed,3.0,21.0,True,Rust
PushEvent,2023-10-21,tom_nelson,apache/flink,apache,merged,9.0,12.0,True,TypeScript
CreateEvent,2023-09-20,mark_davis,elastic/logstash,elastic,opened,,,True,Python
MergeEvent,2023-09-13,anna_wilson,netflix/zuul,netflix,commented,,,True,Go
PullRequestEvent,2023-07-08,jen_liu,uber/pyro,uber,commented,5.0,4.0,True,TypeScript
CreateEvent,2023-02-18,tom_nelson,uber/pyro,uber,opened,,,True,Go
CommitEvent,2023-11-29,mark_davis,facebook/docusaurus,facebook,approved,5.0,3.0,False,Python
PushEvent,2023-07-14,mark_davis,vercel/turbo,vercel,approved,6.0,22.0,True,TypeScript
PullRequestEvent,2023-03-15,jen_liu,uber/pyro,uber,opened,41.0,20.0,False,Java
PullRequestEvent,2023-03-24,tom_nelson,netflix/archaius,netflix,closed,49.0,5.0,True,Go
IssuesEvent,2023-08-08,james_smith,facebook/docusaurus,facebook,commented,,,True,Java
CreateEvent,2023-01-14,olivia_zhang,elastic/elasticsearch,elastic,commented,,,False,C++
CommitEvent,2023-05-06,nina_patel,uber/react-map-gl,uber,commented,6.0,19.0,False,Rust
MergeEvent,2023-03-31,emma_garcia,google/angular,google,reviewed,,,True,Java
CreateEvent,2023-05-24,sophie_duval,facebook/yoga,facebook,approved,,,False,TypeScript
PullRequestEvent,2023-01-22,olivia_zhang,hashicorp/terraform,hashicorp,created,6.0,10.0,True,Java
CreateEvent,2023-11-09,alex_kumar,apache/kafka,apache,approved,,,False,Java
MergeEvent,2023-09-27,maria_rodriguez,uber/pyro,uber,updated,,,True,Python
PullRequestEvent,2023-12-19,dan_murphy,vercel/next.js,vercel,closed,34.0,68.0,True,Rust
CreateEvent,2023-06-14,tom_nelson,apache/flink,apache,reviewed,,,True,Java
CommitEvent,2023-09-23,rachel_kim,apache/kafka,apache,merged,13.0,22.0,True,Java
PullRequestEvent,2023-06-13,john_taylor,hashicorp/consul,hashicorp,opened,30.0,65.0,False,Rust
PullRequestEvent,2023-09-01,james_smith,facebook/docusaurus,facebook,approved,34.0,16.0,False,JavaScript
IssuesEvent,2023-03-21,anna_wilson,microsoft/vscode,microsoft,reviewed,,,True,JavaScript
CreateEvent,2023-08-12,emma_garcia,airbnb/javascript,airbnb,updated,,,True,TypeScript
CommitEvent,2023-10-09,mike_johnson,netflix/hystrix,netflix,opened,12.0,6.0,True,Java
PullRequestEvent,2023-10-15,rachel_kim,vercel/pkg,vercel,updated,4.0,25.0,False,Python
PullRequestEvent,2023-09-26,tom_nelson,netflix/ribbon,netflix,created,49.0,69.0,False,JavaScript
PullRequestEvent,2023-11-28,tom_nelson,apache/spark,apache,approved,44.0,38.0,True,JavaScript
MergeEvent,2023-07-25,anna_wilson,apache/cassandra,apache,approved,,,True,JavaScript
MergeEvent,2023-10-01,jen_liu,uber/kraken,uber,closed,,,False,Java
PullRequestEvent,2023-11-17,emma_garcia,vercel/hyper,vercel,opened,11.0,22.0,True,Python
PushEvent,2023-06-12,chris_lee,vercel/turbo,vercel,merged,7.0,22.0,True,C++
IssuesEvent,2023-12-31,sophie_duval,uber/react-map-gl,uber,opened,,,True,C++
PushEvent,2023-09-11,jen_liu,vercel/micro,vercel,commented,7.0,11.0,True,Java
PullRequestEvent,2023-08-07,sophie_duval,facebook/relay,facebook,commented,6.0,17.0,True,Rust
IssuesEvent,2023-06-06,anna_wilson,uber/jaeger,uber,updated,,,True,Python
MergeEvent,2023-05-22,david_martinez,elastic/beats,elastic,commented,,,True,Python
PullRequestEvent,2023-04-11,sophie_duval,uber/pyro,uber,merged,12.0,47.0,True,Java
CommitEvent,2023-02-21,rachel_kim,google/kubernetes,google,updated,6.0,2.0,False,Rust
CreateEvent,2023-05-26,olivia_zhang,airbnb/javascript,airbnb,commented,,,False,Go
PullRequestEvent,2023-07-07,emma_garcia,uber/pyro,uber,opened,26.0,71.0,False,Rust
CommitEvent,2023-07-30,jen_liu,apache/beam,apache,closed,6.0,9.0,True,C++
CreateEvent,2023-03-12,david_martinez,vercel/micro,vercel,merged,,,True,C++
MergeEvent,2023-06-08,mark_davis,airbnb/enzyme,airbnb,closed,,,False,JavaScript
PushEvent,2023-05-06,maria_rodriguez,apache/cassandra,apache,created,11.0,23.0,True,Python
MergeEvent,2023-11-02,lisa_anderson,uber/pyro,uber,merged,,,True,Python
PushEvent,2023-01-03,john_taylor,hashicorp/terraform,hashicorp,commented,6.0,23.0,True,Python
PushEvent,2023-02-05,robert_brown,netflix/conductor,netflix,updated,12.0,18.0,False,JavaScript
CommitEvent,2023-11-26,mike_johnson,google/angular,google,created,3.0,21.0,True,JavaScript
CreateEvent,2023-05-25,mark_davis,facebook/relay,facebook,closed,,,True,Go
CommitEvent,2023-02-10,tom_nelson,uber/cadence,uber,closed,3.0,11.0,False,C++
PushEvent,2023-10-05,anna_wilson,facebook/docusaurus,facebook,reviewed,1.0,25.0,True,Rust
MergeEvent,2023-08-10,mark_davis,vercel/next.js,vercel,opened,,,False,TypeScript
MergeEvent,2023-10-08,sophie_duval,netflix/conductor,netflix,created,,,False,C++
MergeEvent,2023-11-03,olivia_zhang,vercel/turbo,vercel,updated,,,True,TypeScript
CreateEvent,2023-08-01,maria_rodriguez,microsoft/PowerToys,microsoft,updated,,,True,Go
PushEvent,2023-12-22,anna_wilson,uber/react-map-gl,uber,merged,8.0,8.0,False,JavaScript
MergeEvent,2023-03-17,dan_murphy,hashicorp/nomad,hashicorp,closed,,,True,Go
CommitEvent,2023-10-30,tom_nelson,uber/react-map-gl,uber,approved,4.0,16.0,True,C++
PushEvent,2023-08-22,sarah_chen,netflix/ribbon,netflix,commented,8.0,12.0,True,C++
MergeEvent,2023-07-16,dan_murphy,facebook/react-native,facebook,approved,,,False,Java
PushEvent,2023-02-24,james_smith,vercel/micro,vercel,opened,8.0,14.0,True,C++
CommitEvent,2023-05-05,mike_johnson,vercel/pkg,vercel,closed,1.0,13.0,True,Java
CreateEvent,2023-10-23,jen_liu,airbnb/lottie,airbnb,reviewed,,,True,JavaScript
MergeEvent,2023-12-16,sarah_chen,facebook/relay,facebook,approved,,,True,Go
PushEvent,2023-08-21,dan_murphy,airbnb/visx,airbnb,closed,13.0,8.0,True,Go
PushEvent,2023-08-12,mark_davis,facebook/react-native,facebook,commented,10.0,17.0,True,TypeScript
IssuesEvent,2023-08-21,emma_garcia,google/go,google,approved,,,True,Java
PushEvent,2023-07-04,jen_liu,apache/spark,apache,updated,2.0,18.0,True,Rust
PullRequestEvent,2023-07-03,lisa_anderson,vercel/turbo,vercel,closed,33.0,73.0,False,Go
CommitEvent,2023-10-08,sarah_chen,hashicorp/vagrant,hashicorp,updated,11.0,7.0,True,TypeScript
CreateEvent,2023-05-08,chris_lee,uber/pyro,uber,opened,,,True,Java
CreateEvent,2023-07-01,rachel_kim,microsoft/TypeScript,microsoft,closed,,,True,Go
PushEvent,2023-06-22,alex_kumar,uber/jaeger,uber,commented,10.0,14.0,False,C++
IssuesEvent,2023-05-31,alex_kumar,elastic/apm-server,elastic,reviewed,,,True,Rust
CreateEvent,2023-11-27,david_martinez,uber/react-map-gl,uber,closed,,,True,Java
CommitEvent,2023-02-09,rachel_kim,facebook/yoga,facebook,created,5.0,2.0,True,C++
PushEvent,2023-10-16,sarah_chen,elastic/apm-server,elastic,opened,7.0,5.0,False,Java
CreateEvent,2023-04-09,alex_kumar,google/tensorflow,google,closed,,,True,TypeScript
PullRequestEvent,2023-05-26,tom_nelson,elastic/kibana,elastic,commented,29.0,4.0,True,Java
CommitEvent,2023-05-29,alex_kumar,uber/react-map-gl,uber,merged,14.0,22.0,True,TypeScript
PushEvent,2023-04-09,alex_kumar,vercel/pkg,vercel,approved,1.0,14.0,False,Java
PullRequestEvent,2023-07-07,emma_garcia,vercel/pkg,vercel,updated,24.0,57.0,True,C++
CommitEvent,2023-09-10,anna_wilson,vercel/micro,vercel,updated,1.0,24.0,True,Python
IssuesEvent,2023-03-21,olivia_zhang,netflix/zuul,netflix,approved,,,True,Java
MergeEvent,2023-06-03,maria_rodriguez,uber/jaeger,uber,reviewed,,,True,Java
MergeEvent,2023-03-24,nina_patel,apache/beam,apache,merged,,,True,Go
MergeEvent,2023-08-08,emma_garcia,hashicorp/consul,hashicorp,approved,,,True,C++
CreateEvent,2023-01-21,david_martinez,hashicorp/packer,hashicorp,opened,,,True,Go
PullRequestEvent,2023-06-10,mark_davis,hashicorp/terraform,hashicorp,created,3.0,15.0,False,Go
CommitEvent,2023-08-19,john_taylor,elastic/kibana,elastic,merged,10.0,17.0,False,Java
PullRequestEvent,2023-03-29,olivia_zhang,netflix/hystrix,netflix,created,17.0,30.0,True,Java
CreateEvent,2023-05-21,rachel_kim,microsoft/playwright,microsoft,approved,,,True,Java
PullRequestEvent,2023-02-05,anna_wilson,elastic/kibana,elastic,closed,10.0,19.0,True,C++
CommitEvent,2023-03-05,nina_patel,airbnb/visx,airbnb,commented,10.0,11.0,False,JavaScript
CreateEvent,2023-04-25,jen_liu,uber/react-map-gl,uber,created,,,True,Python
CommitEvent,2023-08-18,mark_davis,netflix/archaius,netflix,updated,13.0,7.0,True,C++
MergeEvent,2023-08-10,david_martinez,google/flutter,google,opened,,,True,JavaScript
MergeEvent,2023-04-11,dan_murphy,hashicorp/terraform,hashicorp,commented,,,True,Python
CommitEvent,2023-11-01,david_martinez,elastic/beats,elastic,opened,15.0,2.0,True,Go
MergeEvent,2023-12-21,james_smith,airbnb/enzyme,airbnb,approved,,,True,TypeScript
IssuesEvent,2023-02-08,anna_wilson,netflix/ribbon,netflix,created,,,True,Python
PushEvent,2023-12-24,robert_brown,elastic/logstash,elastic,merged,14.0,19.0,True,TypeScript
PushEvent,2023-01-29,jen_liu,uber/kraken,uber,created,4.0,3.0,True,Python
PushEvent,2023-05-13,mark_davis,vercel/swr,vercel,merged,6.0,9.0,True,Rust
MergeEvent,2023-01-13,tom_nelson,elastic/logstash,elastic,updated,,,False,C++
CreateEvent,2023-09-20,olivia_zhang,vercel/next.js,vercel,updated,,,True,C++
CommitEvent,2023-06-14,sophie_duval,apache/cassandra,apache,closed,8.0,2.0,False,Go
IssuesEvent,2023-01-22,james_smith,apache/spark,apache,merged,,,True,Rust
PullRequestEvent,2023-02-15,david_martinez,elastic/apm-server,elastic,opened,31.0,99.0,False,TypeScript
PushEvent,2023-01-29,alex_kumar,hashicorp/consul,hashicorp,commented,1.0,2.0,True,Go
IssuesEvent,2023-11-18,alex_kumar,vercel/hyper,vercel,approved,,,True,Rust
CreateEvent,2023-07-10,anna_wilson,uber/pyro,uber,updated,,,False,Go
MergeEvent,2023-12-24,lisa_anderson,apache/beam,apache,created,,,True,Python
PullRequestEvent,2023-05-05,mark_davis,netflix/conductor,netflix,reviewed,23.0,27.0,True,TypeScript
IssuesEvent,2023-06-11,nina_patel,netflix/hystrix,netflix,reviewed,,,True,Go
CommitEvent,2023-01-29,lisa_anderson,facebook/relay,facebook,reviewed,5.0,23.0,True,C++
PullRequestEvent,2023-01-07,dan_murphy,vercel/swr,vercel,opened,29.0,94.0,True,C++
CreateEvent,2023-07-02,nina_patel,airbnb/enzyme,airbnb,closed,,,True,Go
PullRequestEvent,2023-11-16,john_taylor,vercel/swr,vercel,commented,22.0,10.0,True,Go
CreateEvent,2023-01-21,anna_wilson,uber/kraken,uber,opened,,,True,Java
PullRequestEvent,2023-09-13,sophie_duval,airbnb/javascript,airbnb,opened,4.0,19.0,False,Python
CommitEvent,2023-10-28,chris_lee,google/flutter,google,approved,8.0,7.0,True,TypeScript
PushEvent,2023-04-18,tom_nelson,elastic/beats,elastic,closed,7.0,6.0,False,Java
PushEvent,2023-02-03,james_smith,uber/react-map-gl,uber,approved,3.0,17.0,True,Rust
IssuesEvent,2023-11-15,jen_liu,apache/flink,apache,reviewed,,,True,C++
IssuesEvent,2023-05-21,david_martinez,elastic/elasticsearch,elastic,commented,,,True,Go
PullRequestEvent,2023-10-07,david_martinez,uber/pyro,uber,approved,38.0,74.0,True,Java
PushEvent,2023-06-10,james_smith,apache/spark,apache,reviewed,5.0,8.0,True,Go
CommitEvent,2023-03-27,john_taylor,google/tensorflow,google,opened,14.0,13.0,False,Rust
CreateEvent,2023-07-29,chris_lee,netflix/ribbon,netflix,closed,,,True,TypeScript
CommitEvent,2023-11-12,dan_murphy,elastic/beats,elastic,opened,1.0,13.0,False,Rust
CommitEvent,2023-06-19,mark_davis,netflix/archaius,netflix,created,13.0,11.0,True,Java
CreateEvent,2023-01-21,emma_garcia,uber/cadence,uber,reviewed,,,False,Python
IssuesEvent,2023-12-25,david_martinez,uber/jaeger,uber,closed,,,True,JavaScript
PushEvent,2023-06-17,rachel_kim,hashicorp/terraform,hashicorp,updated,15.0,19.0,False,Python
PushEvent,2023-07-03,robert_brown,elastic/logstash,elastic,commented,11.0,24.0,True,JavaScript
CreateEvent,2023-03-31,dan_murphy,elastic/kibana,elastic,created,,,False,TypeScript
PullRequestEvent,2023-09-18,alex_kumar,hashicorp/vault,hashicorp,updated,4.0,61.0,True,TypeScript
IssuesEvent,2023-08-21,lisa_anderson,apache/spark,apache,reviewed,,,True,C++
CommitEvent,2023-10-03,tom_nelson,apache/beam,apache,created,15.0,4.0,True,Go
PullRequestEvent,2023-03-15,nina_patel,airbnb/mavericks,airbnb,reviewed,43.0,61.0,True,Python
MergeEvent,2023-09-01,dan_murphy,airbnb/mavericks,airbnb,created,,,False,Rust
CreateEvent,2023-09-16,emma_garcia,microsoft/PowerToys,microsoft,commented,,,False,Go
PullRequestEvent,2023-10-14,robert_brown,elastic/logstash,elastic,commented,2.0,51.0,True,JavaScript
IssuesEvent,2023-12-03,rachel_kim,hashicorp/consul,hashicorp,approved,,,False,C++
PushEvent,2023-05-03,david_martinez,netflix/ribbon,netflix,commented,12.0,18.0,False,Python
PullRequestEvent,2023-06-27,sarah_chen,airbnb/mavericks,airbnb,commented,21.0,74.0,False,Go
MergeEvent,2023-07-31,jen_liu,facebook/react,facebook,commented,,,True,Python
CommitEvent,2023-09-09,robert_brown,microsoft/terminal,microsoft,created,2.0,18.0,True,Python
PullRequestEvent,2023-03-29,olivia_zhang,netflix/conductor,netflix,merged,32.0,79.0,False,Python
PushEvent,2023-12-15,emma_garcia,vercel/turbo,vercel,commented,7.0,22.0,True,Python
CommitEvent,2023-02-25,john_taylor,elastic/logstash,elastic,commented,12.0,4.0,True,TypeScript
CommitEvent,2023-04-13,mark_davis,apache/beam,apache,created,15.0,1.0,True,Java
PullRequestEvent,2023-05-23,emma_garcia,apache/beam,apache,closed,3.0,95.0,False,Java
CreateEvent,2023-04-27,nina_patel,airbnb/javascript,airbnb,commented,,,True,Python
PushEvent,2023-09-28,rachel_kim,apache/airflow,apache,created,14.0,10.0,False,Java
PullRequestEvent,2023-06-05,jen_liu,elastic/beats,elastic,reviewed,44.0,65.0,True,TypeScript
PushEvent,2023-04-14,tom_nelson,hashicorp/vault,hashicorp,approved,6.0,16.0,True,Rust
IssuesEvent,2023-11-12,sarah_chen,uber/jaeger,uber,created,,,True,Java
PullRequestEvent,2023-02-26,chris_lee,elastic/apm-server,elastic,opened,1.0,27.0,True,Java
CommitEvent,2023-05-19,tom_nelson,facebook/relay,facebook,approved,10.0,1.0,True,Python
IssuesEvent,2023-06-27,olivia_zhang,microsoft/playwright,microsoft,created,,,True,Rust
MergeEvent,2023-09-06,anna_wilson,facebook/jest,facebook,commented,,,True,Rust
IssuesEvent,2023-09-24,maria_rodriguez,elastic/apm-server,elastic,closed,,,False,Python
CreateEvent,2023-12-15,nina_patel,facebook/relay,facebook,approved,,,False,C++
MergeEvent,2023-02-20,john_taylor,airbnb/javascript,airbnb,commented,,,True,Go
PushEvent,2023-06-04,olivia_zhang,google/kubernetes,google,reviewed,2.0,11.0,True,Go
IssuesEvent,2023-12-08,rachel_kim,vercel/next.js,vercel,merged,,,True,JavaScript
IssuesEvent,2023-01-10,tom_nelson,google/tensorflow,google,updated,,,True,Python
CommitEvent,2023-12-25,emma_garcia,elastic/elasticsearch,elastic,created,2.0,9.0,True,Rust
CommitEvent,2023-05-10,david_martinez,uber/jaeger,uber,created,9.0,13.0,False,Go
CommitEvent,2023-10-17,rachel_kim,uber/pyro,uber,reviewed,8.0,14.0,True,C++
MergeEvent,2023-06-03,jen_liu,netflix/ribbon,netflix,merged,,,False,Java
IssuesEvent,2023-08-03,jen_liu,airbnb/lottie,airbnb,approved,,,True,C++
IssuesEvent,2023-01-14,anna_wilson,apache/flink,apache,opened,,,False,Rust
PushEvent,2023-11-30,jen_liu,netflix/ribbon,netflix,opened,1.0,19.0,True,Java
CreateEvent,2023-05-11,emma_garcia,facebook/react-native,facebook,created,,,True,JavaScript
PushEvent,2023-02-19,mark_davis,google/kubernetes,google,approved,11.0,18.0,True,Java
IssuesEvent,2023-02-14,sarah_chen,microsoft/TypeScript,microsoft,reviewed,,,True,TypeScript
PushEvent,2023-08-15,tom_nelson,facebook/docusaurus,facebook,created,10.0,24.0,True,Python
CreateEvent,2023-12-01,maria_rodriguez,elastic/apm-server,elastic,created,,,True,TypeScript
PullRequestEvent,2023-04-14,tom_nelson,netflix/archaius,netflix,opened,9.0,31.0,True,Rust
PullRequestEvent,2023-10-09,maria_rodriguez,apache/beam,apache,reviewed,9.0,30.0,False,Python
PullRequestEvent,2023-02-28,sarah_chen,google/angular,google,commented,27.0,18.0,True,Python
MergeEvent,2023-07-12,chris_lee,uber/pyro,uber,merged,,,True,TypeScript
CommitEvent,2023-03-07,sophie_duval,netflix/hystrix,netflix,commented,6.0,14.0,True,Python
CommitEvent,2023-01-12,robert_brown,netflix/hystrix,netflix,closed,15.0,22.0,False,Python
PushEvent,2023-05-04,tom_nelson,elastic/beats,elastic,commented,5.0,19.0,True,JavaScript
CreateEvent,2023-12-08,mike_johnson,facebook/react-native,facebook,approved,,,True,Python
MergeEvent,2023-10-13,dan_murphy,elastic/kibana,elastic,created,,,True,C++
IssuesEvent,2023-10-08,emma_garcia,vercel/turbo,vercel,merged,,,True,Rust
PushEvent,2023-08-18,david_martinez,google/angular,google,closed,1.0,20.0,True,Java
MergeEvent,2023-12-13,sophie_duval,facebook/yoga,facebook,reviewed,,,True,Java
CreateEvent,2023-08-28,tom_nelson,netflix/archaius,netflix,opened,,,True,Python
PullRequestEvent,2023-10-27,rachel_kim,facebook/relay,facebook,commented,1.0,95.0,True,Java
PushEvent,2023-03-13,alex_kumar,apache/kafka,apache,commented,9.0,20.0,True,Java
CreateEvent,2023-04-24,david_martinez,vercel/turbo,vercel,opened,,,True,Rust
CommitEvent,2023-01-02,maria_rodriguez,google/flutter,google,updated,3.0,11.0,True,TypeScript
PullRequestEvent,2023-07-03,james_smith,uber/react-map-gl,uber,updated,21.0,75.0,False,Python
PushEvent,2023-08-28,rachel_kim,google/angular,google,commented,4.0,19.0,True,TypeScript
MergeEvent,2023-12-28,alex_kumar,apache/airflow,apache,approved,,,True,Go
MergeEvent,2023-10-10,sophie_duval,facebook/react-native,facebook,merged,,,True,Java
IssuesEvent,2023-02-12,dan_murphy,netflix/zuul,netflix,commented,,,False,JavaScript
MergeEvent,2023-11-12,chris_lee,airbnb/mavericks,airbnb,closed,,,True,Rust
MergeEvent,2023-08-20,sophie_duval,facebook/yoga,facebook,updated,,,True,JavaScript
PullRequestEvent,2023-09-04,robert_brown,facebook/jest,facebook,closed,32.0,1.0,True,Go
IssuesEvent,2023-11-21,lisa_anderson,facebook/docusaurus,facebook,closed,,,True,Python
CreateEvent,2023-02-16,david_martinez,facebook/react-native,facebook,approved,,,True,Java
CreateEvent,2023-11-26,rachel_kim,netflix/archaius,netflix,commented,,,True,TypeScript
IssuesEvent,2023-07-25,jen_liu,airbnb/enzyme,airbnb,approved,,,True,Rust
MergeEvent,2023-05-04,david_martinez,elastic/kibana,elastic,merged,,,True,Go
PushEvent,2023-08-08,rachel_kim,apache/cassandra,apache,approved,8.0,9.0,True,TypeScript
MergeEvent,2023-01-19,alex_kumar,google/chromium,google,created,,,True,TypeScript
IssuesEvent,2023-10-12,alex_kumar,hashicorp/terraform,hashicorp,closed,,,True,C++
PullRequestEvent,2023-12-09,mike_johnson,google/kubernetes,google,updated,25.0,47.0,True,Python
MergeEvent,2023-07-11,robert_brown,netflix/archaius,netflix,commented,,,True,Java
PullRequestEvent,2023-02-15,dan_murphy,microsoft/PowerToys,microsoft,reviewed,31.0,88.0,True,JavaScript
CreateEvent,2023-10-18,sarah_chen,google/flutter,google,created,,,False,TypeScript
PullRequestEvent,2023-10-10,sarah_chen,hashicorp/vagrant,hashicorp,approved,8.0,96.0,True,Python
IssuesEvent,2023-11-05,sophie_duval,facebook/yoga,facebook,updated,,,True,Go
IssuesEvent,2023-10-20,maria_rodriguez,hashicorp/vault,hashicorp,approved,,,True,Go
CommitEvent,2023-10-22,lisa_anderson,airbnb/javascript,airbnb,created,10.0,18.0,True,Go
CreateEvent,2023-08-05,mark_davis,vercel/micro,vercel,closed,,,True,Rust
PullRequestEvent,2023-10-24,alex_kumar,hashicorp/vagrant,hashicorp,opened,37.0,96.0,True,Java
CommitEvent,2023-08-27,emma_garcia,facebook/react,facebook,updated,1.0,1.0,True,TypeScript
CommitEvent,2023-11-11,maria_rodriguez,uber/jaeger,uber,closed,13.0,22.0,True,Rust
CreateEvent,2023-04-24,tom_nelson,elastic/logstash,elastic,reviewed,,,True,Python
CreateEvent,2023-02-17,mark_davis,vercel/swr,vercel,merged,,,True,Java
PullRequestEvent,2023-07-16,sarah_chen,facebook/yoga,facebook,closed,30.0,50.0,False,Rust
CreateEvent,2023-02-08,maria_rodriguez,vercel/hyper,vercel,closed,,,True,Go
CreateEvent,2023-12-29,anna_wilson,hashicorp/packer,hashicorp,created,,,True,Java
PushEvent,2023-02-15,anna_wilson,apache/cassandra,apache,approved,11.0,7.0,True,Java
PullRequestEvent,2023-04-06,robert_brown,facebook/relay,facebook,merged,21.0,90.0,True,Java
CreateEvent,2023-09-17,sophie_duval,uber/cadence,uber,created,,,True,C++
IssuesEvent,2023-12-01,lisa_anderson,microsoft/terminal,microsoft,reviewed,,,True,JavaScript
IssuesEvent,2023-02-26,alex_kumar,hashicorp/packer,hashicorp,approved,,,True,Python
CommitEvent,2023-01-18,olivia_zhang,apache/cassandra,apache,approved,15.0,20.0,True,JavaScript
PullRequestEvent,2023-07-03,james_smith,airbnb/javascript,airbnb,reviewed,6.0,79.0,True,C++
CommitEvent,2023-06-08,david_martinez,netflix/archaius,netflix,opened,5.0,17.0,False,TypeScript
CommitEvent,2023-08-19,maria_rodriguez,apache/spark,apache,closed,10.0,17.0,False,JavaScript
PullRequestEvent,2023-03-25,maria_rodriguez,hashicorp/consul,hashicorp,merged,9.0,9.0,False,JavaScript
CommitEvent,2023-09-18,james_smith,hashicorp/nomad,hashicorp,merged,11.0,5.0,True,Java
MergeEvent,2023-05-21,sophie_duval,vercel/next.js,vercel,approved,,,False,Go
IssuesEvent,2023-08-03,james_smith,hashicorp/vagrant,hashicorp,reviewed,,,True,TypeScript
PushEvent,2023-02-26,dan_murphy,elastic/kibana,elastic,updated,8.0,6.0,True,Rust
MergeEvent,2023-07-02,sophie_duval,airbnb/mavericks,airbnb,approved,,,True,TypeScript
PullRequestEvent,2023-06-08,rachel_kim,google/angular,google,closed,36.0,80.0,True,Go
MergeEvent,2023-01-12,sarah_chen,google/chromium,google,reviewed,,,False,Rust
PullRequestEvent,2023-12-14,nina_patel,hashicorp/vault,hashicorp,opened,35.0,56.0,True,C++
CreateEvent,2023-01-09,maria_rodriguez,apache/flink,apache,reviewed,,,True,Go
MergeEvent,2023-05-21,sarah_chen,netflix/archaius,netflix,approved,,,True,Rust
PullRequestEvent,2023-02-15,dan_murphy,vercel/micro,vercel,reviewed,29.0,18.0,True,C++
PushEvent,2023-03-16,sophie_duval,hashicorp/consul,hashicorp,commented,2.0,5.0,True,Python
PushEvent,2023-03-18,emma_garcia,microsoft/dotnet,microsoft,reviewed,1.0,4.0,True,Java
CommitEvent,2023-06-23,lisa_anderson,apache/cassandra,apache,closed,12.0,2.0,True,Python
CreateEvent,2023-01-04,david_martinez,hashicorp/packer,hashicorp,merged,,,True,Python
CommitEvent,2023-11-28,anna_wilson,google/go,google,updated,9.0,16.0,True,Python
CommitEvent,2023-04-20,anna_wilson,apache/kafka,apache,reviewed,14.0,2.0,True,C++
IssuesEvent,2023-11-25,alex_kumar,netflix/ribbon,netflix,opened,,,True,JavaScript
MergeEvent,2023-05-02,sarah_chen,google/tensorflow,google,opened,,,True,C++
CreateEvent,2023-02-15,john_taylor,apache/kafka,apache,updated,,,True,Python
CreateEvent,2023-12-25,anna_wilson,apache/cassandra,apache,reviewed,,,True,JavaScript
CommitEvent,2023-08-19,rachel_kim,google/tensorflow,google,closed,12.0,3.0,True,Python
PullRequestEvent,2023-07-28,james_smith,facebook/docusaurus,facebook,updated,1.0,39.0,False,Go
CommitEvent,2023-03-12,rachel_kim,vercel/turbo,vercel,reviewed,12.0,12.0,True,Go
IssuesEvent,2023-07-04,david_martinez,uber/jaeger,uber,created,,,True,Python
IssuesEvent,2023-02-25,mark_davis,google/angular,google,commented,,,True,C++
CreateEvent,2023-09-11,emma_garcia,airbnb/enzyme,airbnb,created,,,False,Java
PullRequestEvent,2023-04-02,lisa_anderson,elastic/apm-server,elastic,updated,47.0,7.0,True,Rust
PullRequestEvent,2023-11-16,maria_rodriguez,uber/jaeger,uber,closed,18.0,29.0,True,Go
IssuesEvent,2023-04-26,lisa_anderson,facebook/jest,facebook,merged,,,True,Rust
PullRequestEvent,2023-11-29,john_taylor,uber/jaeger,uber,opened,49.0,57.0,True,TypeScript
IssuesEvent,2023-08-13,david_martinez,microsoft/playwright,microsoft,updated,,,False,C++
IssuesEvent,2023-06-22,mark_davis,elastic/beats,elastic,reviewed,,,False,Rust
PullRequestEvent,2023-03-22,david_martinez,elastic/elasticsearch,elastic,opened,13.0,60.0,True,Rust
CreateEvent,2023-11-21,david_martinez,netflix/archaius,netflix,created,,,True,Java
PushEvent,2023-04-05,maria_rodriguez,netflix/eureka,netflix,closed,12.0,18.0,False,JavaScript
PushEvent,2023-01-26,mike_johnson,airbnb/lottie,airbnb,opened,9.0,16.0,True,C++
CommitEvent,2023-06-23,alex_kumar,netflix/hystrix,netflix,commented,7.0,6.0,False,Go
CreateEvent,2023-02-20,dan_murphy,elastic/kibana,elastic,opened,,,False,JavaScript
PushEvent,2023-07-03,jen_liu,uber/jaeger,uber,merged,5.0,20.0,True,Python
CreateEvent,2023-11-02,emma_garcia,elastic/kibana,elastic,closed,,,True,JavaScript
IssuesEvent,2023-07-13,sophie_duval,hashicorp/consul,hashicorp,opened,,,False,Python
MergeEvent,2023-03-04,dan_murphy,hashicorp/terraform,hashicorp,updated,,,False,TypeScript
CreateEvent,2023-06-01,maria_rodriguez,netflix/ribbon,netflix,opened,,,False,TypeScript
MergeEvent,2023-05-31,robert_brown,netflix/zuul,netflix,closed,,,True,Go
PushEvent,2023-04-19,anna_wilson,netflix/conductor,netflix,merged,15.0,6.0,True,Python
CreateEvent,2023-03-25,emma_garcia,hashicorp/vault,hashicorp,approved,,,True,Go
MergeEvent,2023-10-09,sophie_duval,airbnb/lottie,airbnb,approved,,,True,Python
MergeEvent,2023-07-24,robert_brown,elastic/apm-server,elastic,updated,,,False,TypeScript
MergeEvent,2023-03-12,anna_wilson,vercel/swr,vercel,reviewed,,,False,C++
CommitEvent,2023-10-22,nina_patel,vercel/next.js,vercel,updated,3.0,23.0,True,JavaScript
PullRequestEvent,2023-01-21,nina_patel,microsoft/vscode,microsoft,created,22.0,10.0,True,Go
IssuesEvent,2023-08-24,rachel_kim,airbnb/visx,airbnb,updated,,,False,Rust
MergeEvent,2023-03-30,tom_nelson,vercel/pkg,vercel,commented,,,True,C++
CommitEvent,2023-07-27,james_smith,elastic/beats,elastic,updated,3.0,10.0,False,Python
PullRequestEvent,2023-06-18,emma_garcia,elastic/apm-server,elastic,approved,5.0,47.0,True,Java
PullRequestEvent,2023-04-13,olivia_zhang,facebook/react,facebook,updated,23.0,85.0,True,TypeScript
CommitEvent,2023-08-24,sophie_duval,airbnb/visx,airbnb,commented,6.0,1.0,False,Go
MergeEvent,2023-12-08,olivia_zhang,airbnb/mavericks,airbnb,merged,,,True,Rust
PullRequestEvent,2023-08-28,anna_wilson,hashicorp/consul,hashicorp,reviewed,30.0,22.0,False,Java
IssuesEvent,2023-04-06,dan_murphy,netflix/zuul,netflix,updated,,,True,C++
CommitEvent,2023-01-19,tom_nelson,uber/kraken,uber,opened,10.0,4.0,True,Go
PushEvent,2023-01-29,olivia_zhang,netflix/ribbon,netflix,created,4.0,16.0,True,Python
MergeEvent,2023-01-07,tom_nelson,google/chromium,google,reviewed,,,True,Rust
IssuesEvent,2023-09-18,chris_lee,hashicorp/vagrant,hashicorp,approved,,,True,Python
CreateEvent,2023-01-02,anna_wilson,uber/pyro,uber,merged,,,True,Python
PushEvent,2023-01-27,nina_patel,uber/pyro,uber,closed,7.0,9.0,False,Go
IssuesEvent,2023-10-17,sophie_duval,netflix/zuul,netflix,opened,,,True,Python
MergeEvent,2023-06-22,john_taylor,microsoft/dotnet,microsoft,closed,,,False,Go
CreateEvent,2023-02-06,jen_liu,microsoft/TypeScript,microsoft,reviewed,,,True,Go
IssuesEvent,2023-10-10,mark_davis,uber/react-map-gl,uber,reviewed,,,True,C++
MergeEvent,2023-11-19,alex_kumar,netflix/archaius,netflix,reviewed,,,True,Rust
CreateEvent,2023-02-13,mike_johnson,uber/kraken,uber,closed,,,True,Java
CreateEvent,2023-02-01,olivia_zhang,google/kubernetes,google,commented,,,True,Rust
PushEvent,2023-05-19,jen_liu,vercel/swr,vercel,closed,2.0,11.0,True,Rust
PushEvent,2023-06-23,nina_patel,apache/cassandra,apache,updated,10.0,2.0,True,Go
PullRequestEvent,2023-11-08,dan_murphy,microsoft/terminal,microsoft,created,30.0,49.0,True,TypeScript
PullRequestEvent,2023-01-09,james_smith,facebook/relay,facebook,reviewed,18.0,97.0,True,Rust
CommitEvent,2023-11-18,anna_wilson,facebook/relay,facebook,reviewed,6.0,18.0,True,Go
MergeEvent,2024-01-01,nina_patel,elastic/kibana,elastic,updated,,,True,C++
MergeEvent,2023-10-07,mark_davis,facebook/react,facebook,opened,,,False,Java
PushEvent,2023-06-25,maria_rodriguez,apache/kafka,apache,merged,2.0,4.0,True,Rust
PushEvent,2023-09-28,anna_wilson,google/kubernetes,google,reviewed,8.0,5.0,True,Go
IssuesEvent,2023-06-01,john_taylor,microsoft/vscode,microsoft,created,,,False,Python
PullRequestEvent,2023-06-10,rachel_kim,netflix/hystrix,netflix,commented,21.0,90.0,False,Python
PullRequestEvent,2023-12-17,chris_lee,microsoft/playwright,microsoft,merged,3.0,60.0,True,Rust
CommitEvent,2023-11-02,nina_patel,uber/react-map-gl,uber,opened,6.0,5.0,True,Rust
PushEvent,2023-02-09,olivia_zhang,hashicorp/nomad,hashicorp,created,13.0,9.0,True,Go
CreateEvent,2023-06-10,mark_davis,netflix/archaius,netflix,opened,,,True,Rust
CommitEvent,2023-08-09,jen_liu,vercel/next.js,vercel,closed,8.0,22.0,True,Rust
CommitEvent,2023-11-20,maria_rodriguez,vercel/pkg,vercel,commented,5.0,25.0,False,Python
MergeEvent,2023-11-01,mike_johnson,microsoft/PowerToys,microsoft,updated,,,True,Python
CommitEvent,2023-12-07,tom_nelson,uber/jaeger,uber,reviewed,14.0,9.0,False,C++
CommitEvent,2023-04-20,dan_murphy,microsoft/PowerToys,microsoft,commented,5.0,15.0,True,Java
CreateEvent,2023-07-04,john_taylor,vercel/next.js,vercel,reviewed,,,False,TypeScript
IssuesEvent,2023-02-03,john_taylor,apache/spark,apache,created,,,True,Rust
CreateEvent,2023-09-10,chris_lee,airbnb/javascript,airbnb,commented,,,False,C++
PushEvent,2023-12-26,mark_davis,hashicorp/consul,hashicorp,closed,5.0,25.0,True,Rust
IssuesEvent,2023-10-30,dan_murphy,facebook/docusaurus,facebook,closed,,,False,Java
CommitEvent,2023-08-18,maria_rodriguez,elastic/logstash,elastic,merged,13.0,4.0,True,Java
MergeEvent,2023-07-23,nina_patel,facebook/jest,facebook,merged,,,True,Go
IssuesEvent,2023-07-20,olivia_zhang,elastic/beats,elastic,created,,,False,Go
CreateEvent,2023-03-01,mike_johnson,facebook/react,facebook,created,,,True,C++
PushEvent,2023-01-11,tom_nelson,elastic/apm-server,elastic,opened,12.0,23.0,True,Python
PushEvent,2023-04-12,lisa_anderson,vercel/hyper,vercel,updated,4.0,12.0,True,JavaScript
MergeEvent,2023-04-01,lisa_anderson,airbnb/javascript,airbnb,opened,,,True,Go
CommitEvent,2023-02-06,emma_garcia,uber/jaeger,uber,closed,8.0,16.0,True,Java
CreateEvent,2023-08-05,sophie_duval,netflix/hystrix,netflix,updated,,,True,TypeScript
PullRequestEvent,2023-08-18,sarah_chen,facebook/docusaurus,facebook,closed,23.0,82.0,False,Java
MergeEvent,2023-10-30,lisa_anderson,elastic/logstash,elastic,approved,,,True,Java
MergeEvent,2023-07-22,mark_davis,netflix/conductor,netflix,closed,,,True,Java
CommitEvent,2023-04-03,nina_patel,vercel/micro,vercel,approved,3.0,5.0,True,Rust
MergeEvent,2023-01-22,sarah_chen,microsoft/dotnet,microsoft,created,,,False,Go
IssuesEvent,2023-07-17,nina_patel,google/flutter,google,created,,,True,Rust
CreateEvent,2023-04-28,rachel_kim,elastic/kibana,elastic,closed,,,True,JavaScript
CommitEvent,2023-08-04,dan_murphy,vercel/pkg,vercel,updated,4.0,4.0,False,Python
CreateEvent,2023-06-09,nina_patel,uber/jaeger,uber,reviewed,,,True,Python
PushEvent,2023-08-17,robert_brown,facebook/jest,facebook,closed,5.0,3.0,False,JavaScript
MergeEvent,2023-01-01,sophie_duval,elastic/kibana,elastic,opened,,,True,C++
MergeEvent,2023-08-27,alex_kumar,hashicorp/packer,hashicorp,merged,,,True,TypeScript
CommitEvent,2023-07-07,james_smith,facebook/react-native,facebook,merged,13.0,23.0,True,TypeScript
IssuesEvent,2023-07-16,alex_kumar,elastic/apm-server,elastic,approved,,,False,Python
MergeEvent,2023-05-01,sophie_duval,google/angular,google,opened,,,True,C++
CreateEvent,2023-01-12,robert_brown,apache/flink,apache,merged,,,True,Go
MergeEvent,2023-05-06,emma_garcia,uber/kraken,uber,opened,,,True,JavaScript
PullRequestEvent,2023-09-26,sophie_duval,netflix/ribbon,netflix,updated,16.0,70.0,True,Java
CommitEvent,2023-06-08,rachel_kim,uber/pyro,uber,reviewed,8.0,23.0,True,C++
CreateEvent,2023-02-04,maria_rodriguez,google/angular,google,reviewed,,,True,JavaScript
MergeEvent,2023-12-29,john_taylor,microsoft/TypeScript,microsoft,updated,,,True,Python
CommitEvent,2023-08-01,mark_davis,microsoft/PowerToys,microsoft,opened,2.0,19.0,False,TypeScript
MergeEvent,2023-02-14,lisa_anderson,hashicorp/consul,hashicorp,approved,,,False,TypeScript
MergeEvent,2023-10-04,mark_davis,hashicorp/packer,hashicorp,updated,,,True,Rust
PullRequestEvent,2023-09-03,olivia_zhang,facebook/react,facebook,approved,33.0,37.0,True,C++
CommitEvent,2023-11-11,emma_garcia,elastic/elasticsearch,elastic,reviewed,4.0,16.0,True,Rust
PushEvent,2023-09-25,sarah_chen,apache/cassandra,apache,merged,15.0,12.0,True,JavaScript
CommitEvent,2023-04-27,john_taylor,netflix/hystrix,netflix,created,13.0,1.0,True,Java
CreateEvent,2023-11-14,mike_johnson,elastic/kibana,elastic,commented,,,True,Java
CommitEvent,2023-10-06,mike_johnson,hashicorp/vagrant,hashicorp,updated,2.0,24.0,True,TypeScript
PullRequestEvent,2023-10-30,james_smith,netflix/archaius,netflix,approved,33.0,86.0,True,TypeScript
CommitEvent,2023-11-05,sarah_chen,apache/spark,apache,updated,2.0,3.0,False,Rust
PullRequestEvent,2023-05-09,alex_kumar,elastic/kibana,elastic,created,40.0,60.0,False,TypeScript
CreateEvent,2023-04-09,david_martinez,elastic/elasticsearch,elastic,commented,,,False,Java
PushEvent,2023-06-25,james_smith,google/chromium,google,updated,1.0,15.0,True,C++
CreateEvent,2023-08-28,lisa_anderson,hashicorp/packer,hashicorp,approved,,,False,TypeScript
PushEvent,2023-04-17,david_martinez,airbnb/mavericks,airbnb,reviewed,4.0,11.0,True,Go
PushEvent,2023-07-28,anna_wilson,elastic/kibana,elastic,updated,11.0,11.0,True,TypeScript
PullRequestEvent,2023-05-07,john_taylor,elastic/kibana,elastic,merged,2.0,25.0,True,Java
CreateEvent,2023-09-30,maria_rodriguez,google/flutter,google,closed,,,True,Python
MergeEvent,2023-07-15,john_taylor,vercel/pkg,vercel,merged,,,True,Java
IssuesEvent,2023-08-26,sophie_duval,microsoft/vscode,microsoft,updated,,,True,Rust
IssuesEvent,2023-11-23,tom_nelson,elastic/apm-server,elastic,created,,,False,C++
PullRequestEvent,2023-08-17,sophie_duval,facebook/relay,facebook,opened,4.0,3.0,True,C++
CreateEvent,2023-12-03,chris_lee,hashicorp/nomad,hashicorp,opened,,,True,Go
MergeEvent,2023-01-26,chris_lee,apache/spark,apache,approved,,,True,Python
PushEvent,2023-05-02,jen_liu,facebook/relay,facebook,merged,4.0,8.0,False,JavaScript
MergeEvent,2023-08-19,lisa_anderson,google/tensorflow,google,reviewed,,,False,Go
IssuesEvent,2023-04-30,tom_nelson,apache/kafka,apache,updated,,,True,Python
PullRequestEvent,2023-11-20,sarah_chen,airbnb/lottie,airbnb,reviewed,32.0,100.0,True,TypeScript
MergeEvent,2023-05-20,sophie_duval,microsoft/playwright,microsoft,updated,,,True,TypeScript
PushEvent,2023-05-07,tom_nelson,vercel/hyper,vercel,commented,4.0,19.0,True,Python
PullRequestEvent,2023-01-26,rachel_kim,airbnb/visx,airbnb,merged,48.0,53.0,True,Go
CommitEvent,2023-12-23,jen_liu,airbnb/visx,airbnb,reviewed,5.0,11.0,True,TypeScript
MergeEvent,2023-12-21,olivia_zhang,elastic/kibana,elastic,commented,,,True,Java
CreateEvent,2023-10-09,mark_davis,hashicorp/packer,hashicorp,approved,,,True,Java
CreateEvent,2023-04-12,anna_wilson,microsoft/TypeScript,microsoft,merged,,,True,Java
CreateEvent,2023-03-29,james_smith,apache/flink,apache,closed,,,True,C++
MergeEvent,2023-06-24,mike_johnson,uber/cadence,uber,approved,,,True,C++
PullRequestEvent,2023-10-30,jen_liu,facebook/react,facebook,commented,42.0,64.0,True,JavaScript
IssuesEvent,2023-12-13,james_smith,elastic/elasticsearch,elastic,updated,,,True,Java
MergeEvent,2023-07-14,emma_garcia,vercel/hyper,vercel,merged,,,True,JavaScript
PushEvent,2023-04-02,tom_nelson,uber/kraken,uber,merged,2.0,25.0,False,TypeScript
PullRequestEvent,2023-11-18,sophie_duval,microsoft/terminal,microsoft,merged,46.0,74.0,False,TypeScript
MergeEvent,2023-10-25,olivia_zhang,apache/beam,apache,updated,,,True,Python
PushEvent,2023-11-17,james_smith,facebook/jest,facebook,reviewed,6.0,24.0,True,TypeScript
CommitEvent,2023-02-14,nina_patel,uber/react-map-gl,uber,merged,12.0,24.0,False,TypeScript
CommitEvent,2023-10-07,rachel_kim,netflix/hystrix,netflix,closed,2.0,6.0,True,Python
CreateEvent,2023-12-28,sophie_duval,microsoft/playwright,microsoft,opened,,,True,Rust
IssuesEvent,2023-11-16,tom_nelson,microsoft/vscode,microsoft,created,,,True,C++
CreateEvent,2023-12-22,mike_johnson,apache/cassandra,apache,updated,,,True,Python
IssuesEvent,2023-10-16,alex_kumar,airbnb/lottie,airbnb,approved,,,False,JavaScript
IssuesEvent,2023-05-22,sophie_duval,hashicorp/terraform,hashicorp,closed,,,False,Java
MergeEvent,2023-01-20,lisa_anderson,microsoft/terminal,microsoft,created,,,True,Rust
CommitEvent,2023-12-29,tom_nelson,netflix/conductor,netflix,opened,5.0,1.0,True,TypeScript
IssuesEvent,2023-09-16,david_martinez,hashicorp/nomad,hashicorp,reviewed,,,True,Rust
CommitEvent,2023-12-14,sophie_duval,uber/cadence,uber,closed,2.0,6.0,False,JavaScript
MergeEvent,2023-03-02,alex_kumar,microsoft/dotnet,microsoft,approved,,,True,Go
CreateEvent,2023-11-19,maria_rodriguez,google/angular,google,merged,,,True,Python
CreateEvent,2023-04-05,lisa_anderson,airbnb/enzyme,airbnb,closed,,,True,Go
PushEvent,2023-07-06,nina_patel,vercel/hyper,vercel,updated,7.0,14.0,True,Python
PullRequestEvent,2023-12-09,emma_garcia,microsoft/vscode,microsoft,opened,44.0,16.0,True,C++
PullRequestEvent,2023-09-28,tom_nelson,elastic/apm-server,elastic,approved,29.0,73.0,True,Rust
IssuesEvent,2023-09-11,chris_lee,airbnb/enzyme,airbnb,updated,,,True,Rust
IssuesEvent,2023-07-04,emma_garcia,netflix/zuul,netflix,approved,,,False,Go
IssuesEvent,2023-12-18,jen_liu,airbnb/mavericks,airbnb,commented,,,True,Java
PushEvent,2023-07-01,sarah_chen,hashicorp/terraform,hashicorp,merged,10.0,18.0,True,Python
IssuesEvent,2023-11-19,john_taylor,elastic/elasticsearch,elastic,approved,,,True,Java
CommitEvent,2023-09-07,robert_brown,microsoft/TypeScript,microsoft,updated,9.0,18.0,True,Go
CreateEvent,2023-06-07,david_martinez,airbnb/lottie,airbnb,approved,,,True,Rust
IssuesEvent,2023-10-13,alex_kumar,netflix/hystrix,netflix,merged,,,True,C++
CreateEvent,2023-02-26,alex_kumar,uber/pyro,uber,closed,,,False,Python
CreateEvent,2023-03-19,sophie_duval,hashicorp/nomad,hashicorp,reviewed,,,True,C++
MergeEvent,2023-01-27,rachel_kim,facebook/relay,facebook,merged,,,True,C++
CreateEvent,2023-03-03,nina_patel,vercel/next.js,vercel,commented,,,True,JavaScript
CreateEvent,2023-06-16,nina_patel,netflix/zuul,netflix,opened,,,True,Go
CommitEvent,2023-09-29,sophie_duval,netflix/zuul,netflix,merged,4.0,19.0,True,JavaScript
CommitEvent,2023-02-02,sophie_duval,airbnb/javascript,airbnb,updated,11.0,11.0,True,Rust
IssuesEvent,2023-12-21,tom_nelson,elastic/logstash,elastic,reviewed,,,True,Java
CommitEvent,2023-10-04,chris_lee,hashicorp/vagrant,hashicorp,created,13.0,8.0,True,Java
IssuesEvent,2023-11-24,tom_nelson,airbnb/mavericks,airbnb,reviewed,,,True,Rust
PushEvent,2023-12-17,emma_garcia,microsoft/TypeScript,microsoft,commented,14.0,9.0,True,JavaScript
MergeEvent,2023-06-19,david_martinez,facebook/yoga,facebook,reviewed,,,True,C++
CommitEvent,2023-07-14,nina_patel,microsoft/dotnet,microsoft,merged,7.0,25.0,True,JavaScript
CreateEvent,2023-01-24,sophie_duval,hashicorp/nomad,hashicorp,opened,,,False,Rust
CommitEvent,2023-10-21,tom_nelson,facebook/react,facebook,approved,13.0,8.0,True,C++
IssuesEvent,2023-03-21,anna_wilson,apache/flink,apache,opened,,,True,Python
IssuesEvent,2023-09-18,alex_kumar,netflix/zuul,netflix,created,,,False,C++
MergeEvent,2023-01-05,tom_nelson,airbnb/enzyme,airbnb,created,,,True,Python
PushEvent,2023-09-01,mike_johnson,elastic/apm-server,elastic,reviewed,14.0,25.0,True,Java
PullRequestEvent,2023-04-07,nina_patel,vercel/pkg,vercel,approved,37.0,42.0,False,Java
PushEvent,2023-11-23,sophie_duval,hashicorp/packer,hashicorp,merged,5.0,24.0,True,C++
CommitEvent,2023-11-25,chris_lee,vercel/hyper,vercel,closed,5.0,25.0,True,Python
PushEvent,2023-10-22,mark_davis,facebook/jest,facebook,created,10.0,12.0,True,JavaScript
PullRequestEvent,2023-09-16,jen_liu,facebook/react,facebook,reviewed,20.0,46.0,True,Rust
PushEvent,2023-01-01,mike_johnson,google/go,google,created,15.0,7.0,True,Rust
PushEvent,2023-07-23,mark_davis,microsoft/playwright,microsoft,created,3.0,15.0,True,TypeScript
MergeEvent,2023-06-29,alex_kumar,airbnb/lottie,airbnb,closed,,,True,JavaScript
IssuesEvent,2023-12-27,david_martinez,airbnb/mavericks,airbnb,created,,,True,Python
IssuesEvent,2023-09-21,jen_liu,hashicorp/consul,hashicorp,opened,,,True,JavaScript
PullRequestEvent,2023-10-23,james_smith,elastic/kibana,elastic,updated,34.0,91.0,True,TypeScript
CreateEvent,2023-09-07,alex_kumar,microsoft/dotnet,microsoft,closed,,,True,Java
PullRequestEvent,2023-02-20,anna_wilson,hashicorp/vagrant,hashicorp,opened,5.0,74.0,True,Python
CreateEvent,2023-09-10,emma_garcia,uber/pyro,uber,opened,,,True,TypeScript
CommitEvent,2023-03-16,lisa_anderson,microsoft/terminal,microsoft,reviewed,7.0,13.0,True,TypeScript
IssuesEvent,2023-11-24,anna_wilson,airbnb/enzyme,airbnb,opened,,,True,Go
MergeEvent,2023-05-16,rachel_kim,hashicorp/consul,hashicorp,approved,,,True,Java
MergeEvent,2023-12-06,olivia_zhang,netflix/conductor,netflix,merged,,,True,JavaScript
CommitEvent,2023-07-13,james_smith,elastic/elasticsearch,elastic,commented,2.0,23.0,True,Python
PullRequestEvent,2023-01-19,john_taylor,hashicorp/consul,hashicorp,commented,11.0,69.0,True,Java
PushEvent,2023-03-07,jen_liu,airbnb/visx,airbnb,updated,1.0,14.0,True,Python
CreateEvent,2023-11-25,anna_wilson,netflix/ribbon,netflix,commented,,,True,C++
CommitEvent,2023-05-16,rachel_kim,google/angular,google,closed,1.0,18.0,True,Rust
CreateEvent,2023-08-31,john_taylor,hashicorp/terraform,hashicorp,closed,,,True,Java
CommitEvent,2023-12-20,chris_lee,netflix/archaius,netflix,commented,7.0,18.0,True,TypeScript
CreateEvent,2023-03-29,tom_nelson,hashicorp/vagrant,hashicorp,reviewed,,,True,C++
PullRequestEvent,2023-06-20,john_taylor,uber/cadence,uber,closed,8.0,75.0,False,C++
CreateEvent,2023-08-20,sarah_chen,netflix/conductor,netflix,reviewed,,,True,Java
IssuesEvent,2023-06-12,mark_davis,netflix/ribbon,netflix,commented,,,True,Go
PushEvent,2023-08-27,rachel_kim,microsoft/dotnet,microsoft,updated,10.0,18.0,True,TypeScript
IssuesEvent,2023-09-21,james_smith,vercel/turbo,vercel,approved,,,True,Go
PullRequestEvent,2023-09-25,maria_rodriguez,netflix/archaius,netflix,updated,20.0,14.0,True,Python
MergeEvent,2023-12-10,mark_davis,uber/pyro,uber,commented,,,True,JavaScript
MergeEvent,2023-09-25,alex_kumar,netflix/eureka,netflix,commented,,,False,Go
CreateEvent,2023-12-15,lisa_anderson,facebook/jest,facebook,updated,,,True,C++
PullRequestEvent,2023-07-16,robert_brown,facebook/docusaurus,facebook,approved,1.0,8.0,True,C++
CreateEvent,2023-11-26,alex_kumar,airbnb/javascript,airbnb,created,,,True,C++
MergeEvent,2023-06-14,sarah_chen,airbnb/javascript,airbnb,reviewed,,,True,Java
CommitEvent,2023-09-06,olivia_zhang,elastic/apm-server,elastic,reviewed,14.0,4.0,True,Go
CommitEvent,2023-03-17,olivia_zhang,uber/pyro,uber,updated,8.0,10.0,True,TypeScript
PullRequestEvent,2023-12-13,dan_murphy,elastic/logstash,elastic,approved,6.0,51.0,True,C++
IssuesEvent,2023-09-14,john_taylor,vercel/pkg,vercel,merged,,,True,Go
PullRequestEvent,2023-10-01,sarah_chen,facebook/relay,facebook,updated,26.0,9.0,False,Java
IssuesEvent,2023-12-04,mike_johnson,vercel/pkg,vercel,reviewed,,,True,Rust
PullRequestEvent,2023-06-25,maria_rodriguez,airbnb/mavericks,airbnb,merged,17.0,17.0,True,C++
CreateEvent,2023-05-24,chris_lee,hashicorp/terraform,hashicorp,commented,,,True,Python
PushEvent,2023-04-12,dan_murphy,facebook/react,facebook,opened,2.0,5.0,False,Python
PushEvent,2023-07-04,lisa_anderson,uber/cadence,uber,commented,10.0,1.0,True,JavaScript
CommitEvent,2023-11-30,chris_lee,vercel/swr,vercel,reviewed,1.0,20.0,True,TypeScript
MergeEvent,2023-04-09,john_taylor,hashicorp/consul,hashicorp,reviewed,,,False,C++
CommitEvent,2023-08-22,robert_brown,airbnb/mavericks,airbnb,commented,15.0,22.0,False,TypeScript
IssuesEvent,2023-05-27,james_smith,elastic/apm-server,elastic,created,,,True,Rust
IssuesEvent,2023-02-21,emma_garcia,vercel/micro,vercel,created,,,True,C++
CommitEvent,2023-01-22,lisa_anderson,hashicorp/vagrant,hashicorp,approved,10.0,12.0,False,Rust
PushEvent,2023-10-12,dan_murphy,facebook/react-native,facebook,commented,10.0,23.0,False,Python
IssuesEvent,2023-04-19,dan_murphy,airbnb/mavericks,airbnb,merged,,,True,TypeScript
PushEvent,2023-06-26,john_taylor,elastic/beats,elastic,merged,3.0,10.0,True,Python
PushEvent,2023-12-10,rachel_kim,uber/pyro,uber,commented,9.0,24.0,False,TypeScript
MergeEvent,2023-12-26,chris_lee,hashicorp/consul,hashicorp,updated,,,True,C++
MergeEvent,2023-08-13,sarah_chen,airbnb/javascript,airbnb,approved,,,True,Go
MergeEvent,2023-05-27,nina_patel,uber/cadence,uber,approved,,,False,JavaScript
PullRequestEvent,2023-11-10,sophie_duval,elastic/beats,elastic,commented,41.0,60.0,True,JavaScript
CommitEvent,2023-04-12,tom_nelson,hashicorp/vagrant,hashicorp,updated,13.0,24.0,False,C++
IssuesEvent,2023-05-05,david_martinez,netflix/archaius,netflix,approved,,,True,JavaScript
PushEvent,2023-05-03,olivia_zhang,uber/kraken,uber,created,5.0,22.0,True,TypeScript
PullRequestEvent,2023-10-05,anna_wilson,vercel/swr,vercel,updated,14.0,97.0,True,Go
PushEvent,2023-03-10,maria_rodriguez,elastic/logstash,elastic,reviewed,6.0,8.0,False,C++
CreateEvent,2023-05-06,maria_rodriguez,vercel/pkg,vercel,opened,,,True,C++
IssuesEvent,2023-12-01,sarah_chen,microsoft/dotnet,microsoft,closed,,,False,Rust
PullRequestEvent,2023-09-26,john_taylor,netflix/hystrix,netflix,closed,20.0,37.0,True,JavaScript
PushEvent,2023-02-14,olivia_zhang,hashicorp/nomad,hashicorp,merged,11.0,25.0,False,JavaScript
MergeEvent,2023-11-25,sophie_duval,vercel/micro,vercel,commented,,,True,TypeScript
PushEvent,2023-07-22,alex_kumar,facebook/relay,facebook,reviewed,10.0,2.0,True,Java
MergeEvent,2023-01-12,anna_wilson,facebook/docusaurus,facebook,closed,,,True,Java
IssuesEvent,2023-10-06,mark_davis,apache/flink,apache,opened,,,True,Java
PushEvent,2023-12-18,james_smith,microsoft/dotnet,microsoft,created,3.0,19.0,True,Python
IssuesEvent,2023-04-19,mike_johnson,google/chromium,google,reviewed,,,True,Rust
MergeEvent,2023-09-02,nina_patel,vercel/hyper,vercel,updated,,,True,Rust
MergeEvent,2023-03-12,sophie_duval,vercel/next.js,vercel,reviewed,,,True,Rust
CreateEvent,2023-03-13,mark_davis,microsoft/terminal,microsoft,updated,,,True,JavaScript
IssuesEvent,2023-09-06,david_martinez,elastic/apm-server,elastic,approved,,,True,C++
IssuesEvent,2023-07-03,olivia_zhang,google/angular,google,merged,,,True,JavaScript
CreateEvent,2023-10-10,sophie_duval,google/chromium,google,merged,,,False,TypeScript
CommitEvent,2023-03-06,rachel_kim,hashicorp/nomad,hashicorp,approved,7.0,1.0,True,Rust
MergeEvent,2023-10-18,robert_brown,netflix/zuul,netflix,created,,,True,JavaScript
CreateEvent,2023-07-23,david_martinez,uber/cadence,uber,opened,,,False,Go
MergeEvent,2023-04-11,david_martinez,facebook/relay,facebook,created,,,True,C++
PushEvent,2023-04-06,tom_nelson,netflix/archaius,netflix,closed,7.0,7.0,True,JavaScript
MergeEvent,2023-04-21,emma_garcia,microsoft/playwright,microsoft,approved,,,False,C++
CreateEvent,2023-02-20,lisa_anderson,apache/kafka,apache,merged,,,False,Python
PullRequestEvent,2023-08-20,mark_davis,hashicorp/vagrant,hashicorp,reviewed,20.0,9.0,True,Rust
PushEvent,2023-04-01,anna_wilson,google/kubernetes,google,merged,6.0,22.0,True,Go
CommitEvent,2023-05-16,anna_wilson,vercel/micro,vercel,approved,10.0,2.0,True,Go
CommitEvent,2023-11-26,robert_brown,vercel/next.js,vercel,closed,11.0,5.0,False,C++
CreateEvent,2023-12-19,anna_wilson,apache/cassandra,apache,approved,,,True,Java
PullRequestEvent,2023-03-12,sarah_chen,apache/flink,apache,approved,39.0,48.0,True,C++
CreateEvent,2023-05-10,chris_lee,apache/airflow,apache,opened,,,False,C++
CreateEvent,2023-12-29,sophie_duval,google/flutter,google,merged,,,True,TypeScript
PullRequestEvent,2023-09-13,chris_lee,vercel/hyper,vercel,merged,16.0,36.0,True,Go
CreateEvent,2023-09-01,david_martinez,hashicorp/terraform,hashicorp,merged,,,False,Java
IssuesEvent,2023-02-07,james_smith,apache/kafka,apache,reviewed,,,True,Rust
CreateEvent,2023-12-09,alex_kumar,facebook/jest,facebook,reviewed,,,True,Rust
CommitEvent,2023-09-08,dan_murphy,hashicorp/vault,hashicorp,approved,1.0,6.0,False,TypeScript
PushEvent,2023-04-15,mark_davis,vercel/swr,vercel,approved,5.0,6.0,True,TypeScript
PullRequestEvent,2023-06-26,emma_garcia,airbnb/mavericks,airbnb,merged,20.0,61.0,True,JavaScript
PushEvent,2023-10-14,maria_rodriguez,airbnb/visx,airbnb,closed,13.0,18.0,True,TypeScript
CommitEvent,2023-07-31,james_smith,hashicorp/vagrant,hashicorp,commented,8.0,10.0,True,TypeScript
PushEvent,2023-12-25,emma_garcia,elastic/beats,elastic,reviewed,10.0,2.0,True,Java
IssuesEvent,2023-09-16,tom_nelson,uber/cadence,uber,updated,,,True,Python
PullRequestEvent,2023-07-13,sophie_duval,microsoft/TypeScript,microsoft,opened,3.0,4.0,False,C++
CreateEvent,2023-04-11,alex_kumar,netflix/hystrix,netflix,approved,,,False,TypeScript
PullRequestEvent,2023-05-13,dan_murphy,apache/spark,apache,opened,5.0,59.0,True,Rust
CreateEvent,2023-09-27,john_taylor,hashicorp/packer,hashicorp,updated,,,True,Python
IssuesEvent,2023-06-15,james_smith,apache/spark,apache,created,,,True,TypeScript
PullRequestEvent,2023-09-28,tom_nelson,facebook/relay,facebook,opened,44.0,86.0,True,Go
MergeEvent,2023-09-20,emma_garcia,airbnb/lottie,airbnb,reviewed,,,True,Rust
PullRequestEvent,2023-12-24,robert_brown,airbnb/javascript,airbnb,created,49.0,36.0,False,JavaScript
MergeEvent,2023-05-31,chris_lee,google/flutter,google,commented,,,True,JavaScript
CommitEvent,2023-07-23,david_martinez,microsoft/PowerToys,microsoft,created,7.0,18.0,True,TypeScript
CommitEvent,2023-11-26,jen_liu,google/flutter,google,approved,3.0,7.0,True,Go
MergeEvent,2023-11-18,robert_brown,uber/pyro,uber,opened,,,True,Python
PushEvent,2023-03-07,robert_brown,google/tensorflow,google,created,9.0,15.0,True,JavaScript
CreateEvent,2023-07-16,emma_garcia,apache/beam,apache,closed,,,True,C++
MergeEvent,2023-01-04,dan_murphy,apache/flink,apache,approved,,,True,Java
PushEvent,2023-09-19,david_martinez,hashicorp/terraform,hashicorp,created,12.0,7.0,True,Rust
CreateEvent,2023-11-01,david_martinez,apache/cassandra,apache,approved,,,False,Go
IssuesEvent,2023-02-27,sophie_duval,airbnb/mavericks,airbnb,approved,,,False,Java
CommitEvent,2023-08-29,jen_liu,airbnb/visx,airbnb,created,11.0,21.0,True,TypeScript
IssuesEvent,2023-01-15,mike_johnson,uber/react-map-gl,uber,opened,,,True,Python
CommitEvent,2023-11-07,olivia_zhang,apache/kafka,apache,approved,15.0,24.0,True,C++
MergeEvent,2023-07-07,robert_brown,microsoft/terminal,microsoft,approved,,,True,JavaScript
PullRequestEvent,2023-03-27,mike_johnson,apache/beam,apache,approved,37.0,63.0,True,Go
MergeEvent,2023-08-23,dan_murphy,hashicorp/nomad,hashicorp,merged,,,True,Java
MergeEvent,2023-11-28,alex_kumar,vercel/turbo,vercel,opened,,,True,Go
CreateEvent,2023-02-15,chris_lee,vercel/micro,vercel,commented,,,True,Python
MergeEvent,2023-04-12,mark_davis,hashicorp/nomad,hashicorp,created,,,False,JavaScript
IssuesEvent,2023-06-30,jen_liu,vercel/pkg,vercel,created,,,True,Go
PushEvent,2023-06-08,alex_kumar,apache/cassandra,apache,updated,14.0,7.0,True,JavaScript
PullRequestEvent,2023-10-25,sophie_duval,uber/jaeger,uber,opened,43.0,16.0,True,TypeScript
IssuesEvent,2023-05-24,rachel_kim,vercel/micro,vercel,merged,,,False,Go
PullRequestEvent,2023-04-30,chris_lee,netflix/conductor,netflix,created,11.0,60.0,True,JavaScript
MergeEvent,2023-05-01,jen_liu,vercel/next.js,vercel,updated,,,True,Java
CommitEvent,2023-02-05,robert_brown,microsoft/TypeScript,microsoft,created,6.0,11.0,True,JavaScript
PullRequestEvent,2023-12-30,nina_patel,apache/cassandra,apache,reviewed,21.0,67.0,True,Python
CommitEvent,2023-11-01,robert_brown,elastic/kibana,elastic,merged,15.0,9.0,True,Rust
CommitEvent,2023-08-18,rachel_kim,netflix/conductor,netflix,merged,7.0,6.0,False,Go
IssuesEvent,2023-10-10,rachel_kim,facebook/docusaurus,facebook,created,,,True,Go
CreateEvent,2023-04-23,emma_garcia,vercel/turbo,vercel,commented,,,True,JavaScript
PullRequestEvent,2023-10-15,mark_davis,vercel/hyper,vercel,commented,15.0,30.0,True,Python
IssuesEvent,2023-11-26,tom_nelson,uber/kraken,uber,closed,,,True,JavaScript
PushEvent,2023-02-11,rachel_kim,microsoft/playwright,microsoft,created,8.0,25.0,True,TypeScript
CreateEvent,2023-08-30,maria_rodriguez,netflix/hystrix,netflix,commented,,,True,Go
MergeEvent,2023-11-29,maria_rodriguez,facebook/react-native,facebook,closed,,,False,TypeScript
PushEvent,2023-12-30,john_taylor,google/chromium,google,closed,14.0,7.0,True,C++
CreateEvent,2023-09-06,jen_liu,microsoft/TypeScript,microsoft,approved,,,True,Java
CreateEvent,2023-05-16,james_smith,elastic/kibana,elastic,closed,,,False,Rust
MergeEvent,2023-09-28,mike_johnson,hashicorp/nomad,hashicorp,reviewed,,,False,Go
PushEvent,2023-03-08,david_martinez,elastic/apm-server,elastic,opened,13.0,24.0,True,Python
CreateEvent,2023-02-19,tom_nelson,airbnb/enzyme,airbnb,closed,,,True,Python
MergeEvent,2023-05-20,nina_patel,airbnb/mavericks,airbnb,opened,,,True,Java
IssuesEvent,2023-04-23,mike_johnson,elastic/apm-server,elastic,merged,,,True,Go
PullRequestEvent,2023-01-14,alex_kumar,uber/pyro,uber,closed,18.0,56.0,True,Python
PullRequestEvent,2023-11-24,sophie_duval,elastic/kibana,elastic,created,4.0,42.0,False,TypeScript
IssuesEvent,2023-10-06,david_martinez,vercel/turbo,vercel,approved,,,True,Rust
MergeEvent,2023-04-29,robert_brown,apache/spark,apache,created,,,True,Java
CreateEvent,2023-08-12,lisa_anderson,microsoft/dotnet,microsoft,merged,,,True,Java
IssuesEvent,2023-01-25,maria_rodriguez,netflix/hystrix,netflix,opened,,,True,Go
CreateEvent,2023-10-15,mike_johnson,netflix/conductor,netflix,closed,,,True,C++
CreateEvent,2023-06-11,jen_liu,apache/beam,apache,approved,,,True,JavaScript
MergeEvent,2023-12-31,alex_kumar,hashicorp/packer,hashicorp,updated,,,False,Go
PushEvent,2023-05-11,jen_liu,apache/airflow,apache,opened,5.0,9.0,False,JavaScript
CommitEvent,2023-04-04,rachel_kim,apache/spark,apache,updated,1.0,21.0,True,Java
CommitEvent,2023-12-19,sarah_chen,hashicorp/vagrant,hashicorp,approved,10.0,17.0,True,C++
CommitEvent,2023-08-10,alex_kumar,microsoft/terminal,microsoft,created,10.0,21.0,True,Java
MergeEvent,2023-04-04,olivia_zhang,uber/jaeger,uber,approved,,,False,C++
CreateEvent,2023-07-07,nina_patel,apache/cassandra,apache,opened,,,True,Python
PushEvent,2023-11-01,anna_wilson,netflix/eureka,netflix,closed,11.0,12.0,True,TypeScript
PullRequestEvent,2023-11-04,rachel_kim,apache/cassandra,apache,created,16.0,50.0,True,Java
PullRequestEvent,2023-01-14,lisa_anderson,netflix/zuul,netflix,merged,29.0,11.0,False,Python
IssuesEvent,2023-03-10,david_martinez,vercel/pkg,vercel,updated,,,True,Rust
CreateEvent,2023-02-03,chris_lee,google/tensorflow,google,approved,,,True,JavaScript
PullRequestEvent,2023-12-09,emma_garcia,facebook/relay,facebook,created,35.0,19.0,False,JavaScript
CommitEvent,2023-04-28,tom_nelson,apache/spark,apache,created,11.0,15.0,True,TypeScript
PushEvent,2023-04-09,james_smith,elastic/logstash,elastic,opened,13.0,17.0,True,Python
PullRequestEvent,2023-03-01,david_martinez,hashicorp/consul,hashicorp,closed,39.0,1.0,True,Go
PullRequestEvent,2023-11-30,olivia_zhang,hashicorp/packer,hashicorp,merged,8.0,36.0,False,Python
IssuesEvent,2023-05-12,mark_davis,elastic/logstash,elastic,merged,,,True,Python
IssuesEvent,2023-06-07,robert_brown,hashicorp/nomad,hashicorp,reviewed,,,True,Rust
PushEvent,2023-08-02,rachel_kim,netflix/ribbon,netflix,created,4.0,13.0,True,JavaScript
IssuesEvent,2023-08-14,tom_nelson,netflix/archaius,netflix,approved,,,True,C++
PullRequestEvent,2023-01-27,nina_patel,microsoft/PowerToys,microsoft,closed,37.0,11.0,True,Java
PushEvent,2023-10-23,david_martinez,airbnb/javascript,airbnb,opened,3.0,17.0,True,Rust
IssuesEvent,2023-05-06,mark_davis,apache/kafka,apache,updated,,,True,JavaScript
PushEvent,2023-04-19,olivia_zhang,netflix/ribbon,netflix,closed,7.0,17.0,True,Java
CreateEvent,2023-12-05,emma_garcia,google/go,google,reviewed,,,False,C++
MergeEvent,2023-12-26,alex_kumar,apache/kafka,apache,closed,,,True,JavaScript
CommitEvent,2023-01-23,sarah_chen,microsoft/vscode,microsoft,commented,3.0,17.0,True,TypeScript
CommitEvent,2023-06-24,sophie_duval,microsoft/dotnet,microsoft,approved,2.0,21.0,True,Java
CreateEvent,2023-06-28,mark_davis,google/tensorflow,google,reviewed,,,False,JavaScript
CreateEvent,2023-07-09,rachel_kim,netflix/zuul,netflix,merged,,,True,Python
PullRequestEvent,2023-12-06,sophie_duval,apache/kafka,apache,approved,6.0,70.0,False,Rust
PullRequestEvent,2023-11-19,dan_murphy,facebook/relay,facebook,approved,20.0,36.0,True,Go
PullRequestEvent,2023-07-09,rachel_kim,hashicorp/terraform,hashicorp,approved,8.0,88.0,True,JavaScript
PushEvent,2023-10-10,david_martinez,google/kubernetes,google,updated,3.0,1.0,True,TypeScript
CreateEvent,2023-04-19,mike_johnson,elastic/beats,elastic,merged,,,True,Java
CommitEvent,2023-03-05,alex_kumar,netflix/conductor,netflix,updated,15.0,10.0,True,Python
PushEvent,2023-12-22,james_smith,vercel/hyper,vercel,reviewed,8.0,20.0,True,Go
CommitEvent,2023-02-16,sophie_duval,google/angular,google,reviewed,7.0,21.0,True,C++
IssuesEvent,2023-11-07,sophie_duval,microsoft/vscode,microsoft,approved,,,False,Java
CommitEvent,2023-11-01,sophie_duval,uber/jaeger,uber,reviewed,13.0,18.0,False,Python
PullRequestEvent,2023-04-07,tom_nelson,facebook/react-native,facebook,merged,7.0,95.0,True,TypeScript
IssuesEvent,2023-02-25,robert_brown,airbnb/enzyme,airbnb,reviewed,,,True,Rust
PushEvent,2023-11-01,mike_johnson,vercel/turbo,vercel,commented,3.0,10.0,True,C++
MergeEvent,2023-05-20,sophie_duval,microsoft/terminal,microsoft,approved,,,True,Go
CreateEvent,2023-08-29,sophie_duval,apache/kafka,apache,reviewed,,,True,Rust
PushEvent,2023-08-12,john_taylor,google/kubernetes,google,commented,14.0,3.0,True,Java
CreateEvent,2023-04-21,alex_kumar,elastic/logstash,elastic,opened,,,True,TypeScript
MergeEvent,2023-04-05,emma_garcia,google/tensorflow,google,closed,,,True,Rust
IssuesEvent,2023-01-13,lisa_anderson,microsoft/dotnet,microsoft,commented,,,True,TypeScript
MergeEvent,2023-03-08,mark_davis,elastic/kibana,elastic,closed,,,True,Java
PullRequestEvent,2023-09-11,chris_lee,google/go,google,created,50.0,14.0,True,C++
PushEvent,2023-01-25,anna_wilson,microsoft/TypeScript,microsoft,created,5.0,20.0,True,JavaScript
PullRequestEvent,2023-03-19,jen_liu,vercel/turbo,vercel,opened,2.0,41.0,True,C++
IssuesEvent,2023-07-24,dan_murphy,hashicorp/vault,hashicorp,merged,,,True,Go
CreateEvent,2023-08-21,rachel_kim,airbnb/javascript,airbnb,created,,,True,TypeScript
CreateEvent,2023-05-06,chris_lee,airbnb/mavericks,airbnb,created,,,True,Java
MergeEvent,2023-05-05,robert_brown,elastic/apm-server,elastic,reviewed,,,False,Java
CommitEvent,2023-01-07,lisa_anderson,netflix/conductor,netflix,commented,3.0,24.0,False,Go
CreateEvent,2023-09-27,tom_nelson,apache/flink,apache,updated,,,True,C++
PullRequestEvent,2023-01-19,dan_murphy,vercel/next.js,vercel,reviewed,40.0,40.0,True,TypeScript
CreateEvent,2023-07-02,anna_wilson,vercel/pkg,vercel,updated,,,True,Java
CreateEvent,2023-12-04,rachel_kim,facebook/react-native,facebook,created,,,True,Java
PullRequestEvent,2023-01-14,anna_wilson,uber/jaeger,uber,commented,10.0,90.0,True,TypeScript
PushEvent,2023-10-23,jen_liu,microsoft/playwright,microsoft,approved,11.0,8.0,False,Go
CommitEvent,2023-11-16,tom_nelson,google/angular,google,closed,5.0,13.0,False,Python
MergeEvent,2023-03-07,jen_liu,vercel/micro,vercel,approved,,,False,Rust
MergeEvent,2023-11-26,tom_nelson,netflix/zuul,netflix,created,,,False,C++
CreateEvent,2023-08-25,emma_garcia,vercel/next.js,vercel,created,,,True,TypeScript
MergeEvent,2023-09-03,john_taylor,uber/jaeger,uber,updated,,,True,JavaScript
PullRequestEvent,2023-09-02,robert_brown,vercel/micro,vercel,closed,42.0,60.0,False,TypeScript
PushEvent,2023-08-26,robert_brown,vercel/hyper,vercel,created,12.0,17.0,True,Rust
IssuesEvent,2023-10-29,rachel_kim,google/flutter,google,updated,,,True,Python
PullRequestEvent,2023-07-24,james_smith,uber/kraken,uber,updated,19.0,26.0,True,Go
PullRequestEvent,2023-04-15,anna_wilson,uber/pyro,uber,merged,22.0,93.0,True,Java
IssuesEvent,2023-07-27,sarah_chen,hashicorp/vault,hashicorp,closed,,,False,TypeScript
PullRequestEvent,2023-01-05,nina_patel,elastic/kibana,elastic,created,9.0,11.0,False,JavaScript
CreateEvent,2023-04-12,rachel_kim,netflix/archaius,netflix,approved,,,True,Go
CreateEvent,2023-01-25,jen_liu,hashicorp/consul,hashicorp,commented,,,True,TypeScript
IssuesEvent,2023-09-11,nina_patel,airbnb/enzyme,airbnb,merged,,,True,Go
PushEvent,2023-03-16,mike_johnson,apache/beam,apache,updated,10.0,7.0,True,C++
IssuesEvent,2023-01-09,dan_murphy,hashicorp/vault,hashicorp,commented,,,False,Python
PushEvent,2023-03-29,james_smith,vercel/turbo,vercel,created,6.0,24.0,True,Rust
CreateEvent,2023-07-02,john_taylor,airbnb/enzyme,airbnb,updated,,,True,C++
MergeEvent,2023-07-27,mark_davis,vercel/swr,vercel,updated,,,True,JavaScript
MergeEvent,2023-11-23,sarah_chen,elastic/apm-server,elastic,reviewed,,,False,C++
PushEvent,2023-12-25,alex_kumar,elastic/apm-server,elastic,created,12.0,13.0,True,C++
PullRequestEvent,2023-01-11,lisa_anderson,netflix/zuul,netflix,commented,38.0,22.0,True,Python
CreateEvent,2023-10-21,david_martinez,uber/react-map-gl,uber,merged,,,True,TypeScript
PushEvent,2023-03-29,anna_wilson,facebook/react-native,facebook,opened,11.0,21.0,True,Python
MergeEvent,2023-02-02,nina_patel,uber/react-map-gl,uber,created,,,True,JavaScript
MergeEvent,2023-04-04,chris_lee,netflix/archaius,netflix,opened,,,True,Java
MergeEvent,2023-06-20,chris_lee,elastic/apm-server,elastic,closed,,,True,Go
IssuesEvent,2023-12-08,sarah_chen,airbnb/visx,airbnb,created,,,True,Python
PullRequestEvent,2023-12-20,mark_davis,airbnb/mavericks,airbnb,approved,17.0,15.0,True,Java
PullRequestEvent,2023-02-13,tom_nelson,netflix/eureka,netflix,closed,8.0,1.0,True,JavaScript
IssuesEvent,2023-01-26,alex_kumar,apache/kafka,apache,created,,,False,Python
CommitEvent,2023-07-26,mark_davis,elastic/beats,elastic,opened,8.0,3.0,True,Rust
CreateEvent,2023-06-21,mark_davis,apache/beam,apache,merged,,,True,Python
PushEvent,2023-04-19,emma_garcia,facebook/yoga,facebook,created,8.0,5.0,True,Go
IssuesEvent,2023-05-31,nina_patel,hashicorp/consul,hashicorp,reviewed,,,False,JavaScript
MergeEvent,2023-08-12,alex_kumar,hashicorp/consul,hashicorp,reviewed,,,False,Go
CreateEvent,2023-06-12,jen_liu,google/go,google,updated,,,True,Go
PullRequestEvent,2023-11-26,james_smith,netflix/archaius,netflix,commented,16.0,49.0,True,C++
MergeEvent,2023-01-11,nina_patel,google/flutter,google,commented,,,False,TypeScript
MergeEvent,2023-02-21,rachel_kim,microsoft/terminal,microsoft,closed,,,True,Rust
PushEvent,2023-07-26,nina_patel,apache/airflow,apache,merged,2.0,4.0,True,Go
CreateEvent,2023-03-16,sophie_duval,airbnb/enzyme,airbnb,created,,,True,Python
MergeEvent,2023-07-25,alex_kumar,vercel/hyper,vercel,reviewed,,,True,JavaScript
IssuesEvent,2023-11-19,mike_johnson,google/go,google,commented,,,True,JavaScript
IssuesEvent,2023-12-17,alex_kumar,vercel/hyper,vercel,updated,,,True,Go
CommitEvent,2023-06-13,lisa_anderson,facebook/react-native,facebook,reviewed,11.0,1.0,False,Rust
IssuesEvent,2023-12-02,maria_rodriguez,vercel/pkg,vercel,merged,,,True,TypeScript
PushEvent,2023-11-10,olivia_zhang,facebook/relay,facebook,opened,10.0,15.0,True,TypeScript
MergeEvent,2023-03-24,emma_garcia,airbnb/enzyme,airbnb,commented,,,True,Rust
CommitEvent,2023-03-19,emma_garcia,facebook/relay,facebook,approved,11.0,11.0,True,Rust
CreateEvent,2023-07-21,chris_lee,google/go,google,closed,,,True,JavaScript
MergeEvent,2023-12-25,nina_patel,microsoft/PowerToys,microsoft,opened,,,False,JavaScript
MergeEvent,2023-01-05,alex_kumar,apache/flink,apache,approved,,,True,TypeScript
PullRequestEvent,2023-05-10,tom_nelson,apache/spark,apache,merged,44.0,90.0,True,Go
PushEvent,2023-01-11,jen_liu,netflix/ribbon,netflix,updated,8.0,23.0,True,Java
CommitEvent,2023-04-10,david_martinez,netflix/ribbon,netflix,approved,10.0,10.0,False,JavaScript
CommitEvent,2023-06-12,robert_brown,google/angular,google,opened,9.0,9.0,True,Python
IssuesEvent,2023-08-28,lisa_anderson,apache/flink,apache,approved,,,False,JavaScript
IssuesEvent,2023-09-24,nina_patel,elastic/logstash,elastic,commented,,,True,TypeScript
PullRequestEvent,2023-06-14,emma_garcia,hashicorp/terraform,hashicorp,created,43.0,59.0,True,JavaScript
MergeEvent,2023-08-25,tom_nelson,apache/flink,apache,opened,,,False,Rust
IssuesEvent,2023-08-06,jen_liu,uber/pyro,uber,commented,,,True,Go
CommitEvent,2023-12-11,nina_patel,hashicorp/nomad,hashicorp,opened,8.0,23.0,True,Go
CommitEvent,2023-03-22,tom_nelson,google/flutter,google,approved,8.0,3.0,False,Python
CreateEvent,2023-07-10,david_martinez,airbnb/enzyme,airbnb,opened,,,True,Java
CommitEvent,2023-05-09,tom_nelson,airbnb/javascript,airbnb,approved,12.0,24.0,False,Rust
PushEvent,2023-07-18,rachel_kim,vercel/micro,vercel,merged,4.0,7.0,True,TypeScript
CommitEvent,2023-03-14,tom_nelson,netflix/eureka,netflix,created,5.0,6.0,False,Java
IssuesEvent,2023-02-21,chris_lee,google/go,google,approved,,,False,TypeScript
PullRequestEvent,2023-04-11,mark_davis,netflix/eureka,netflix,updated,18.0,88.0,True,Python
CreateEvent,2023-08-31,rachel_kim,uber/cadence,uber,merged,,,True,Rust
CommitEvent,2023-08-07,dan_murphy,google/flutter,google,created,3.0,7.0,True,Java
CreateEvent,2023-08-10,james_smith,vercel/swr,vercel,closed,,,True,Go
PullRequestEvent,2023-12-19,anna_wilson,hashicorp/vagrant,hashicorp,closed,3.0,60.0,True,TypeScript
CommitEvent,2023-10-15,mark_davis,facebook/docusaurus,facebook,closed,11.0,6.0,True,Rust
IssuesEvent,2023-10-09,rachel_kim,vercel/turbo,vercel,opened,,,True,Java
PushEvent,2023-02-09,sophie_duval,facebook/react,facebook,opened,12.0,18.0,True,Java
PullRequestEvent,2023-02-18,dan_murphy,netflix/archaius,netflix,created,50.0,86.0,True,JavaScript
CreateEvent,2023-07-11,alex_kumar,airbnb/javascript,airbnb,updated,,,True,Rust
CommitEvent,2023-09-22,mike_johnson,elastic/apm-server,elastic,approved,13.0,24.0,True,Java
PullRequestEvent,2023-08-01,olivia_zhang,netflix/zuul,netflix,commented,30.0,67.0,True,JavaScript
CreateEvent,2023-06-09,nina_patel,apache/beam,apache,updated,,,False,C++
MergeEvent,2023-11-15,jen_liu,microsoft/PowerToys,microsoft,reviewed,,,False,TypeScript
MergeEvent,2023-08-24,nina_patel,microsoft/vscode,microsoft,closed,,,False,Python
IssuesEvent,2023-08-14,mark_davis,facebook/docusaurus,facebook,opened,,,True,Rust
IssuesEvent,2023-05-02,robert_brown,vercel/pkg,vercel,opened,,,True,JavaScript
CommitEvent,2023-05-08,sophie_duval,microsoft/terminal,microsoft,created,9.0,12.0,True,Java
PushEvent,2023-11-18,sophie_duval,hashicorp/nomad,hashicorp,merged,8.0,10.0,False,Java
PullRequestEvent,2023-05-04,rachel_kim,elastic/apm-server,elastic,created,22.0,100.0,False,TypeScript
MergeEvent,2023-07-16,olivia_zhang,uber/kraken,uber,commented,,,True,Rust
PullRequestEvent,2023-01-11,lisa_anderson,airbnb/javascript,airbnb,opened,45.0,13.0,True,Python
IssuesEvent,2023-08-15,dan_murphy,airbnb/visx,airbnb,closed,,,True,C++
CommitEvent,2023-09-02,maria_rodriguez,microsoft/terminal,microsoft,opened,7.0,14.0,True,TypeScript
CreateEvent,2023-10-28,robert_brown,microsoft/vscode,microsoft,merged,,,True,Go
CreateEvent,2023-08-23,dan_murphy,apache/flink,apache,approved,,,True,Java
CreateEvent,2023-08-23,james_smith,apache/spark,apache,opened,,,True,JavaScript
CommitEvent,2023-10-30,sophie_duval,hashicorp/vagrant,hashicorp,opened,4.0,7.0,False,C++
PushEvent,2023-09-17,mike_johnson,elastic/elasticsearch,elastic,opened,2.0,5.0,True,Rust
CommitEvent,2023-08-19,rachel_kim,microsoft/playwright,microsoft,approved,8.0,8.0,False,JavaScript
CommitEvent,2023-11-22,anna_wilson,microsoft/playwright,microsoft,closed,4.0,7.0,False,Go
PushEvent,2023-05-17,emma_garcia,elastic/beats,elastic,merged,14.0,4.0,True,C++
PullRequestEvent,2023-03-13,rachel_kim,apache/spark,apache,closed,37.0,83.0,True,TypeScript
CommitEvent,2023-03-01,nina_patel,apache/kafka,apache,commented,12.0,2.0,True,TypeScript
CreateEvent,2023-01-28,dan_murphy,airbnb/enzyme,airbnb,closed,,,True,JavaScript
CommitEvent,2023-11-10,chris_lee,hashicorp/nomad,hashicorp,reviewed,5.0,2.0,False,Python
MergeEvent,2023-02-15,mike_johnson,airbnb/javascript,airbnb,approved,,,True,JavaScript
IssuesEvent,2023-04-09,nina_patel,uber/pyro,uber,created,,,False,Rust
CreateEvent,2023-06-10,alex_kumar,apache/airflow,apache,closed,,,True,Python
CommitEvent,2023-07-25,robert_brown,netflix/archaius,netflix,updated,1.0,15.0,True,Rust
PullRequestEvent,2023-02-12,robert_brown,microsoft/dotnet,microsoft,closed,39.0,14.0,True,JavaScript
PushEvent,2023-12-30,mark_davis,apache/airflow,apache,opened,4.0,8.0,False,TypeScript
IssuesEvent,2023-06-30,emma_garcia,google/flutter,google,closed,,,True,TypeScript
MergeEvent,2023-10-22,john_taylor,apache/airflow,apache,created,,,False,Java
CreateEvent,2023-10-14,dan_murphy,facebook/jest,facebook,created,,,True,TypeScript
MergeEvent,2023-04-28,maria_rodriguez,uber/kraken,uber,reviewed,,,True,Python
PushEvent,2023-03-14,sarah_chen,facebook/docusaurus,facebook,updated,4.0,13.0,True,Rust
MergeEvent,2023-02-11,rachel_kim,netflix/conductor,netflix,approved,,,False,Rust
PushEvent,2023-01-04,nina_patel,apache/beam,apache,opened,12.0,13.0,False,Rust
MergeEvent,2023-04-16,chris_lee,hashicorp/vagrant,hashicorp,created,,,False,JavaScript
CommitEvent,2023-10-28,tom_nelson,apache/beam,apache,opened,3.0,21.0,True,C++
CommitEvent,2023-04-08,olivia_zhang,uber/cadence,uber,reviewed,5.0,10.0,True,Java
IssuesEvent,2023-09-11,nina_patel,apache/spark,apache,created,,,True,C++
IssuesEvent,2023-06-17,sarah_chen,airbnb/enzyme,airbnb,merged,,,True,Java
MergeEvent,2023-05-30,anna_wilson,microsoft/playwright,microsoft,reviewed,,,True,Java
PullRequestEvent,2023-11-02,john_taylor,netflix/hystrix,netflix,commented,11.0,21.0,True,Go
CommitEvent,2023-04-05,sarah_chen,netflix/ribbon,netflix,created,5.0,23.0,False,C++
PushEvent,2023-06-25,nina_patel,google/go,google,reviewed,5.0,9.0,False,Go
MergeEvent,2023-11-23,john_taylor,elastic/elasticsearch,elastic,opened,,,False,JavaScript
CommitEvent,2023-08-03,mike_johnson,airbnb/mavericks,airbnb,opened,5.0,18.0,True,C++
PullRequestEvent,2023-11-05,mike_johnson,facebook/react,facebook,opened,33.0,20.0,True,Java
IssuesEvent,2023-01-31,mike_johnson,airbnb/lottie,airbnb,updated,,,False,JavaScript
PushEvent,2023-07-06,john_taylor,uber/pyro,uber,opened,6.0,10.0,True,Rust
PullRequestEvent,2023-11-08,mark_davis,hashicorp/consul,hashicorp,opened,9.0,11.0,True,Rust
MergeEvent,2023-07-28,mark_davis,elastic/beats,elastic,merged,,,True,Go
PullRequestEvent,2023-03-30,mark_davis,uber/pyro,uber,closed,15.0,68.0,True,C++
CommitEvent,2023-09-15,david_martinez,elastic/beats,elastic,merged,9.0,2.0,True,C++
PushEvent,2023-11-16,alex_kumar,microsoft/vscode,microsoft,merged,6.0,22.0,True,Go
CreateEvent,2023-02-28,alex_kumar,airbnb/mavericks,airbnb,closed,,,True,C++
CommitEvent,2023-08-10,dan_murphy,uber/pyro,uber,merged,7.0,4.0,True,Go
MergeEvent,2023-03-08,mike_johnson,apache/beam,apache,closed,,,True,JavaScript
PullRequestEvent,2023-11-06,lisa_anderson,hashicorp/packer,hashicorp,opened,5.0,27.0,True,JavaScript
MergeEvent,2023-06-09,john_taylor,google/go,google,created,,,True,Rust
CommitEvent,2023-07-26,robert_brown,netflix/eureka,netflix,commented,6.0,1.0,True,JavaScript
CommitEvent,2023-07-25,maria_rodriguez,microsoft/vscode,microsoft,closed,8.0,9.0,True,Python
CommitEvent,2023-08-16,robert_brown,apache/spark,apache,reviewed,1.0,22.0,True,Rust
PushEvent,2023-11-07,rachel_kim,hashicorp/packer,hashicorp,commented,3.0,14.0,True,Python
MergeEvent,2023-09-07,sophie_duval,airbnb/enzyme,airbnb,approved,,,True,Python
IssuesEvent,2023-08-23,mike_johnson,airbnb/lottie,airbnb,updated,,,True,Python
MergeEvent,2023-12-07,sophie_duval,google/angular,google,commented,,,True,Rust
MergeEvent,2023-06-05,rachel_kim,apache/kafka,apache,opened,,,False,TypeScript
PushEvent,2023-01-07,anna_wilson,hashicorp/consul,hashicorp,merged,5.0,21.0,False,Python
CommitEvent,2023-02-07,rachel_kim,microsoft/terminal,microsoft,closed,3.0,19.0,False,Java
CreateEvent,2023-11-14,mark_davis,facebook/docusaurus,facebook,approved,,,False,Rust
MergeEvent,2023-01-09,sarah_chen,netflix/archaius,netflix,created,,,False,TypeScript
CommitEvent,2023-03-01,anna_wilson,facebook/react-native,facebook,created,11.0,7.0,True,JavaScript
PullRequestEvent,2023-12-07,olivia_zhang,microsoft/vscode,microsoft,reviewed,18.0,28.0,True,Go
MergeEvent,2023-01-13,nina_patel,microsoft/playwright,microsoft,merged,,,True,Python
IssuesEvent,2023-01-20,lisa_anderson,google/kubernetes,google,commented,,,False,Go
CreateEvent,2023-08-14,dan_murphy,elastic/kibana,elastic,opened,,,True,Python
CreateEvent,2023-10-24,rachel_kim,google/flutter,google,approved,,,True,Python
CreateEvent,2023-01-08,robert_brown,netflix/zuul,netflix,commented,,,True,Go
PushEvent,2023-11-10,emma_garcia,vercel/turbo,vercel,reviewed,1.0,10.0,True,Rust
MergeEvent,2023-09-13,john_taylor,uber/jaeger,uber,merged,,,False,C++
MergeEvent,2023-08-16,jen_liu,google/chromium,google,reviewed,,,True,Python
IssuesEvent,2023-11-27,robert_brown,uber/cadence,uber,reviewed,,,True,TypeScript
CreateEvent,2023-01-05,chris_lee,netflix/ribbon,netflix,created,,,True,C++
CreateEvent,2023-10-08,emma_garcia,vercel/turbo,vercel,approved,,,True,C++
CommitEvent,2023-06-29,dan_murphy,uber/jaeger,uber,approved,8.0,4.0,True,Go
IssuesEvent,2023-12-27,alex_kumar,hashicorp/packer,hashicorp,merged,,,False,JavaScript
PullRequestEvent,2023-07-29,mike_johnson,hashicorp/terraform,hashicorp,created,34.0,12.0,False,Rust
IssuesEvent,2023-11-26,alex_kumar,apache/spark,apache,merged,,,False,C++
CreateEvent,2023-09-25,olivia_zhang,airbnb/mavericks,airbnb,approved,,,True,Python
PushEvent,2023-08-11,dan_murphy,google/chromium,google,opened,9.0,16.0,True,JavaScript
PushEvent,2023-10-03,mark_davis,apache/airflow,apache,updated,11.0,17.0,True,TypeScript
MergeEvent,2023-05-26,maria_rodriguez,microsoft/TypeScript,microsoft,merged,,,True,JavaScript
MergeEvent,2023-07-16,olivia_zhang,apache/beam,apache,created,,,True,C++
IssuesEvent,2023-08-03,maria_rodriguez,netflix/archaius,netflix,commented,,,True,Python
IssuesEvent,2023-07-20,lisa_anderson,vercel/next.js,vercel,commented,,,True,Java
IssuesEvent,2023-07-30,sarah_chen,facebook/yoga,facebook,commented,,,False,Rust
CommitEvent,2023-05-26,jen_liu,elastic/kibana,elastic,opened,10.0,7.0,False,Python
CreateEvent,2023-03-27,anna_wilson,elastic/beats,elastic,merged,,,True,Go
CreateEvent,2023-06-20,tom_nelson,google/angular,google,opened,,,True,JavaScript
CommitEvent,2023-06-04,maria_rodriguez,google/go,google,merged,3.0,4.0,False,Rust
PullRequestEvent,2023-09-19,robert_brown,elastic/elasticsearch,elastic,closed,35.0,97.0,True,Python
MergeEvent,2023-09-27,olivia_zhang,hashicorp/nomad,hashicorp,reviewed,,,False,Python
CommitEvent,2023-09-06,alex_kumar,elastic/kibana,elastic,created,6.0,22.0,False,Java
PushEvent,2023-06-23,nina_patel,hashicorp/nomad,hashicorp,created,2.0,13.0,True,Java
MergeEvent,2023-07-22,maria_rodriguez,apache/cassandra,apache,commented,,,True,Rust
PushEvent,2023-11-14,lisa_anderson,apache/airflow,apache,merged,14.0,3.0,True,C++
PushEvent,2023-05-30,sophie_duval,apache/spark,apache,reviewed,3.0,16.0,False,Python
PushEvent,2023-04-06,jen_liu,elastic/kibana,elastic,approved,10.0,16.0,True,TypeScript
CreateEvent,2023-08-14,james_smith,uber/jaeger,uber,closed,,,True,Java
CommitEvent,2023-06-11,sophie_duval,netflix/eureka,netflix,updated,14.0,15.0,True,C++
CommitEvent,2023-05-10,mike_johnson,vercel/hyper,vercel,opened,2.0,1.0,True,JavaScript
CommitEvent,2023-11-20,mark_davis,hashicorp/terraform,hashicorp,commented,13.0,6.0,False,JavaScript
CommitEvent,2023-02-04,alex_kumar,hashicorp/packer,hashicorp,updated,14.0,3.0,True,Go
IssuesEvent,2023-06-29,rachel_kim,microsoft/TypeScript,microsoft,reviewed,,,True,Python
CreateEvent,2023-03-18,mike_johnson,uber/cadence,uber,merged,,,True,Rust
MergeEvent,2023-10-16,alex_kumar,apache/flink,apache,merged,,,True,Python
PushEvent,2023-02-11,robert_brown,apache/cassandra,apache,created,6.0,3.0,True,TypeScript
CreateEvent,2023-08-14,sophie_duval,elastic/apm-server,elastic,merged,,,False,Go
CommitEvent,2023-03-19,lisa_anderson,apache/beam,apache,opened,11.0,5.0,True,TypeScript
PushEvent,2023-07-05,tom_nelson,apache/spark,apache,closed,14.0,1.0,True,Java
CommitEvent,2023-03-12,anna_wilson,airbnb/mavericks,airbnb,commented,14.0,18.0,True,Python
PullRequestEvent,2023-11-12,james_smith,elastic/kibana,elastic,opened,10.0,8.0,True,Python
CommitEvent,2023-08-20,chris_lee,uber/kraken,uber,reviewed,3.0,24.0,False,Rust
MergeEvent,2023-02-13,alex_kumar,elastic/beats,elastic,closed,,,True,Python
PushEvent,2023-11-08,sarah_chen,facebook/yoga,facebook,commented,15.0,11.0,True,JavaScript
IssuesEvent,2023-12-05,lisa_anderson,netflix/hystrix,netflix,reviewed,,,True,TypeScript
MergeEvent,2023-02-04,john_taylor,apache/kafka,apache,approved,,,True,TypeScript
PushEvent,2023-07-29,david_martinez,uber/cadence,uber,created,13.0,18.0,True,Python
MergeEvent,2023-01-25,sophie_duval,hashicorp/vagrant,hashicorp,created,,,False,Java
CommitEvent,2023-12-04,mike_johnson,uber/cadence,uber,merged,4.0,16.0,False,Java
IssuesEvent,2023-10-24,emma_garcia,hashicorp/nomad,hashicorp,opened,,,True,Rust
PushEvent,2023-10-09,anna_wilson,google/kubernetes,google,reviewed,4.0,16.0,False,Rust
PullRequestEvent,2023-06-17,chris_lee,apache/airflow,apache,commented,12.0,98.0,False,Rust
MergeEvent,2023-10-21,mike_johnson,uber/pyro,uber,created,,,True,C++
PullRequestEvent,2023-03-17,maria_rodriguez,elastic/kibana,elastic,merged,48.0,26.0,True,JavaScript
CreateEvent,2023-10-31,tom_nelson,elastic/apm-server,elastic,approved,,,True,Python
CommitEvent,2023-08-31,sarah_chen,microsoft/PowerToys,microsoft,reviewed,13.0,2.0,True,Go
PullRequestEvent,2023-04-16,david_martinez,hashicorp/terraform,hashicorp,commented,21.0,100.0,False,JavaScript
MergeEvent,2023-11-30,sophie_duval,apache/beam,apache,created,,,True,JavaScript
PushEvent,2023-08-15,rachel_kim,facebook/react,facebook,created,10.0,15.0,True,C++
IssuesEvent,2023-11-16,mark_davis,google/chromium,google,closed,,,True,C++
PushEvent,2023-03-03,jen_liu,microsoft/PowerToys,microsoft,commented,9.0,13.0,True,C++
CommitEvent,2023-10-14,sarah_chen,google/chromium,google,approved,6.0,7.0,False,Java
MergeEvent,2023-01-31,nina_patel,elastic/logstash,elastic,reviewed,,,True,Java
IssuesEvent,2023-07-06,chris_lee,uber/pyro,uber,closed,,,True,Python
MergeEvent,2023-01-18,tom_nelson,airbnb/visx,airbnb,commented,,,False,TypeScript
PullRequestEvent,2023-05-08,anna_wilson,airbnb/enzyme,airbnb,opened,26.0,69.0,True,C++
IssuesEvent,2023-02-09,rachel_kim,uber/cadence,uber,opened,,,False,Go
CommitEvent,2023-09-19,alex_kumar,uber/kraken,uber,updated,8.0,9.0,True,Go
CommitEvent,2023-05-17,john_taylor,elastic/beats,elastic,reviewed,8.0,14.0,True,Python
CommitEvent,2023-04-11,anna_wilson,google/go,google,approved,14.0,16.0,True,Rust
CreateEvent,2023-03-07,emma_garcia,uber/jaeger,uber,merged,,,False,Rust
PullRequestEvent,2023-11-01,mark_davis,netflix/hystrix,netflix,created,12.0,40.0,False,JavaScript
MergeEvent,2023-12-20,sarah_chen,vercel/next.js,vercel,merged,,,True,Rust
PushEvent,2023-09-30,nina_patel,google/angular,google,commented,13.0,24.0,True,TypeScript
CreateEvent,2023-01-31,jen_liu,airbnb/visx,airbnb,merged,,,True,C++
CommitEvent,2023-10-29,mark_davis,uber/react-map-gl,uber,merged,9.0,6.0,False,JavaScript
PushEvent,2023-01-27,chris_lee,elastic/apm-server,elastic,updated,10.0,13.0,True,Python
CommitEvent,2023-12-04,anna_wilson,facebook/yoga,facebook,commented,15.0,2.0,True,JavaScript
PushEvent,2023-01-19,sophie_duval,airbnb/mavericks,airbnb,merged,1.0,12.0,True,Go
CreateEvent,2023-11-07,sophie_duval,vercel/next.js,vercel,closed,,,True,TypeScript
CommitEvent,2023-04-25,sarah_chen,microsoft/vscode,microsoft,opened,2.0,15.0,True,JavaScript
PushEvent,2023-01-23,sophie_duval,microsoft/dotnet,microsoft,reviewed,13.0,19.0,True,JavaScript
PushEvent,2023-05-07,sarah_chen,hashicorp/consul,hashicorp,merged,4.0,25.0,True,C++
CreateEvent,2023-04-21,sarah_chen,uber/react-map-gl,uber,commented,,,False,C++
PushEvent,2023-03-19,mark_davis,vercel/swr,vercel,merged,15.0,4.0,True,TypeScript
MergeEvent,2023-03-06,mark_davis,facebook/jest,facebook,updated,,,True,Java
CommitEvent,2023-03-12,tom_nelson,uber/cadence,uber,closed,9.0,21.0,True,TypeScript
CommitEvent,2023-02-05,lisa_anderson,vercel/hyper,vercel,opened,15.0,2.0,True,C++
MergeEvent,2023-10-14,olivia_zhang,elastic/apm-server,elastic,commented,,,True,Python
PullRequestEvent,2023-07-07,robert_brown,apache/kafka,apache,closed,25.0,73.0,True,C++
MergeEvent,2023-06-05,chris_lee,microsoft/playwright,microsoft,commented,,,True,Rust
MergeEvent,2023-03-11,robert_brown,elastic/beats,elastic,opened,,,True,Go
CommitEvent,2023-04-02,sophie_duval,netflix/zuul,netflix,reviewed,10.0,24.0,True,Python
IssuesEvent,2023-04-28,anna_wilson,uber/jaeger,uber,reviewed,,,True,JavaScript
PullRequestEvent,2023-04-05,sophie_duval,elastic/apm-server,elastic,merged,5.0,17.0,False,C++
PullRequestEvent,2023-04-23,mark_davis,vercel/swr,vercel,reviewed,4.0,84.0,True,Go
CommitEvent,2023-07-11,mark_davis,elastic/beats,elastic,updated,15.0,10.0,True,C++
PushEvent,2023-12-10,mark_davis,vercel/hyper,vercel,approved,9.0,8.0,True,Python
MergeEvent,2023-08-05,nina_patel,vercel/micro,vercel,reviewed,,,False,Python
IssuesEvent,2023-05-30,emma_garcia,microsoft/PowerToys,microsoft,approved,,,True,C++
CreateEvent,2023-05-12,robert_brown,microsoft/terminal,microsoft,approved,,,True,Java
PushEvent,2023-01-01,chris_lee,netflix/conductor,netflix,approved,6.0,1.0,True,Java
PullRequestEvent,2023-10-26,mark_davis,airbnb/mavericks,airbnb,merged,3.0,94.0,True,Python
CommitEvent,2023-03-22,mike_johnson,facebook/relay,facebook,updated,12.0,25.0,True,C++
PullRequestEvent,2023-03-19,dan_murphy,apache/cassandra,apache,closed,45.0,57.0,True,TypeScript
PullRequestEvent,2023-06-04,mike_johnson,vercel/turbo,vercel,closed,1.0,67.0,True,Go
IssuesEvent,2023-08-29,robert_brown,vercel/turbo,vercel,merged,,,False,JavaScript
PushEvent,2023-10-04,sophie_duval,hashicorp/terraform,hashicorp,updated,13.0,16.0,True,C++
CreateEvent,2023-05-12,mike_johnson,apache/kafka,apache,closed,,,True,Rust
IssuesEvent,2023-08-22,mark_davis,microsoft/vscode,microsoft,updated,,,True,TypeScript
CreateEvent,2023-04-28,sophie_duval,facebook/react-native,facebook,updated,,,True,C++
PushEvent,2023-12-15,james_smith,facebook/jest,facebook,closed,5.0,22.0,True,Rust
PullRequestEvent,2023-01-22,maria_rodriguez,airbnb/javascript,airbnb,reviewed,42.0,15.0,True,Rust
IssuesEvent,2023-04-18,dan_murphy,apache/spark,apache,commented,,,True,Go
IssuesEvent,2023-04-03,jen_liu,microsoft/TypeScript,microsoft,closed,,,True,Rust
PullRequestEvent,2023-02-06,chris_lee,airbnb/javascript,airbnb,created,8.0,61.0,False,TypeScript
MergeEvent,2023-02-11,olivia_zhang,apache/flink,apache,created,,,True,C++
PushEvent,2023-04-28,anna_wilson,google/go,google,merged,6.0,19.0,True,JavaScript
MergeEvent,2023-09-29,anna_wilson,airbnb/lottie,airbnb,updated,,,False,Go
PushEvent,2023-02-09,david_martinez,netflix/ribbon,netflix,created,3.0,1.0,True,Python
CreateEvent,2023-10-09,olivia_zhang,uber/kraken,uber,closed,,,True,Python
PushEvent,2023-11-28,dan_murphy,uber/pyro,uber,approved,8.0,4.0,True,Java
CommitEvent,2023-07-19,james_smith,microsoft/terminal,microsoft,commented,3.0,1.0,True,TypeScript
IssuesEvent,2023-09-02,john_taylor,netflix/zuul,netflix,merged,,,True,Go
IssuesEvent,2023-05-08,alex_kumar,uber/cadence,uber,merged,,,False,JavaScript
MergeEvent,2023-07-14,anna_wilson,microsoft/PowerToys,microsoft,reviewed,,,True,Rust
PullRequestEvent,2023-08-20,mike_johnson,elastic/beats,elastic,reviewed,17.0,22.0,True,C++
MergeEvent,2023-06-18,tom_nelson,google/chromium,google,approved,,,False,Java
PullRequestEvent,2023-11-05,robert_brown,hashicorp/consul,hashicorp,commented,30.0,35.0,True,TypeScript
PushEvent,2023-10-09,anna_wilson,uber/cadence,uber,approved,5.0,18.0,True,TypeScript
PushEvent,2023-08-08,jen_liu,airbnb/mavericks,airbnb,updated,8.0,22.0,True,Python
MergeEvent,2023-10-27,olivia_zhang,elastic/logstash,elastic,reviewed,,,True,JavaScript
PullRequestEvent,2023-07-03,sarah_chen,vercel/swr,vercel,opened,41.0,92.0,True,JavaScript
PullRequestEvent,2023-09-17,james_smith,hashicorp/consul,hashicorp,created,34.0,85.0,False,JavaScript
MergeEvent,2023-10-03,jen_liu,airbnb/javascript,airbnb,approved,,,True,Python
PullRequestEvent,2023-02-01,lisa_anderson,elastic/beats,elastic,merged,37.0,78.0,True,TypeScript
IssuesEvent,2023-07-29,lisa_anderson,facebook/react-native,facebook,approved,,,True,Python
CommitEvent,2023-02-28,nina_patel,airbnb/enzyme,airbnb,approved,15.0,12.0,True,Java
CommitEvent,2023-08-01,olivia_zhang,airbnb/lottie,airbnb,opened,4.0,8.0,True,Go
CommitEvent,2023-05-20,olivia_zhang,microsoft/terminal,microsoft,reviewed,12.0,10.0,True,JavaScript
PullRequestEvent,2023-09-17,olivia_zhang,facebook/react,facebook,opened,45.0,63.0,True,Python
CommitEvent,2023-05-06,robert_brown,uber/pyro,uber,updated,14.0,9.0,True,JavaScript
PullRequestEvent,2023-03-10,mark_davis,google/flutter,google,created,26.0,95.0,False,C++
MergeEvent,2023-12-04,david_martinez,google/go,google,opened,,,False,Go
PullRequestEvent,2023-02-25,dan_murphy,uber/kraken,uber,commented,22.0,66.0,True,Java
CreateEvent,2023-09-26,tom_nelson,vercel/turbo,vercel,closed,,,True,JavaScript
PullRequestEvent,2023-05-22,sarah_chen,google/flutter,google,opened,26.0,49.0,True,C++
CommitEvent,2023-10-25,maria_rodriguez,google/angular,google,approved,10.0,14.0,True,Rust
CreateEvent,2023-03-10,mark_davis,uber/react-map-gl,uber,merged,,,True,Rust
MergeEvent,2023-12-25,olivia_zhang,uber/pyro,uber,updated,,,False,Go
PullRequestEvent,2023-07-14,anna_wilson,apache/flink,apache,commented,38.0,78.0,False,JavaScript
IssuesEvent,2023-08-19,tom_nelson,netflix/conductor,netflix,reviewed,,,True,C++
MergeEvent,2023-06-07,anna_wilson,vercel/micro,vercel,opened,,,True,Java
IssuesEvent,2023-05-25,lisa_anderson,netflix/archaius,netflix,closed,,,True,TypeScript
CreateEvent,2023-02-20,sophie_duval,vercel/turbo,vercel,updated,,,True,JavaScript
PullRequestEvent,2023-07-04,nina_patel,uber/pyro,uber,updated,36.0,7.0,True,JavaScript
PushEvent,2023-04-13,anna_wilson,netflix/zuul,netflix,updated,7.0,10.0,True,TypeScript
PushEvent,2023-10-14,mark_davis,vercel/micro,vercel,created,5.0,3.0,True,C++
MergeEvent,2023-03-11,emma_garcia,hashicorp/consul,hashicorp,reviewed,,,True,JavaScript
IssuesEvent,2023-05-07,rachel_kim,hashicorp/packer,hashicorp,commented,,,True,Java
CreateEvent,2023-01-10,maria_rodriguez,airbnb/visx,airbnb,closed,,,True,JavaScript
CommitEvent,2023-07-04,jen_liu,apache/beam,apache,approved,10.0,23.0,True,Python
CreateEvent,2023-06-21,dan_murphy,google/chromium,google,reviewed,,,True,JavaScript
IssuesEvent,2023-03-31,mike_johnson,airbnb/enzyme,airbnb,reviewed,,,False,Java
PushEvent,2023-10-12,lisa_anderson,microsoft/terminal,microsoft,commented,12.0,4.0,True,JavaScript
CreateEvent,2023-05-01,jen_liu,vercel/hyper,vercel,opened,,,False,TypeScript
IssuesEvent,2023-07-05,anna_wilson,vercel/micro,vercel,updated,,,True,Java
PullRequestEvent,2024-01-01,robert_brown,vercel/micro,vercel,opened,27.0,93.0,False,Rust
PushEvent,2023-11-25,nina_patel,google/angular,google,created,3.0,10.0,True,C++
MergeEvent,2023-07-10,jen_liu,vercel/swr,vercel,reviewed,,,True,JavaScript
IssuesEvent,2023-01-09,mike_johnson,facebook/jest,facebook,created,,,True,Java
IssuesEvent,2023-03-17,anna_wilson,netflix/conductor,netflix,updated,,,True,Go
IssuesEvent,2023-04-17,mark_davis,hashicorp/terraform,hashicorp,reviewed,,,False,C++
CreateEvent,2023-03-19,sophie_duval,netflix/eureka,netflix,merged,,,True,TypeScript
CreateEvent,2023-10-18,david_martinez,hashicorp/vagrant,hashicorp,created,,,True,JavaScript
MergeEvent,2023-02-06,jen_liu,vercel/pkg,vercel,updated,,,True,Go
MergeEvent,2023-03-25,tom_nelson,hashicorp/vagrant,hashicorp,updated,,,True,Java
CommitEvent,2023-11-18,lisa_anderson,netflix/zuul,netflix,closed,9.0,9.0,True,TypeScript
PullRequestEvent,2023-07-29,tom_nelson,vercel/turbo,vercel,opened,1.0,23.0,False,Java
MergeEvent,2023-08-17,anna_wilson,hashicorp/vagrant,hashicorp,reviewed,,,True,TypeScript
CommitEvent,2023-11-27,sophie_duval,microsoft/TypeScript,microsoft,closed,1.0,12.0,True,Java
PullRequestEvent,2023-01-31,olivia_zhang,microsoft/terminal,microsoft,approved,25.0,23.0,False,JavaScript
PushEvent,2023-10-03,emma_garcia,google/angular,google,commented,4.0,25.0,False,C++
MergeEvent,2023-01-02,john_taylor,google/go,google,closed,,,True,Rust
PushEvent,2023-04-03,olivia_zhang,airbnb/visx,airbnb,merged,7.0,15.0,True,C++
CreateEvent,2023-04-01,alex_kumar,facebook/yoga,facebook,commented,,,True,Python
IssuesEvent,2023-02-16,anna_wilson,vercel/turbo,vercel,opened,,,True,Java
CommitEvent,2023-05-25,sarah_chen,hashicorp/vagrant,hashicorp,closed,9.0,7.0,True,TypeScript
PushEvent,2023-03-24,sarah_chen,elastic/beats,elastic,commented,15.0,23.0,False,Go
PullRequestEvent,2023-09-01,emma_garcia,microsoft/dotnet,microsoft,closed,16.0,84.0,True,Java
PushEvent,2023-05-29,sarah_chen,facebook/docusaurus,facebook,opened,10.0,5.0,False,Go
CommitEvent,2023-10-23,emma_garcia,vercel/next.js,vercel,closed,8.0,8.0,False,C++
IssuesEvent,2023-05-20,david_martinez,google/flutter,google,approved,,,True,TypeScript
CreateEvent,2023-10-06,anna_wilson,facebook/docusaurus,facebook,opened,,,False,C++
CommitEvent,2023-03-07,james_smith,elastic/logstash,elastic,reviewed,11.0,3.0,False,TypeScript
IssuesEvent,2023-09-09,mark_davis,facebook/docusaurus,facebook,created,,,True,TypeScript
CreateEvent,2023-08-25,nina_patel,microsoft/vscode,microsoft,created,,,True,TypeScript
PushEvent,2023-08-29,robert_brown,airbnb/javascript,airbnb,closed,4.0,16.0,True,Rust
PushEvent,2023-12-26,john_taylor,vercel/micro,vercel,reviewed,13.0,8.0,True,C++
PushEvent,2023-01-11,rachel_kim,netflix/archaius,netflix,opened,7.0,23.0,True,C++
CommitEvent,2023-09-25,emma_garcia,facebook/react,facebook,commented,3.0,11.0,True,Rust
MergeEvent,2023-03-06,rachel_kim,airbnb/mavericks,airbnb,closed,,,True,Python
IssuesEvent,2023-11-14,maria_rodriguez,uber/jaeger,uber,closed,,,True,Java
PushEvent,2023-10-16,tom_nelson,hashicorp/nomad,hashicorp,opened,11.0,10.0,False,Rust
CommitEvent,2023-04-17,anna_wilson,airbnb/mavericks,airbnb,created,2.0,14.0,True,Go
CommitEvent,2023-10-17,nina_patel,airbnb/javascript,airbnb,reviewed,7.0,7.0,True,JavaScript
MergeEvent,2023-12-19,tom_nelson,microsoft/PowerToys,microsoft,approved,,,False,TypeScript
CreateEvent,2023-09-08,nina_patel,vercel/hyper,vercel,created,,,True,JavaScript
PullRequestEvent,2023-08-20,jen_liu,microsoft/playwright,microsoft,closed,42.0,60.0,False,C++
PushEvent,2023-08-17,sophie_duval,netflix/hystrix,netflix,merged,11.0,13.0,True,C++
CreateEvent,2023-09-29,olivia_zhang,vercel/micro,vercel,closed,,,True,Java
CreateEvent,2023-09-03,david_martinez,netflix/ribbon,netflix,opened,,,True,Java
PushEvent,2023-07-05,tom_nelson,vercel/micro,vercel,approved,8.0,7.0,False,Rust
MergeEvent,2023-10-25,anna_wilson,apache/airflow,apache,merged,,,True,JavaScript
MergeEvent,2023-02-09,rachel_kim,vercel/micro,vercel,updated,,,False,Rust
IssuesEvent,2023-06-14,david_martinez,netflix/conductor,netflix,approved,,,True,Java
PushEvent,2023-01-09,maria_rodriguez,airbnb/enzyme,airbnb,merged,6.0,7.0,True,TypeScript
MergeEvent,2023-05-17,sophie_duval,elastic/apm-server,elastic,reviewed,,,True,Rust
CommitEvent,2023-12-21,mark_davis,microsoft/vscode,microsoft,opened,11.0,12.0,True,C++
PushEvent,2023-04-07,mike_johnson,netflix/eureka,netflix,reviewed,13.0,5.0,False,Java
CommitEvent,2023-11-27,dan_murphy,google/kubernetes,google,commented,5.0,12.0,True,C++
PullRequestEvent,2023-06-28,dan_murphy,elastic/kibana,elastic,approved,15.0,68.0,True,JavaScript
PushEvent,2023-04-22,emma_garcia,netflix/archaius,netflix,merged,6.0,24.0,True,JavaScript
PullRequestEvent,2023-03-06,anna_wilson,apache/flink,apache,commented,30.0,85.0,True,Rust
PullRequestEvent,2023-08-01,emma_garcia,apache/beam,apache,approved,6.0,71.0,True,Java
PullRequestEvent,2023-06-17,anna_wilson,elastic/kibana,elastic,approved,47.0,47.0,True,C++
CommitEvent,2023-08-08,olivia_zhang,vercel/turbo,vercel,approved,2.0,11.0,True,TypeScript
PushEvent,2023-06-28,mike_johnson,elastic/elasticsearch,elastic,commented,10.0,17.0,True,Go
IssuesEvent,2023-09-28,sophie_duval,google/kubernetes,google,commented,,,False,TypeScript
MergeEvent,2023-07-06,emma_garcia,microsoft/dotnet,microsoft,updated,,,True,Java
CommitEvent,2023-08-14,james_smith,airbnb/lottie,airbnb,closed,5.0,21.0,True,Rust
PullRequestEvent,2023-02-16,alex_kumar,vercel/pkg,vercel,opened,4.0,67.0,True,Rust
PushEvent,2023-05-18,alex_kumar,apache/cassandra,apache,closed,2.0,19.0,True,Java
CreateEvent,2023-06-30,maria_rodriguez,elastic/beats,elastic,updated,,,True,TypeScript
CreateEvent,2023-01-28,david_martinez,airbnb/mavericks,airbnb,closed,,,True,Java
PushEvent,2023-03-09,tom_nelson,netflix/hystrix,netflix,merged,13.0,1.0,True,Java
PushEvent,2023-05-06,chris_lee,microsoft/vscode,microsoft,reviewed,13.0,8.0,False,Go
PullRequestEvent,2023-09-06,rachel_kim,microsoft/dotnet,microsoft,created,3.0,21.0,True,Go
CreateEvent,2023-11-03,lisa_anderson,uber/react-map-gl,uber,opened,,,False,Python
IssuesEvent,2023-08-25,jen_liu,hashicorp/terraform,hashicorp,reviewed,,,True,Rust
CreateEvent,2023-10-27,john_taylor,airbnb/javascript,airbnb,merged,,,True,C++
PushEvent,2023-05-05,emma_garcia,airbnb/enzyme,airbnb,reviewed,3.0,13.0,True,Go
IssuesEvent,2023-11-24,mike_johnson,facebook/react-native,facebook,merged,,,True,JavaScript
PushEvent,2023-09-24,nina_patel,netflix/zuul,netflix,created,1.0,18.0,True,Java
CreateEvent,2023-07-07,tom_nelson,airbnb/javascript,airbnb,updated,,,True,Go
CreateEvent,2023-10-29,anna_wilson,vercel/micro,vercel,approved,,,True,JavaScript
IssuesEvent,2023-02-15,dan_murphy,netflix/zuul,netflix,opened,,,True,C++
IssuesEvent,2023-11-08,john_taylor,vercel/next.js,vercel,merged,,,True,Java
CommitEvent,2023-08-14,emma_garcia,airbnb/mavericks,airbnb,merged,14.0,11.0,True,Python
MergeEvent,2023-08-05,jen_liu,hashicorp/nomad,hashicorp,updated,,,True,TypeScript
PushEvent,2023-09-30,james_smith,elastic/apm-server,elastic,opened,10.0,1.0,True,JavaScript
PushEvent,2023-12-06,mike_johnson,apache/beam,apache,closed,13.0,25.0,True,Java
CommitEvent,2023-02-25,nina_patel,uber/kraken,uber,approved,6.0,13.0,False,Java
IssuesEvent,2023-09-02,mark_davis,hashicorp/consul,hashicorp,closed,,,True,Go
MergeEvent,2023-11-29,anna_wilson,microsoft/terminal,microsoft,approved,,,True,TypeScript
IssuesEvent,2023-01-14,john_taylor,elastic/beats,elastic,opened,,,False,Rust
CreateEvent,2023-03-29,james_smith,microsoft/terminal,microsoft,reviewed,,,True,JavaScript
IssuesEvent,2023-02-14,maria_rodriguez,microsoft/playwright,microsoft,approved,,,True,JavaScript
PullRequestEvent,2023-11-03,maria_rodriguez,elastic/elasticsearch,elastic,closed,24.0,23.0,True,C++
PullRequestEvent,2023-10-28,robert_brown,uber/cadence,uber,updated,5.0,87.0,True,Java
IssuesEvent,2023-05-30,sarah_chen,netflix/conductor,netflix,closed,,,False,Go
PushEvent,2023-04-02,mike_johnson,google/chromium,google,updated,1.0,15.0,True,C++
PushEvent,2023-03-24,olivia_zhang,google/go,google,merged,10.0,14.0,True,Rust
CommitEvent,2023-04-25,sarah_chen,netflix/ribbon,netflix,created,15.0,24.0,True,Rust
PushEvent,2023-11-29,maria_rodriguez,netflix/ribbon,netflix,merged,13.0,7.0,False,Go
MergeEvent,2023-02-17,olivia_zhang,facebook/jest,facebook,opened,,,True,C++
CommitEvent,2023-10-21,anna_wilson,airbnb/lottie,airbnb,merged,9.0,3.0,True,C++
PushEvent,2023-12-23,anna_wilson,uber/react-map-gl,uber,reviewed,15.0,16.0,True,TypeScript
PullRequestEvent,2023-08-08,maria_rodriguez,vercel/pkg,vercel,approved,35.0,70.0,True,Java
CreateEvent,2023-11-11,david_martinez,facebook/jest,facebook,updated,,,True,JavaScript
IssuesEvent,2023-11-23,olivia_zhang,google/angular,google,commented,,,True,Java
PullRequestEvent,2023-10-06,nina_patel,elastic/beats,elastic,reviewed,1.0,31.0,True,JavaScript
CreateEvent,2023-07-16,dan_murphy,netflix/hystrix,netflix,updated,,,True,C++
CommitEvent,2023-08-14,james_smith,hashicorp/terraform,hashicorp,approved,2.0,2.0,True,C++
PullRequestEvent,2023-06-20,tom_nelson,vercel/next.js,vercel,opened,9.0,9.0,False,TypeScript
MergeEvent,2023-03-16,alex_kumar,microsoft/playwright,microsoft,reviewed,,,True,Rust
CommitEvent,2023-09-01,david_martinez,vercel/swr,vercel,merged,9.0,8.0,True,Go
CommitEvent,2023-12-25,nina_patel,google/chromium,google,commented,1.0,23.0,True,JavaScript
CommitEvent,2023-07-20,dan_murphy,uber/kraken,uber,reviewed,6.0,9.0,True,Rust
PullRequestEvent,2023-09-22,dan_murphy,facebook/relay,facebook,approved,6.0,33.0,False,TypeScript
MergeEvent,2023-11-16,olivia_zhang,facebook/jest,facebook,created,,,True,Java
IssuesEvent,2023-03-17,mike_johnson,google/chromium,google,closed,,,True,Rust
CreateEvent,2023-08-13,robert_brown,apache/kafka,apache,opened,,,True,TypeScript
PushEvent,2023-02-21,alex_kumar,facebook/docusaurus,facebook,created,2.0,16.0,True,Java
MergeEvent,2023-09-01,john_taylor,elastic/logstash,elastic,commented,,,True,TypeScript
IssuesEvent,2023-01-22,john_taylor,uber/pyro,uber,closed,,,False,JavaScript
CommitEvent,2023-09-26,mark_davis,google/angular,google,merged,11.0,19.0,False,Java
PushEvent,2023-08-29,sarah_chen,airbnb/enzyme,airbnb,commented,12.0,2.0,True,Python
CreateEvent,2023-02-14,rachel_kim,airbnb/enzyme,airbnb,closed,,,True,C++
MergeEvent,2023-06-12,mike_johnson,vercel/swr,vercel,reviewed,,,False,TypeScript
PushEvent,2023-04-17,maria_rodriguez,google/angular,google,closed,13.0,11.0,True,Go
MergeEvent,2023-03-13,alex_kumar,apache/spark,apache,merged,,,False,Rust
IssuesEvent,2023-03-22,john_taylor,airbnb/enzyme,airbnb,reviewed,,,True,Java
CommitEvent,2023-02-23,mike_johnson,hashicorp/vagrant,hashicorp,commented,5.0,10.0,True,Go
CommitEvent,2023-11-16,tom_nelson,vercel/next.js,vercel,closed,12.0,20.0,True,TypeScript
CreateEvent,2023-10-11,anna_wilson,facebook/jest,facebook,created,,,True,C++
CreateEvent,2023-06-22,anna_wilson,google/angular,google,created,,,True,C++
MergeEvent,2023-09-14,lisa_anderson,uber/kraken,uber,opened,,,True,Python
IssuesEvent,2023-06-14,alex_kumar,netflix/zuul,netflix,reviewed,,,True,Go
CreateEvent,2023-05-22,rachel_kim,facebook/docusaurus,facebook,updated,,,False,Go
CreateEvent,2023-01-13,anna_wilson,hashicorp/packer,hashicorp,merged,,,True,Go
CreateEvent,2023-03-14,john_taylor,hashicorp/consul,hashicorp,updated,,,True,Python
MergeEvent,2023-01-24,chris_lee,elastic/elasticsearch,elastic,updated,,,True,Rust
CommitEvent,2023-05-09,chris_lee,facebook/yoga,facebook,merged,10.0,20.0,True,Python
PullRequestEvent,2023-06-22,sophie_duval,vercel/next.js,vercel,opened,22.0,83.0,True,JavaScript
CreateEvent,2023-03-07,maria_rodriguez,netflix/zuul,netflix,merged,,,True,JavaScript
PushEvent,2023-09-19,tom_nelson,airbnb/visx,airbnb,updated,13.0,8.0,True,JavaScript
CommitEvent,2023-02-12,emma_garcia,microsoft/PowerToys,microsoft,reviewed,13.0,11.0,True,Java
CreateEvent,2023-06-10,james_smith,microsoft/terminal,microsoft,closed,,,True,Python
MergeEvent,2023-05-05,david_martinez,apache/beam,apache,updated,,,True,TypeScript
CreateEvent,2023-02-07,rachel_kim,microsoft/dotnet,microsoft,approved,,,False,JavaScript
PushEvent,2023-02-09,james_smith,apache/flink,apache,commented,8.0,17.0,True,TypeScript
MergeEvent,2023-05-27,emma_garcia,airbnb/javascript,airbnb,commented,,,True,Go
CommitEvent,2023-01-03,mark_davis,elastic/apm-server,elastic,closed,6.0,16.0,True,TypeScript
CreateEvent,2023-11-08,sophie_duval,uber/cadence,uber,opened,,,True,Java
IssuesEvent,2023-03-28,mike_johnson,apache/airflow,apache,reviewed,,,True,Go
CommitEvent,2023-05-06,sarah_chen,apache/spark,apache,updated,11.0,3.0,True,Java
MergeEvent,2023-10-13,lisa_anderson,apache/flink,apache,opened,,,False,Go
PullRequestEvent,2023-04-09,maria_rodriguez,microsoft/vscode,microsoft,opened,1.0,67.0,True,Python
MergeEvent,2023-07-24,nina_patel,elastic/logstash,elastic,closed,,,True,JavaScript
PushEvent,2023-12-17,maria_rodriguez,apache/beam,apache,reviewed,10.0,24.0,True,Python
IssuesEvent,2023-02-13,mark_davis,apache/cassandra,apache,reviewed,,,True,Python
MergeEvent,2023-11-15,tom_nelson,facebook/yoga,facebook,closed,,,True,C++
CommitEvent,2023-04-30,rachel_kim,netflix/eureka,netflix,closed,1.0,15.0,True,Python
PullRequestEvent,2023-08-30,lisa_anderson,facebook/yoga,facebook,approved,18.0,28.0,True,Go
PushEvent,2023-05-16,maria_rodriguez,microsoft/terminal,microsoft,merged,7.0,19.0,False,TypeScript
IssuesEvent,2023-11-29,emma_garcia,microsoft/TypeScript,microsoft,updated,,,True,Python
CommitEvent,2023-03-16,mark_davis,uber/react-map-gl,uber,reviewed,2.0,6.0,True,JavaScript
IssuesEvent,2023-04-14,dan_murphy,netflix/zuul,netflix,created,,,True,Go
IssuesEvent,2023-08-02,emma_garcia,microsoft/vscode,microsoft,approved,,,False,C++
CommitEvent,2023-07-19,chris_lee,airbnb/mavericks,airbnb,opened,14.0,9.0,True,C++
PullRequestEvent,2023-02-01,david_martinez,microsoft/dotnet,microsoft,commented,9.0,2.0,False,C++
CreateEvent,2023-07-20,dan_murphy,netflix/hystrix,netflix,approved,,,True,JavaScript
PushEvent,2023-03-13,tom_nelson,uber/kraken,uber,merged,6.0,11.0,True,Go
IssuesEvent,2023-04-30,james_smith,microsoft/terminal,microsoft,commented,,,True,Rust
MergeEvent,2023-01-01,david_martinez,microsoft/vscode,microsoft,reviewed,,,True,Java
CreateEvent,2023-07-23,mike_johnson,hashicorp/terraform,hashicorp,merged,,,True,Rust
IssuesEvent,2023-02-12,chris_lee,apache/flink,apache,opened,,,True,Python
MergeEvent,2023-11-18,emma_garcia,hashicorp/terraform,hashicorp,commented,,,False,Java
PullRequestEvent,2023-02-08,john_taylor,elastic/logstash,elastic,commented,31.0,46.0,True,Go
CreateEvent,2023-01-07,robert_brown,microsoft/dotnet,microsoft,opened,,,False,JavaScript
CreateEvent,2023-08-22,mike_johnson,apache/beam,apache,closed,,,False,Python
PullRequestEvent,2023-11-12,chris_lee,uber/jaeger,uber,opened,45.0,25.0,False,JavaScript
CreateEvent,2023-11-18,chris_lee,hashicorp/packer,hashicorp,approved,,,True,Java
PullRequestEvent,2023-01-24,nina_patel,netflix/zuul,netflix,opened,5.0,35.0,False,Rust
PushEvent,2023-01-15,mike_johnson,uber/pyro,uber,merged,15.0,13.0,True,Go
CreateEvent,2023-11-15,rachel_kim,vercel/next.js,vercel,approved,,,True,JavaScript
PullRequestEvent,2023-04-15,alex_kumar,google/flutter,google,merged,30.0,4.0,False,JavaScript
CommitEvent,2023-10-12,nina_patel,google/flutter,google,reviewed,10.0,18.0,False,TypeScript
PushEvent,2023-08-02,lisa_anderson,airbnb/mavericks,airbnb,opened,6.0,11.0,True,Go
CreateEvent,2023-05-09,emma_garcia,facebook/docusaurus,facebook,merged,,,True,C++
CommitEvent,2023-03-06,james_smith,netflix/archaius,netflix,reviewed,13.0,8.0,True,C++
CreateEvent,2023-07-19,james_smith,vercel/turbo,vercel,updated,,,True,Go
IssuesEvent,2023-09-28,alex_kumar,hashicorp/vault,hashicorp,created,,,False,Python
CommitEvent,2023-04-10,tom_nelson,vercel/next.js,vercel,closed,4.0,9.0,False,JavaScript
PushEvent,2023-01-27,tom_nelson,airbnb/mavericks,airbnb,opened,7.0,15.0,True,Go
IssuesEvent,2023-03-14,nina_patel,microsoft/dotnet,microsoft,merged,,,False,Go
MergeEvent,2023-01-24,anna_wilson,vercel/micro,vercel,opened,,,False,Java
CreateEvent,2023-07-21,chris_lee,airbnb/mavericks,airbnb,opened,,,True,Rust
MergeEvent,2023-06-18,olivia_zhang,netflix/conductor,netflix,merged,,,False,Python
MergeEvent,2023-03-19,tom_nelson,uber/jaeger,uber,opened,,,True,C++
PullRequestEvent,2023-09-03,nina_patel,netflix/zuul,netflix,commented,28.0,85.0,False,Go
PullRequestEvent,2023-09-10,robert_brown,uber/kraken,uber,updated,19.0,57.0,False,Python
IssuesEvent,2023-01-07,chris_lee,vercel/next.js,vercel,approved,,,False,Java
IssuesEvent,2023-09-22,emma_garcia,elastic/kibana,elastic,merged,,,False,JavaScript
IssuesEvent,2023-02-02,jen_liu,apache/flink,apache,opened,,,False,Go
MergeEvent,2023-10-22,anna_wilson,netflix/archaius,netflix,commented,,,True,Python
IssuesEvent,2023-04-16,maria_rodriguez,uber/react-map-gl,uber,closed,,,True,TypeScript
PullRequestEvent,2023-01-04,emma_garcia,apache/spark,apache,commented,13.0,7.0,True,C++
PushEvent,2023-09-15,jen_liu,vercel/turbo,vercel,merged,3.0,12.0,False,JavaScript
IssuesEvent,2023-10-27,maria_rodriguez,uber/pyro,uber,reviewed,,,True,TypeScript
IssuesEvent,2023-12-01,maria_rodriguez,hashicorp/vagrant,hashicorp,commented,,,True,Java
CreateEvent,2023-03-03,robert_brown,microsoft/dotnet,microsoft,reviewed,,,True,TypeScript
CommitEvent,2023-05-11,lisa_anderson,facebook/yoga,facebook,merged,10.0,14.0,True,Go
PullRequestEvent,2023-01-13,mark_davis,elastic/elasticsearch,elastic,commented,6.0,20.0,True,C++
PushEvent,2023-07-26,alex_kumar,uber/react-map-gl,uber,opened,15.0,8.0,True,Java
PushEvent,2023-06-18,alex_kumar,uber/kraken,uber,closed,5.0,15.0,True,Python
PushEvent,2023-12-21,chris_lee,microsoft/PowerToys,microsoft,reviewed,15.0,25.0,True,TypeScript
PushEvent,2023-10-29,mike_johnson,facebook/jest,facebook,closed,15.0,16.0,True,Rust
CommitEvent,2023-11-12,maria_rodriguez,elastic/kibana,elastic,merged,2.0,25.0,True,Rust
CommitEvent,2023-07-16,john_taylor,apache/cassandra,apache,updated,8.0,14.0,True,Java
CommitEvent,2023-07-02,sophie_duval,vercel/micro,vercel,reviewed,12.0,21.0,False,Python
MergeEvent,2023-09-22,dan_murphy,facebook/docusaurus,facebook,closed,,,True,Go
CreateEvent,2023-07-19,david_martinez,facebook/jest,facebook,commented,,,True,Java
IssuesEvent,2023-04-12,david_martinez,google/chromium,google,reviewed,,,True,Python
PushEvent,2023-06-18,chris_lee,hashicorp/packer,hashicorp,closed,7.0,9.0,False,TypeScript
IssuesEvent,2023-09-03,jen_liu,facebook/react,facebook,created,,,True,Java
CommitEvent,2023-02-07,dan_murphy,vercel/pkg,vercel,reviewed,15.0,14.0,True,Python
CreateEvent,2023-07-20,mike_johnson,google/kubernetes,google,reviewed,,,True,TypeScript
PushEvent,2023-02-11,mike_johnson,facebook/yoga,facebook,created,3.0,7.0,True,JavaScript
CommitEvent,2023-11-19,chris_lee,vercel/pkg,vercel,updated,1.0,16.0,True,Java
CreateEvent,2023-09-30,anna_wilson,elastic/logstash,elastic,closed,,,True,Java
PushEvent,2023-07-20,tom_nelson,uber/cadence,uber,created,12.0,8.0,True,Rust
IssuesEvent,2023-10-06,john_taylor,google/angular,google,opened,,,True,C++
IssuesEvent,2023-10-15,tom_nelson,uber/jaeger,uber,opened,,,False,Java
IssuesEvent,2023-01-02,maria_rodriguez,uber/react-map-gl,uber,closed,,,True,C++
IssuesEvent,2023-08-08,alex_kumar,netflix/zuul,netflix,updated,,,True,Python
CommitEvent,2023-05-30,david_martinez,google/tensorflow,google,reviewed,6.0,10.0,True,Go
CreateEvent,2023-05-15,david_martinez,vercel/turbo,vercel,opened,,,True,C++
CommitEvent,2023-02-21,emma_garcia,vercel/pkg,vercel,reviewed,3.0,3.0,True,JavaScript
PushEvent,2023-11-07,alex_kumar,airbnb/enzyme,airbnb,created,11.0,6.0,True,Go
CreateEvent,2023-10-02,robert_brown,facebook/react,facebook,created,,,True,Rust
CommitEvent,2023-02-04,tom_nelson,hashicorp/vault,hashicorp,opened,12.0,19.0,True,TypeScript
CommitEvent,2023-01-25,tom_nelson,vercel/turbo,vercel,approved,7.0,17.0,True,Java
MergeEvent,2023-12-17,maria_rodriguez,facebook/yoga,facebook,created,,,True,TypeScript
PullRequestEvent,2023-07-18,robert_brown,facebook/yoga,facebook,reviewed,42.0,87.0,False,C++
PullRequestEvent,2023-07-30,emma_garcia,elastic/kibana,elastic,opened,47.0,3.0,True,C++
CommitEvent,2023-10-06,tom_nelson,facebook/react-native,facebook,created,4.0,16.0,True,Rust
MergeEvent,2023-02-01,mike_johnson,airbnb/visx,airbnb,approved,,,False,C++
CreateEvent,2023-09-05,nina_patel,airbnb/lottie,airbnb,updated,,,True,Rust
PullRequestEvent,2023-07-06,sophie_duval,vercel/turbo,vercel,commented,45.0,20.0,True,Python
PushEvent,2023-09-24,anna_wilson,microsoft/TypeScript,microsoft,updated,14.0,8.0,True,Java
CreateEvent,2023-08-13,olivia_zhang,vercel/hyper,vercel,created,,,True,Rust
MergeEvent,2023-12-11,lisa_anderson,vercel/swr,vercel,closed,,,True,Rust
IssuesEvent,2023-02-10,sarah_chen,elastic/apm-server,elastic,closed,,,False,C++
PullRequestEvent,2023-09-21,tom_nelson,airbnb/javascript,airbnb,reviewed,34.0,94.0,True,C++
CommitEvent,2023-08-09,mark_davis,google/kubernetes,google,reviewed,8.0,16.0,True,Go
PushEvent,2023-01-10,sarah_chen,microsoft/PowerToys,microsoft,commented,2.0,16.0,True,C++
PullRequestEvent,2023-11-26,tom_nelson,google/angular,google,created,43.0,39.0,True,Rust
PushEvent,2023-08-25,nina_patel,microsoft/vscode,microsoft,created,7.0,18.0,True,C++
CommitEvent,2023-02-02,robert_brown,facebook/jest,facebook,closed,14.0,17.0,True,Python
IssuesEvent,2023-01-23,alex_kumar,uber/jaeger,uber,created,,,True,Rust
CommitEvent,2023-09-24,jen_liu,elastic/kibana,elastic,commented,9.0,20.0,False,Rust
MergeEvent,2023-04-11,james_smith,google/chromium,google,merged,,,True,Go
IssuesEvent,2023-09-13,david_martinez,elastic/elasticsearch,elastic,opened,,,True,TypeScript
CommitEvent,2023-06-11,rachel_kim,hashicorp/terraform,hashicorp,opened,3.0,4.0,True,TypeScript
MergeEvent,2023-06-11,nina_patel,facebook/react-native,facebook,commented,,,True,JavaScript
PullRequestEvent,2023-08-19,olivia_zhang,google/tensorflow,google,approved,35.0,43.0,True,JavaScript
CreateEvent,2023-05-20,emma_garcia,elastic/kibana,elastic,commented,,,True,C++
CreateEvent,2023-09-07,mike_johnson,vercel/next.js,vercel,opened,,,True,Rust
PushEvent,2023-07-29,anna_wilson,vercel/hyper,vercel,commented,15.0,9.0,False,Rust
CommitEvent,2023-07-23,mark_davis,uber/kraken,uber,commented,7.0,20.0,False,TypeScript
IssuesEvent,2023-08-02,alex_kumar,airbnb/mavericks,airbnb,commented,,,True,Go
IssuesEvent,2023-01-19,alex_kumar,vercel/pkg,vercel,merged,,,False,C++
CreateEvent,2023-03-16,tom_nelson,airbnb/javascript,airbnb,approved,,,True,TypeScript
IssuesEvent,2023-08-01,mike_johnson,vercel/swr,vercel,opened,,,True,Go
CreateEvent,2023-12-28,mike_johnson,vercel/swr,vercel,approved,,,True,C++
CommitEvent,2023-06-23,david_martinez,airbnb/lottie,airbnb,merged,14.0,16.0,True,TypeScript
IssuesEvent,2023-11-10,rachel_kim,microsoft/vscode,microsoft,merged,,,True,Python
CommitEvent,2023-04-03,david_martinez,airbnb/visx,airbnb,reviewed,11.0,13.0,True,Go
MergeEvent,2023-01-14,olivia_zhang,vercel/micro,vercel,opened,,,True,Python
CommitEvent,2023-10-25,sophie_duval,vercel/hyper,vercel,approved,7.0,4.0,True,JavaScript
CreateEvent,2023-08-15,sarah_chen,google/flutter,google,opened,,,True,Go
IssuesEvent,2023-02-08,chris_lee,microsoft/playwright,microsoft,reviewed,,,True,Java
PushEvent,2023-12-19,jen_liu,airbnb/visx,airbnb,commented,7.0,25.0,True,TypeScript
PushEvent,2023-07-08,david_martinez,google/tensorflow,google,reviewed,8.0,2.0,True,C++
MergeEvent,2023-06-21,robert_brown,google/chromium,google,created,,,True,JavaScript
IssuesEvent,2023-01-19,olivia_zhang,hashicorp/terraform,hashicorp,created,,,True,JavaScript
PushEvent,2023-05-11,robert_brown,apache/flink,apache,approved,10.0,8.0,True,Java
PushEvent,2023-07-20,david_martinez,facebook/react,facebook,closed,15.0,15.0,True,Rust
PushEvent,2023-09-01,maria_rodriguez,elastic/elasticsearch,elastic,closed,12.0,20.0,True,Go
CreateEvent,2023-05-13,john_taylor,elastic/kibana,elastic,approved,,,True,TypeScript
MergeEvent,2023-05-07,dan_murphy,microsoft/terminal,microsoft,created,,,True,JavaScript
IssuesEvent,2023-02-25,rachel_kim,elastic/beats,elastic,closed,,,True,Java
IssuesEvent,2023-11-03,james_smith,microsoft/vscode,microsoft,created,,,True,JavaScript
PushEvent,2023-10-20,anna_wilson,airbnb/mavericks,airbnb,reviewed,13.0,22.0,True,Java
IssuesEvent,2023-10-31,mark_davis,facebook/react-native,facebook,merged,,,True,JavaScript
PullRequestEvent,2023-09-09,chris_lee,uber/kraken,uber,merged,34.0,93.0,True,Go
PushEvent,2023-01-18,dan_murphy,facebook/yoga,facebook,created,9.0,7.0,False,Python
MergeEvent,2023-03-12,dan_murphy,facebook/react-native,facebook,commented,,,False,Rust
MergeEvent,2023-11-08,emma_garcia,elastic/logstash,elastic,approved,,,False,Rust
CommitEvent,2023-03-07,david_martinez,apache/kafka,apache,closed,8.0,23.0,True,TypeScript
CommitEvent,2023-10-28,nina_patel,microsoft/dotnet,microsoft,reviewed,1.0,23.0,True,Rust
PullRequestEvent,2023-07-16,tom_nelson,apache/beam,apache,updated,8.0,10.0,True,C++
IssuesEvent,2023-03-20,rachel_kim,elastic/elasticsearch,elastic,opened,,,True,Java
PullRequestEvent,2023-12-18,anna_wilson,vercel/turbo,vercel,merged,50.0,39.0,True,Python
CommitEvent,2023-09-04,chris_lee,google/chromium,google,commented,6.0,13.0,True,JavaScript
MergeEvent,2023-10-03,dan_murphy,google/go,google,merged,,,True,JavaScript
MergeEvent,2023-01-28,robert_brown,vercel/hyper,vercel,created,,,False,JavaScript
PushEvent,2023-06-21,dan_murphy,apache/airflow,apache,commented,1.0,16.0,True,Python
PushEvent,2023-03-23,rachel_kim,uber/jaeger,uber,updated,9.0,10.0,True,Java
CreateEvent,2023-08-21,john_taylor,facebook/docusaurus,facebook,closed,,,True,C++
PullRequestEvent,2023-08-08,john_taylor,netflix/eureka,netflix,opened,21.0,68.0,True,C++
CreateEvent,2023-04-21,john_taylor,hashicorp/vault,hashicorp,approved,,,True,Java
CommitEvent,2023-06-10,tom_nelson,elastic/beats,elastic,merged,12.0,5.0,False,C++
CreateEvent,2023-06-03,john_taylor,hashicorp/nomad,hashicorp,reviewed,,,True,JavaScript
PushEvent,2023-02-27,maria_rodriguez,netflix/ribbon,netflix,approved,2.0,19.0,False,C++
CreateEvent,2023-06-29,david_martinez,uber/jaeger,uber,opened,,,True,Java
PullRequestEvent,2023-03-10,olivia_zhang,elastic/beats,elastic,opened,23.0,1.0,True,JavaScript
MergeEvent,2023-08-19,tom_nelson,microsoft/PowerToys,microsoft,approved,,,True,JavaScript
PullRequestEvent,2023-04-12,david_martinez,vercel/turbo,vercel,opened,31.0,2.0,False,C++
PullRequestEvent,2023-04-28,sophie_duval,facebook/jest,facebook,approved,47.0,84.0,False,Java
CreateEvent,2023-02-21,tom_nelson,uber/pyro,uber,merged,,,True,Rust
PullRequestEvent,2023-05-06,maria_rodriguez,apache/spark,apache,updated,34.0,72.0,True,Go
MergeEvent,2023-03-16,olivia_zhang,facebook/yoga,facebook,commented,,,True,TypeScript
MergeEvent,2023-09-24,dan_murphy,netflix/hystrix,netflix,closed,,,True,Java
PullRequestEvent,2023-02-14,sarah_chen,google/go,google,approved,12.0,17.0,True,JavaScript
CommitEvent,2023-08-07,mark_davis,google/angular,google,approved,14.0,21.0,False,Java
CommitEvent,2023-10-06,james_smith,uber/kraken,uber,commented,3.0,21.0,True,Python
PushEvent,2023-03-19,john_taylor,netflix/zuul,netflix,opened,8.0,10.0,True,Python
PullRequestEvent,2023-10-01,mike_johnson,elastic/logstash,elastic,opened,49.0,95.0,True,C++
CreateEvent,2023-01-11,sarah_chen,airbnb/mavericks,airbnb,approved,,,True,C++
PushEvent,2023-10-21,nina_patel,netflix/zuul,netflix,created,14.0,15.0,False,TypeScript
IssuesEvent,2023-09-20,jen_liu,hashicorp/consul,hashicorp,merged,,,False,C++
IssuesEvent,2023-05-21,jen_liu,facebook/docusaurus,facebook,opened,,,False,C++
PullRequestEvent,2023-12-05,jen_liu,microsoft/playwright,microsoft,approved,7.0,1.0,True,Python
IssuesEvent,2023-03-15,maria_rodriguez,netflix/ribbon,netflix,created,,,True,Go
PullRequestEvent,2023-01-10,maria_rodriguez,vercel/next.js,vercel,approved,34.0,79.0,False,TypeScript
PushEvent,2023-04-03,david_martinez,uber/react-map-gl,uber,created,9.0,10.0,True,JavaScript
MergeEvent,2023-12-09,dan_murphy,google/tensorflow,google,closed,,,True,JavaScript
CommitEvent,2023-06-24,jen_liu,elastic/kibana,elastic,commented,2.0,20.0,True,TypeScript
IssuesEvent,2023-06-03,alex_kumar,apache/cassandra,apache,updated,,,True,Rust
IssuesEvent,2023-02-19,robert_brown,uber/cadence,uber,opened,,,False,C++
CommitEvent,2023-08-19,jen_liu,netflix/zuul,netflix,created,4.0,14.0,True,Python
CreateEvent,2023-12-13,nina_patel,facebook/docusaurus,facebook,approved,,,True,Go
MergeEvent,2023-02-14,maria_rodriguez,vercel/swr,vercel,commented,,,True,JavaScript
IssuesEvent,2023-09-11,dan_murphy,facebook/jest,facebook,updated,,,True,Rust
IssuesEvent,2023-03-26,james_smith,google/angular,google,commented,,,True,Rust
CreateEvent,2023-07-27,tom_nelson,apache/airflow,apache,created,,,False,C++
PullRequestEvent,2023-01-12,anna_wilson,vercel/next.js,vercel,commented,49.0,17.0,True,Java
CommitEvent,2023-01-20,sophie_duval,uber/kraken,uber,closed,10.0,16.0,False,C++
MergeEvent,2023-01-20,sophie_duval,hashicorp/nomad,hashicorp,updated,,,True,Rust
IssuesEvent,2023-01-30,mark_davis,vercel/swr,vercel,commented,,,True,Go
IssuesEvent,2023-01-01,robert_brown,elastic/elasticsearch,elastic,closed,,,True,Rust
PullRequestEvent,2023-03-30,mark_davis,netflix/ribbon,netflix,approved,12.0,14.0,False,JavaScript
MergeEvent,2023-04-14,robert_brown,hashicorp/consul,hashicorp,opened,,,True,Python
MergeEvent,2023-03-03,chris_lee,vercel/micro,vercel,approved,,,False,Java
PushEvent,2023-05-28,dan_murphy,netflix/archaius,netflix,merged,5.0,3.0,False,Java
CreateEvent,2023-09-12,james_smith,uber/pyro,uber,commented,,,True,Java
CreateEvent,2023-06-14,anna_wilson,airbnb/lottie,airbnb,opened,,,True,Java
MergeEvent,2023-05-30,anna_wilson,vercel/hyper,vercel,commented,,,True,JavaScript
MergeEvent,2023-01-30,dan_murphy,google/flutter,google,opened,,,False,Rust
PushEvent,2023-11-28,david_martinez,apache/flink,apache,opened,11.0,21.0,True,Java
MergeEvent,2023-02-17,jen_liu,elastic/logstash,elastic,reviewed,,,False,TypeScript
MergeEvent,2023-11-17,tom_nelson,airbnb/lottie,airbnb,merged,,,True,TypeScript
IssuesEvent,2023-03-01,sophie_duval,google/tensorflow,google,created,,,True,Rust
MergeEvent,2023-04-23,alex_kumar,hashicorp/vault,hashicorp,opened,,,False,Go
PullRequestEvent,2023-01-07,anna_wilson,microsoft/dotnet,microsoft,commented,27.0,2.0,True,JavaScript
PullRequestEvent,2023-02-10,nina_patel,uber/jaeger,uber,updated,40.0,61.0,True,Rust
CreateEvent,2023-02-12,dan_murphy,uber/pyro,uber,commented,,,True,Java
PullRequestEvent,2023-05-04,james_smith,uber/kraken,uber,reviewed,15.0,4.0,True,C++
IssuesEvent,2023-10-08,maria_rodriguez,facebook/jest,facebook,approved,,,True,TypeScript
CreateEvent,2023-04-23,david_martinez,apache/airflow,apache,merged,,,True,Go
MergeEvent,2023-07-03,sarah_chen,microsoft/playwright,microsoft,approved,,,False,Go
CreateEvent,2023-07-29,rachel_kim,elastic/beats,elastic,created,,,True,Python
PullRequestEvent,2023-03-27,sarah_chen,apache/airflow,apache,merged,37.0,71.0,True,TypeScript
PushEvent,2023-04-01,jen_liu,netflix/hystrix,netflix,approved,12.0,21.0,True,TypeScript
PullRequestEvent,2023-05-18,alex_kumar,hashicorp/vault,hashicorp,created,9.0,5.0,True,Java
CreateEvent,2023-06-01,dan_murphy,apache/beam,apache,reviewed,,,True,JavaScript
IssuesEvent,2023-01-24,sarah_chen,airbnb/visx,airbnb,closed,,,True,JavaScript
PushEvent,2023-10-18,robert_brown,uber/kraken,uber,created,11.0,1.0,False,JavaScript
CreateEvent,2023-06-17,anna_wilson,apache/cassandra,apache,merged,,,True,TypeScript
PullRequestEvent,2023-06-06,david_martinez,netflix/zuul,netflix,opened,23.0,73.0,True,Python
IssuesEvent,2023-01-24,lisa_anderson,microsoft/vscode,microsoft,merged,,,True,Rust
PushEvent,2023-04-09,lisa_anderson,apache/flink,apache,updated,13.0,15.0,False,Java
MergeEvent,2023-06-30,sarah_chen,hashicorp/vault,hashicorp,approved,,,False,JavaScript
PushEvent,2023-09-03,dan_murphy,microsoft/TypeScript,microsoft,reviewed,12.0,14.0,True,Python
IssuesEvent,2023-10-30,nina_patel,facebook/react-native,facebook,reviewed,,,True,C++
PushEvent,2023-11-20,olivia_zhang,facebook/relay,facebook,commented,5.0,17.0,False,C++
CreateEvent,2023-04-07,lisa_anderson,google/kubernetes,google,updated,,,True,C++
CreateEvent,2023-11-02,anna_wilson,hashicorp/vagrant,hashicorp,reviewed,,,True,Python
PullRequestEvent,2023-07-14,mark_davis,airbnb/lottie,airbnb,commented,37.0,52.0,True,JavaScript
IssuesEvent,2023-08-02,olivia_zhang,netflix/archaius,netflix,closed,,,True,Java
IssuesEvent,2023-11-03,nina_patel,facebook/yoga,facebook,merged,,,True,Rust
CreateEvent,2023-01-13,chris_lee,vercel/turbo,vercel,created,,,True,JavaScript
MergeEvent,2023-02-05,rachel_kim,hashicorp/packer,hashicorp,reviewed,,,False,Go
PushEvent,2023-12-26,alex_kumar,elastic/elasticsearch,elastic,opened,10.0,11.0,True,Go
CommitEvent,2023-12-31,james_smith,netflix/zuul,netflix,closed,7.0,1.0,False,Rust
PullRequestEvent,2023-01-14,rachel_kim,netflix/hystrix,netflix,approved,14.0,52.0,True,Go
PullRequestEvent,2023-01-02,maria_rodriguez,uber/pyro,uber,opened,40.0,35.0,True,Rust
CommitEvent,2023-08-26,maria_rodriguez,vercel/pkg,vercel,reviewed,10.0,1.0,True,Python
CreateEvent,2023-04-10,maria_rodriguez,airbnb/mavericks,airbnb,closed,,,True,C++
MergeEvent,2023-11-18,chris_lee,airbnb/lottie,airbnb,created,,,True,JavaScript
PullRequestEvent,2023-11-07,james_smith,microsoft/PowerToys,microsoft,approved,8.0,81.0,False,Java
PushEvent,2023-09-12,alex_kumar,microsoft/terminal,microsoft,approved,10.0,22.0,True,C++
PushEvent,2023-04-09,dan_murphy,hashicorp/consul,hashicorp,opened,8.0,15.0,True,JavaScript
MergeEvent,2023-06-26,dan_murphy,facebook/react,facebook,commented,,,True,Python
MergeEvent,2023-10-15,robert_brown,vercel/hyper,vercel,reviewed,,,True,Python
IssuesEvent,2023-03-17,mike_johnson,elastic/apm-server,elastic,updated,,,True,Java
PullRequestEvent,2023-01-06,mark_davis,microsoft/dotnet,microsoft,commented,25.0,93.0,True,Python
IssuesEvent,2023-03-21,nina_patel,vercel/hyper,vercel,merged,,,True,C++
CommitEvent,2023-04-01,nina_patel,netflix/conductor,netflix,reviewed,2.0,23.0,True,TypeScript
CommitEvent,2023-12-06,nina_patel,elastic/beats,elastic,merged,14.0,22.0,True,JavaScript
MergeEvent,2023-05-11,mike_johnson,vercel/turbo,vercel,reviewed,,,True,Go
CommitEvent,2023-08-01,maria_rodriguez,netflix/ribbon,netflix,opened,5.0,6.0,True,JavaScript
CreateEvent,2023-12-12,robert_brown,apache/kafka,apache,commented,,,True,Python
MergeEvent,2023-12-13,john_taylor,airbnb/enzyme,airbnb,approved,,,True,Rust
PullRequestEvent,2023-09-25,dan_murphy,uber/react-map-gl,uber,merged,47.0,61.0,False,Python
PullRequestEvent,2023-07-20,emma_garcia,elastic/logstash,elastic,reviewed,45.0,60.0,True,Rust
PushEvent,2023-05-25,nina_patel,microsoft/vscode,microsoft,closed,2.0,4.0,True,Rust
PushEvent,2023-12-27,john_taylor,vercel/turbo,vercel,merged,6.0,19.0,True,C++
CreateEvent,2023-02-17,lisa_anderson,apache/airflow,apache,commented,,,True,TypeScript
MergeEvent,2023-05-21,james_smith,airbnb/javascript,airbnb,commented,,,True,Python
PushEvent,2023-10-07,chris_lee,airbnb/enzyme,airbnb,merged,3.0,18.0,True,TypeScript
IssuesEvent,2023-01-08,sarah_chen,google/flutter,google,created,,,True,Go
PushEvent,2023-11-14,mike_johnson,hashicorp/vagrant,hashicorp,created,6.0,25.0,True,Java
CommitEvent,2023-09-04,maria_rodriguez,hashicorp/vagrant,hashicorp,updated,15.0,22.0,True,Python
MergeEvent,2023-11-04,david_martinez,microsoft/PowerToys,microsoft,created,,,True,Python
PushEvent,2023-11-22,sophie_duval,apache/spark,apache,closed,7.0,9.0,True,Rust
PushEvent,2023-12-07,tom_nelson,elastic/kibana,elastic,approved,13.0,22.0,True,C++
PushEvent,2023-01-27,mark_davis,hashicorp/consul,hashicorp,commented,4.0,12.0,True,TypeScript
CreateEvent,2023-07-25,james_smith,airbnb/enzyme,airbnb,closed,,,True,TypeScript
MergeEvent,2023-07-08,olivia_zhang,facebook/relay,facebook,commented,,,True,Python
IssuesEvent,2023-05-10,nina_patel,netflix/conductor,netflix,reviewed,,,True,Python
MergeEvent,2023-02-08,maria_rodriguez,google/tensorflow,google,reviewed,,,True,Rust
MergeEvent,2023-11-27,robert_brown,elastic/beats,elastic,opened,,,True,TypeScript
CommitEvent,2023-02-08,david_martinez,uber/jaeger,uber,approved,14.0,11.0,True,Go
CreateEvent,2023-09-17,olivia_zhang,airbnb/mavericks,airbnb,updated,,,True,JavaScript
PullRequestEvent,2023-06-22,robert_brown,google/go,google,approved,17.0,3.0,True,C++
CommitEvent,2023-03-20,tom_nelson,airbnb/visx,airbnb,created,10.0,1.0,False,C++
IssuesEvent,2023-06-14,chris_lee,vercel/swr,vercel,merged,,,True,Java
PullRequestEvent,2023-06-02,mark_davis,apache/cassandra,apache,closed,5.0,61.0,True,Python
PushEvent,2023-03-11,dan_murphy,hashicorp/vagrant,hashicorp,commented,14.0,5.0,True,Go
PullRequestEvent,2023-09-10,jen_liu,elastic/logstash,elastic,updated,37.0,24.0,False,TypeScript
CreateEvent,2023-04-21,jen_liu,microsoft/PowerToys,microsoft,commented,,,False,TypeScript
MergeEvent,2023-08-01,dan_murphy,vercel/turbo,vercel,created,,,True,TypeScript
PushEvent,2023-12-07,mike_johnson,apache/airflow,apache,merged,7.0,24.0,False,TypeScript
CommitEvent,2023-04-12,mark_davis,elastic/beats,elastic,closed,9.0,22.0,True,JavaScript
PushEvent,2023-05-15,sarah_chen,hashicorp/vagrant,hashicorp,approved,13.0,7.0,True,JavaScript
MergeEvent,2023-05-17,tom_nelson,netflix/eureka,netflix,updated,,,True,JavaScript
MergeEvent,2023-03-16,mike_johnson,apache/spark,apache,created,,,True,JavaScript
MergeEvent,2023-06-10,david_martinez,facebook/relay,facebook,closed,,,True,Java
MergeEvent,2023-03-29,jen_liu,elastic/logstash,elastic,reviewed,,,True,Python
IssuesEvent,2023-02-26,jen_liu,microsoft/terminal,microsoft,commented,,,True,Rust
PushEvent,2023-05-30,alex_kumar,apache/spark,apache,created,9.0,13.0,True,Java
MergeEvent,2023-11-07,john_taylor,google/go,google,opened,,,True,Python
PullRequestEvent,2023-06-12,sophie_duval,hashicorp/terraform,hashicorp,merged,38.0,58.0,True,Rust
PullRequestEvent,2023-03-05,robert_brown,google/flutter,google,created,11.0,63.0,True,JavaScript
CommitEvent,2023-09-11,olivia_zhang,apache/cassandra,apache,updated,4.0,15.0,False,TypeScript
PushEvent,2023-09-05,mark_davis,microsoft/vscode,microsoft,closed,7.0,19.0,False,Rust
PullRequestEvent,2023-05-06,lisa_anderson,apache/airflow,apache,approved,45.0,24.0,True,Java
MergeEvent,2023-10-29,olivia_zhang,facebook/relay,facebook,reviewed,,,True,JavaScript
MergeEvent,2023-05-17,olivia_zhang,microsoft/dotnet,microsoft,commented,,,True,Java
IssuesEvent,2023-01-27,sophie_duval,apache/flink,apache,commented,,,True,Java
CreateEvent,2023-05-25,jen_liu,airbnb/mavericks,airbnb,merged,,,True,Go
PushEvent,2023-07-03,lisa_anderson,airbnb/mavericks,airbnb,closed,6.0,8.0,True,Go
PullRequestEvent,2023-10-29,robert_brown,uber/jaeger,uber,opened,11.0,80.0,True,Python
MergeEvent,2023-09-06,nina_patel,microsoft/vscode,microsoft,opened,,,True,Java
PullRequestEvent,2023-08-16,james_smith,google/flutter,google,commented,33.0,53.0,True,C++
CommitEvent,2023-11-20,rachel_kim,netflix/hystrix,netflix,commented,6.0,24.0,True,JavaScript
MergeEvent,2023-11-30,anna_wilson,google/flutter,google,commented,,,False,C++
PullRequestEvent,2023-11-13,sophie_duval,hashicorp/nomad,hashicorp,opened,36.0,93.0,True,Java
PushEvent,2023-11-29,sarah_chen,airbnb/lottie,airbnb,commented,11.0,1.0,False,JavaScript
CreateEvent,2023-05-30,maria_rodriguez,elastic/beats,elastic,updated,,,True,C++
PushEvent,2023-05-01,james_smith,netflix/ribbon,netflix,created,3.0,3.0,True,Rust
PushEvent,2023-11-29,james_smith,airbnb/mavericks,airbnb,reviewed,14.0,8.0,True,JavaScript
CreateEvent,2023-12-08,sophie_duval,facebook/react,facebook,created,,,True,Rust
PushEvent,2023-01-09,david_martinez,airbnb/visx,airbnb,approved,4.0,19.0,True,C++
CreateEvent,2023-02-23,rachel_kim,vercel/pkg,vercel,approved,,,False,C++
CreateEvent,2023-05-25,dan_murphy,microsoft/terminal,microsoft,opened,,,True,JavaScript
MergeEvent,2023-09-10,anna_wilson,google/flutter,google,closed,,,False,TypeScript
CreateEvent,2023-01-10,jen_liu,hashicorp/terraform,hashicorp,commented,,,False,TypeScript
PushEvent,2023-09-16,rachel_kim,uber/pyro,uber,created,8.0,22.0,True,Rust
CommitEvent,2023-10-11,jen_liu,airbnb/lottie,airbnb,reviewed,13.0,5.0,True,Go
CreateEvent,2023-09-08,chris_lee,airbnb/visx,airbnb,reviewed,,,False,JavaScript
CreateEvent,2023-11-09,alex_kumar,airbnb/lottie,airbnb,commented,,,True,TypeScript
CommitEvent,2023-04-22,emma_garcia,vercel/pkg,vercel,reviewed,9.0,16.0,True,Java
IssuesEvent,2023-09-14,mike_johnson,uber/cadence,uber,closed,,,False,Go
PullRequestEvent,2023-11-12,james_smith,google/kubernetes,google,reviewed,40.0,98.0,True,Rust
CommitEvent,2023-01-07,robert_brown,uber/react-map-gl,uber,opened,2.0,4.0,False,Python
IssuesEvent,2023-08-08,lisa_anderson,vercel/hyper,vercel,created,,,True,Go
IssuesEvent,2023-10-17,rachel_kim,vercel/hyper,vercel,commented,,,True,Python
PullRequestEvent,2023-07-04,chris_lee,microsoft/dotnet,microsoft,merged,10.0,43.0,True,Java
IssuesEvent,2023-09-18,john_taylor,apache/beam,apache,opened,,,True,Go
PushEvent,2023-08-20,sophie_duval,apache/spark,apache,created,10.0,14.0,True,Rust
IssuesEvent,2023-12-17,chris_lee,hashicorp/consul,hashicorp,closed,,,True,C++
MergeEvent,2023-05-02,mark_davis,microsoft/vscode,microsoft,reviewed,,,True,Java
CommitEvent,2023-06-09,james_smith,airbnb/mavericks,airbnb,created,15.0,7.0,True,Java
PushEvent,2023-01-05,rachel_kim,airbnb/visx,airbnb,merged,1.0,15.0,True,Rust
MergeEvent,2023-09-07,alex_kumar,google/flutter,google,merged,,,True,TypeScript
MergeEvent,2023-07-05,james_smith,apache/flink,apache,merged,,,False,Java
MergeEvent,2023-01-14,olivia_zhang,airbnb/visx,airbnb,closed,,,True,Rust
CreateEvent,2023-04-04,sophie_duval,vercel/swr,vercel,closed,,,True,JavaScript
PushEvent,2023-02-02,james_smith,airbnb/visx,airbnb,updated,8.0,23.0,True,Rust
PullRequestEvent,2023-08-19,emma_garcia,airbnb/lottie,airbnb,commented,43.0,40.0,True,Rust
CreateEvent,2023-06-23,jen_liu,apache/flink,apache,closed,,,True,TypeScript
CreateEvent,2023-07-19,jen_liu,microsoft/dotnet,microsoft,opened,,,False,Java
CommitEvent,2023-07-09,jen_liu,airbnb/enzyme,airbnb,updated,10.0,22.0,True,Python
MergeEvent,2023-08-13,tom_nelson,google/angular,google,opened,,,True,C++
IssuesEvent,2023-10-03,alex_kumar,apache/cassandra,apache,merged,,,False,Java
MergeEvent,2023-04-06,alex_kumar,netflix/ribbon,netflix,closed,,,True,TypeScript
PushEvent,2023-08-06,chris_lee,elastic/apm-server,elastic,reviewed,3.0,6.0,True,C++
MergeEvent,2023-12-01,john_taylor,netflix/archaius,netflix,updated,,,False,C++
IssuesEvent,2023-10-20,rachel_kim,uber/jaeger,uber,commented,,,True,JavaScript
PullRequestEvent,2023-04-28,maria_rodriguez,elastic/elasticsearch,elastic,reviewed,21.0,79.0,True,C++
IssuesEvent,2023-03-03,sophie_duval,hashicorp/consul,hashicorp,reviewed,,,True,Python
IssuesEvent,2023-08-23,sarah_chen,apache/cassandra,apache,opened,,,True,JavaScript
CommitEvent,2023-04-07,john_taylor,uber/pyro,uber,merged,6.0,14.0,True,TypeScript
MergeEvent,2023-12-08,tom_nelson,microsoft/vscode,microsoft,created,,,True,TypeScript
PushEvent,2023-02-22,sophie_duval,vercel/pkg,vercel,approved,5.0,24.0,True,Python
CommitEvent,2023-01-10,chris_lee,microsoft/terminal,microsoft,opened,2.0,11.0,True,Java
MergeEvent,2023-07-09,maria_rodriguez,hashicorp/nomad,hashicorp,reviewed,,,False,Python
PushEvent,2023-09-02,alex_kumar,vercel/hyper,vercel,closed,11.0,10.0,True,TypeScript
PullRequestEvent,2023-04-10,john_taylor,google/chromium,google,created,49.0,60.0,True,JavaScript
PushEvent,2023-07-01,lisa_anderson,uber/cadence,uber,commented,3.0,3.0,True,JavaScript
MergeEvent,2023-06-11,nina_patel,apache/airflow,apache,opened,,,True,Go
PushEvent,2023-03-01,chris_lee,airbnb/visx,airbnb,merged,15.0,19.0,True,C++
PushEvent,2023-04-21,chris_lee,facebook/yoga,facebook,closed,15.0,23.0,False,Python
IssuesEvent,2023-05-16,jen_liu,facebook/docusaurus,facebook,updated,,,True,Rust
CommitEvent,2023-01-13,olivia_zhang,vercel/hyper,vercel,approved,12.0,7.0,True,Rust
CreateEvent,2023-08-05,mike_johnson,hashicorp/vagrant,hashicorp,updated,,,False,Java
IssuesEvent,2023-04-18,david_martinez,airbnb/enzyme,airbnb,reviewed,,,False,Python
PullRequestEvent,2023-11-17,emma_garcia,google/go,google,commented,26.0,78.0,True,TypeScript
CreateEvent,2023-07-08,maria_rodriguez,facebook/relay,facebook,merged,,,True,Java
PullRequestEvent,2023-06-28,sarah_chen,microsoft/terminal,microsoft,merged,49.0,48.0,True,JavaScript
MergeEvent,2023-03-01,james_smith,apache/spark,apache,approved,,,True,Python
PushEvent,2023-09-08,alex_kumar,microsoft/playwright,microsoft,merged,9.0,13.0,True,Java
PullRequestEvent,2023-11-19,tom_nelson,google/tensorflow,google,reviewed,36.0,5.0,True,C++
PullRequestEvent,2023-05-29,dan_murphy,airbnb/mavericks,airbnb,approved,5.0,64.0,False,Java
CommitEvent,2023-04-15,chris_lee,hashicorp/terraform,hashicorp,approved,7.0,20.0,True,C++
PushEvent,2023-06-09,sophie_duval,airbnb/mavericks,airbnb,reviewed,6.0,22.0,True,Python
PullRequestEvent,2023-06-07,mark_davis,netflix/zuul,netflix,updated,10.0,80.0,False,TypeScript
CreateEvent,2023-03-03,mark_davis,google/kubernetes,google,created,,,True,Python
CreateEvent,2023-04-04,nina_patel,microsoft/dotnet,microsoft,commented,,,False,Go
PullRequestEvent,2023-07-21,chris_lee,vercel/turbo,vercel,updated,31.0,98.0,True,JavaScript
CreateEvent,2023-10-08,lisa_anderson,facebook/docusaurus,facebook,closed,,,True,C++
PullRequestEvent,2023-04-09,chris_lee,apache/flink,apache,updated,19.0,56.0,False,C++
CreateEvent,2023-03-04,john_taylor,netflix/archaius,netflix,created,,,False,JavaScript
PushEvent,2023-09-27,john_taylor,netflix/ribbon,netflix,closed,5.0,5.0,False,Rust
PushEvent,2023-11-12,emma_garcia,uber/kraken,uber,commented,6.0,22.0,True,TypeScript
PushEvent,2023-04-21,alex_kumar,uber/jaeger,uber,approved,9.0,5.0,True,TypeScript
CreateEvent,2023-04-18,olivia_zhang,google/tensorflow,google,opened,,,True,JavaScript
PullRequestEvent,2023-09-14,sarah_chen,google/flutter,google,updated,10.0,13.0,False,JavaScript
PullRequestEvent,2023-04-11,jen_liu,vercel/pkg,vercel,created,43.0,18.0,True,Rust
CreateEvent,2023-11-23,nina_patel,vercel/turbo,vercel,merged,,,True,Java
MergeEvent,2023-10-17,rachel_kim,apache/beam,apache,merged,,,False,Java
IssuesEvent,2023-06-28,sarah_chen,hashicorp/consul,hashicorp,reviewed,,,True,Python
PushEvent,2023-01-30,lisa_anderson,airbnb/mavericks,airbnb,created,15.0,7.0,True,C++
PullRequestEvent,2023-05-30,maria_rodriguez,hashicorp/nomad,hashicorp,approved,2.0,26.0,False,Java
PullRequestEvent,2023-04-18,nina_patel,airbnb/javascript,airbnb,closed,34.0,45.0,False,Go
PushEvent,2023-03-27,alex_kumar,apache/flink,apache,reviewed,13.0,7.0,False,TypeScript
MergeEvent,2023-03-29,chris_lee,facebook/docusaurus,facebook,opened,,,True,Go
IssuesEvent,2023-04-24,tom_nelson,apache/cassandra,apache,opened,,,True,Go
CreateEvent,2023-07-08,dan_murphy,facebook/react-native,facebook,updated,,,True,Go
IssuesEvent,2023-08-12,jen_liu,airbnb/javascript,airbnb,opened,,,True,Python
PullRequestEvent,2023-03-04,dan_murphy,apache/kafka,apache,reviewed,39.0,17.0,False,Rust
IssuesEvent,2023-12-22,mark_davis,facebook/docusaurus,facebook,created,,,False,JavaScript
PushEvent,2023-12-13,mark_davis,uber/cadence,uber,commented,4.0,16.0,True,Rust
CreateEvent,2023-10-26,jen_liu,apache/airflow,apache,created,,,True,C++
PullRequestEvent,2023-04-15,sarah_chen,hashicorp/vault,hashicorp,commented,34.0,30.0,False,Go
PushEvent,2023-11-27,tom_nelson,hashicorp/nomad,hashicorp,updated,8.0,22.0,True,C++
CommitEvent,2023-09-16,mike_johnson,microsoft/vscode,microsoft,closed,1.0,13.0,True,Go
CreateEvent,2023-05-15,mark_davis,hashicorp/consul,hashicorp,reviewed,,,True,TypeScript
CreateEvent,2023-03-29,james_smith,uber/react-map-gl,uber,created,,,True,Python
CommitEvent,2023-11-04,david_martinez,uber/react-map-gl,uber,opened,7.0,13.0,True,TypeScript
MergeEvent,2023-12-13,dan_murphy,elastic/beats,elastic,reviewed,,,True,C++
IssuesEvent,2023-04-19,emma_garcia,netflix/archaius,netflix,merged,,,True,C++
IssuesEvent,2023-03-09,anna_wilson,netflix/ribbon,netflix,closed,,,True,C++
CreateEvent,2023-05-28,maria_rodriguez,airbnb/lottie,airbnb,created,,,True,JavaScript
IssuesEvent,2023-01-20,jen_liu,uber/cadence,uber,created,,,True,TypeScript
PullRequestEvent,2023-10-12,tom_nelson,uber/kraken,uber,opened,20.0,40.0,True,JavaScript
IssuesEvent,2023-03-01,james_smith,apache/flink,apache,commented,,,True,JavaScript
PushEvent,2023-02-17,mike_johnson,airbnb/javascript,airbnb,merged,3.0,12.0,False,TypeScript
PullRequestEvent,2023-04-03,robert_brown,uber/kraken,uber,updated,30.0,71.0,False,TypeScript
CommitEvent,2023-05-20,jen_liu,facebook/react,facebook,updated,13.0,23.0,False,C++
CreateEvent,2023-04-25,anna_wilson,elastic/apm-server,elastic,created,,,False,Java
MergeEvent,2023-11-06,nina_patel,uber/cadence,uber,opened,,,True,C++
MergeEvent,2023-01-01,robert_brown,uber/cadence,uber,created,,,False,C++
CreateEvent,2023-05-03,rachel_kim,elastic/logstash,elastic,approved,,,True,Rust
CreateEvent,2023-07-29,james_smith,netflix/archaius,netflix,merged,,,False,C++
PullRequestEvent,2023-06-16,olivia_zhang,apache/cassandra,apache,opened,2.0,82.0,True,JavaScript
CreateEvent,2023-04-29,alex_kumar,airbnb/enzyme,airbnb,merged,,,False,Java
CommitEvent,2023-04-26,jen_liu,google/angular,google,closed,11.0,18.0,True,JavaScript
IssuesEvent,2023-01-10,chris_lee,uber/cadence,uber,closed,,,True,Rust
PullRequestEvent,2023-11-19,olivia_zhang,apache/kafka,apache,commented,50.0,8.0,True,TypeScript
MergeEvent,2023-03-31,lisa_anderson,facebook/relay,facebook,created,,,True,TypeScript
IssuesEvent,2023-02-19,nina_patel,microsoft/playwright,microsoft,updated,,,True,Rust
PullRequestEvent,2023-10-14,lisa_anderson,elastic/beats,elastic,commented,16.0,82.0,True,Rust
PullRequestEvent,2023-11-16,chris_lee,airbnb/enzyme,airbnb,commented,5.0,60.0,False,JavaScript
PullRequestEvent,2023-09-30,dan_murphy,elastic/logstash,elastic,updated,13.0,19.0,False,TypeScript
PushEvent,2023-09-01,david_martinez,facebook/yoga,facebook,approved,8.0,7.0,True,Rust
IssuesEvent,2023-12-22,john_taylor,netflix/ribbon,netflix,reviewed,,,True,Go
IssuesEvent,2023-09-06,mike_johnson,apache/cassandra,apache,opened,,,True,Go
CreateEvent,2023-02-20,tom_nelson,hashicorp/vault,hashicorp,opened,,,True,Rust
MergeEvent,2023-05-22,mike_johnson,vercel/pkg,vercel,updated,,,True,Java
PushEvent,2023-02-25,tom_nelson,apache/airflow,apache,created,12.0,16.0,True,C++
CreateEvent,2023-03-19,mark_davis,microsoft/terminal,microsoft,updated,,,True,Java
PullRequestEvent,2023-10-31,sarah_chen,hashicorp/vagrant,hashicorp,merged,12.0,97.0,True,Rust
PullRequestEvent,2023-05-01,tom_nelson,netflix/ribbon,netflix,created,32.0,99.0,True,Java
CreateEvent,2023-07-02,chris_lee,netflix/ribbon,netflix,updated,,,True,Java
CreateEvent,2023-12-16,olivia_zhang,google/kubernetes,google,approved,,,True,Python
PullRequestEvent,2023-11-01,chris_lee,apache/kafka,apache,created,24.0,19.0,True,Rust
MergeEvent,2023-01-17,james_smith,netflix/eureka,netflix,merged,,,False,C++
PushEvent,2023-11-30,mike_johnson,vercel/swr,vercel,closed,6.0,7.0,True,C++
IssuesEvent,2023-12-25,alex_kumar,microsoft/dotnet,microsoft,merged,,,True,JavaScript
CommitEvent,2023-07-14,tom_nelson,uber/kraken,uber,opened,4.0,4.0,False,Java
MergeEvent,2023-01-27,james_smith,elastic/logstash,elastic,approved,,,True,Go
MergeEvent,2023-12-03,john_taylor,facebook/relay,facebook,opened,,,True,Rust
CommitEvent,2023-03-15,sarah_chen,google/chromium,google,closed,1.0,17.0,True,TypeScript
MergeEvent,2023-01-07,emma_garcia,google/angular,google,opened,,,False,C++
IssuesEvent,2023-01-25,david_martinez,hashicorp/consul,hashicorp,closed,,,True,TypeScript
MergeEvent,2023-12-23,james_smith,vercel/turbo,vercel,merged,,,True,Python
CommitEvent,2023-10-23,sarah_chen,elastic/logstash,elastic,created,5.0,16.0,True,TypeScript
IssuesEvent,2023-03-08,lisa_anderson,hashicorp/consul,hashicorp,created,,,False,Go
CreateEvent,2023-10-20,john_taylor,elastic/apm-server,elastic,closed,,,True,Java
CommitEvent,2023-04-22,chris_lee,google/kubernetes,google,created,2.0,11.0,True,TypeScript
MergeEvent,2023-10-07,john_taylor,microsoft/terminal,microsoft,opened,,,True,C++
PushEvent,2023-04-12,david_martinez,netflix/hystrix,netflix,closed,15.0,21.0,False,JavaScript
MergeEvent,2023-06-07,mike_johnson,microsoft/playwright,microsoft,updated,,,True,C++
IssuesEvent,2023-02-05,sophie_duval,microsoft/PowerToys,microsoft,updated,,,True,Rust
CommitEvent,2023-09-23,sophie_duval,airbnb/mavericks,airbnb,approved,11.0,10.0,True,JavaScript
IssuesEvent,2023-07-29,olivia_zhang,microsoft/terminal,microsoft,closed,,,False,JavaScript
CreateEvent,2023-10-24,mike_johnson,vercel/swr,vercel,created,,,True,Java
PullRequestEvent,2023-09-02,olivia_zhang,elastic/beats,elastic,closed,45.0,39.0,False,Rust
MergeEvent,2023-01-13,mike_johnson,vercel/swr,vercel,updated,,,True,TypeScript
CreateEvent,2023-04-29,jen_liu,apache/airflow,apache,closed,,,False,Java
PushEvent,2023-01-18,jen_liu,facebook/yoga,facebook,updated,8.0,15.0,True,TypeScript
IssuesEvent,2023-01-28,rachel_kim,vercel/next.js,vercel,merged,,,False,Python
PullRequestEvent,2023-11-06,james_smith,airbnb/lottie,airbnb,closed,38.0,97.0,False,TypeScript
CommitEvent,2023-09-17,john_taylor,vercel/turbo,vercel,approved,8.0,16.0,True,JavaScript
IssuesEvent,2023-01-19,mark_davis,vercel/micro,vercel,reviewed,,,True,Python
IssuesEvent,2023-10-10,jen_liu,apache/spark,apache,opened,,,True,TypeScript
CreateEvent,2023-11-23,rachel_kim,netflix/ribbon,netflix,closed,,,True,C++
MergeEvent,2023-05-23,olivia_zhang,elastic/kibana,elastic,reviewed,,,True,TypeScript
PullRequestEvent,2023-08-30,jen_liu,google/go,google,updated,22.0,88.0,False,Python
IssuesEvent,2023-01-16,jen_liu,google/angular,google,merged,,,True,C++
IssuesEvent,2023-03-02,mark_davis,vercel/swr,vercel,opened,,,True,TypeScript
CreateEvent,2023-10-28,david_martinez,hashicorp/vault,hashicorp,opened,,,True,C++
MergeEvent,2023-11-16,jen_liu,hashicorp/vault,hashicorp,created,,,True,C++
IssuesEvent,2023-03-14,maria_rodriguez,google/kubernetes,google,closed,,,True,Python
PullRequestEvent,2023-07-20,maria_rodriguez,hashicorp/terraform,hashicorp,reviewed,45.0,32.0,True,Rust
PullRequestEvent,2023-12-27,olivia_zhang,google/tensorflow,google,reviewed,26.0,64.0,True,Rust
PushEvent,2023-09-16,maria_rodriguez,airbnb/lottie,airbnb,merged,12.0,5.0,True,TypeScript
IssuesEvent,2023-10-20,dan_murphy,facebook/relay,facebook,reviewed,,,True,Python
PullRequestEvent,2023-07-24,lisa_anderson,elastic/beats,elastic,reviewed,10.0,11.0,True,C++
PullRequestEvent,2023-02-22,jen_liu,netflix/archaius,netflix,merged,47.0,98.0,True,Python
PullRequestEvent,2023-10-18,mark_davis,hashicorp/packer,hashicorp,commented,8.0,90.0,True,Rust
CreateEvent,2023-01-21,sarah_chen,google/go,google,opened,,,False,C++
CreateEvent,2023-05-13,tom_nelson,vercel/pkg,vercel,approved,,,False,C++
IssuesEvent,2023-07-29,alex_kumar,facebook/jest,facebook,merged,,,True,Go
MergeEvent,2023-07-07,john_taylor,netflix/ribbon,netflix,commented,,,True,TypeScript
MergeEvent,2023-12-26,alex_kumar,elastic/beats,elastic,updated,,,True,Python
IssuesEvent,2023-12-24,mark_davis,uber/kraken,uber,approved,,,True,Go
MergeEvent,2023-03-15,robert_brown,apache/spark,apache,commented,,,True,C++
MergeEvent,2023-06-06,david_martinez,elastic/logstash,elastic,closed,,,True,Go
CreateEvent,2023-10-27,david_martinez,hashicorp/terraform,hashicorp,approved,,,False,Python
CommitEvent,2023-09-19,rachel_kim,apache/cassandra,apache,merged,13.0,3.0,False,Rust
PushEvent,2023-04-22,john_taylor,vercel/pkg,vercel,created,9.0,24.0,True,Rust
PullRequestEvent,2023-11-06,chris_lee,airbnb/enzyme,airbnb,merged,30.0,30.0,True,JavaScript
CommitEvent,2023-10-13,emma_garcia,vercel/micro,vercel,closed,10.0,14.0,True,Java
CommitEvent,2023-04-29,rachel_kim,netflix/zuul,netflix,commented,10.0,9.0,True,JavaScript
CommitEvent,2023-12-24,olivia_zhang,google/tensorflow,google,opened,6.0,11.0,False,C++
CommitEvent,2023-07-16,dan_murphy,google/angular,google,opened,2.0,22.0,False,TypeScript
IssuesEvent,2023-03-09,robert_brown,facebook/docusaurus,facebook,reviewed,,,True,TypeScript
PushEvent,2023-04-30,nina_patel,google/angular,google,reviewed,3.0,15.0,True,Rust
CreateEvent,2023-05-22,maria_rodriguez,uber/react-map-gl,uber,reviewed,,,True,C++
MergeEvent,2023-06-01,david_martinez,uber/cadence,uber,created,,,True,Rust
PushEvent,2023-01-23,alex_kumar,facebook/react,facebook,closed,5.0,8.0,True,Go
PushEvent,2023-11-10,sarah_chen,google/chromium,google,opened,4.0,8.0,True,JavaScript
IssuesEvent,2023-02-17,alex_kumar,google/tensorflow,google,closed,,,True,Go
CreateEvent,2023-06-05,mike_johnson,facebook/react-native,facebook,commented,,,True,Python
IssuesEvent,2023-03-15,david_martinez,uber/kraken,uber,commented,,,True,Go
IssuesEvent,2023-06-16,sophie_duval,google/angular,google,closed,,,False,Go
CommitEvent,2023-10-07,robert_brown,elastic/elasticsearch,elastic,created,7.0,1.0,False,Go
CreateEvent,2023-06-18,maria_rodriguez,uber/cadence,uber,commented,,,True,TypeScript
PushEvent,2023-02-19,sarah_chen,microsoft/playwright,microsoft,merged,3.0,1.0,True,JavaScript
CommitEvent,2023-06-25,robert_brown,netflix/ribbon,netflix,commented,7.0,15.0,True,JavaScript
CommitEvent,2023-06-21,emma_garcia,apache/flink,apache,updated,8.0,14.0,True,JavaScript
PushEvent,2023-04-30,sophie_duval,google/flutter,google,created,3.0,7.0,True,Java
MergeEvent,2023-08-01,rachel_kim,vercel/turbo,vercel,commented,,,False,Java
MergeEvent,2023-07-28,tom_nelson,uber/kraken,uber,approved,,,True,Java
PushEvent,2023-10-25,rachel_kim,netflix/conductor,netflix,created,7.0,3.0,True,JavaScript
CommitEvent,2023-03-26,dan_murphy,uber/cadence,uber,closed,5.0,17.0,True,Python
MergeEvent,2023-01-27,jen_liu,airbnb/mavericks,airbnb,merged,,,False,Java
MergeEvent,2023-09-27,tom_nelson,apache/cassandra,apache,opened,,,True,Python
PullRequestEvent,2023-08-05,sarah_chen,microsoft/vscode,microsoft,commented,30.0,37.0,True,Python
CreateEvent,2023-01-24,sophie_duval,vercel/swr,vercel,closed,,,True,Python
PushEvent,2023-05-14,jen_liu,netflix/conductor,netflix,updated,8.0,19.0,True,Go
CreateEvent,2023-08-09,olivia_zhang,vercel/micro,vercel,merged,,,True,TypeScript
CreateEvent,2023-01-07,sophie_duval,netflix/zuul,netflix,updated,,,True,TypeScript
PushEvent,2023-07-29,robert_brown,apache/kafka,apache,reviewed,4.0,5.0,True,C++
PullRequestEvent,2023-10-24,olivia_zhang,hashicorp/vagrant,hashicorp,updated,43.0,53.0,True,Python
PullRequestEvent,2023-07-29,sarah_chen,uber/pyro,uber,updated,35.0,51.0,True,TypeScript
PullRequestEvent,2023-01-12,maria_rodriguez,uber/kraken,uber,reviewed,23.0,57.0,True,Python
PullRequestEvent,2023-09-08,nina_patel,uber/cadence,uber,updated,33.0,69.0,True,Go
MergeEvent,2023-03-18,lisa_anderson,uber/react-map-gl,uber,approved,,,True,C++
PullRequestEvent,2023-09-21,sophie_duval,apache/flink,apache,updated,18.0,79.0,True,JavaScript
MergeEvent,2023-03-19,rachel_kim,hashicorp/nomad,hashicorp,reviewed,,,True,Rust
IssuesEvent,2023-05-08,jen_liu,microsoft/PowerToys,microsoft,approved,,,True,C++
PullRequestEvent,2023-07-04,anna_wilson,google/flutter,google,created,45.0,72.0,True,Rust
CreateEvent,2023-03-18,lisa_anderson,microsoft/terminal,microsoft,closed,,,False,Java
PullRequestEvent,2023-06-15,mark_davis,netflix/conductor,netflix,commented,40.0,70.0,False,C++
CreateEvent,2023-12-20,nina_patel,google/tensorflow,google,created,,,True,Python
PullRequestEvent,2023-01-06,dan_murphy,uber/pyro,uber,reviewed,20.0,38.0,False,Go
IssuesEvent,2023-05-10,jen_liu,facebook/react,facebook,merged,,,True,Java
IssuesEvent,2023-07-24,sophie_duval,apache/airflow,apache,created,,,True,TypeScript
CreateEvent,2023-07-25,tom_nelson,uber/pyro,uber,closed,,,True,JavaScript
PushEvent,2023-09-01,john_taylor,apache/airflow,apache,updated,11.0,20.0,True,Go
PullRequestEvent,2023-10-05,rachel_kim,netflix/conductor,netflix,created,23.0,16.0,True,Java
CreateEvent,2023-06-15,john_taylor,microsoft/dotnet,microsoft,reviewed,,,True,Go
PullRequestEvent,2023-01-15,mark_davis,google/chromium,google,updated,13.0,5.0,True,Java
MergeEvent,2023-11-12,emma_garcia,microsoft/playwright,microsoft,closed,,,True,Python
CommitEvent,2023-06-04,rachel_kim,uber/jaeger,uber,reviewed,3.0,10.0,False,Python
PullRequestEvent,2023-06-29,anna_wilson,elastic/beats,elastic,approved,9.0,82.0,False,Rust
CreateEvent,2023-03-07,david_martinez,apache/flink,apache,merged,,,True,Java
IssuesEvent,2023-11-09,alex_kumar,facebook/docusaurus,facebook,commented,,,True,Rust
MergeEvent,2023-01-18,olivia_zhang,vercel/hyper,vercel,updated,,,True,Java
CommitEvent,2023-09-26,chris_lee,apache/airflow,apache,commented,14.0,4.0,True,Python
PullRequestEvent,2023-09-14,olivia_zhang,microsoft/TypeScript,microsoft,closed,48.0,80.0,False,Go
IssuesEvent,2023-06-26,lisa_anderson,elastic/elasticsearch,elastic,merged,,,True,Go
MergeEvent,2023-05-06,mike_johnson,elastic/apm-server,elastic,commented,,,True,Java
PushEvent,2023-09-26,sarah_chen,microsoft/terminal,microsoft,updated,1.0,10.0,False,TypeScript
IssuesEvent,2023-01-31,james_smith,airbnb/mavericks,airbnb,reviewed,,,True,C++
IssuesEvent,2023-09-09,maria_rodriguez,vercel/next.js,vercel,approved,,,True,TypeScript
IssuesEvent,2023-08-03,nina_patel,netflix/conductor,netflix,closed,,,False,Go
PushEvent,2023-07-12,alex_kumar,vercel/hyper,vercel,created,7.0,8.0,True,Go
IssuesEvent,2023-10-05,tom_nelson,facebook/yoga,facebook,created,,,True,TypeScript
CreateEvent,2023-01-11,tom_nelson,microsoft/vscode,microsoft,commented,,,False,C++
MergeEvent,2023-04-10,jen_liu,netflix/conductor,netflix,opened,,,False,Python
MergeEvent,2023-07-08,sarah_chen,uber/pyro,uber,commented,,,False,Python
PushEvent,2023-12-28,john_taylor,facebook/relay,facebook,reviewed,2.0,12.0,True,Rust
MergeEvent,2023-12-04,olivia_zhang,airbnb/lottie,airbnb,closed,,,True,Java
IssuesEvent,2023-10-01,alex_kumar,apache/airflow,apache,merged,,,True,Python
MergeEvent,2023-03-04,mark_davis,google/chromium,google,created,,,True,TypeScript
CreateEvent,2023-03-27,mike_johnson,hashicorp/consul,hashicorp,approved,,,True,C++
PullRequestEvent,2023-10-10,rachel_kim,airbnb/javascript,airbnb,opened,13.0,35.0,True,Go
MergeEvent,2023-04-18,mike_johnson,vercel/micro,vercel,created,,,True,TypeScript
PushEvent,2023-10-01,olivia_zhang,hashicorp/nomad,hashicorp,closed,10.0,16.0,True,Python
CommitEvent,2023-09-26,robert_brown,google/angular,google,commented,13.0,18.0,True,JavaScript
PullRequestEvent,2023-08-02,mark_davis,netflix/archaius,netflix,updated,8.0,78.0,True,TypeScript
CreateEvent,2023-10-29,dan_murphy,google/go,google,created,,,True,Go
MergeEvent,2023-10-13,maria_rodriguez,netflix/archaius,netflix,created,,,True,Java
CommitEvent,2023-10-24,david_martinez,hashicorp/consul,hashicorp,created,2.0,12.0,False,Rust
PullRequestEvent,2023-10-28,david_martinez,vercel/swr,vercel,reviewed,13.0,12.0,True,Java
PushEvent,2023-06-23,nina_patel,uber/cadence,uber,merged,5.0,16.0,True,JavaScript
CommitEvent,2023-07-17,sophie_duval,netflix/archaius,netflix,merged,9.0,1.0,True,TypeScript
CreateEvent,2023-05-25,james_smith,airbnb/javascript,airbnb,closed,,,True,Go
CreateEvent,2023-10-30,nina_patel,google/flutter,google,reviewed,,,True,JavaScript
CreateEvent,2023-04-27,mark_davis,airbnb/javascript,airbnb,merged,,,False,C++
MergeEvent,2023-03-14,chris_lee,uber/jaeger,uber,approved,,,True,JavaScript
IssuesEvent,2023-07-24,alex_kumar,google/tensorflow,google,updated,,,True,C++
MergeEvent,2023-04-15,rachel_kim,facebook/jest,facebook,updated,,,True,JavaScript
PullRequestEvent,2023-05-05,rachel_kim,google/angular,google,updated,29.0,27.0,True,JavaScript
IssuesEvent,2023-12-20,sarah_chen,vercel/turbo,vercel,approved,,,True,Go
PullRequestEvent,2023-10-28,robert_brown,google/flutter,google,updated,43.0,59.0,True,Python
IssuesEvent,2023-07-30,sophie_duval,apache/kafka,apache,created,,,True,TypeScript
PushEvent,2023-10-15,rachel_kim,microsoft/vscode,microsoft,updated,5.0,7.0,True,C++
PushEvent,2023-05-29,tom_nelson,microsoft/TypeScript,microsoft,merged,15.0,7.0,True,Java
PushEvent,2023-12-08,james_smith,hashicorp/packer,hashicorp,created,10.0,6.0,True,Python
CreateEvent,2023-12-25,olivia_zhang,vercel/swr,vercel,reviewed,,,False,Rust
IssuesEvent,2023-08-19,james_smith,hashicorp/vault,hashicorp,updated,,,True,TypeScript
PushEvent,2023-08-13,david_martinez,vercel/swr,vercel,approved,15.0,17.0,False,Rust
PullRequestEvent,2024-01-01,anna_wilson,google/go,google,merged,47.0,44.0,True,C++
CreateEvent,2023-01-14,maria_rodriguez,microsoft/playwright,microsoft,merged,,,True,TypeScript
PushEvent,2023-12-14,james_smith,vercel/turbo,vercel,approved,9.0,21.0,True,Python
IssuesEvent,2023-02-05,robert_brown,apache/flink,apache,reviewed,,,True,TypeScript
IssuesEvent,2023-12-28,nina_patel,google/chromium,google,updated,,,True,Python
IssuesEvent,2023-02-02,alex_kumar,apache/kafka,apache,commented,,,True,Go
CreateEvent,2023-06-08,anna_wilson,facebook/react,facebook,commented,,,True,C++
MergeEvent,2023-01-28,dan_murphy,hashicorp/packer,hashicorp,closed,,,True,Go
CreateEvent,2023-10-05,robert_brown,google/angular,google,closed,,,True,Go
MergeEvent,2023-12-09,rachel_kim,microsoft/vscode,microsoft,approved,,,True,TypeScript
IssuesEvent,2023-05-16,anna_wilson,uber/jaeger,uber,opened,,,True,Java
IssuesEvent,2023-01-19,olivia_zhang,microsoft/vscode,microsoft,updated,,,False,C++
CommitEvent,2023-07-30,jen_liu,hashicorp/packer,hashicorp,opened,12.0,8.0,True,Rust
CreateEvent,2023-08-26,john_taylor,airbnb/lottie,airbnb,merged,,,False,Python
MergeEvent,2023-01-11,mark_davis,google/angular,google,approved,,,False,TypeScript
CommitEvent,2023-02-12,sarah_chen,elastic/elasticsearch,elastic,closed,7.0,2.0,True,Go
CreateEvent,2023-11-15,emma_garcia,netflix/conductor,netflix,reviewed,,,True,Rust
PullRequestEvent,2023-04-16,sarah_chen,google/kubernetes,google,commented,29.0,66.0,False,JavaScript
MergeEvent,2023-02-04,sophie_duval,uber/react-map-gl,uber,opened,,,True,Python
IssuesEvent,2023-04-24,sophie_duval,microsoft/vscode,microsoft,approved,,,False,JavaScript
PullRequestEvent,2023-01-27,tom_nelson,hashicorp/vault,hashicorp,updated,20.0,66.0,True,Python
CommitEvent,2023-09-09,mike_johnson,apache/flink,apache,opened,13.0,3.0,True,Python
PushEvent,2023-01-01,maria_rodriguez,hashicorp/consul,hashicorp,commented,8.0,1.0,False,Python
PullRequestEvent,2023-06-01,david_martinez,apache/beam,apache,closed,12.0,77.0,True,Go
MergeEvent,2023-08-30,sophie_duval,netflix/hystrix,netflix,commented,,,True,JavaScript
PushEvent,2023-01-31,robert_brown,elastic/apm-server,elastic,commented,13.0,25.0,False,TypeScript
MergeEvent,2023-03-14,jen_liu,google/flutter,google,merged,,,True,Java
PushEvent,2023-03-08,jen_liu,google/flutter,google,reviewed,7.0,19.0,True,Go
CreateEvent,2023-08-03,john_taylor,uber/react-map-gl,uber,commented,,,True,Java
IssuesEvent,2023-05-14,alex_kumar,facebook/react-native,facebook,created,,,True,JavaScript
CreateEvent,2023-05-06,lisa_anderson,uber/pyro,uber,commented,,,True,C++
CreateEvent,2023-06-14,jen_liu,uber/cadence,uber,merged,,,True,JavaScript
PullRequestEvent,2023-12-17,sophie_duval,microsoft/dotnet,microsoft,updated,25.0,6.0,True,TypeScript
PushEvent,2023-07-08,olivia_zhang,airbnb/javascript,airbnb,commented,3.0,17.0,True,Rust
PullRequestEvent,2023-07-18,chris_lee,vercel/micro,vercel,reviewed,1.0,60.0,True,Go
PushEvent,2023-01-07,dan_murphy,apache/kafka,apache,closed,5.0,5.0,True,C++
MergeEvent,2023-11-28,sarah_chen,airbnb/javascript,airbnb,created,,,True,C++
MergeEvent,2023-04-11,maria_rodriguez,airbnb/enzyme,airbnb,created,,,True,Java
PushEvent,2023-11-11,nina_patel,uber/pyro,uber,merged,13.0,20.0,False,JavaScript
MergeEvent,2023-06-16,maria_rodriguez,hashicorp/consul,hashicorp,closed,,,True,Python
MergeEvent,2023-09-06,john_taylor,microsoft/PowerToys,microsoft,commented,,,True,Go
PullRequestEvent,2023-05-11,jen_liu,apache/flink,apache,reviewed,39.0,28.0,False,Java
MergeEvent,2023-10-31,james_smith,vercel/hyper,vercel,approved,,,True,Python
PushEvent,2023-04-06,nina_patel,airbnb/javascript,airbnb,created,10.0,14.0,True,Java
MergeEvent,2023-12-18,maria_rodriguez,airbnb/javascript,airbnb,commented,,,False,Java
CommitEvent,2023-10-06,jen_liu,apache/kafka,apache,reviewed,9.0,17.0,True,Java
IssuesEvent,2023-12-18,robert_brown,vercel/pkg,vercel,commented,,,False,Rust
MergeEvent,2023-06-07,sophie_duval,facebook/docusaurus,facebook,merged,,,True,TypeScript
CommitEvent,2023-01-16,emma_garcia,facebook/react-native,facebook,approved,8.0,13.0,False,TypeScript
CreateEvent,2023-09-09,alex_kumar,airbnb/mavericks,airbnb,merged,,,False,JavaScript
CommitEvent,2023-01-17,alex_kumar,airbnb/javascript,airbnb,commented,5.0,10.0,True,C++
CommitEvent,2023-10-16,david_martinez,microsoft/vscode,microsoft,approved,9.0,24.0,False,TypeScript
PushEvent,2023-07-20,maria_rodriguez,microsoft/vscode,microsoft,approved,12.0,8.0,True,TypeScript
CreateEvent,2023-06-18,rachel_kim,facebook/relay,facebook,opened,,,True,Go
PushEvent,2023-10-11,david_martinez,uber/cadence,uber,opened,10.0,1.0,True,Rust
CreateEvent,2023-05-05,maria_rodriguez,apache/flink,apache,created,,,True,Rust
IssuesEvent,2023-09-29,david_martinez,netflix/hystrix,netflix,commented,,,True,Python
IssuesEvent,2023-01-07,alex_kumar,elastic/beats,elastic,opened,,,False,Java
PushEvent,2023-06-10,john_taylor,apache/kafka,apache,updated,3.0,25.0,True,Go
CommitEvent,2023-06-02,robert_brown,airbnb/lottie,airbnb,commented,12.0,11.0,True,Rust
IssuesEvent,2023-07-15,tom_nelson,microsoft/dotnet,microsoft,merged,,,True,JavaScript
IssuesEvent,2023-02-15,rachel_kim,microsoft/playwright,microsoft,updated,,,True,C++
MergeEvent,2023-09-28,olivia_zhang,vercel/micro,vercel,closed,,,False,Java
MergeEvent,2023-11-22,dan_murphy,facebook/yoga,facebook,commented,,,True,Rust
MergeEvent,2023-01-29,rachel_kim,hashicorp/terraform,hashicorp,merged,,,True,TypeScript
PushEvent,2023-12-13,mark_davis,hashicorp/vagrant,hashicorp,merged,4.0,7.0,True,C++
IssuesEvent,2023-02-15,lisa_anderson,facebook/jest,facebook,created,,,True,Python
CreateEvent,2023-07-02,nina_patel,facebook/docusaurus,facebook,commented,,,True,JavaScript
IssuesEvent,2023-06-01,mark_davis,airbnb/lottie,airbnb,updated,,,False,Java
PullRequestEvent,2023-08-26,john_taylor,apache/cassandra,apache,updated,26.0,26.0,False,JavaScript
PullRequestEvent,2023-10-14,mike_johnson,vercel/next.js,vercel,opened,33.0,24.0,True,Go
PushEvent,2023-03-16,mike_johnson,hashicorp/vault,hashicorp,reviewed,3.0,15.0,False,Java
PullRequestEvent,2023-08-23,mark_davis,vercel/next.js,vercel,commented,1.0,39.0,True,Go
PushEvent,2023-01-18,lisa_anderson,hashicorp/vault,hashicorp,opened,10.0,21.0,True,Python
CommitEvent,2023-08-21,mark_davis,uber/pyro,uber,commented,5.0,17.0,True,Go
PullRequestEvent,2023-07-12,lisa_anderson,microsoft/vscode,microsoft,created,23.0,97.0,True,Python
MergeEvent,2023-08-26,alex_kumar,microsoft/playwright,microsoft,opened,,,True,JavaScript
IssuesEvent,2023-03-02,sarah_chen,google/kubernetes,google,approved,,,False,JavaScript
MergeEvent,2023-01-17,john_taylor,apache/kafka,apache,merged,,,True,JavaScript
PullRequestEvent,2023-04-30,john_taylor,uber/cadence,uber,commented,38.0,1.0,True,Go
CommitEvent,2023-07-10,nina_patel,microsoft/dotnet,microsoft,reviewed,3.0,1.0,True,Python
IssuesEvent,2023-09-11,robert_brown,facebook/jest,facebook,commented,,,False,Go
IssuesEvent,2023-01-19,nina_patel,hashicorp/nomad,hashicorp,approved,,,True,C++
PullRequestEvent,2023-03-13,robert_brown,hashicorp/terraform,hashicorp,merged,40.0,44.0,False,C++
PushEvent,2023-08-30,dan_murphy,google/angular,google,opened,11.0,12.0,True,TypeScript
PullRequestEvent,2023-09-18,john_taylor,apache/flink,apache,reviewed,36.0,34.0,True,TypeScript
PullRequestEvent,2023-01-27,lisa_anderson,uber/react-map-gl,uber,approved,19.0,67.0,False,TypeScript
CreateEvent,2023-08-17,sophie_duval,microsoft/dotnet,microsoft,approved,,,True,TypeScript
IssuesEvent,2023-03-19,olivia_zhang,uber/jaeger,uber,closed,,,True,C++
PullRequestEvent,2023-04-04,mike_johnson,apache/kafka,apache,opened,18.0,98.0,True,Rust
IssuesEvent,2023-11-02,robert_brown,netflix/conductor,netflix,opened,,,True,Go
CommitEvent,2023-06-20,sophie_duval,hashicorp/vault,hashicorp,commented,13.0,15.0,True,TypeScript
PushEvent,2023-07-02,tom_nelson,elastic/logstash,elastic,updated,4.0,25.0,False,Go
MergeEvent,2023-08-01,alex_kumar,elastic/kibana,elastic,created,,,True,JavaScript
PushEvent,2023-10-10,maria_rodriguez,airbnb/enzyme,airbnb,opened,9.0,24.0,False,Rust
IssuesEvent,2023-11-18,james_smith,apache/spark,apache,approved,,,True,JavaScript
PushEvent,2023-09-11,mark_davis,apache/beam,apache,updated,9.0,21.0,True,TypeScript
CreateEvent,2023-03-13,sophie_duval,apache/spark,apache,commented,,,True,Python
CreateEvent,2023-08-24,rachel_kim,facebook/relay,facebook,reviewed,,,True,Rust
PushEvent,2023-10-30,mike_johnson,vercel/micro,vercel,merged,3.0,22.0,True,Java
IssuesEvent,2023-08-17,mike_johnson,facebook/react-native,facebook,merged,,,False,TypeScript
IssuesEvent,2023-11-28,chris_lee,vercel/pkg,vercel,opened,,,True,Go
IssuesEvent,2023-08-23,sarah_chen,apache/airflow,apache,reviewed,,,True,C++
PushEvent,2023-07-05,maria_rodriguez,google/angular,google,approved,8.0,15.0,True,Rust
PushEvent,2023-12-11,maria_rodriguez,microsoft/PowerToys,microsoft,created,14.0,16.0,True,JavaScript
IssuesEvent,2023-09-23,rachel_kim,hashicorp/consul,hashicorp,closed,,,True,Python
IssuesEvent,2023-12-21,robert_brown,vercel/micro,vercel,updated,,,True,JavaScript
CommitEvent,2023-11-18,james_smith,netflix/eureka,netflix,reviewed,11.0,1.0,True,JavaScript
PullRequestEvent,2023-02-07,maria_rodriguez,hashicorp/packer,hashicorp,opened,13.0,72.0,True,JavaScript
IssuesEvent,2023-01-20,anna_wilson,vercel/next.js,vercel,created,,,False,Java
PullRequestEvent,2023-11-22,maria_rodriguez,uber/react-map-gl,uber,commented,8.0,76.0,False,Python
