customer_id,session_id,date,transactions,revenue_usd,revenue_sek,pageviews,time_on_site,traffic_source,traffic_medium,device_type,country,city
3852898494139903793,1492406120,20170416,1,13.31,133.1,7,212,(direct),(none),desktop,United States,San Jose
6046590662563532238,1492367820,20170416,1,20.97,209.7,8,185,t.co,referral,desktop,United States,not available in demo dataset
3881794980702767092,1492399967,20170416,1,39.38,393.8,10,830,(direct),(none),desktop,United States,not available in demo dataset
3016072144177960007,1492331337,20170416,1,19.99,199.89999999999998,13,478,google,organic,desktop,United Arab Emirates,not available in demo dataset
8198803929635342057,1492344199,20170416,1,23.99,239.89999999999998,14,1678,google,organic,tablet,United States,not available in demo dataset
9441031549900042682,1492345617,20170416,1,494.7,4947.0,15,297,(direct),(none),desktop,United States,New York
0380297679354627080,1492366450,20170416,1,34.39,343.9,13,310,(direct),(none),desktop,United States,San Francisco
1177826801773768072,1492366041,20170416,1,19.99,199.89999999999998,16,318,google,organic,mobile,United States,not available in demo dataset
5849047168572245769,1492387412,20170416,1,61.07,610.7,18,580,(direct),(none),desktop,United States,San Francisco
9356437814803179808,1492356978,20170416,1,104.94,1049.4,24,1423,google,organic,desktop,United States,not available in demo dataset
0853418856285301886,1492390186,20170416,1,43.69,436.9,30,2275,(direct),(none),desktop,United States,not available in demo dataset
4191549815940169115,1492378525,20170416,2,220.95,2209.5,31,752,(direct),(none),desktop,United States,New York
9141220446851563090,1492329373,20170416,2,80.03,800.3,63,1565,(direct),(none),desktop,United States,Seattle
2232264032210232295,1492356461,20170416,1,106.35,1063.5,52,2890,(direct),(none),desktop,United States,Santa Clara
5843958474903500870,1485478912,20170126,1,12.98,129.8,9,396,(direct),(none),mobile,United States,not available in demo dataset
205818826345710444,1485483505,20170126,1,18.96,189.60000000000002,17,1112,(direct),(none),desktop,United States,not available in demo dataset
6388824250276633832,1485474460,20170126,1,60.57,605.7,17,474,(direct),(none),desktop,United States,San Francisco
3945894443419413506,1485470612,20170126,1,23.97,239.7,23,401,(direct),(none),desktop,United States,not available in demo dataset
661947368755840479,1485458220,20170126,1,245.79,2457.9,21,717,(direct),(none),desktop,United States,Chicago
700225401855286769,1485443740,20170126,1,184.16,1841.6,28,918,(direct),(none),desktop,United States,Ann Arbor
4305270415377533885,1485499587,20170126,1,81.76,817.6,26,1486,(direct),(none),desktop,United States,Mountain View
1627208831212925916,1485477973,20170126,1,33.39,333.9,29,794,(direct),(none),desktop,United States,not available in demo dataset
0608915197735218105,1485467658,20170126,1,262.37,2623.7,31,639,(direct),(none),desktop,United States,not available in demo dataset
3972031438204538458,1485457608,20170126,1,47.35,473.5,27,416,(direct),(none),desktop,United States,not available in demo dataset
2402527199731150932,1485453756,20170126,1,109.26,1092.6000000000001,31,897,(direct),(none),desktop,United States,Chicago
7168226225550508027,1485452166,20170126,1,602.91,6029.099999999999,33,733,dfa,cpm,desktop,United States,New York
2553957087129235590,1485445175,20170126,1,56.56,565.6,35,847,(direct),(none),desktop,United States,New York
0463325773564352787,1485475748,20170126,1,200.17,2001.6999999999998,33,540,(direct),(none),desktop,United States,not available in demo dataset
4985703629807810187,1485474927,20170126,1,33.98,339.79999999999995,37,972,(direct),(none),desktop,United States,New York
406001208091891832,1485469662,20170126,1,100.77,1007.6999999999999,45,2526,(direct),(none),desktop,United States,San Francisco
7488710348710523001,1485480993,20170126,1,70.7,707.0,43,1237,(direct),(none),desktop,United States,San Francisco
1759779356678951325,1485467514,20170126,1,266.79,2667.9,48,833,(direct),(none),desktop,United States,Chicago
791462951878788065,1485465620,20170126,1,106.12,1061.2,69,1477,(direct),(none),desktop,United States,San Jose
7638336411447332495,1485447665,20170126,2,1750.21,17502.1,112,2536,(direct),(none),desktop,United States,New York
2923583380085498492,1485467793,20170126,1,46.79,467.9,8,153,(direct),(none),desktop,United States,Mountain View
62722204677243801,1485456962,20170126,1,31.39,313.9,10,370,(direct),(none),desktop,United States,not available in demo dataset
4357414011161520512,1485484006,20170126,1,13.99,139.9,10,348,(direct),(none),mobile,United States,Tigard
4290831302541966980,1485456771,20170126,1,32.99,329.90000000000003,11,319,(direct),(none),desktop,United States,Santa Clara
4395471984561333181,1485477841,20170126,1,17.97,179.7,14,635,(direct),(none),mobile,United States,not available in demo dataset
8946514554986669717,1485446384,20170126,1,35.72,357.2,16,215,(direct),(none),desktop,United States,Ann Arbor
0463325773564352787,1485471506,20170126,1,52.79,527.9,16,274,(direct),(none),desktop,United States,not available in demo dataset
4185017938606532693,1494346325,20170509,1,20.9,209.0,9,345,(direct),(none),desktop,United States,Sunnyvale
5989978659494486802,1494394473,20170509,1,56.97,569.7,10,1041,(direct),(none),desktop,Japan,not available in demo dataset
7179885704608750434,1494346385,20170509,1,40.59,405.90000000000003,10,234,groups.google.com,referral,desktop,United States,Sunnyvale
6331954478763048800,1494361839,20170509,1,39.59,395.90000000000003,11,336,(direct),(none),desktop,United States,Mountain View
5764262000762138586,1494377589,20170509,1,22.29,222.89999999999998,12,288,google,organic,desktop,United States,Chicago
4815044464336566076,1494350969,20170509,1,49.85,498.5,12,250,(direct),(none),desktop,United States,not available in demo dataset
0370653840812117479,1494343594,20170509,1,48.99,489.90000000000003,14,279,(direct),(none),desktop,United States,New York
4471415710206918415,1494371651,20170509,1,1057.8,10578.0,13,330,sites.google.com,referral,desktop,United States,Mountain View
5073907165451584628,1494342867,20170509,1,37.59,375.90000000000003,14,309,(direct),(none),desktop,United States,New York
10235349034444058,1494345002,20170509,1,22.19,221.9,12,253,(direct),(none),desktop,United States,Washington
0423307133606435481,1494377909,20170509,1,36.39,363.9,11,458,(direct),(none),desktop,United States,Mountain View
1945356518747036397,1494362234,20170509,1,478.0,4780.0,14,719,(direct),(none),desktop,United States,not available in demo dataset
0214776722271775969,1494367905,20170509,1,361.2,3612.0,13,370,(direct),(none),desktop,United States,Atlanta
1505005738555930573,1494356189,20170509,1,164.85,1648.5,14,928,(direct),(none),desktop,United States,New York
0141333337786935920,1494360266,20170509,1,77.95,779.5,17,483,(direct),(none),desktop,United States,Cambridge
0608915197735218105,1494352600,20170509,1,90.13,901.3,13,205,(direct),(none),desktop,United States,not available in demo dataset
3794911148673374791,1494391382,20170509,1,176.8,1768.0,17,538,(direct),(none),desktop,United States,San Francisco
2518379317255532090,1494345188,20170509,1,30.78,307.8,18,679,(direct),(none),desktop,United States,Mountain View
9524665728498622443,1494383570,20170509,1,125.97,1259.7,20,350,(direct),(none),desktop,United States,Santa Clara
9554559055315205819,1494364316,20170509,1,95.08,950.8,22,773,(direct),(none),desktop,United States,Mountain View
1790056396751623380,1494374360,20170509,1,49.99,499.90000000000003,18,267,(direct),(none),desktop,United States,Palo Alto
7232068354296514443,1494378296,20170509,1,58.36,583.6,12,496,google,organic,desktop,United States,Mountain View
5651255012455106470,1494375485,20170509,1,83.99,839.9,22,1257,google,cpc,desktop,United States,not available in demo dataset
791864965885404875,1494369824,20170509,1,14.63,146.3,24,449,(direct),(none),desktop,United States,Mountain View
8039691484832064792,1494344693,20170509,1,72.17,721.7,19,1071,(direct),(none),desktop,United States,New York
9277280346564018096,1494350680,20170509,1,17.99,179.89999999999998,22,500,(direct),(none),desktop,United States,Sunnyvale
5155349483223850645,1494383771,20170509,1,94.59,945.9000000000001,20,1347,(direct),(none),desktop,United States,Palo Alto
283777721763173267,1494363765,20170509,1,109.97,1099.7,26,1038,(direct),(none),desktop,United States,Sunnyvale
3057038827643916934,1494363581,20170509,1,17.29,172.89999999999998,25,1547,google,organic,desktop,United States,not available in demo dataset
9253840199847773410,1494334147,20170509,1,39.37,393.7,22,877,(direct),(none),desktop,United States,not available in demo dataset
7004942470658795502,1494388000,20170509,1,38.28,382.8,24,921,google.com,referral,mobile,United States,Chicago
7706423253523283738,1494365046,20170509,1,224.5,2245.0,23,1407,(direct),(none),desktop,United States,Chicago
8764097305653418346,1494350022,20170509,1,97.17,971.7,22,558,(direct),(none),desktop,United States,New York
2396264445061931880,1494347875,20170509,1,51.34,513.4000000000001,24,770,google,organic,desktop,United States,Seattle
6089414993077577412,1494350110,20170509,1,162.37,1623.7,25,657,(direct),(none),desktop,United States,Sunnyvale
6658963377176900998,1494341615,20170509,1,35.74,357.40000000000003,23,439,(direct),(none),desktop,United States,not available in demo dataset
3820812913003047304,1494362296,20170509,1,62.47,624.7,29,1231,google,organic,desktop,United States,not available in demo dataset
0240776453322054523,1494346670,20170509,1,13.98,139.8,27,621,(direct),(none),desktop,United States,Mountain View
8484431848057067080,1494342644,20170509,1,485.1,4851.0,24,561,(direct),(none),desktop,United States,Chicago
75338234785752253,1494341646,20170509,1,55.1,551.0,36,1967,dfa,cpm,desktop,United States,not available in demo dataset
4116206238605404224,1494358483,20170509,1,277.02,2770.2,30,1663,(direct),(none),desktop,United States,Los Angeles
2264449357397393917,1494370275,20170509,1,63.77,637.7,31,1100,(direct),(none),desktop,United States,Los Angeles
1230380996732562013,1494350342,20170509,1,194.12,1941.2,39,3175,(direct),(none),desktop,United States,New York
3921649958751416379,1494361333,20170509,1,550.94,5509.400000000001,61,1495,google,cpc,desktop,United States,not available in demo dataset
7033370926590252579,1494370353,20170509,2,156.74,1567.4,54,1422,(direct),(none),desktop,United States,Mountain View
9127657904050953509,1494391961,20170509,1,1573.27,15732.7,70,3009,google,organic,desktop,United States,not available in demo dataset
8878587767550283378,1498161416,20170622,1,57.07,570.7,11,879,(direct),(none),desktop,United States,Atlanta
6315186081993676897,1498155403,20170622,1,35.98,359.79999999999995,12,218,(direct),(none),desktop,United States,not available in demo dataset
4209987793973351274,1498117940,20170622,1,16.29,162.89999999999998,10,261,mail.google.com,referral,desktop,United States,not available in demo dataset
3101785665065663621,1498178061,20170622,1,27.39,273.9,12,341,(direct),(none),desktop,United States,Sunnyvale
750035303636009615,1498149168,20170622,1,88.44,884.4,13,780,(direct),(none),desktop,United States,not available in demo dataset
4589770341349031986,1498156526,20170622,1,45.98,459.79999999999995,15,505,(direct),(none),desktop,United States,not available in demo dataset
6163478637540280922,1498165460,20170622,1,20.59,205.9,15,1097,(direct),(none),desktop,United States,not available in demo dataset
7935549301309973853,1498161992,20170622,1,21.19,211.9,16,237,(direct),(none),desktop,United States,Sunnyvale
16474246784013973,1498161083,20170622,1,38.59,385.90000000000003,15,370,groups.google.com,referral,desktop,United States,Seattle
1500606302843313366,1498165591,20170622,1,22.99,229.89999999999998,15,211,(direct),(none),desktop,United States,Mountain View
276183710230160692,1498168061,20170622,1,17.59,175.9,13,257,(direct),(none),desktop,United States,Mountain View
7298416213438900925,1498163385,20170622,1,121.4,1214.0,14,255,(direct),(none),desktop,United States,not available in demo dataset
4518084412353571470,1498165687,20170622,1,90.5,905.0,17,633,(direct),(none),desktop,United States,Austin
7139641432934028349,1498185545,20170622,1,60.16,601.5999999999999,13,217,(direct),(none),desktop,United States,not available in demo dataset
5066382323992610838,1498188563,20170622,1,68.99,689.9,17,361,(direct),(none),desktop,United States,Sunnyvale
4251370728658058928,1498167160,20170622,1,23.19,231.9,18,309,(direct),(none),desktop,United States,San Francisco
4719737087574073999,1498163987,20170622,1,31.78,317.8,17,618,(direct),(none),desktop,United States,Sunnyvale
1076409378746585633,1498163781,20170622,1,23.98,239.8,21,525,(direct),(none),desktop,United States,Mountain View
7565550967344737972,1498192908,20170622,1,36.59,365.90000000000003,22,353,mail.google.com,referral,desktop,United States,Mountain View
5553543772458021100,1498136962,20170622,1,235.07,2350.7,19,1058,(direct),(none),desktop,United Kingdom,London
7917822451855985643,1498178870,20170622,1,33.15,331.5,25,710,(direct),(none),desktop,United States,Sunnyvale
3869136383961219931,1498159573,20170622,1,3.99,39.900000000000006,25,777,(direct),(none),desktop,United States,not available in demo dataset
1667204559662879956,1498152685,20170622,1,157.48,1574.8,27,1151,(direct),(none),desktop,United States,Atlanta
3857043812510146001,1498150474,20170622,1,108.6,1086.0,32,1789,(direct),(none),desktop,United States,not available in demo dataset
91784190289128568,1498118028,20170622,1,42.98,429.79999999999995,26,516,(direct),(none),desktop,United States,Sunnyvale
684933840850165946,1498163883,20170622,1,25.28,252.8,34,811,(direct),(none),desktop,United States,Mountain View
185156579195979630,1498155154,20170622,1,21.59,215.9,36,1698,(direct),(none),desktop,United States,San Bruno
7606335731603327424,1498155514,20170622,1,32.18,321.8,40,1766,(direct),(none),desktop,United States,not available in demo dataset
4031210768119686086,1498142213,20170622,1,133.96,1339.6000000000001,39,3101,(direct),(none),desktop,Singapore,(not set)
1036507769669388704,1498147869,20170622,1,98.87,988.7,40,2022,(direct),(none),desktop,United States,not available in demo dataset
9196760344600861355,1498167808,20170622,1,38.53,385.3,33,780,(direct),(none),desktop,United States,San Francisco
6794948187699910130,1498196736,20170622,1,35.62,356.2,42,1584,(direct),(none),desktop,United States,Mountain View
0366995018749053135,1498145717,20170622,1,98.41,984.0999999999999,42,3897,(direct),(none),desktop,United States,New York
2604472846435898379,1498140496,20170622,1,485.6,4856.0,45,1165,(direct),(none),desktop,United States,not available in demo dataset
5217030869773802032,1498180716,20170622,1,134.1,1341.0,55,1171,(direct),(none),desktop,United States,San Jose
4736934688918195489,1498193138,20170622,1,110.38,1103.8,76,2381,(direct),(none),tablet,United States,Los Angeles
3297507461939386970,1496762863,20170606,1,70.22,702.2,6,172,(direct),(none),desktop,United States,Mountain View
2694014479461830065,1496786271,20170606,1,102.99,1029.8999999999999,7,529,(direct),(none),desktop,United States,Mountain View
7288819554682048730,1496777255,20170606,1,10.99,109.9,9,333,(direct),(none),desktop,United States,not available in demo dataset
8161117182595468101,1496803410,20170606,1,45.61,456.1,10,699,(direct),(none),desktop,United States,Los Angeles
549380289036184273,1496805647,20170606,1,23.99,239.89999999999998,12,246,(direct),(none),desktop,United States,not available in demo dataset
6768220154263223438,1496813725,20170606,1,15.59,155.9,13,725,(direct),(none),desktop,United States,San Jose
0941726438399473483,1496780826,20170606,1,80.5,805.0,11,123,(direct),(none),desktop,United States,not available in demo dataset
3411159917841039387,1496783967,20170606,1,18.99,189.89999999999998,15,1319,(direct),(none),desktop,United States,Los Angeles
3876864671784763078,1496764706,20170606,1,26.99,269.9,13,333,(direct),(none),desktop,United States,Sunnyvale
5097087346105463693,1496779337,20170606,1,54.38,543.8000000000001,15,479,(direct),(none),desktop,United States,Mountain View
0382608034711593401,1496781788,20170606,1,20.19,201.9,17,517,(direct),(none),desktop,United States,Atlanta
0639095902615054058,1496764995,20170606,1,78.75,787.5,15,1206,(direct),(none),desktop,Canada,Vancouver
8303034258831697366,1496782219,20170606,1,65.99,659.9,16,396,(direct),(none),desktop,United States,San Francisco
7594910457176925161,1496768625,20170606,1,229.85,2298.5,20,549,(direct),(none),desktop,United States,San Francisco
2054197499443311442,1496776806,20170606,1,23.99,239.89999999999998,19,1061,(direct),(none),mobile,United States,Seattle
6609719769387131665,1496740416,20170606,1,292.19,2921.9,17,568,(direct),(none),desktop,United States,Dallas
8927403881471391262,1496784163,20170606,1,28.99,289.9,18,389,(direct),(none),desktop,United States,not available in demo dataset
1176365243573269624,1496789358,20170606,1,86.14,861.4,21,580,(direct),(none),desktop,United States,New York
1922879125134891876,1496809772,20170606,1,45.17,451.70000000000005,25,626,(direct),(none),desktop,United States,not available in demo dataset
4375149336105085675,1496796221,20170606,1,25.99,259.9,27,661,(direct),(none),desktop,United States,Sunnyvale
0616530401183877867,1496778477,20170606,1,280.23,2802.3,24,492,(direct),(none),desktop,United States,not available in demo dataset
6424007267871857107,1496775994,20170606,1,28.97,289.7,30,834,(direct),(none),mobile,United States,not available in demo dataset
0974734323197711200,1496782457,20170606,1,34.51,345.09999999999997,26,943,(direct),(none),desktop,United States,Ann Arbor
4140559214164857738,1496783608,20170606,1,128.25,1282.5,28,940,(direct),(none),desktop,United States,Austin
9162599630650052136,1496758843,20170606,1,30.43,304.3,32,1042,(direct),(none),desktop,India,Ahmedabad
3189618204089250537,1496779778,20170606,1,286.53,2865.2999999999997,34,547,(direct),(none),desktop,United States,New York
891411926643045441,1496790457,20170606,1,39.67,396.70000000000005,35,1307,(direct),(none),desktop,United States,not available in demo dataset
0915479593407308816,1496766246,20170606,1,232.58,2325.8,42,1724,(direct),(none),desktop,United States,Chicago
8570638550632009628,1496773455,20170606,1,155.16,1551.6,50,1878,(direct),(none),desktop,United States,Washington
7902252986541229075,1492709198,20170420,1,56.99,569.9,8,357,google,organic,mobile,United States,not available in demo dataset
8624665783694996927,1492692239,20170420,1,4.99,49.900000000000006,10,96,(direct),(none),desktop,United States,not available in demo dataset
0793185968741743873,1492729818,20170420,1,17.99,179.89999999999998,11,442,yahoo,organic,desktop,United States,not available in demo dataset
1977361136349656353,1492725663,20170420,1,52.79,527.9,12,324,(direct),(none),desktop,United States,New York
7444340499297101269,1492743499,20170420,1,30.74,307.4,12,299,(direct),(none),desktop,United States,not available in demo dataset
7877039778064211316,1492744232,20170420,1,2.99,29.900000000000002,13,630,google,organic,desktop,United States,not available in demo dataset
236902697327333068,1492718317,20170420,1,142.58,1425.8000000000002,14,313,(direct),(none),desktop,United States,New York
1708063999877429517,1492724040,20170420,1,144.8,1448.0,13,1175,(direct),(none),desktop,United States,San Francisco
4080205023999534215,1492721110,20170420,1,42.8,428.0,16,601,google,organic,desktop,United States,Seattle
4653450181499930693,1492743124,20170420,1,12.99,129.9,16,238,google,organic,desktop,United States,not available in demo dataset
859132966118667641,1492702656,20170420,1,17.19,171.9,16,2777,(direct),(none),desktop,United States,Mountain View
6646071329246119871,1492732957,20170420,1,17.99,179.89999999999998,15,1106,(direct),(none),desktop,United States,Mountain View
553037813052104682,1492691707,20170420,1,25.99,259.9,18,446,google,organic,desktop,United States,not available in demo dataset
561827271234161338,1492738115,20170420,1,43.01,430.09999999999997,19,578,google,organic,desktop,United States,not available in demo dataset
4072923826675534025,1492747984,20170420,1,66.76,667.6,22,756,(direct),(none),desktop,United States,not available in demo dataset
2222591960554618914,1492709591,20170420,1,20.99,209.89999999999998,21,1036,google,cpc,mobile,United States,not available in demo dataset
6158998502530077576,1492735085,20170420,1,94.97,949.7,20,1030,(direct),(none),desktop,United States,New York
6299158105167667409,1492710053,20170420,1,49.76,497.59999999999997,23,828,google,organic,desktop,United States,San Francisco
45695832453548364,1492693591,20170420,1,112.54,1125.4,18,611,(direct),(none),desktop,United States,not available in demo dataset
5455606693891929152,1492728932,20170420,1,35.3,353.0,21,444,(direct),(none),desktop,United States,Los Angeles
9809961963298200028,1492695619,20170420,1,97.26,972.6,23,621,google,organic,desktop,United States,Austin
0394645209696766041,1492700615,20170420,1,32.98,329.79999999999995,21,437,google,organic,desktop,United States,not available in demo dataset
2303533259349444593,1492717670,20170420,1,103.99,1039.8999999999999,24,814,google,organic,desktop,United States,not available in demo dataset
31037404193448771,1492719144,20170420,1,423.11,4231.1,19,515,google,organic,desktop,United States,Mountain View
1246382538301098136,1492694315,20170420,1,403.55,4035.5,21,451,(direct),(none),desktop,United States,San Francisco
1036690457275487671,1492737036,20170420,1,23.28,232.8,27,659,google,organic,desktop,United States,not available in demo dataset
929365456607216601,1492701453,20170420,1,124.98,1249.8,28,1859,google,organic,desktop,United States,not available in demo dataset
4291359009156094257,1492737627,20170420,1,52.79,527.9,26,1797,google,organic,desktop,United States,not available in demo dataset
7110192560338601186,1492693507,20170420,1,33.64,336.4,22,1819,(direct),(none),desktop,United States,not available in demo dataset
3792450547843431391,1492701914,20170420,1,113.28,1132.8,26,1854,google,organic,desktop,United States,Mountain View
2402527199731150932,1492716344,20170420,1,222.8,2228.0,28,1154,(direct),(none),desktop,United States,Chicago
0170103428948217931,1492720210,20170420,1,24.1,241.0,30,575,(direct),(none),desktop,United States,Cambridge
1548048991240575759,1492714982,20170420,1,58.97,589.7,38,3668,google,organic,desktop,United States,Boston
6860585506897324641,1492710884,20170420,1,448.0,4480.0,38,1910,(direct),(none),desktop,United States,Chicago
6671389444747353437,1492725809,20170420,1,78.78,787.8,30,447,(direct),(none),desktop,United States,not available in demo dataset
6865658404662117322,1492677140,20170420,1,28.9,289.0,37,1075,google,organic,desktop,United States,not available in demo dataset
3921649958751416379,1492703209,20170420,1,583.55,5835.5,57,1584,google,cpc,desktop,United States,not available in demo dataset
6696682663058659841,1492708795,20170420,1,27.97,279.7,75,1989,google,organic,desktop,United States,Washington
2132206668089692523,1492694669,20170420,1,361.27,3612.7,86,1993,(direct),(none),desktop,United States,Seattle
0366796863244619267,1488179224,20170226,1,34.68,346.8,13,450,(direct),(none),desktop,United States,San Francisco
4995606827430436569,1488143869,20170226,1,20.58,205.79999999999998,17,331,(direct),(none),desktop,United States,New York
0015950283479889703,1488148550,20170226,1,5.5,55.0,18,419,google,organic,mobile,United States,not available in demo dataset
9373231378984131987,1488118523,20170226,1,103.0,1030.0,24,4406,google,organic,desktop,Taiwan,not available in demo dataset
9373231378984131987,1488108853,20170226,1,102.0,1020.0,31,1212,google,organic,desktop,Taiwan,not available in demo dataset
9970378027479686216,1488151990,20170226,1,96.7,967.0,33,419,(direct),(none),desktop,United States,New York
7495731308701213207,1488177360,20170226,1,38.91,389.09999999999997,35,2073,google,organic,mobile,United States,not available in demo dataset
6858581199056101379,1488135050,20170226,1,104.25,1042.5,46,1397,(direct),(none),desktop,United States,not available in demo dataset
5149788969578895545,1488137668,20170226,1,147.13,1471.3,47,1305,(direct),(none),desktop,United States,Mountain View
3836209289653625827,1496607992,20170604,1,14.19,141.9,11,276,(direct),(none),desktop,United States,Sunnyvale
656429934624637021,1496603902,20170604,1,28.99,289.9,11,602,(direct),(none),desktop,United States,not available in demo dataset
7811787934602942622,1496635614,20170604,1,6.5,65.0,12,1205,(direct),(none),desktop,Canada,not available in demo dataset
6407020613319085956,1496636340,20170604,1,24.78,247.8,15,261,google,organic,desktop,United States,Seattle
0992883166330459343,1496616959,20170604,1,24.99,249.89999999999998,15,774,google,organic,desktop,United States,not available in demo dataset
467904620717928287,1496632517,20170604,1,14.59,145.9,17,476,(direct),(none),desktop,United States,Sunnyvale
116147939572219012,1496629856,20170604,1,87.8,878.0,18,360,google,organic,desktop,United States,not available in demo dataset
7368502516910628581,1496600931,20170604,1,19.99,199.89999999999998,21,1008,google,organic,desktop,United States,not available in demo dataset
8496641076182253278,1496596215,20170604,1,34.58,345.79999999999995,23,937,google,organic,desktop,United States,Los Angeles
2793662397630011318,1496589457,20170604,1,15.98,159.8,25,1834,(direct),(none),desktop,France,not available in demo dataset
7351811396250801209,1496624904,20170604,1,83.29,832.9000000000001,23,590,(direct),(none),desktop,United States,Mountain View
707924884126013523,1496634869,20170604,1,56.17,561.7,38,1092,(direct),(none),desktop,United States,Mountain View
6249334762900875907,1496627768,20170604,1,113.18,1131.8000000000002,37,1767,(direct),(none),desktop,United States,San Francisco
9320164337521602239,1496612546,20170604,1,99.57,995.6999999999999,40,692,(direct),(none),desktop,United States,New York
9705228674184876468,1496624264,20170604,1,641.0,6410.0,47,1625,(direct),(none),desktop,United States,Mountain View
0390998170566117826,1483638909,20170105,1,23.99,239.89999999999998,17,519,(direct),(none),desktop,United States,not available in demo dataset
1167024322256715151,1483658331,20170105,1,16.99,169.89999999999998,19,545,(direct),(none),desktop,United States,not available in demo dataset
5253470416041507964,1483624657,20170105,1,543.8,5438.0,17,800,(direct),(none),desktop,United States,not available in demo dataset
9522133298937793910,1483635208,20170105,1,112.78,1127.8,19,1129,(direct),(none),desktop,United States,Mountain View
5877921283678056526,1483653785,20170105,1,21.59,215.9,21,639,(direct),(none),desktop,United States,New York
0210797287974741332,1483636028,20170105,1,42.97,429.7,24,586,(direct),(none),desktop,United States,Austin
2859330575716176857,1483642131,20170105,1,30.98,309.8,20,580,(direct),(none),desktop,United States,not available in demo dataset
6080515140552290327,1483650733,20170105,1,25.99,259.9,20,976,(direct),(none),desktop,United States,not available in demo dataset
7761232105915490480,1483647699,20170105,1,23.98,239.8,22,473,(direct),(none),desktop,United States,not available in demo dataset
2107066728400193912,1483674920,20170105,1,30.99,309.9,25,977,(direct),(none),desktop,Japan,not available in demo dataset
6505695980027180429,1483647945,20170105,1,36.17,361.70000000000005,22,624,(direct),(none),desktop,United States,New York
306895922494129375,1483655784,20170105,1,22.59,225.9,26,467,dfa,cpm,desktop,United States,Seattle
7634897085866546110,1483641292,20170105,1,32.0,320.0,27,566,(direct),(none),desktop,United States,Salem
7565764107128651335,1483657525,20170105,1,22.98,229.8,27,931,(direct),(none),mobile,United States,not available in demo dataset
6007068566943538173,1483647212,20170105,1,45.17,451.70000000000005,25,439,(direct),(none),desktop,United States,New York
4599293151185767579,1483679701,20170105,1,99.96,999.5999999999999,26,668,(direct),(none),desktop,United States,Mountain View
1845281550200982748,1483627716,20170105,1,105.99,1059.8999999999999,33,1630,(direct),(none),desktop,United States,not available in demo dataset
8768941993503190593,1483636063,20170105,1,34.47,344.7,29,629,(direct),(none),mobile,United States,New York
0199117534740864877,1483672623,20170105,1,227.6,2276.0,18,568,(direct),(none),desktop,United States,San Francisco
9338374006954760146,1483637514,20170105,1,1948.0,19480.0,30,643,(direct),(none),desktop,United States,not available in demo dataset
8100631432407926233,1483646449,20170105,1,46.98,469.79999999999995,38,902,(direct),(none),desktop,United States,not available in demo dataset
4191379935308714195,1483624773,20170105,1,27.96,279.6,37,1021,(direct),(none),desktop,United States,not available in demo dataset
6214611984259283021,1483643204,20170105,1,145.91,1459.1,33,2390,(direct),(none),desktop,United States,Los Angeles
4984366501121503466,1483653271,20170105,1,1637.42,16374.2,39,2644,(direct),(none),desktop,United States,not available in demo dataset
8637126764947849416,1483642129,20170105,1,1021.5,10215.0,39,2730,(direct),(none),desktop,United States,San Francisco
6726207842188370716,1483681849,20170105,1,128.56,1285.6,36,838,(direct),(none),desktop,United States,New York
7284466025557220497,1483670493,20170105,1,1430.55,14305.5,40,2071,(direct),(none),desktop,United States,not available in demo dataset
1724440306318274648,1483630921,20170105,1,353.32,3533.2,43,693,(direct),(none),desktop,United States,Sunnyvale
4019823049713520813,1483655389,20170105,1,175.61,1756.1000000000001,48,2065,(direct),(none),desktop,United States,not available in demo dataset
649093489751982679,1483645909,20170105,1,129.94,1299.4,48,1485,(direct),(none),mobile,United States,Seattle
277995947055991027,1483622617,20170105,1,98.98,989.8000000000001,46,1612,dealspotr.com,referral,desktop,United States,Atlanta
8777213135454243540,1483659168,20170105,1,26.99,269.9,59,2079,(direct),(none),tablet,United States,not available in demo dataset
0024725579067754075,1483638411,20170105,1,33.76,337.59999999999997,56,1661,(direct),(none),desktop,United States,Sunnyvale
8410351216723895628,1483670611,20170105,1,49.97,499.7,73,4302,(direct),(none),desktop,Australia,Sydney
6347736525399420278,1483662404,20170105,1,49.79,497.9,63,2511,(direct),(none),desktop,United States,New York
1915538933685278364,1483632043,20170105,1,108.0,1080.0,10,562,(direct),(none),desktop,United States,San Jose
8130587090166604598,1483672878,20170105,1,46.59,465.90000000000003,10,184,(direct),(none),desktop,United States,Pittsburgh
5110128793223386663,1483644184,20170105,1,13.98,139.8,12,1238,(direct),(none),desktop,United States,not available in demo dataset
8284311607531582308,1483659702,20170105,1,43.59,435.90000000000003,12,95,(direct),(none),desktop,United States,Sunnyvale
5077243893642022050,1483672497,20170105,1,64.99,649.9,14,666,(direct),(none),desktop,United States,not available in demo dataset
397897232696727433,1483627836,20170105,1,14.59,145.9,14,273,(direct),(none),desktop,United States,Pittsburgh
3996687359433676152,1488726225,20170305,1,14.99,149.9,10,222,(direct),(none),desktop,United States,not available in demo dataset
367939665226673705,1488768761,20170305,1,4.5,45.0,10,135,(direct),(none),desktop,India,Mumbai
8373484914224526482,1488755357,20170305,1,8.19,81.89999999999999,11,126,(direct),(none),desktop,United States,not available in demo dataset
1630629303487703081,1488746523,20170305,1,83.99,839.9,12,629,google,cpc,desktop,United States,not available in demo dataset
1520928358584851905,1488740261,20170305,1,17.39,173.9,15,420,(direct),(none),desktop,United States,not available in demo dataset
2411322974724385937,1488731403,20170305,1,57.58,575.8,12,344,(direct),(none),desktop,United States,not available in demo dataset
3024993643365684640,1488750474,20170305,1,25.99,259.9,14,756,google,cpc,desktop,United States,San Francisco
2345093262662761202,1488748478,20170305,1,17.99,179.89999999999998,17,338,google,organic,desktop,United States,not available in demo dataset
6676096606002848713,1488732149,20170305,1,20.99,209.89999999999998,17,2374,google,organic,desktop,United States,not available in demo dataset
2070894761735382608,1488741983,20170305,1,5.98,59.800000000000004,17,222,google,organic,desktop,United States,not available in demo dataset
209859376587833277,1488734738,20170305,1,34.98,349.79999999999995,21,630,google,organic,mobile,Canada,not available in demo dataset
2561731443913596466,1488755229,20170305,1,73.98,739.8000000000001,21,2660,google,organic,desktop,United States,not available in demo dataset
6877077844721170397,1488772855,20170305,1,57.94,579.4,28,834,(direct),(none),desktop,United States,San Francisco
5479473979558156629,1488768294,20170305,1,26.47,264.7,25,648,google,organic,desktop,United States,not available in demo dataset
2894074210171777551,1488772821,20170305,1,8.99,89.9,26,1690,google,organic,tablet,United States,not available in demo dataset
0651862055672264578,1488740449,20170305,1,26.99,269.9,33,1881,google,organic,mobile,United States,Los Angeles
9086408578145100131,1488767903,20170305,1,47.14,471.4,28,488,(direct),(none),desktop,United States,New York
5274155792937866169,1488740404,20170305,2,90.14,901.4,37,717,(direct),(none),desktop,United States,not available in demo dataset
1983590358337502597,1488724906,20170305,1,49.17,491.70000000000005,42,1030,(direct),(none),desktop,United States,Mountain View
0177276045605547096,1488736725,20170305,1,52.98,529.8,47,651,google,organic,mobile,United States,not available in demo dataset
0813572144884353388,1488776795,20170305,1,102.54,1025.4,37,1110,(direct),(none),desktop,Australia,Sydney
1618884882553763938,1488777086,20170305,1,54.97,549.7,39,858,(direct),(none),desktop,United States,San Francisco
5580729161862830702,1488785095,20170305,1,9.97,99.7,47,1920,Partners,affiliate,mobile,United States,not available in demo dataset
6793108534147288859,1488754522,20170305,1,83.57,835.6999999999999,53,1401,(direct),(none),desktop,United States,New York
4835082938415020542,1488766308,20170305,1,756.18,7561.799999999999,80,2010,google,organic,desktop,United States,not available in demo dataset
1863623332795455287,1488744261,20170305,1,91.97,919.7,82,2025,google,organic,mobile,United States,not available in demo dataset
0844451650874526343,1488780930,20170305,1,92.29,922.9000000000001,92,1737,(direct),(none),desktop,United States,San Francisco
2396848817613598114,1488734084,20170305,2,294.92,2949.2000000000003,100,5986,l.facebook.com,referral,desktop,Venezuela,not available in demo dataset
3108986775464139138,1489760624,20170317,1,206.9,2069.0,10,565,(direct),(none),desktop,United States,New York
1116587832641157289,1489761711,20170317,1,40.18,401.8,15,324,(direct),(none),desktop,United States,not available in demo dataset
2196278703508702410,1489811450,20170317,1,36.38,363.8,14,705,(direct),(none),desktop,United States,San Jose
3431303311329572107,1489777400,20170317,1,192.6,1926.0,19,934,(direct),(none),desktop,United States,not available in demo dataset
4765001446497893727,1489775065,20170317,1,97.7,977.0,18,316,(direct),(none),desktop,United States,Los Angeles
4500813416619590526,1489784517,20170317,1,86.96,869.5999999999999,21,1560,(direct),(none),desktop,United States,Kirkland
530238188668261857,1489790435,20170317,1,38.98,389.79999999999995,20,3427,(direct),(none),mobile,United States,Irvine
1381206547001299402,1489781285,20170317,1,62.98,629.8,23,991,(direct),(none),desktop,United States,Mountain View
9574251971324605553,1489801029,20170317,1,33.98,339.79999999999995,21,401,bing,organic,desktop,United States,not available in demo dataset
0608915197735218105,1489773273,20170317,1,235.64,2356.3999999999996,27,848,(direct),(none),desktop,United States,not available in demo dataset
0039541267107154262,1489789464,20170317,1,53.97,539.7,22,425,google,organic,desktop,United States,not available in demo dataset
8962889770860338577,1489788958,20170317,1,87.56,875.6,26,653,(direct),(none),desktop,United States,not available in demo dataset
8195115218682006813,1489795021,20170317,1,24.99,249.89999999999998,24,1394,google,organic,mobile,United States,not available in demo dataset
170829442621021492,1489785440,20170317,1,55.17,551.7,27,791,(direct),(none),desktop,United States,Mountain View
2665295585036803068,1489763634,20170317,1,124.54,1245.4,27,1205,(direct),(none),desktop,United States,San Jose
4567822975372156618,1489794335,20170317,1,226.88,2268.8,25,1305,(direct),(none),desktop,United States,not available in demo dataset
9463310901039395339,1489784824,20170317,1,50.59,505.90000000000003,16,1968,(direct),(none),desktop,United States,New York
9321992357308939253,1489738419,20170317,1,94.38,943.8,16,386,google,organic,desktop,United States,not available in demo dataset
3136743370771670654,1489776875,20170317,1,364.14,3641.3999999999996,27,996,google,cpc,desktop,United States,San Jose
0284098486783069978,1489815473,20170317,1,21.99,219.89999999999998,28,521,google,organic,desktop,United States,Santa Clara
4175712148435281354,1489760992,20170317,1,98.96,989.5999999999999,29,1005,google,cpc,desktop,United States,not available in demo dataset
253940903586003186,1489795653,20170317,1,85.99,859.9,32,1346,google,organic,desktop,United States,not available in demo dataset
3276827132145527043,1489803854,20170317,1,34.17,341.70000000000005,31,1622,(direct),(none),desktop,United States,Sunnyvale
5921718666533314694,1489786854,20170317,1,85.99,859.9,35,4055,google,organic,tablet,United States,San Francisco
4032905923118841687,1489782172,20170317,1,145.51,1455.1,36,668,google,organic,desktop,United States,not available in demo dataset
2944941333058773825,1489772356,20170317,1,39.38,393.8,37,977,(direct),(none),desktop,United States,Kirkland
5341271361784611942,1489783293,20170317,1,28.3,283.0,34,739,(direct),(none),desktop,United States,Chicago
1539346534251447627,1489752488,20170317,1,78.33,783.3,39,1411,(direct),(none),desktop,United States,New York
4501448098783068461,1489784536,20170317,1,86.55,865.5,39,3043,(direct),(none),desktop,United States,New York
3843366261321201068,1489762310,20170317,1,333.51,3335.1,44,971,google,organic,desktop,United States,New York
6884119514914214806,1489789876,20170317,1,61.94,619.4,47,2659,(direct),(none),desktop,United States,Sunnyvale
5802825037906535413,1490846747,20170329,1,20.99,209.89999999999998,12,281,(direct),(none),desktop,United States,Milpitas
5133756446972235146,1490828405,20170329,1,29.98,299.8,15,576,google,organic,desktop,United States,not available in demo dataset
8410353231365247459,1490809404,20170329,1,82.18,821.8000000000001,14,360,(direct),(none),desktop,United States,Mountain View
3135132394776964687,1490821359,20170329,1,33.38,333.8,14,463,(direct),(none),desktop,United States,New York
6152097881625473469,1490810487,20170329,1,15.59,155.9,17,263,(direct),(none),desktop,United States,San Bruno
7390358029425621068,1490774311,20170329,1,5.99,59.900000000000006,20,2902,(direct),(none),mobile,United States,Los Angeles
4997974283801871350,1490809923,20170329,1,94.58,945.8,17,1003,(direct),(none),desktop,United States,Mountain View
4618841741549642814,1490804413,20170329,1,32.78,327.8,18,1208,(direct),(none),desktop,United States,Austin
1817098361006619114,1490826495,20170329,1,27.98,279.8,21,913,(direct),(none),desktop,United States,Sunnyvale
2625954590881807574,1490836616,20170329,1,73.98,739.8000000000001,17,316,google,organic,desktop,United States,not available in demo dataset
246073136702899889,1490789252,20170329,1,43.95,439.5,21,417,(direct),(none),desktop,United States,New York
4864955477576534285,1490845780,20170329,1,60.98,609.8,18,537,(direct),(none),desktop,United States,not available in demo dataset
7626008159205100378,1490820350,20170329,1,64.99,649.9,20,395,google,organic,desktop,United States,not available in demo dataset
0955218036984949713,1490821143,20170329,1,1369.86,13698.599999999999,21,449,(direct),(none),desktop,United States,San Francisco
4835082938415020542,1490798244,20170329,1,204.85,2048.5,22,1288,google,organic,desktop,United States,not available in demo dataset
7579284721829818358,1490810955,20170329,1,87.8,878.0,23,1267,(direct),(none),desktop,United States,not available in demo dataset
707924884126013523,1490846227,20170329,1,33.39,333.9,22,1224,(direct),(none),desktop,United States,Mountain View
1534151826446645196,1490806828,20170329,1,418.7,4187.0,27,1940,(direct),(none),desktop,United States,New York
9377429831454005466,1490813366,20170329,1,70.48,704.8000000000001,23,712,(direct),(none),desktop,United States,not available in demo dataset
5844499585021930653,1490823958,20170329,1,54.36,543.6,21,447,(direct),(none),desktop,United States,not available in demo dataset
5943213990126954437,1490812804,20170329,1,13.99,139.9,24,862,google,cpc,desktop,United States,not available in demo dataset
0603507101721972238,1490816720,20170329,1,39.78,397.8,30,488,(direct),(none),desktop,United States,not available in demo dataset
4602383891226401804,1490796233,20170329,1,889.78,8897.8,32,914,google,organic,desktop,United States,not available in demo dataset
5926882558735267837,1490840048,20170329,1,114.15,1141.5,30,879,google,organic,desktop,United States,not available in demo dataset
1997243885876089475,1490786999,20170329,1,291.74,2917.4,33,954,google,organic,desktop,United States,not available in demo dataset
2958670304005364003,1490815247,20170329,1,18.18,181.8,32,1092,(direct),(none),desktop,United States,New York
7323947562520019941,1490794513,20170329,1,7.98,79.80000000000001,37,2496,google,organic,desktop,United States,not available in demo dataset
3252876737088011394,1490811405,20170329,1,118.98,1189.8,35,1895,google,organic,desktop,United States,not available in demo dataset
156905236318704928,1490827135,20170329,1,165.31,1653.1,32,1185,(direct),(none),desktop,United States,Mountain View
2880019277233079024,1490829595,20170329,1,92.93,929.3000000000001,45,3671,(direct),(none),desktop,United States,San Jose
9974232250427988367,1490813632,20170329,1,1090.68,10906.800000000001,60,3195,(direct),(none),desktop,United States,not available in demo dataset
2086102344648063828,1490820310,20170329,2,159.89,1598.8999999999999,156,3670,google,organic,desktop,United States,not available in demo dataset
7813149961404844386,1490802909,20170329,1,57.99,579.9,10,397,(direct),(none),desktop,United States,Salem
0603507101721972238,1490821631,20170329,1,34.39,343.9,10,130,(direct),(none),desktop,United States,not available in demo dataset
4892436611585993575,1490827570,20170329,1,17.99,179.89999999999998,11,291,(direct),(none),desktop,United States,Mountain View
6563130963865137516,1490803643,20170329,1,49.79,497.9,9,238,(direct),(none),desktop,United States,Seattle
3085941498097094136,1490786319,20170329,1,54.97,549.7,11,233,google,organic,desktop,China,Mountain View
4561223317257088622,1490813560,20170329,1,60.07,600.7,10,144,(direct),(none),desktop,United States,not available in demo dataset
4954104372629148493,1490809977,20170329,1,23.99,239.89999999999998,11,146,(direct),(none),desktop,United States,not available in demo dataset
6551633812942032898,1490830292,20170329,1,17.38,173.79999999999998,11,333,(direct),(none),desktop,United States,Mountain View
9731351380091791032,1490815733,20170329,1,13.99,139.9,13,307,(direct),(none),desktop,United States,not available in demo dataset
4144443737941406047,1490848444,20170329,1,17.59,175.9,11,398,(direct),(none),desktop,United States,San Jose
7813149961404844386,1490820408,20170329,1,45.99,459.90000000000003,13,462,(direct),(none),desktop,United States,Salem
2616240173389988716,1490832787,20170329,1,18.38,183.79999999999998,15,1310,(direct),(none),desktop,United States,not available in demo dataset
345388872996692187,1490814151,20170329,1,43.38,433.8,14,532,(direct),(none),desktop,United States,New York
8590369633898567459,1490827929,20170329,1,86.65,866.5,18,642,(direct),(none),desktop,United States,San Jose
7778824028479625662,1490852630,20170329,1,68.98,689.8000000000001,18,1318,(direct),(none),desktop,United States,Palo Alto
6361909939784591562,1490798254,20170329,1,28.99,289.9,16,329,google,organic,desktop,United States,not available in demo dataset
327577005764423652,1490771817,20170329,1,31.76,317.6,16,542,(direct),(none),desktop,Israel,Tel Aviv-Yafo
4205053914875923563,1498496964,20170626,1,34.98,349.79999999999995,9,172,(direct),(none),desktop,United States,San Francisco
1470956649294061383,1498492304,20170626,1,60.79,607.9,10,278,(direct),(none),desktop,United States,not available in demo dataset
5592469018549253101,1498519346,20170626,1,26.99,269.9,10,177,(direct),(none),desktop,United States,Mountain View
6439470406427514465,1498484907,20170626,1,10.5,105.0,10,340,(direct),(none),desktop,Ukraine,not available in demo dataset
5687201440185842310,1498510241,20170626,1,28.9,289.0,12,280,(direct),(none),desktop,United States,Sunnyvale
4602383891226401804,1498490911,20170626,1,57.99,579.9,14,585,(direct),(none),desktop,United States,not available in demo dataset
2431935968474229557,1498511414,20170626,1,60.07,600.7,15,469,(direct),(none),desktop,United States,Los Angeles
4995584940873803432,1498486477,20170626,1,116.76,1167.6000000000001,14,211,(direct),(none),desktop,United States,not available in demo dataset
99879093370825436,1498489516,20170626,1,36.0,360.0,15,269,(direct),(none),mobile,United States,New York
1420571529363353703,1498490957,20170626,1,49.97,499.7,12,290,(direct),(none),desktop,United States,New York
2270672806084201655,1498513987,20170626,1,106.93,1069.3000000000002,14,449,(direct),(none),desktop,United States,Fremont
745585037435026151,1498490552,20170626,1,96.7,967.0,16,211,(direct),(none),desktop,United States,not available in demo dataset
5711731489189820466,1498529744,20170626,1,98.97,989.7,17,1141,(direct),(none),desktop,United States,not available in demo dataset
5532417941225696082,1498515359,20170626,1,58.98,589.8,18,258,(direct),(none),desktop,United States,New York
4546709106289949880,1498514072,20170626,1,31.0,310.0,20,547,(direct),(none),desktop,United States,Sunnyvale
4288066588835111365,1498510203,20170626,1,56.99,569.9,20,1135,(direct),(none),desktop,United States,Washington
1577248509656061433,1498520235,20170626,1,15.37,153.7,18,347,(direct),(none),desktop,United States,New York
5923504027652708716,1498481922,20170626,1,45.98,459.79999999999995,21,353,(direct),(none),tablet,United States,not available in demo dataset
4052263114492038188,1498500407,20170626,1,33.98,339.79999999999995,23,1135,(direct),(none),desktop,United States,not available in demo dataset
7445235885559107095,1498492122,20170626,1,23.19,231.9,23,1037,(direct),(none),desktop,United States,not available in demo dataset
6330153478154556057,1498532166,20170626,1,38.38,383.8,20,1123,(direct),(none),desktop,United States,Mountain View
4758004505760363513,1498498757,20170626,1,19.99,199.89999999999998,25,1126,(direct),(none),desktop,United States,not available in demo dataset
4284747478619287722,1498515155,20170626,1,82.93,829.3000000000001,25,1186,(direct),(none),mobile,United States,(not set)
213465488216513322,1498490618,20170626,1,209.33,2093.3,28,946,(direct),(none),desktop,United States,Los Angeles
7371041490532738587,1498522624,20170626,1,70.52,705.1999999999999,23,490,(direct),(none),desktop,United States,Mountain View
0170783936986517711,1498534684,20170626,1,34.58,345.79999999999995,31,2463,(direct),(none),desktop,United States,not available in demo dataset
225663065504333530,1498502168,20170626,1,31.99,319.9,42,2011,(direct),(none),desktop,United States,not available in demo dataset
6881445110889448504,1498492170,20170626,1,133.95,1339.5,41,2901,(direct),(none),desktop,United States,San Bruno
8683107895227989538,1498498511,20170626,1,90.56,905.6,34,1269,(direct),(none),desktop,United States,Chicago
5873856705282402939,1498495232,20170626,1,20.97,209.7,49,2865,(direct),(none),desktop,United States,not available in demo dataset
0755655563816873558,1498538722,20170626,1,75.76,757.6,49,2280,(direct),(none),desktop,United States,San Francisco
2107882110513313421,1498511799,20170626,1,57.98,579.8,56,2426,(direct),(none),desktop,United States,not available in demo dataset
5477995204043660887,1486901805,20170212,1,32.39,323.9,10,252,(direct),(none),desktop,United States,not available in demo dataset
7923717574756069195,1486927866,20170212,1,21.99,219.89999999999998,13,367,google,organic,mobile,United States,not available in demo dataset
3933973870505149047,1486947580,20170212,1,30.98,309.8,15,406,google,organic,desktop,United States,not available in demo dataset
6043590789804259117,1486923271,20170212,1,19.59,195.9,16,441,(direct),(none),desktop,United States,San Francisco
9921480541153586613,1486918810,20170212,1,20.19,201.9,20,1526,(direct),(none),desktop,United States,Mountain View
8176423825601532068,1486929770,20170212,1,52.99,529.9,24,1435,(direct),(none),desktop,United States,not available in demo dataset
1262082110712343410,1486939881,20170212,1,35.97,359.7,21,802,google,cpc,desktop,United States,not available in demo dataset
5945295413021078012,1486954562,20170212,1,37.78,377.8,22,393,(direct),(none),desktop,United States,San Jose
7670063553528001131,1486930156,20170212,1,43.98,439.79999999999995,31,865,google,organic,desktop,United States,not available in demo dataset
528231576022767993,1486904563,20170212,1,42.56,425.6,26,949,(direct),(none),desktop,United States,not available in demo dataset
7971854024765192624,1486924643,20170212,1,78.92,789.2,30,969,google,organic,desktop,United States,not available in demo dataset
9806766048628835536,1486952317,20170212,1,28.98,289.8,31,873,google,organic,desktop,United States,Los Angeles
4822692999413007561,1486968710,20170212,1,29.98,299.8,38,2184,(direct),(none),desktop,Russia,not available in demo dataset
1978868515963084363,1486952942,20170212,1,212.92,2129.2,42,797,(direct),(none),desktop,United States,New York
8280304533450595822,1486899226,20170212,1,49.97,499.7,54,2507,google,organic,desktop,Taiwan,(not set)
4666942141268151409,1486940702,20170212,2,82.35,823.5,83,2044,(direct),(none),desktop,United States,not available in demo dataset
6006657047016577071,1493151594,20170425,1,28.19,281.90000000000003,9,143,(direct),(none),desktop,United States,not available in demo dataset
5039309429901019811,1493141230,20170425,1,63.0,630.0,10,230,(direct),(none),desktop,United States,not available in demo dataset
7267624930982767347,1493177459,20170425,1,16.19,161.9,11,824,(direct),(none),desktop,United States,San Francisco
3016739586039841037,1493117005,20170425,1,32.98,329.79999999999995,10,336,google,organic,mobile,United States,not available in demo dataset
3153380067864919818,1493152555,20170425,1,12.63,126.30000000000001,12,636,(direct),(none),desktop,United States,not available in demo dataset
3129381702603062678,1493166448,20170425,1,35.39,353.9,11,356,(direct),(none),desktop,United States,not available in demo dataset
1113552768823939609,1493154807,20170425,1,67.97,679.7,13,332,(direct),(none),desktop,United States,Sunnyvale
632796253738106478,1493147178,20170425,1,39.28,392.8,16,691,(direct),(none),desktop,United States,not available in demo dataset
8950965046902551656,1493187139,20170425,1,21.19,211.9,15,290,(direct),(none),desktop,United States,San Francisco
2610708601231231422,1493139649,20170425,1,54.56,545.6,13,378,(direct),(none),desktop,United States,Ann Arbor
2303199190024622321,1493140374,20170425,1,57.97,579.7,18,737,dealspotr.com,referral,desktop,United States,not available in demo dataset
3058453262687579151,1493178400,20170425,1,138.38,1383.8,15,319,(direct),(none),desktop,United States,Santa Clara
2510765460977989271,1493143835,20170425,1,388.99,3889.9,15,1928,(direct),(none),desktop,United States,not available in demo dataset
4814060651494814938,1493149003,20170425,1,62.36,623.6,18,629,(direct),(none),desktop,United States,Chicago
1398241955715722716,1493146512,20170425,1,51.85,518.5,18,803,google,organic,desktop,United States,not available in demo dataset
7602795446904794008,1493133915,20170425,1,58.0,580.0,18,505,google,organic,desktop,Switzerland,New York
6544019530150712383,1493147359,20170425,1,48.78,487.8,16,393,(direct),(none),desktop,United States,Chicago
042744959300558986,1493152659,20170425,1,29.78,297.8,20,873,(direct),(none),desktop,United States,New York
4118874374266805808,1493178861,20170425,1,30.98,309.8,22,884,(direct),(none),desktop,United States,Sunnyvale
0032285388804234573,1493134510,20170425,1,146.5,1465.0,26,758,(direct),(none),desktop,United States,New York
7370307513460988,1493141304,20170425,1,76.78,767.8,21,1416,(direct),(none),desktop,United States,Chicago
2086976642856727593,1493167947,20170425,1,22.99,229.89999999999998,26,682,google,organic,mobile,United States,not available in demo dataset
8390158103120899776,1493131166,20170425,1,86.19,861.9,22,300,(direct),(none),desktop,United States,not available in demo dataset
0582615830345755974,1493166634,20170425,1,85.95,859.5,30,1352,google,organic,desktop,United States,not available in demo dataset
9797076878073373768,1493160361,20170425,1,61.35,613.5,29,440,(direct),(none),desktop,United States,Evanston
3233846931580119453,1493144912,20170425,1,33.96,339.6,30,1800,yahoo,organic,desktop,United States,San Jose
7178918530572590590,1493137550,20170425,1,58.56,585.6,27,418,(direct),(none),desktop,United States,Mountain View
5835265131726609192,1493136882,20170425,1,26.74,267.4,34,622,(direct),(none),desktop,United States,not available in demo dataset
0921549306877802147,1493185110,20170425,1,40.39,403.9,34,1082,(direct),(none),desktop,United States,not available in demo dataset
9589822168101300209,1493127285,20170425,1,341.75,3417.5,30,1202,google,organic,desktop,United States,not available in demo dataset
2186586081512608668,1493150392,20170425,1,96.5,965.0,37,842,google,organic,desktop,United States,not available in demo dataset
1854405837570982370,1493126454,20170425,1,54.67,546.7,45,1411,google,organic,desktop,United States,not available in demo dataset
3305485862461522985,1493156103,20170425,1,733.08,7330.8,59,3429,(direct),(none),desktop,United States,not available in demo dataset
9624789523147347433,1490392389,20170324,1,42.98,429.79999999999995,18,1580,(direct),(none),desktop,United States,not available in demo dataset
4560048854801219223,1490391438,20170324,1,64.59,645.9000000000001,20,1240,(direct),(none),desktop,United States,Mountain View
9826816980924031810,1490368156,20170324,1,42.18,421.8,20,729,(direct),(none),desktop,United States,Austin
3126428444962673497,1490404651,20170324,1,26.99,269.9,17,501,google,organic,tablet,United States,Pittsburgh
8017527495949351517,1490377762,20170324,1,13.98,139.8,20,678,bing,organic,desktop,United States,not available in demo dataset
287908533589459604,1490380190,20170324,1,110.86,1108.6,22,668,google,organic,desktop,United States,not available in demo dataset
8160024468956674004,1490393930,20170324,1,140.14,1401.3999999999999,22,1473,google,organic,desktop,United States,San Francisco
0396381842924367514,1490373831,20170324,1,23.99,239.89999999999998,26,759,google,organic,desktop,United States,not available in demo dataset
4432170800264031771,1490367462,20170324,1,302.7,3027.0,21,424,google,organic,desktop,United States,New York
4670469315542047941,1490380920,20170324,1,176.7,1767.0,21,3687,(direct),(none),desktop,United States,Chicago
8545209036610253088,1490403137,20170324,1,70.59,705.9000000000001,23,812,(direct),(none),desktop,United States,Chicago
4525601131116258606,1490365264,20170324,1,37.18,371.8,25,1577,(direct),(none),desktop,United States,New York
9350198009120928098,1490385180,20170324,1,68.99,689.9,29,1635,(direct),(none),desktop,United States,Mountain View
7040224635883969893,1490388190,20170324,1,120.53,1205.3,26,560,(direct),(none),desktop,United States,not available in demo dataset
1094337368520422037,1490386137,20170324,1,98.28,982.8,24,821,(direct),(none),desktop,United States,not available in demo dataset
129249086143937145,1490404930,20170324,1,85.35,853.5,30,1025,(direct),(none),desktop,United States,New York
6754683731104767908,1490362745,20170324,1,193.2,1932.0,29,1213,(direct),(none),desktop,India,Bengaluru
8866035740350491393,1490388282,20170324,1,116.97,1169.7,30,1864,(direct),(none),desktop,United States,Sunnyvale
9037017629148514881,1490368482,20170324,1,248.75,2487.5,27,673,(direct),(none),desktop,United States,New York
480596774651345765,1490393286,20170324,1,112.41,1124.1,26,866,google,organic,desktop,United States,not available in demo dataset
6571994191266464601,1490409205,20170324,1,16.99,169.89999999999998,32,785,google,organic,mobile,United States,Los Angeles
780755997851042697,1490398015,20170324,1,43.89,438.9,25,714,google,organic,desktop,United States,Santa Clara
0209588266013545629,1490390775,20170324,1,64.99,649.9,31,744,(direct),(none),desktop,United States,not available in demo dataset
8013820676715807864,1490383532,20170324,1,36.18,361.8,34,1321,(direct),(none),desktop,United States,Austin
1717181767260918300,1490392519,20170324,1,104.98,1049.8,39,1493,google,organic,mobile,United States,not available in demo dataset
044206379216818403,1490392636,20170324,1,48.99,489.90000000000003,41,2119,(direct),(none),desktop,United States,Mountain View
1957458976293878100,1490380560,20170324,1,8680.83,86808.3,39,2711,dfa,cpm,desktop,United States,not available in demo dataset
7227131899750346684,1490410038,20170324,1,22.99,229.89999999999998,50,2689,google,organic,desktop,United States,not available in demo dataset
3136743370771670654,1490392083,20170324,1,94.99,949.9,12,604,google,cpc,desktop,United States,San Jose
5224582846346969715,1490373243,20170324,1,26.19,261.90000000000003,18,570,(direct),(none),desktop,United States,New York
9453866125712882796,1498805069,20170630,1,24.99,249.89999999999998,5,305,(direct),(none),desktop,United States,Mountain View
6085175520393840927,1498837300,20170630,1,85.25,852.5,15,1270,google,organic,desktop,United States,not available in demo dataset
7457632959414021289,1498857134,20170630,1,75.42,754.2,13,325,(direct),(none),desktop,United States,Seattle
2765600170836507620,1498874527,20170630,1,20.39,203.9,16,452,yahoo,organic,desktop,United States,New York
7017716009560683263,1498860589,20170630,1,13.99,139.9,16,403,google,cpc,desktop,United States,not available in demo dataset
6542209208399539722,1498845611,20170630,1,34.59,345.90000000000003,17,644,(direct),(none),desktop,United States,Sunnyvale
7361963700684002436,1498842359,20170630,1,21.99,219.89999999999998,18,534,(direct),(none),desktop,United States,not available in demo dataset
8246185970156821721,1498847104,20170630,1,73.0,730.0,14,473,google,organic,desktop,United States,Seattle
9963197880398595287,1498885770,20170630,1,34.98,349.79999999999995,19,487,google,cpc,desktop,United States,Kirkland
9213584705844626996,1498837721,20170630,1,4.2,42.0,20,1575,(direct),(none),desktop,United States,Mountain View
09644182629851608,1498829972,20170630,1,42.38,423.8,17,487,(direct),(none),desktop,United States,not available in demo dataset
8673797451868502971,1498862796,20170630,1,102.59,1025.9,20,656,(direct),(none),desktop,United States,Seattle
5466662603729331412,1498836477,20170630,1,106.19,1061.9,21,776,(direct),(none),desktop,United States,San Francisco
6768557709167919793,1498843012,20170630,1,32.62,326.2,20,537,(direct),(none),desktop,United States,Atlanta
4697582732814209554,1498842338,20170630,1,13.39,133.9,24,562,(direct),(none),desktop,United States,Mountain View
5905965824605720787,1498838558,20170630,1,27.99,279.9,21,324,(direct),(none),mobile,United States,not available in demo dataset
4771113671766892657,1498853360,20170630,1,287.5,2875.0,23,965,(direct),(none),desktop,United States,San Francisco
658858637473021623,1498852759,20170630,1,226.67,2266.7,22,1045,(direct),(none),desktop,United States,Mountain View
5852177506011549938,1498848727,20170630,1,32.68,326.8,22,476,google,organic,desktop,United States,not available in demo dataset
3680244960768233462,1498845083,20170630,1,243.65,2436.5,24,1029,(direct),(none),desktop,United States,not available in demo dataset
411216216330611461,1498865507,20170630,1,40.98,409.79999999999995,23,574,google,organic,desktop,United States,not available in demo dataset
0114365990396544051,1498849599,20170630,2,192.97,1929.7,28,814,(direct),(none),desktop,United States,Chicago
7588981130462792361,1498868532,20170630,1,36.99,369.90000000000003,33,1013,(direct),(none),desktop,United States,San Jose
4136548162519732667,1498833515,20170630,1,109.79,1097.9,30,531,(direct),(none),desktop,United States,Ann Arbor
1957458976293878100,1498830593,20170630,1,1205.74,12057.4,30,1002,dfa,cpm,desktop,United States,not available in demo dataset
653069947099114599,1498851598,20170630,1,76.14,761.4,29,2606,(direct),(none),desktop,United States,Sunnyvale
6873140036612855431,1498877574,20170630,1,600.88,6008.8,35,959,google,organic,desktop,United States,New York
1507016731283408269,1498856620,20170630,1,33.58,335.79999999999995,34,966,(direct),(none),desktop,United States,Cambridge
9929551139809305177,1498889138,20170630,1,51.57,515.7,37,765,(direct),(none),desktop,United States,not available in demo dataset
3098102694893246712,1498839677,20170630,1,31.28,312.8,36,1313,google,organic,desktop,United States,San Francisco
7081230071374452681,1498887272,20170630,1,198.47,1984.7,28,652,google,organic,desktop,United States,not available in demo dataset
9878888578038359547,1498859818,20170630,1,46.97,469.7,51,1469,(direct),(none),mobile,United States,not available in demo dataset
9560188227657174682,1498831517,20170630,1,75.16,751.5999999999999,111,5063,(direct),(none),desktop,United States,not available in demo dataset
0514071303908585314,1492537881,20170418,1,14.98,149.8,9,220,(direct),(none),tablet,United States,not available in demo dataset
0667721082352794491,1492546774,20170418,1,31.19,311.90000000000003,11,188,google,organic,desktop,United States,New York
6430761922443082063,1492543744,20170418,1,684.15,6841.5,11,304,(direct),(none),desktop,United States,not available in demo dataset
2719057200121237933,1492529403,20170418,1,30.19,301.90000000000003,12,268,(direct),(none),desktop,United States,New York
9305766004990797685,1492557145,20170418,1,479.0,4790.0,12,1159,(direct),(none),desktop,United States,Los Angeles
9524801176083053157,1492516944,20170418,1,62.99,629.9,11,197,(direct),(none),desktop,United States,not available in demo dataset
8168437595738289713,1492537634,20170418,1,104.99,1049.8999999999999,12,348,google,organic,mobile,United States,Boulder
6235355077630549336,1492544867,20170418,1,19.19,191.9,13,1306,(direct),(none),desktop,United States,San Francisco
2899424455048678899,1492539300,20170418,1,83.38,833.8,12,226,mail.google.com,referral,desktop,United States,Atlanta
0220695720492664721,1492538564,20170418,1,229.38,2293.8,11,293,(direct),(none),desktop,United States,not available in demo dataset
8386920340998668390,1492537565,20170418,1,76.58,765.8,16,1107,(direct),(none),desktop,United States,New York
6767082837980910756,1492581477,20170418,1,35.19,351.9,15,989,(direct),(none),desktop,United States,San Francisco
7608996347103620557,1492556750,20170418,1,67.59,675.9000000000001,14,476,(direct),(none),desktop,United States,San Francisco
0195229052670476258,1492548869,20170418,1,24.99,249.89999999999998,14,2162,google,organic,desktop,United States,not available in demo dataset
9907138721210043039,1492543413,20170418,1,11.99,119.9,16,356,google,(not set),mobile,United States,San Jose
902509741321071642,1492527179,20170418,1,548.18,5481.799999999999,13,572,(direct),(none),desktop,United States,Ann Arbor
7462494643176224339,1492524949,20170418,1,58.38,583.8000000000001,15,1605,(direct),(none),desktop,United States,New York
4548268602116445081,1492554728,20170418,1,125.8,1258.0,16,708,google,organic,desktop,United States,San Bruno
7902252986541229075,1492539797,20170418,1,74.98,749.8000000000001,16,1600,google,organic,mobile,United States,not available in demo dataset
6761788136164809732,1492543360,20170418,1,56.07,560.7,17,391,(direct),(none),desktop,United States,Sunnyvale
7356917361593137850,1492547283,20170418,1,18.99,189.89999999999998,18,1694,(direct),(none),desktop,United States,not available in demo dataset
6757769563866849051,1492527256,20170418,1,96.95,969.5,19,426,(direct),(none),desktop,United States,Mountain View
6644000525957644121,1492543688,20170418,1,25.99,259.9,17,452,google,organic,desktop,United States,not available in demo dataset
4155916412734700060,1492566096,20170418,1,160.41,1604.1,18,3609,google,cpc,mobile,United States,Philadelphia
3978036795131267549,1492543092,20170418,1,19.18,191.8,19,2025,google,organic,mobile,United States,Houston
4096318129790050754,1492544331,20170418,1,53.79,537.9,19,603,(direct),(none),desktop,United States,Mountain View
457044505102305564,1492521965,20170418,1,29.97,299.7,19,1349,google,organic,desktop,United States,not available in demo dataset
2861315377512617150,1492541386,20170418,1,93.98,939.8000000000001,16,293,google,organic,desktop,United States,Cincinnati
2847013081259459461,1492551709,20170418,1,23.99,239.89999999999998,26,716,google,organic,desktop,United States,Austin
4792870216119315911,1492530532,20170418,1,193.18,1931.8000000000002,21,891,(direct),(none),desktop,United States,New York
287904279013543394,1492546038,20170418,1,60.07,600.7,20,423,(direct),(none),desktop,United States,Mountain View
2882465245432965325,1492562046,20170418,1,45.56,455.6,25,1184,(direct),(none),desktop,United States,not available in demo dataset
5652101550786394440,1492546292,20170418,1,62.96,629.6,29,1387,(direct),(none),desktop,United States,not available in demo dataset
9070662269260587187,1492531567,20170418,1,35.68,356.8,30,1094,google,organic,desktop,United States,not available in demo dataset
8576181290100309449,1492538297,20170418,1,41.33,413.29999999999995,29,2529,(direct),(none),desktop,United States,Chicago
3534570005343502837,1492526106,20170418,1,36.77,367.70000000000005,30,641,(direct),(none),desktop,United States,Chicago
8362548980861988572,1492548977,20170418,1,71.38,713.8,35,558,google,organic,desktop,United States,not available in demo dataset
9031724260430223922,1492537580,20170418,1,112.39,1123.9,31,1049,(direct),(none),desktop,United States,Mountain View
9426148810376053164,1492582951,20170418,1,25.96,259.6,33,667,(direct),(none),desktop,United States,not available in demo dataset
9271646111007364974,1492525297,20170418,1,118.58,1185.8,32,929,google,organic,desktop,United States,not available in demo dataset
5720584332217047483,1492532339,20170418,1,583.5,5835.0,34,2233,(direct),(none),desktop,United States,not available in demo dataset
2800282822736967709,1492540827,20170418,1,45.25,452.5,45,1249,google,organic,desktop,United States,New York
0394724420324392696,1492539603,20170418,1,20.99,209.89999999999998,29,827,google,organic,desktop,United States,not available in demo dataset
6576312646375701904,1492528597,20170418,1,116.61,1166.1,44,1334,google,organic,desktop,United States,Houston
2327809759534404336,1492542381,20170418,1,78.75,787.5,50,2295,l.facebook.com,referral,desktop,United States,not available in demo dataset
1957458976293878100,1492527922,20170418,3,32153.82,321538.2,56,2354,dfa,cpm,desktop,United States,not available in demo dataset
154104806751769000,1492537130,20170418,1,746.84,7468.400000000001,54,1595,google,organic,desktop,United States,not available in demo dataset
6859653115224439411,1490056433,20170320,1,114.56,1145.6,11,247,(direct),(none),desktop,United States,San Francisco
5341271361784611942,1490048636,20170320,1,19.58,195.79999999999998,13,363,(direct),(none),desktop,United States,Chicago
2188014721891389633,1490029434,20170320,1,39.39,393.9,11,345,(direct),(none),desktop,United States,Seattle
183237071516128923,1490007652,20170320,1,16.98,169.8,17,1146,google,organic,desktop,United States,Austin
3567990823007256215,1490024438,20170320,1,87.26,872.6,16,912,google,organic,desktop,United States,New York
577430234323994672,1490033891,20170320,1,39.98,399.79999999999995,19,752,bing,organic,desktop,United States,not available in demo dataset
8728228319865882103,1489994995,20170320,1,28.99,289.9,17,1122,google,organic,desktop,United States,not available in demo dataset
6006657047016577071,1490020811,20170320,1,56.76,567.6,18,524,(direct),(none),desktop,United States,not available in demo dataset
8195647791855576548,1490041532,20170320,1,26.99,269.9,16,307,google,organic,desktop,United States,Dallas
3287424336851494398,1490030833,20170320,1,82.16,821.5999999999999,18,641,google,organic,desktop,Canada,Toronto
7445235885559107095,1490034267,20170320,1,34.98,349.79999999999995,17,849,google,organic,desktop,United States,Salem
036703532725992752,1490062298,20170320,1,39.39,393.9,18,1344,(direct),(none),desktop,United States,Mountain View
6668929778819384913,1490040347,20170320,1,9.99,99.9,23,441,(direct),(none),desktop,United States,New York
4988612949713423910,1490043910,20170320,1,36.98,369.79999999999995,23,1721,google,organic,desktop,United States,Sunnyvale
8004174355462183209,1490064475,20170320,1,60.97,609.7,23,1137,google,organic,desktop,Ecuador,not available in demo dataset
7549018693147139629,1490036043,20170320,1,154.43,1544.3000000000002,26,524,google,organic,desktop,United States,New York
7266739596439998508,1490020206,20170320,1,62.17,621.7,23,373,(direct),(none),desktop,United States,Seattle
3756873695566365595,1490041437,20170320,1,68.96,689.5999999999999,26,620,google,cpc,desktop,United States,not available in demo dataset
573752651828621469,1490066158,20170320,1,79.98,799.8000000000001,29,1625,google,organic,desktop,United States,not available in demo dataset
7945508458206701256,1490023987,20170320,1,24.19,241.9,24,427,(direct),(none),desktop,United States,Ann Arbor
6462196953273318864,1490058257,20170320,1,75.93,759.3000000000001,27,439,google,organic,desktop,United States,not available in demo dataset
5603141733790765998,1490063903,20170320,1,39.99,399.90000000000003,32,1600,(direct),(none),desktop,United States,Milpitas
0683732886676120900,1490031117,20170320,1,153.38,1533.8,28,586,(direct),(none),desktop,United States,Chicago
5406305545135860881,1490069293,20170320,1,20.99,209.89999999999998,32,1223,google,organic,desktop,United States,not available in demo dataset
0686766074904091675,1490049761,20170320,1,147.9,1479.0,34,1083,(direct),(none),desktop,United States,San Francisco
4116720743881459837,1490046970,20170320,1,826.4,8264.0,33,4179,(direct),(none),desktop,United States,San Jose
9338374006954760146,1490022713,20170320,1,1020.4,10204.0,35,771,(direct),(none),desktop,United States,not available in demo dataset
6986536761307654836,1490020912,20170320,1,538.62,5386.2,41,1488,google,organic,desktop,United States,not available in demo dataset
7626451325930281264,1490020519,20170320,1,221.55,2215.5,48,1272,(direct),(none),desktop,United States,New York
9372618001980854712,1490022687,20170320,1,614.46,6144.6,48,1582,dealspotr.com,referral,desktop,United States,not available in demo dataset
9160688801124625042,1490074289,20170320,1,733.73,7337.3,51,1781,(direct),(none),desktop,United States,not available in demo dataset
9017088554957791620,1490066142,20170320,1,33.76,337.59999999999997,68,1948,google,organic,desktop,United States,Mountain View
8966130487678127924,1490044345,20170320,1,984.7,9847.0,63,1032,(direct),(none),desktop,United States,Phoenix
8942866004645538967,1489999542,20170320,7,3775.8,37758.0,343,6427,(direct),(none),desktop,United States,not available in demo dataset
9089132392240687728,1490048025,20170320,2,1095.76,10957.6,123,3414,google,cpc,desktop,United States,not available in demo dataset
2530900387021015168,1498761768,20170629,1,27.19,271.90000000000003,13,1597,(direct),(none),desktop,United States,Los Angeles
8282958596112476816,1498764871,20170629,1,34.19,341.9,13,452,(direct),(none),desktop,United States,Cambridge
6011560352150256986,1498745696,20170629,1,73.8,738.0,15,376,(direct),(none),desktop,United States,not available in demo dataset
1663588776724483567,1498744975,20170629,1,51.04,510.4,17,421,(direct),(none),desktop,Switzerland,not available in demo dataset
5862903247995019263,1498756702,20170629,1,109.8,1098.0,15,214,(direct),(none),desktop,United States,Ann Arbor
678346199445584745,1498786843,20170629,1,24.99,249.89999999999998,19,763,google,organic,desktop,United States,Dallas
8561076636641751159,1498759542,20170629,1,18.16,181.6,18,740,(direct),(none),desktop,United States,San Francisco
4785023226103851500,1498797712,20170629,2,59.17,591.7,25,536,(direct),(none),desktop,United States,not available in demo dataset
8064218130870190860,1498765209,20170629,1,87.5,875.0,27,1450,(direct),(none),desktop,United States,New York
8726427406034606152,1498749663,20170629,1,33.19,331.9,22,1193,(direct),(none),desktop,United States,Ann Arbor
7057439304075107628,1498781492,20170629,1,98.95,989.5,20,692,(direct),(none),desktop,United States,Mountain View
9374906684711010516,1498761125,20170629,1,103.13,1031.3,22,2091,(direct),(none),desktop,United States,San Francisco
6521559462592776000,1498746816,20170629,1,18.99,189.89999999999998,25,1922,(direct),(none),desktop,United States,New York
6433831291444208598,1498795000,20170629,1,21.99,219.89999999999998,27,1312,google,organic,desktop,United States,not available in demo dataset
2996218243014661996,1498777745,20170629,1,705.8,7058.0,23,353,(direct),(none),desktop,United States,San Francisco
3538836902011066544,1498780242,20170629,1,21.47,214.7,26,1206,(direct),(none),desktop,United States,Mountain View
177475133170193656,1498780626,20170629,1,227.8,2278.0,23,1079,(direct),(none),desktop,United States,Sunnyvale
6108513116421518895,1498776707,20170629,1,228.74,2287.4,27,1465,(direct),(none),desktop,United States,Seattle
3635499460732949691,1498760226,20170629,1,150.92,1509.1999999999998,26,772,google,organic,desktop,United States,Los Angeles
5253253329593885485,1498775451,20170629,1,22.99,229.89999999999998,30,1442,google,cpc,mobile,United States,San Antonio
1901345601701391532,1498788319,20170629,1,29.97,299.7,27,1092,(direct),(none),desktop,United States,Ann Arbor
6337016759218580239,1498765538,20170629,1,25.88,258.8,27,751,google,organic,desktop,United States,not available in demo dataset
4518084412353571470,1498783470,20170629,1,50.97,509.7,29,999,google,cpc,desktop,United States,Austin
2757924321423879256,1498721848,20170629,1,44.21,442.1,33,1093,(direct),(none),desktop,United States,Mountain View
8856909534295344708,1498762231,20170629,1,16.38,163.79999999999998,41,954,groups.google.com,referral,desktop,United States,Los Angeles
1671489519986365799,1498748272,20170629,1,27.48,274.8,41,1450,google,organic,desktop,United States,not available in demo dataset
4128917041709885631,1498756014,20170629,1,25.28,252.8,41,2678,google,organic,mobile,United States,not available in demo dataset
4415138848494007759,1498758532,20170629,1,91.16,911.5999999999999,36,1098,(direct),(none),desktop,United States,Kirkland
9547536437145935282,1498768625,20170629,1,864.8,8648.0,35,682,google,organic,desktop,United States,New York
8299140226607408492,1498722786,20170629,1,40.23,402.29999999999995,42,1387,(direct),(none),desktop,United States,New York
3443895597772752883,1498763121,20170629,1,226.02,2260.2000000000003,49,1739,(direct),(none),desktop,United States,not available in demo dataset
67427211374180015,1498796190,20170629,1,52.37,523.6999999999999,9,830,(direct),(none),desktop,United States,Mountain View
4365071413867867273,1498755488,20170629,1,46.99,469.90000000000003,11,130,groups.google.com,referral,desktop,United States,Sunnyvale
16925875208939543,1498750139,20170629,1,98.8,988.0,11,178,(direct),(none),desktop,United States,Austin
4214529531728043633,1498773943,20170629,1,24.99,249.89999999999998,12,1159,(direct),(none),mobile,United States,not available in demo dataset
6748119640287592894,1498802453,20170629,1,56.97,569.7,13,625,(direct),(none),desktop,United States,not available in demo dataset
4218616966389581358,1498757571,20170629,1,5.39,53.9,12,1946,(direct),(none),desktop,United States,New York
8443643406410739523,1498751790,20170629,1,643.41,6434.099999999999,11,830,google,organic,desktop,United States,not available in demo dataset
2297135054731105073,1498764446,20170629,1,150.97,1509.7,11,190,(direct),(none),desktop,United States,New York
3764574444957652648,1498750360,20170629,1,45.59,455.90000000000003,12,232,(direct),(none),desktop,United States,not available in demo dataset
0225991706421654357,1498755986,20170629,1,43.19,431.9,11,399,(direct),(none),desktop,United States,New York
9814816673410517752,1498764324,20170629,1,8.98,89.80000000000001,13,785,google,organic,desktop,United States,not available in demo dataset
0804510972627821648,1498758231,20170629,1,76.18,761.8000000000001,14,1297,(direct),(none),desktop,United States,Sunnyvale
7366648314975511623,1498760537,20170629,1,27.02,270.2,14,222,(direct),(none),desktop,United States,Mountain View
0567258049821128407,1483809967,20170107,1,46.79,467.9,19,1050,(direct),(none),desktop,United States,not available in demo dataset
04638983005167591,1483781165,20170107,1,63.96,639.6,25,1060,(direct),(none),desktop,United States,Mountain View
0044869357011346837,1483802210,20170107,1,59.97,599.7,29,979,(direct),(none),desktop,United States,not available in demo dataset
9633718916074132320,1483830613,20170107,1,35.96,359.6,26,360,(direct),(none),desktop,United States,Los Angeles
9638518335828715596,1483837417,20170107,1,56.02,560.2,31,653,(direct),(none),desktop,United States,Seattle
1325914909641958196,1483772850,20170107,1,52.22,522.2,7,293,(direct),(none),desktop,United States,not available in demo dataset
4426059530155526122,1483855314,20170107,1,39.38,393.8,14,495,(direct),(none),desktop,United States,San Francisco
4434546824564001977,1483835453,20170107,1,33.97,339.7,14,1369,(direct),(none),desktop,United States,not available in demo dataset
3841458002774357152,1483716636,20170106,1,308.5,3085.0,14,313,(direct),(none),desktop,United States,not available in demo dataset
2367899770531887609,1483732158,20170106,1,38.98,389.79999999999995,19,940,(direct),(none),mobile,United States,not available in demo dataset
4431313163178462684,1483740727,20170106,1,50.97,509.7,21,548,(direct),(none),desktop,United States,San Jose
342565333518409484,1483713955,20170106,1,95.95,959.5,18,499,(direct),(none),desktop,United States,New York
1479905681893527974,1483768019,20170106,1,107.98,1079.8,21,447,(direct),(none),desktop,United States,Sunnyvale
6836107306781208493,1483737767,20170106,1,34.96,349.6,25,396,(direct),(none),desktop,United States,not available in demo dataset
1390764594937000351,1483725016,20170106,1,51.36,513.6,27,582,(direct),(none),desktop,United States,Sunnyvale
3697825790083716939,1483735263,20170106,1,223.97,2239.7,29,702,(direct),(none),desktop,United States,Sunnyvale
1077076810453289235,1483736730,20170106,1,31.97,319.7,30,2581,(direct),(none),mobile,United States,New York
5450212768993016861,1483752676,20170106,1,98.57,985.6999999999999,28,1242,(direct),(none),desktop,United States,not available in demo dataset
5506432627540376379,1483764172,20170106,1,31.9,319.0,31,500,(direct),(none),desktop,United States,not available in demo dataset
9457643087878203141,1483718050,20170106,1,800.35,8003.5,33,1937,(direct),(none),desktop,United States,not available in demo dataset
7311242886083854158,1483729063,20170106,1,339.0,3390.0,36,2062,(direct),(none),desktop,United States,Chicago
0765966183501214400,1483730247,20170106,1,192.88,1928.8,37,921,(direct),(none),desktop,United States,Mountain View
9974232250427988367,1483725863,20170106,1,996.65,9966.5,41,989,(direct),(none),desktop,United States,not available in demo dataset
9056182171688831716,1483729419,20170106,1,79.57,795.6999999999999,35,1190,(direct),(none),desktop,United States,Palo Alto
8031899498943781745,1483753716,20170106,1,71.92,719.2,39,833,(direct),(none),desktop,United States,not available in demo dataset
7298336494740484350,1483765055,20170106,1,37.16,371.59999999999997,42,845,(direct),(none),desktop,United States,Santa Clara
3593099441368037638,1483729717,20170106,1,153.79,1537.8999999999999,51,854,dfa,cpm,desktop,United States,not available in demo dataset
2590629993785032145,1483711901,20170106,1,168.31,1683.1,69,2983,(direct),(none),desktop,United States,not available in demo dataset
5530375638871034769,1483708557,20170106,1,143.98,1439.8,9,229,(direct),(none),desktop,United States,not available in demo dataset
4412900685343047350,1483721228,20170106,1,152.97,1529.7,11,287,(direct),(none),desktop,United States,New York
3424108581759376667,1483718878,20170106,1,65.99,659.9,11,174,(direct),(none),desktop,United States,New York
2702626484466818969,1483714902,20170106,1,25.98,259.8,13,237,(direct),(none),desktop,United States,Detroit
4419213333970429526,1483729645,20170106,1,26.59,265.9,14,235,(direct),(none),desktop,United States,Kirkland
1740096949560523754,1483766331,20170106,1,4.99,49.900000000000006,17,242,(direct),(none),desktop,United States,Los Angeles
3850630971135697760,1492028617,20170412,1,108.14,1081.4,5,151,(direct),(none),desktop,United States,Sunnyvale
4670562610066629948,1492015909,20170412,1,21.29,212.89999999999998,8,177,google,organic,mobile,United States,not available in demo dataset
5889010106366698304,1492022522,20170412,1,27.99,279.9,9,1307,(direct),(none),desktop,United States,Columbus
0903826386266908789,1492038683,20170412,1,26.95,269.5,9,339,(direct),(none),mobile,Canada,not available in demo dataset
582674888457699636,1492010663,20170412,1,74.85,748.5,10,358,(direct),(none),desktop,United States,New York
0254089780577334336,1492040555,20170412,1,91.96,919.5999999999999,13,364,google,organic,mobile,United States,not available in demo dataset
9658269809829788524,1492051634,20170412,1,30.17,301.70000000000005,13,384,(direct),(none),desktop,United States,San Francisco
3730067279535822906,1492000586,20170412,1,39.91,399.09999999999997,12,213,google,cpc,desktop,United States,not available in demo dataset
3750480978272704589,1492008031,20170412,1,17.99,179.89999999999998,14,279,(direct),(none),desktop,United States,New York
7936166614949878797,1492021217,20170412,1,51.79,517.9,13,262,(direct),(none),desktop,United States,San Bruno
008803033727416939,1492025860,20170412,1,19.99,199.89999999999998,13,622,(direct),(none),mobile,United States,not available in demo dataset
7043818383887881308,1492034035,20170412,1,8.98,89.80000000000001,14,280,google,organic,desktop,United States,not available in demo dataset
4988683855814257726,1492045051,20170412,1,50.79,507.9,13,349,(direct),(none),desktop,United States,Mountain View
7813149961404844386,1492022498,20170412,1,57.07,570.7,17,2298,(direct),(none),desktop,United States,Salem
3210940614315598786,1492008242,20170412,1,62.59,625.9000000000001,16,824,(direct),(none),desktop,United States,Mountain View
2484187509499465201,1492018715,20170412,1,116.48,1164.8,16,686,google,organic,desktop,United States,Los Angeles
5852501539446782255,1492040998,20170412,1,35.78,357.8,16,328,(direct),(none),desktop,United States,not available in demo dataset
0751672591869658635,1492008069,20170412,1,28.94,289.40000000000003,17,1515,google,organic,desktop,United States,Mountain View
4305389123856047722,1492018858,20170412,1,61.99,619.9,17,255,(direct),(none),desktop,United States,San Francisco
6523039845529938938,1492011794,20170412,1,24.19,241.9,20,403,(direct),(none),desktop,United States,New York
6671389444747353437,1492043589,20170412,1,167.98,1679.8,20,403,(direct),(none),desktop,United States,not available in demo dataset
1579519195077643704,1492014223,20170412,1,179.91,1799.1,20,611,(direct),(none),desktop,United States,New York
953107632787978757,1492060812,20170412,1,38.17,381.70000000000005,26,3138,google,organic,mobile,United States,San Francisco
7290041530133609917,1492033861,20170412,1,71.95,719.5,18,471,google,cpc,desktop,United States,Sunnyvale
220006931292049293,1492003964,20170412,1,39.61,396.1,24,418,(direct),(none),desktop,United States,New York
9477829551781094415,1492012700,20170412,2,341.94,3419.4,25,1275,(direct),(none),desktop,United States,Chicago
5914563242509482274,1492023434,20170412,1,19.19,191.9,30,2050,(direct),(none),desktop,United States,San Bruno
1644386614096076703,1492025272,20170412,1,32.88,328.8,30,1319,(direct),(none),desktop,United States,Mountain View
5306602082415451052,1492023437,20170412,1,286.88,2868.8,27,1038,(direct),(none),desktop,United States,Cambridge
0608915197735218105,1492021292,20170412,1,363.32,3633.2,18,337,(direct),(none),desktop,United States,not available in demo dataset
8133234491242505022,1492045498,20170412,1,65.89,658.9,25,641,(direct),(none),desktop,United States,not available in demo dataset
8057532275605267740,1492010826,20170412,1,65.78,657.8,35,828,google,cpc,desktop,United States,not available in demo dataset
8659538857931665839,1492015310,20170412,1,113.95,1139.5,35,2161,(direct),(none),desktop,United States,not available in demo dataset
4602142208346429038,1492045191,20170412,1,147.34,1473.4,37,1013,google,organic,desktop,United States,not available in demo dataset
4358918846442674981,1492025380,20170412,1,27.37,273.7,33,1041,(direct),(none),desktop,United States,not available in demo dataset
9305766004990797685,1492037089,20170412,3,1075.54,10755.4,41,2761,(direct),(none),desktop,United States,Los Angeles
085830972238265715,1492013037,20170412,1,93.87,938.7,41,1295,google,organic,desktop,United States,not available in demo dataset
82234340449923799,1492061741,20170412,1,117.32,1173.1999999999998,41,2209,google,organic,desktop,United States,Kirkland
0111084999408344922,1492019124,20170412,1,35.95,359.5,41,2121,google,organic,desktop,United States,not available in demo dataset
3534570005343502837,1492030251,20170412,1,18.18,181.8,38,1351,(direct),(none),desktop,United States,Chicago
507378123137078709,1492017734,20170412,1,58.8,588.0,38,880,google,organic,desktop,United States,not available in demo dataset
9816766544877211790,1492017893,20170412,1,154.03,1540.3,46,3946,google,organic,desktop,Indonesia,not available in demo dataset
2292975471852115027,1492020590,20170412,1,6.99,69.9,46,1776,google,organic,desktop,United States,not available in demo dataset
0124850203340830679,1492029911,20170412,1,330.24,3302.4,78,3066,(direct),(none),desktop,United States,San Francisco
0035322769016923863,1492029220,20170412,1,379.36,3793.6000000000004,90,2516,(direct),(none),desktop,United States,Los Angeles
3841458002774357152,1488296164,20170228,1,18.59,185.9,9,184,(direct),(none),desktop,United States,not available in demo dataset
7750340404205493317,1488351206,20170228,1,4.99,49.900000000000006,14,364,google,organic,desktop,United States,Austin
6238289068064224193,1488309438,20170228,1,59.0,590.0,13,409,(direct),(none),desktop,United States,Sunnyvale
6419238664399930209,1488302297,20170228,1,25.99,259.9,15,606,google,organic,desktop,United States,not available in demo dataset
7024229681211664053,1488290545,20170228,1,26.19,261.90000000000003,16,442,(direct),(none),desktop,United States,New York
3197533100947860058,1488301067,20170228,1,77.99,779.9,18,2220,google,organic,desktop,United States,not available in demo dataset
6275380876231092642,1488309003,20170228,1,31.97,319.7,18,409,(direct),(none),desktop,United States,not available in demo dataset
4792411607866172207,1488308570,20170228,1,30.97,309.7,20,1165,google,organic,desktop,United States,Omaha
817889198360028730,1488307812,20170228,1,123.12,1231.2,18,267,(direct),(none),desktop,United States,New York
708898149037036750,1488325604,20170228,1,26.99,269.9,19,397,(direct),(none),desktop,United States,Los Angeles
4792411607866172207,1488292886,20170228,2,101.89,1018.9,22,830,google,organic,desktop,United States,Omaha
4792411607866172207,1488296047,20170228,2,79.92,799.2,24,1446,google,organic,desktop,United States,Omaha
9970378027479686216,1488301739,20170228,1,147.7,1477.0,20,1879,(direct),(none),desktop,United States,New York
1755285075789070273,1488328765,20170228,1,15.99,159.9,24,842,(direct),(none),mobile,United States,not available in demo dataset
053534274976399191,1488306953,20170228,1,151.97,1519.7,23,698,(direct),(none),desktop,United States,not available in demo dataset
4490616705875483786,1488305565,20170228,1,61.99,619.9,21,416,dfa,cpm,desktop,United States,not available in demo dataset
0114215561909122661,1488353173,20170228,2,1108.7,11087.0,28,996,(direct),(none),mobile,United States,not available in demo dataset
7908307514083563203,1488307871,20170228,1,124.89,1248.9,27,491,(direct),(none),desktop,United States,not available in demo dataset
2020115174591875878,1488310439,20170228,1,396.1,3961.0,26,1221,(direct),(none),desktop,United States,Cambridge
3331520402601088577,1488317860,20170228,1,49.52,495.20000000000005,27,785,(direct),(none),desktop,United States,New York
8200223105926163583,1488345482,20170228,1,162.93,1629.3000000000002,31,686,google,organic,desktop,United States,not available in demo dataset
5248175492675011686,1488288694,20170228,1,110.3,1103.0,33,809,(direct),(none),desktop,United States,Chicago
6887689755860406789,1488308195,20170228,1,123.99,1239.8999999999999,31,842,(direct),(none),desktop,United States,New York
4950411203281265700,1488326462,20170228,1,675.6,6756.0,36,857,(direct),(none),mobile,United States,Seattle
3329885141648806984,1488299162,20170228,1,684.56,6845.599999999999,33,1915,(direct),(none),desktop,United States,not available in demo dataset
6241521427679714135,1488305499,20170228,1,55.83,558.3,39,1799,google,organic,desktop,United States,not available in demo dataset
7574410263456433105,1488320280,20170228,1,323.0,3230.0,44,847,google,organic,desktop,United States,Chicago
6857552977266709862,1488304866,20170228,1,85.27,852.6999999999999,50,1696,google,organic,mobile,United States,San Francisco
3916992730920009646,1488319683,20170228,1,425.73,4257.3,65,1672,google,organic,desktop,United States,Cambridge
4649260019813877434,1489870589,20170318,1,25.19,251.9,10,260,(direct),(none),desktop,United States,New York
5506252636984240806,1489895767,20170318,1,8.99,89.9,14,239,(direct),(none),mobile,United States,not available in demo dataset
6035720315860401957,1489867561,20170318,1,33.56,335.6,15,430,(direct),(none),desktop,United States,Mountain View
3939473019641912529,1489897687,20170318,1,29.99,299.9,17,1755,(direct),(none),desktop,United States,Chicago
7229994429253580812,1489871818,20170318,1,38.98,389.79999999999995,14,615,(direct),(none),mobile,United States,not available in demo dataset
2936634930290678437,1489873748,20170318,1,36.18,361.8,17,568,(direct),(none),desktop,United States,not available in demo dataset
7651073139895028250,1489871810,20170318,1,23.18,231.8,19,365,(direct),(none),desktop,United States,San Francisco
0990618717119574179,1489833885,20170318,1,58.14,581.4,18,369,(direct),(none),desktop,United States,not available in demo dataset
5378279160532453494,1489896390,20170318,1,62.99,629.9,21,814,google,organic,desktop,United States,not available in demo dataset
8657427332734176422,1489855739,20170318,1,116.4,1164.0,22,1745,google,organic,desktop,United States,Chicago
6144620538699663193,1489854116,20170318,1,2.99,29.900000000000002,28,1081,google,organic,desktop,United States,not available in demo dataset
0343219748684366958,1489866942,20170318,1,108.05,1080.5,35,847,(direct),(none),desktop,United States,not available in demo dataset
5995442471500823689,1489878004,20170318,1,104.13,1041.3,29,2202,(direct),(none),desktop,United States,not available in demo dataset
8197879643797712877,1489873162,20170318,1,380.52,3805.2,41,2761,google,organic,desktop,United States,not available in demo dataset
2261390197712029015,1489848582,20170318,1,79.98,799.8000000000001,44,1013,google,cpc,desktop,United States,New York
625333892395560084,1489859604,20170318,1,51.99,519.9,59,1896,google,organic,desktop,United States,not available in demo dataset
6879336706336070910,1489823400,20170318,7,1209.64,12096.400000000001,400,8872,mail.google.com,referral,desktop,Venezuela,not available in demo dataset
4307411610497308919,1485812030,20170130,1,94.99,949.9,14,192,(direct),(none),desktop,United States,Ann Arbor
4535878237328113213,1485802555,20170130,1,12.97,129.70000000000002,21,1071,(direct),(none),mobile,United States,Los Angeles
4792822839185962320,1485834622,20170130,1,15.99,159.9,20,475,google.com,referral,desktop,United States,New York
5456592734532030332,1485834058,20170130,1,23.98,239.8,19,593,(direct),(none),desktop,United States,not available in demo dataset
0152778576197288117,1485840660,20170130,1,45.99,459.90000000000003,17,458,(direct),(none),desktop,United States,not available in demo dataset
5590743844926892757,1485799306,20170130,1,263.88,2638.8,22,1681,(direct),(none),desktop,United States,not available in demo dataset
2751071784203497950,1485805440,20170130,1,373.8,3738.0,21,408,dfa,cpm,desktop,United States,Mountain View
868383912397841864,1485786629,20170130,1,87.96,879.5999999999999,25,1152,(direct),(none),desktop,Canada,not available in demo dataset
2620614855835258214,1485798049,20170130,1,30.47,304.7,28,1061,(direct),(none),desktop,United States,not available in demo dataset
4734664452187566278,1485821417,20170130,1,64.99,649.9,25,2238,(direct),(none),desktop,United States,Mountain View
011223364686614335,1485789961,20170130,1,42.97,429.7,22,1036,(direct),(none),desktop,United States,not available in demo dataset
5206644155829437888,1485823342,20170130,1,59.99,599.9,29,3449,(direct),(none),desktop,United States,Houston
2607736667163691156,1485797667,20170130,1,33.48,334.79999999999995,29,1801,(direct),(none),desktop,United States,not available in demo dataset
9596568187246807844,1485809599,20170130,1,108.94,1089.4,31,1835,(direct),(none),desktop,United States,New York
1685233972617661487,1485764399,20170130,1,42.98,429.79999999999995,34,622,(direct),(none),desktop,United States,not available in demo dataset
6526021164670173680,1485832264,20170130,1,70.93,709.3000000000001,32,585,(direct),(none),desktop,United States,not available in demo dataset
8926768253847212533,1485817035,20170130,1,29.78,297.8,28,430,(direct),(none),desktop,United States,Chicago
9077649148974613765,1485812515,20170130,1,33.78,337.8,30,781,(direct),(none),desktop,United States,New York
7405717600950397747,1485831616,20170130,1,27.99,279.9,36,990,(direct),(none),desktop,United States,not available in demo dataset
2003564080152950767,1485808664,20170130,1,81.76,817.6,30,409,(direct),(none),desktop,United States,Washington
9715183070192673688,1485798804,20170130,1,34.58,345.79999999999995,33,873,(direct),(none),desktop,United States,Cambridge
7452591958167406113,1485829428,20170130,1,12.96,129.60000000000002,30,847,(direct),(none),desktop,United States,New York
4660460246407615039,1485797757,20170130,1,210.85,2108.5,37,1488,(direct),(none),desktop,United States,Austin
5343854079752182770,1485806049,20170130,1,331.92,3319.2000000000003,35,1907,mail.google.com,referral,desktop,United States,not available in demo dataset
0586022395219552336,1485829002,20170130,1,111.02,1110.2,38,2577,(direct),(none),desktop,United States,New York
4038361093830077975,1485803736,20170130,1,375.74,3757.4,38,1247,(direct),(none),desktop,United States,not available in demo dataset
5609394618521393122,1485798388,20170130,1,76.8,768.0,44,1064,(direct),(none),desktop,United States,not available in demo dataset
6986536761307654836,1485834064,20170130,1,258.24,2582.4,53,2423,(direct),(none),desktop,United States,not available in demo dataset
6110976865163605905,1485796019,20170130,1,349.43,3494.3,48,1877,(direct),(none),desktop,United States,Chicago
0199756139590139879,1485791810,20170130,2,601.1,6011.0,94,3570,(direct),(none),desktop,United States,Austin
7118031954619805826,1485825117,20170130,1,25.99,259.9,10,276,(direct),(none),desktop,United States,not available in demo dataset
4162641733520995374,1485798037,20170130,1,51.79,517.9,13,588,(direct),(none),desktop,United States,not available in demo dataset
9034814434587721345,1485821620,20170130,1,86.99,869.9,13,769,(direct),(none),desktop,United States,Mountain View
0548744394505098293,1501010265,20170725,1,41.78,417.8,16,361,(direct),(none),desktop,United States,San Francisco
0652202420147185334,1501001111,20170725,1,308.12,3081.2,17,528,google,organic,desktop,United States,not available in demo dataset
8277644417832306861,1501047204,20170725,1,20.5,205.0,18,479,(direct),(none),mobile,United States,San Francisco
5763555354582854124,1501016558,20170725,1,61.01,610.1,17,996,sites.google.com,referral,desktop,United States,Sunnyvale
452384137560800015,1501005225,20170725,1,36.07,360.7,17,507,(direct),(none),desktop,United States,not available in demo dataset
7731162068091223593,1501012729,20170725,1,18.19,181.9,22,502,(direct),(none),desktop,United States,Cambridge
4921798700570421930,1500994959,20170725,1,26.36,263.6,20,541,google,organic,desktop,United States,Mountain View
6968323948324124881,1501003716,20170725,1,28.99,289.9,21,994,google,organic,tablet,United States,not available in demo dataset
3454415788904146693,1501039344,20170725,1,32.49,324.90000000000003,25,1253,google,organic,desktop,China,not available in demo dataset
8528973034561269758,1501014014,20170725,1,19.85,198.5,20,483,google,organic,desktop,United States,(not set)
689318192161645703,1501012120,20170725,1,102.05,1020.5,24,2883,(direct),(none),desktop,United States,not available in demo dataset
3156235512146749592,1500995902,20170725,1,839.2,8392.0,25,860,(direct),(none),desktop,United States,San Francisco
165109760635455356,1501047210,20170725,1,110.12,1101.2,25,1363,google,organic,desktop,United States,Mountain View
3273268557987890623,1501002497,20170725,2,118.3,1183.0,25,412,(direct),(none),desktop,United States,New York
1563065767696461622,1501043858,20170725,1,43.28,432.8,21,546,(direct),(none),desktop,United States,New York
4140153693332318188,1501015701,20170725,1,78.86,788.6,24,547,(direct),(none),desktop,United States,not available in demo dataset
7115815619589342932,1500993067,20170725,1,64.1,641.0,25,455,(direct),(none),desktop,United States,New York
6052206455243513477,1500993100,20170725,1,1511.0,15110.0,26,869,(direct),(none),desktop,Nigeria,San Bruno
6366523937097011266,1501007293,20170725,1,75.7,757.0,22,650,(direct),(none),desktop,United States,Austin
9598226286194728257,1501045827,20170725,1,11.5,115.0,31,1186,google,cpc,mobile,United States,(not set)
5135901390896357467,1501009658,20170725,1,64.6,646.0,27,1105,(direct),(none),desktop,United States,not available in demo dataset
6568405082195988335,1500973527,20170725,1,31.27,312.7,38,2254,google,cpc,mobile,United States,not available in demo dataset
1675608109098320028,1501038383,20170725,1,50.99,509.90000000000003,46,1340,(direct),(none),desktop,United States,Sunnyvale
0743501820485430157,1501034665,20170725,2,60.15,601.5,47,1338,google,cpm,desktop,United States,Mountain View
1164110348121511511,1500999677,20170725,1,73.98,739.8000000000001,48,1044,(direct),(none),desktop,United States,Sunnyvale
7803437096506812413,1501015763,20170725,1,877.15,8771.5,46,6850,google,organic,desktop,United States,not available in demo dataset
0082806901961150595,1501008172,20170725,1,173.27,1732.7,51,1239,(direct),(none),desktop,United States,Mountain View
0795389678082168807,1501008436,20170725,1,37.18,371.8,10,406,(direct),(none),desktop,United States,Mountain View
2338178303528914061,1501015381,20170725,1,33.22,332.2,13,678,google,organic,desktop,United States,Sunnyvale
1424355572088327868,1501013364,20170725,1,107.99,1079.8999999999999,12,352,google,organic,desktop,United States,Redwood City
1152695544079009829,1500985147,20170725,1,26.3,263.0,14,444,google,organic,mobile,United States,not available in demo dataset
963845761761571092,1501020559,20170725,1,22.78,227.8,13,257,(direct),(none),desktop,United States,New York
1182675562893088634,1500994795,20170725,1,266.58,2665.7999999999997,17,1197,(direct),(none),desktop,United States,not available in demo dataset
2141032560407740130,1501011962,20170725,1,65.7,657.0,15,409,google,organic,desktop,Canada,Toronto
2491238829943520906,1501025807,20170725,1,25.78,257.8,20,797,(direct),(none),desktop,United States,not available in demo dataset
9654518257837426461,1501027632,20170725,1,48.0,480.0,18,869,(direct),(none),desktop,United States,San Francisco
8045269004501879316,1491015471,20170331,1,48.97,489.7,12,404,google,organic,desktop,United States,San Jose
0608915197735218105,1490987475,20170331,1,181.15,1811.5,15,790,(direct),(none),desktop,United States,not available in demo dataset
8325952063826402508,1490974815,20170331,1,11.99,119.9,19,710,google,organic,desktop,United States,not available in demo dataset
7813149961404844386,1490973405,20170331,1,135.97,1359.7,18,910,(direct),(none),desktop,United States,not available in demo dataset
1900860815673587826,1490964077,20170331,1,200.85,2008.5,19,454,google,organic,desktop,United States,not available in demo dataset
0106737648841708519,1490997130,20170331,1,77.99,779.9,21,946,(direct),(none),desktop,United States,not available in demo dataset
3245361038398109550,1490977245,20170331,1,24.99,249.89999999999998,21,1296,google,organic,mobile,United States,not available in demo dataset
8694355452575545728,1490978112,20170331,1,112.98,1129.8,21,750,google,organic,desktop,United States,not available in demo dataset
5438008470160894903,1490993791,20170331,1,196.08,1960.8000000000002,24,1355,(direct),(none),desktop,United States,not available in demo dataset
58062449645143625,1490997857,20170331,1,196.1,1961.0,24,841,(direct),(none),desktop,United States,Seattle
5296105795874914931,1491004855,20170331,1,122.47,1224.7,26,1722,(direct),(none),desktop,United States,New York
4702129911000860052,1491002380,20170331,1,98.94,989.4,34,1629,google,organic,mobile,United States,not available in demo dataset
2039492680362282609,1491020230,20170331,2,1093.16,10931.6,36,2658,(direct),(none),mobile,United States,Los Angeles
2415088680349132013,1491001994,20170331,1,84.95,849.5,44,757,(direct),(none),desktop,United States,not available in demo dataset
3197533100947860058,1490964302,20170331,1,686.49,6864.9,44,2403,google,organic,desktop,United States,not available in demo dataset
0389986037860676472,1490980280,20170331,1,692.81,6928.099999999999,39,1527,google,organic,desktop,United States,New York
1971879185768782326,1490974023,20170331,1,90.37,903.7,78,3446,google,organic,desktop,United States,not available in demo dataset
0909158646354924303,1488873448,20170307,1,69.59,695.9000000000001,8,297,(direct),(none),desktop,United States,Mountain View
49628940161747998,1488896284,20170307,1,13.96,139.60000000000002,8,171,(direct),(none),mobile,United States,Los Angeles
8130967170149576800,1488897288,20170307,1,156.75,1567.5,9,217,(direct),(none),desktop,United States,not available in demo dataset
6944288019130180719,1488896376,20170307,1,87.19,871.9,12,1453,(direct),(none),desktop,United States,not available in demo dataset
3072906415117777345,1488920916,20170307,1,43.99,439.90000000000003,11,222,(direct),(none),desktop,United States,New York
8277648855078565042,1488919872,20170307,1,29.99,299.9,11,335,google,cpc,desktop,United States,not available in demo dataset
4284278279892078822,1488903317,20170307,1,42.99,429.90000000000003,13,326,google,organic,desktop,United States,not available in demo dataset
7048168030891512460,1488900033,20170307,1,228.75,2287.5,13,391,(direct),(none),desktop,United States,Chicago
7691884507775578651,1488914056,20170307,1,27.98,279.8,14,748,google,cpc,desktop,United States,San Francisco
4571278149582877432,1488948453,20170307,1,25.99,259.9,17,1898,youtube.com,referral,desktop,United States,not available in demo dataset
818059420778807531,1488909054,20170307,1,25.99,259.9,16,632,google,organic,mobile,United States,not available in demo dataset
0654327480845915716,1488948912,20170307,1,74.96,749.5999999999999,19,229,google,organic,desktop,United States,Houston
3775157044065915076,1488933911,20170307,1,143.42,1434.1999999999998,16,603,(direct),(none),desktop,United States,New York
1310018827141694305,1488917154,20170307,1,373.7,3737.0,18,618,(direct),(none),desktop,United States,San Francisco
6944288019130180719,1488901743,20170307,1,8.99,89.9,20,6234,(direct),(none),desktop,United States,not available in demo dataset
5342287440571105823,1488921995,20170307,1,62.59,625.9000000000001,20,518,(direct),(none),desktop,United States,Mountain View
0536651165928149969,1488899122,20170307,1,34.98,349.79999999999995,19,2327,google,organic,desktop,United States,not available in demo dataset
0898161291686965750,1488920028,20170307,1,345.75,3457.5,18,569,(direct),(none),desktop,United States,not available in demo dataset
9979550771372989715,1488922829,20170307,1,28.99,289.9,25,889,google,organic,desktop,United States,not available in demo dataset
4471415710206918415,1488955282,20170307,1,1149.5,11495.0,22,613,(direct),(none),desktop,United States,Mountain View
5103352081821571927,1488939871,20170307,1,44.17,441.70000000000005,23,348,(direct),(none),desktop,United States,Seattle
8981840546214249498,1488901668,20170307,1,87.54,875.4000000000001,23,1924,google,organic,desktop,United States,New York
5709093382250533707,1488905319,20170307,1,88.85,888.5,29,1627,google,organic,desktop,Japan,not available in demo dataset
7234178212893913418,1488902503,20170307,1,67.04,670.4000000000001,26,399,google,organic,desktop,United States,San Francisco
114291970451691046,1488929016,20170307,1,30.6,306.0,24,1415,(direct),(none),desktop,United States,Mountain View
9702922854313747953,1488930506,20170307,1,407.4,4074.0,30,1200,(direct),(none),desktop,United States,Seattle
6128896276202796996,1488947533,20170307,1,27.36,273.6,29,1769,google,organic,desktop,United States,not available in demo dataset
2507346080386513370,1488912172,20170307,1,134.98,1349.8,24,628,(direct),(none),desktop,United States,Chicago
4068767292282197614,1488957573,20170307,1,30.91,309.1,38,1157,google,organic,desktop,United States,Santa Clara
6768770758966882890,1488939588,20170307,1,77.72,777.2,33,1151,(direct),(none),desktop,United States,not available in demo dataset
8517640021399044163,1488921520,20170307,1,568.45,5684.5,36,848,(direct),(none),desktop,United States,Chicago
229738108093221604,1488915926,20170307,1,33.78,337.8,32,1059,(direct),(none),desktop,United States,Mountain View
6189798713014161370,1488943785,20170307,1,533.95,5339.5,40,1133,(direct),(none),desktop,United States,Chicago
3939966046509655464,1488932557,20170307,1,1037.21,10372.1,52,1170,(direct),(none),desktop,United States,Mountain View
2048511066419559359,1488917517,20170307,1,328.61,3286.1000000000004,76,1034,(direct),(none),desktop,United States,Chicago
7230430554273149935,1487450421,20170218,1,13.99,139.9,15,442,(direct),(none),mobile,United States,not available in demo dataset
2621030918006073381,1487463037,20170218,1,26.99,269.9,16,490,(direct),(none),mobile,United States,not available in demo dataset
3520723582970220131,1487487070,20170218,1,35.18,351.8,17,447,(direct),(none),desktop,United States,Sunnyvale
0049832664882617771,1487473668,20170218,1,49.79,497.9,20,743,(direct),(none),desktop,United States,San Jose
3573113591289892546,1487448640,20170218,1,8.99,89.9,20,351,(direct),(none),desktop,United States,not available in demo dataset
4462404968773429244,1487453551,20170218,1,82.19,821.9,28,5445,(direct),(none),desktop,United States,San Francisco
7282705298132684237,1487463809,20170218,1,53.11,531.1,31,705,(direct),(none),desktop,United States,not available in demo dataset
5964418919606294332,1487469656,20170218,1,82.54,825.4000000000001,33,876,(direct),(none),desktop,United States,Santa Clara
0357440337109667396,1487468113,20170218,1,47.0,470.0,20,888,(direct),(none),desktop,United States,not available in demo dataset
5612267454123483298,1487464475,20170218,1,24.17,241.70000000000002,37,955,(direct),(none),desktop,United States,New York
3015350453130669624,1487440836,20170218,1,56.45,564.5,49,760,(direct),(none),desktop,United States,New York
0199007580877867026,1487433407,20170218,1,17.99,179.89999999999998,8,172,(direct),(none),mobile,United States,not available in demo dataset
473442131850032599,1487469025,20170218,1,7.5,75.0,11,278,(direct),(none),desktop,United States,New York
3694234028523165868,1499026072,20170702,1,21.19,211.9,13,1831,dfa,cpm,desktop,United States,not available in demo dataset
2760610370970936430,1499022042,20170702,1,31.18,311.8,14,481,(direct),(none),desktop,United States,San Jose
8154318582372771955,1499056679,20170702,1,26.99,269.9,23,666,google,organic,desktop,United States,San Jose
5569275433551045400,1499007891,20170702,1,67.97,679.7,19,1102,google,organic,tablet,United States,not available in demo dataset
9344315745283537381,1499044949,20170702,1,58.68,586.8,21,2969,google,organic,desktop,United States,not available in demo dataset
9460311742865907976,1499012816,20170702,1,37.48,374.79999999999995,22,1125,google,cpc,mobile,United States,San Jose
3117858606721790013,1499002322,20170702,1,52.56,525.6,24,1171,google,organic,desktop,United States,not available in demo dataset
8197879643797712877,1498996476,20170702,1,382.94,3829.4,21,718,google,organic,desktop,United States,not available in demo dataset
181376187781387051,1495809445,20170526,1,339.75,3397.5,13,290,(direct),(none),desktop,United States,Chicago
817680240606134380,1495810044,20170526,1,22.99,229.89999999999998,16,656,(direct),(none),desktop,United States,not available in demo dataset
5945631967596859293,1495800377,20170526,1,15.59,155.9,16,428,(direct),(none),desktop,South Africa,not available in demo dataset
3775099871992574448,1495851298,20170526,1,15.63,156.3,17,393,(direct),(none),desktop,United States,San Francisco
165104775254170953,1495832501,20170526,1,59.99,599.9,18,880,(direct),(none),desktop,United States,Mountain View
2732522561242440799,1495831509,20170526,1,53.38,533.8000000000001,17,455,(direct),(none),desktop,United States,San Francisco
2053317929607865427,1495823600,20170526,1,17.99,179.89999999999998,22,814,(direct),(none),desktop,United States,Seattle
7576219858086855027,1495851085,20170526,1,21.97,219.7,22,710,google,organic,mobile,United States,not available in demo dataset
1515634577143113797,1495864735,20170526,1,79.99,799.9,22,1704,l.facebook.com,referral,desktop,United States,San Jose
688332067410799097,1495822132,20170526,1,70.96,709.5999999999999,22,573,(direct),(none),desktop,United States,Los Angeles
8551112991718773193,1495840923,20170526,1,41.26,412.59999999999997,23,504,(direct),(none),desktop,United States,Los Angeles
9716190683846040221,1495820791,20170526,1,18.19,181.9,18,1054,(direct),(none),desktop,United States,Seattle
0445631247863989355,1495831131,20170526,1,37.77,377.70000000000005,21,468,(direct),(none),desktop,United States,Seattle
7451784455034182787,1495832202,20170526,1,42.48,424.79999999999995,23,747,plus.google.com,referral,desktop,United States,Sunnyvale
6006657047016577071,1495802402,20170526,1,90.14,901.4,22,492,(direct),(none),desktop,United States,not available in demo dataset
4260129132154097031,1495808608,20170526,1,97.58,975.8,29,2130,(direct),(none),desktop,United States,not available in demo dataset
7884800380653018929,1495828045,20170526,1,120.05,1200.5,29,1784,(direct),(none),desktop,United States,New York
684586979835492905,1495820440,20170526,1,259.0,2590.0,28,674,(direct),(none),desktop,United States,Sunnyvale
5692598567107013181,1495810268,20170526,1,87.0,870.0,16,356,google,organic,desktop,United States,New York
1957458976293878100,1495823368,20170526,1,416.96,4169.599999999999,32,936,dfa,cpm,desktop,United States,not available in demo dataset
0157592049434831040,1495811875,20170526,1,381.65,3816.5,36,1285,(direct),(none),desktop,United States,not available in demo dataset
4984366501121503466,1495836446,20170526,1,640.9,6409.0,33,1711,(direct),(none),desktop,United States,not available in demo dataset
1794229321970124318,1495865985,20170526,1,85.06,850.6,34,1235,(direct),(none),mobile,United States,not available in demo dataset
2118542080997390034,1495863604,20170526,1,62.45,624.5,42,1662,(direct),(none),mobile,United States,not available in demo dataset
9751902738681438477,1495817001,20170526,1,58.97,589.7,46,2880,(direct),(none),desktop,United States,not available in demo dataset
4202270774620698558,1495835562,20170526,1,40.98,409.79999999999995,13,920,google,cpc,mobile,United States,not available in demo dataset
2091708218998967059,1495849469,20170526,1,880.8,8808.0,13,570,(direct),(none),desktop,United States,not available in demo dataset
6932737592368590436,1495812790,20170526,1,69.08,690.8,14,1452,google,cpc,desktop,United States,not available in demo dataset
4899803417936737547,1495820152,20170526,1,60.97,609.7,13,282,(direct),(none),desktop,United States,Mountain View
4619500155076123195,1495835776,20170526,1,37.39,373.9,17,372,(direct),(none),desktop,United States,Mountain View
4706268205340305980,1495802522,20170526,1,153.85,1538.5,13,310,(direct),(none),desktop,United States,New York
1958518504412290611,1500675094,20170721,1,32.98,329.79999999999995,17,830,(direct),(none),desktop,United States,not available in demo dataset
7282058185499112847,1500667668,20170721,1,36.99,369.90000000000003,16,389,(direct),(none),desktop,United States,Kirkland
3551040750443861038,1500681680,20170721,1,37.49,374.90000000000003,18,812,(direct),(none),desktop,United States,Mountain View
7171943038143298955,1500651440,20170721,1,49.47,494.7,18,483,google,cpm,desktop,United States,Mountain View
7730778110265788269,1500622895,20170721,1,69.26,692.6,17,1026,(direct),(none),desktop,United States,San Jose
1476938238176225678,1500682499,20170721,1,222.33,2223.3,18,952,(direct),(none),desktop,United States,not available in demo dataset
1081954083914922307,1500648844,20170721,1,183.72,1837.2,22,1703,google,organic,desktop,United States,not available in demo dataset
3813195472927677467,1500659920,20170721,1,20.97,209.7,21,758,(direct),(none),desktop,United States,Sunnyvale
6486795623038216247,1500666855,20170721,1,39.18,391.8,18,195,(direct),(none),desktop,United States,Mountain View
5322397769480961983,1500677017,20170721,1,149.99,1499.9,27,1090,google,organic,desktop,United States,Palo Alto
330062846836232829,1500664564,20170721,1,34.27,342.70000000000005,21,498,google,organic,desktop,United States,Dallas
0535797652559788641,1500695352,20170721,1,85.26,852.6,29,2408,google,organic,desktop,United States,not available in demo dataset
4045831322438555082,1500650071,20170721,1,37.48,374.79999999999995,26,779,google,organic,desktop,United States,not available in demo dataset
0953889584295924240,1500643442,20170721,1,24.72,247.2,33,1150,(direct),(none),desktop,Canada,New York
3117505679893009709,1500681737,20170721,1,166.96,1669.6000000000001,33,1314,(direct),(none),desktop,United States,not available in demo dataset
0080479763428955064,1500646191,20170721,1,150.96,1509.6000000000001,34,2037,google,organic,desktop,Canada,not available in demo dataset
7797161228996458724,1500680825,20170721,1,20.27,202.7,33,760,google,organic,desktop,United States,not available in demo dataset
9305224849656676534,1500657152,20170721,1,199.95,1999.5,30,714,(direct),(none),desktop,United States,Seattle
160370198171303042,1500679118,20170721,1,52.43,524.3,31,1692,google,organic,mobile,United States,not available in demo dataset
7880178108492772399,1500668164,20170721,1,99.55,995.5,37,1338,dfa,cpm,desktop,United States,San Jose
9905174730865679854,1500675274,20170721,1,58.43,584.3,33,1018,google,organic,desktop,United States,Mountain View
5365708442015077167,1500693706,20170721,1,52.49,524.9,44,1102,google,organic,desktop,United States,not available in demo dataset
9905174730865679854,1500670246,20170721,1,92.48,924.8000000000001,43,2797,google,organic,desktop,United States,Mountain View
1712066703099487652,1500698268,20170721,1,66.78,667.8,56,3078,(direct),(none),desktop,United States,Sunnyvale
746996333765865062,1500674722,20170721,1,19.99,199.89999999999998,58,3216,(direct),(none),desktop,United States,Mountain View
4640309372934566564,1500662800,20170721,1,53.78,537.8,60,2453,(direct),(none),desktop,United States,Mountain View
9417857471295131045,1500657634,20170721,2,1337.28,13372.8,76,2041,(direct),(none),desktop,United States,not available in demo dataset
8230689683989624083,1500681611,20170721,1,34.2,342.0,7,423,(direct),(none),desktop,United States,Mountain View
2863616485775419102,1500661627,20170721,1,34.91,349.09999999999997,10,1066,google,organic,desktop,United States,Austin
0640040708763897460,1500672436,20170721,1,38.76,387.59999999999997,11,298,google,cpm,desktop,United States,San Francisco
1875268638592946287,1500656693,20170721,1,23.99,239.89999999999998,12,465,google,organic,mobile,United States,Chicago
7954367393399826900,1500656497,20170721,1,17.31,173.1,13,904,(direct),(none),desktop,United States,Mountain View
83055806370747628,1500652929,20170721,1,31.93,319.3,14,751,(direct),(none),desktop,United States,Irvine
4299030824455740972,1500649778,20170721,1,7.56,75.6,14,389,(direct),(none),desktop,United States,Mountain View
0975931442450346746,1500660560,20170721,1,243.88,2438.8,15,347,google,cpc,desktop,United States,not available in demo dataset
0500460722094613747,1500673665,20170721,1,57.0,570.0,16,893,(direct),(none),desktop,United States,Seattle
2590088265600782267,1500636089,20170721,1,35.99,359.90000000000003,15,243,(direct),(none),desktop,United States,New York
5066382323992610838,1500666564,20170721,1,49.99,499.90000000000003,19,390,(direct),(none),desktop,United States,Sunnyvale
6274615038428740035,1500657438,20170721,1,20.99,209.89999999999998,17,811,google,organic,mobile,United States,not available in demo dataset
6646523251391378796,1500649336,20170721,1,48.09,480.90000000000003,17,719,(direct),(none),desktop,United States,Santa Clara
8930278305459563871,1500660701,20170721,1,61.02,610.2,16,869,(direct),(none),desktop,United States,New York
719763844495200108,1499712302,20170710,1,228.95,2289.5,8,127,(direct),(none),desktop,United States,New York
2584510701660360932,1499734669,20170710,1,21.43,214.3,11,154,(direct),(none),desktop,United States,Sunnyvale
9802926311803722380,1499716191,20170710,1,3.99,39.900000000000006,10,561,google,organic,desktop,United States,not available in demo dataset
4858273376881706416,1499754600,20170710,1,51.79,517.9,11,1149,(direct),(none),desktop,United States,not available in demo dataset
4589600625729389981,1499700359,20170710,1,226.95,2269.5,11,365,(direct),(none),desktop,United States,New York
7782965489086957079,1499708196,20170710,1,378.4,3784.0,12,770,(direct),(none),desktop,United States,New York
9856403899995722473,1499711517,20170710,1,384.4,3844.0,13,474,(direct),(none),desktop,United States,Mountain View
0967510812862831126,1499699719,20170710,1,85.8,858.0,15,1175,(direct),(none),desktop,United States,Nashville
670722016498267,1499709643,20170710,1,43.98,439.79999999999995,17,626,(direct),(none),desktop,Germany,not available in demo dataset
3839596841653772572,1499714704,20170710,1,23.19,231.9,16,906,(direct),(none),desktop,United States,San Bruno
8151349247637576196,1499715716,20170710,1,72.7,727.0,15,230,(direct),(none),desktop,United States,not available in demo dataset
5540724306740925009,1499697853,20170710,1,35.19,351.9,16,553,(direct),(none),desktop,United States,Ann Arbor
0774683549194942679,1499727488,20170710,1,27.99,279.9,16,589,google,organic,desktop,United States,not available in demo dataset
702564824793049879,1499708504,20170710,1,22.73,227.3,13,314,(direct),(none),desktop,United States,not available in demo dataset
43770390702768717,1499698183,20170710,1,229.95,2299.5,18,337,(direct),(none),desktop,United States,New York
1025574386832469970,1499716887,20170710,1,23.59,235.9,17,681,(direct),(none),desktop,United States,Sunnyvale
067475292701707948,1499720473,20170710,1,21.42,214.20000000000002,17,544,(direct),(none),desktop,United States,Santa Clara
7910024669087314685,1499709081,20170710,1,148.7,1487.0,16,676,(direct),(none),desktop,United States,Mountain View
261669143599587910,1499728144,20170710,1,45.98,459.79999999999995,16,1977,google,organic,mobile,United States,Austin
3295470093238310609,1499729470,20170710,1,47.87,478.7,21,731,google,cpc,mobile,United States,Austin
0429502726115959763,1499693878,20170710,1,146.99,1469.9,22,1554,google,organic,desktop,United States,not available in demo dataset
5812572929202367937,1499712836,20170710,1,160.8,1608.0,18,733,google,organic,desktop,United States,Cambridge
0183218035021860438,1499730976,20170710,1,85.99,859.9,22,548,(direct),(none),desktop,United States,Mountain View
7507699100891959218,1499698765,20170710,1,105.99,1059.8999999999999,20,395,google,organic,desktop,United States,Austin
8901669251595592717,1499708895,20170710,1,34.98,349.79999999999995,25,2465,google,organic,desktop,United States,New York
4068647851581953751,1499708806,20170710,1,108.17,1081.7,21,314,sites.google.com,referral,desktop,United States,San Francisco
9448751983627817237,1499749453,20170710,1,203.98,2039.8,24,742,(direct),(none),desktop,United States,New York
5694129009662162026,1499704569,20170710,1,34.18,341.8,28,900,(direct),(none),desktop,United Kingdom,London
6051908919929899878,1499716364,20170710,1,200.55,2005.5,27,1559,(direct),(none),desktop,United States,Mountain View
1947343681843355858,1499708019,20170710,1,307.69,3076.9,26,1228,(direct),(none),desktop,United States,New York
4339064982507273483,1499727452,20170710,1,20.99,209.89999999999998,32,1794,google,organic,desktop,United States,Houston
425433276966204823,1499728276,20170710,1,16.29,162.89999999999998,32,1533,google,organic,desktop,United States,not available in demo dataset
7911961580493101960,1499727270,20170710,1,16.56,165.6,31,537,(direct),(none),desktop,United States,not available in demo dataset
8836653961966700632,1499700048,20170710,1,103.35,1033.5,32,1118,(direct),(none),desktop,United States,New York
9707913144913687378,1499708578,20170710,1,130.48,1304.8,33,1067,(direct),(none),desktop,United States,Mountain View
5095160033645238155,1499695575,20170710,1,30.19,301.90000000000003,29,509,(direct),(none),desktop,United States,Cambridge
8519577869545508855,1499745200,20170710,1,35.62,356.2,31,1138,(direct),(none),desktop,United States,not available in demo dataset
491177567878140069,1499739706,20170710,1,60.11,601.1,40,2031,(direct),(none),desktop,United States,New York
5670613208439164608,1499747491,20170710,1,137.05,1370.5,39,1341,(direct),(none),desktop,United States,not available in demo dataset
6246146960091353412,1499710348,20170710,1,72.14,721.4,32,1747,google,organic,desktop,United States,Cambridge
6502669189284720026,1499707468,20170710,1,475.12,4751.2,35,905,(direct),(none),desktop,United States,not available in demo dataset
749967699578346374,1499715145,20170710,1,255.28,2552.8,43,1176,google,organic,desktop,United States,not available in demo dataset
544222846238969798,1499677525,20170710,1,38.98,389.79999999999995,56,2464,google,organic,desktop,United States,not available in demo dataset
4178948793864037103,1499721652,20170710,4,1443.79,14437.9,79,3600,(direct),(none),desktop,United States,San Francisco
8363178793377014434,1488391614,20170301,1,32.18,321.8,12,548,(direct),(none),desktop,United States,Ann Arbor
1048387524675825671,1488416115,20170301,1,59.38,593.8000000000001,11,224,(direct),(none),desktop,United States,Sunnyvale
4009285433489388850,1488399856,20170301,1,58.99,589.9,13,734,(direct),(none),desktop,United States,Los Angeles
3230704866307301165,1488403585,20170301,1,63.99,639.9,14,406,(direct),(none),desktop,United States,Mountain View
1675106320886128979,1488401594,20170301,1,38.39,383.9,15,388,google,organic,desktop,United States,Ann Arbor
3795540402118336665,1488404496,20170301,1,23.99,239.89999999999998,15,400,(direct),(none),desktop,United States,Kirkland
0315387128062353822,1488383416,20170301,1,47.57,475.7,15,354,(direct),(none),desktop,United States,New York
2704783568833269551,1488413798,20170301,1,64.99,649.9,17,550,(direct),(none),desktop,United States,not available in demo dataset
0303985457220103186,1488384891,20170301,1,19.99,199.89999999999998,16,386,google,organic,desktop,United States,not available in demo dataset
269585902888060045,1488421368,20170301,1,66.98,669.8000000000001,15,645,(direct),(none),desktop,United States,not available in demo dataset
513403330506317388,1488427898,20170301,1,849.7,8497.0,17,882,google,organic,desktop,United States,not available in demo dataset
4139848480858316330,1488382475,20170301,1,21.99,219.89999999999998,17,463,google,organic,desktop,United States,not available in demo dataset
3548098454979179257,1488409550,20170301,1,57.99,579.9,20,806,google,organic,mobile,United States,Phoenix
8955934640424753724,1488396395,20170301,1,32.99,329.90000000000003,20,2407,google,organic,desktop,United States,not available in demo dataset
2430203632291905757,1488422127,20170301,1,26.98,269.8,22,1399,google,organic,desktop,United States,not available in demo dataset
054330779667294142,1488386138,20170301,1,38.98,389.79999999999995,22,398,(direct),(none),desktop,United States,not available in demo dataset
6453115802386795978,1488405105,20170301,1,137.75,1377.5,22,376,google,organic,desktop,United States,not available in demo dataset
8007463966328729062,1488389782,20170301,1,24.59,245.9,29,2458,(direct),(none),desktop,United States,Austin
205892253400268407,1488402137,20170301,1,49.78,497.8,26,486,(direct),(none),desktop,United States,San Francisco
7034911966127672083,1488384314,20170301,1,49.79,497.9,21,549,(direct),(none),desktop,United States,not available in demo dataset
1108749937026114251,1488394838,20170301,1,176.93,1769.3000000000002,25,646,(direct),(none),desktop,United States,not available in demo dataset
60637300837021971,1488366849,20170301,1,36.98,369.79999999999995,29,1061,google,organic,mobile,United States,not available in demo dataset
0116189328741483178,1488406051,20170301,1,68.99,689.9,24,575,(direct),(none),desktop,Switzerland,not available in demo dataset
0594824422792523749,1488403712,20170301,1,183.5,1835.0,20,513,(direct),(none),desktop,United States,not available in demo dataset
0806705536235074744,1488376518,20170301,1,31.49,314.9,41,895,google,organic,desktop,United States,not available in demo dataset
5789730670483285107,1488383711,20170301,1,93.95,939.5,44,1525,(direct),(none),desktop,United States,Sandy Springs
939859150591422942,1488405261,20170301,1,147.95,1479.5,49,1153,(direct),(none),desktop,United States,Ann Arbor
1519633874284190334,1488395445,20170301,1,45.11,451.1,45,710,(direct),(none),desktop,United States,Sunnyvale
4928238772423642345,1488407186,20170301,1,368.93,3689.3,46,1494,google,organic,desktop,Canada,not available in demo dataset
6067716449743001995,1488401820,20170301,1,226.68,2266.8,50,1842,google,organic,desktop,United States,not available in demo dataset
1814166460229302850,1488416159,20170301,1,1189.27,11892.7,78,2608,(direct),(none),desktop,United States,not available in demo dataset
2620101459148830872,1488429365,20170301,1,69.56,695.6,107,2155,(direct),(none),desktop,United States,not available in demo dataset
1196381528907199220,1487025142,20170213,1,77.7,777.0,17,413,(direct),(none),desktop,United States,Chicago
2779352561946841357,1487042466,20170213,1,18.99,189.89999999999998,18,2661,google,organic,desktop,United States,Pittsburgh
6890419448387689000,1487035731,20170213,1,38.58,385.79999999999995,15,520,(direct),(none),desktop,United States,Mountain View
531496906783225698,1487026637,20170213,1,27.38,273.8,15,410,(direct),(none),desktop,United States,not available in demo dataset
9388969702302248585,1487009101,20170213,1,101.38,1013.8,19,469,(direct),(none),desktop,United States,Santa Clara
1442960211530041793,1487028762,20170213,1,22.99,229.89999999999998,17,221,google,organic,desktop,United States,not available in demo dataset
3187154400551133371,1487013618,20170213,1,23.99,239.89999999999998,19,572,(direct),(none),desktop,United States,New York
2558560744676722529,1486998987,20170213,1,58.99,589.9,18,558,google,organic,desktop,United States,not available in demo dataset
0579022412844305962,1487028752,20170213,1,16.59,165.9,27,1017,(direct),(none),desktop,United States,not available in demo dataset
6983412535696393860,1487029205,20170213,1,16.59,165.9,25,625,(direct),(none),desktop,United States,Sunnyvale
6758967380059816274,1486995014,20170213,1,76.97,769.7,25,670,yahoo,organic,desktop,United States,New York
4593703173847947843,1487013979,20170213,1,133.98,1339.8,25,466,google,organic,desktop,United States,not available in demo dataset
5450370391820188732,1487054898,20170213,1,28.98,289.8,26,753,google,organic,desktop,United States,not available in demo dataset
9874814452029274358,1487024734,20170213,1,33.98,339.79999999999995,26,823,google,organic,desktop,United States,not available in demo dataset
1476938238176225678,1487021571,20170213,1,140.27,1402.7,34,1441,(direct),(none),desktop,United States,not available in demo dataset
5881534994111255224,1487021037,20170213,1,26.99,269.9,35,898,google,cpc,desktop,United States,not available in demo dataset
0808188573031707969,1486993719,20170213,1,17.98,179.8,34,1621,google,organic,desktop,United States,not available in demo dataset
5810770256591004737,1487035764,20170213,1,262.77,2627.7,34,541,(direct),(none),desktop,United States,Los Angeles
6594015384875997141,1487013126,20170213,1,124.56,1245.6,43,836,(direct),(none),desktop,United States,not available in demo dataset
0314533611538644167,1487007915,20170213,1,30.78,307.8,49,1480,(direct),(none),desktop,United States,New York
6966256087320527646,1487038346,20170213,1,917.5,9175.0,57,1769,(direct),(none),desktop,United States,Los Angeles
3905349665021270549,1487020698,20170213,1,250.71,2507.1,58,1483,(direct),(none),desktop,United States,New York
4835082938415020542,1487016724,20170213,1,714.2,7142.0,98,4358,(direct),(none),desktop,United States,not available in demo dataset
6218917791895202821,1487016811,20170213,1,48.79,487.9,10,902,(direct),(none),desktop,United States,Mountain View
7813149961404844386,1487009243,20170213,1,36.99,369.90000000000003,13,605,(direct),(none),desktop,United States,Salem
1285137808569536764,1487009782,20170213,1,7.99,79.9,11,249,(direct),(none),desktop,United States,not available in demo dataset
1285137808569536764,1487017996,20170213,1,58.99,589.9,12,291,(direct),(none),desktop,United States,not available in demo dataset
0343104487250705794,1487028972,20170213,1,166.96,1669.6000000000001,16,1127,google,organic,desktop,United States,Atlanta
4792411607866172207,1487024563,20170213,1,94.9,949.0,20,1343,google,organic,desktop,United States,not available in demo dataset
0430094899859964214,1487001849,20170213,1,90.58,905.8,16,415,(direct),(none),desktop,United States,Washington
0312226371899637611,1499206032,20170704,1,64.99,649.9,16,594,google,organic,mobile,United States,not available in demo dataset
0142116411233847758,1499213904,20170704,1,71.53,715.3,24,826,(direct),(none),desktop,United States,not available in demo dataset
0862593861789084986,1499202413,20170704,1,69.14,691.4,21,308,(direct),(none),desktop,United States,Sunnyvale
2075444661051129697,1499171055,20170704,1,35.88,358.8,30,1082,google,organic,desktop,Israel,not available in demo dataset
5155886278275887447,1499180756,20170704,1,59.54,595.4,34,1799,(direct),(none),desktop,United States,not available in demo dataset
4377378313866337368,1499201411,20170704,1,47.96,479.6,41,1129,google,organic,mobile,United States,Los Angeles
2396255136764683002,1499229806,20170704,1,67.94,679.4,57,3142,google,organic,desktop,United States,Sunnyvale
5176344820502043789,1493491745,20170429,1,35.98,359.79999999999995,8,159,google,organic,desktop,United States,not available in demo dataset
0866685156179538803,1493475999,20170429,1,36.59,365.90000000000003,12,468,(direct),(none),desktop,United States,not available in demo dataset
3712492351053577643,1493486627,20170429,1,73.18,731.8000000000001,13,833,(direct),(none),desktop,United States,Mountain View
2565421116891826036,1493489070,20170429,1,58.58,585.8,16,358,google,cpc,desktop,United States,not available in demo dataset
2977355807683568190,1493473380,20170429,1,141.36,1413.6000000000001,17,880,(direct),(none),desktop,United States,not available in demo dataset
2703487206750451130,1493522610,20170429,1,29.19,291.90000000000003,15,491,(direct),(none),desktop,United States,Chicago
8798873887038332681,1493529549,20170429,1,42.59,425.90000000000003,16,771,(direct),(none),desktop,United States,not available in demo dataset
3902953304108615708,1493513750,20170429,1,24.99,249.89999999999998,15,461,(direct),(none),desktop,United States,Mountain View
1321742489378656590,1493478172,20170429,1,19.69,196.9,19,756,google,cpc,mobile,United States,not available in demo dataset
0665001342407465406,1493512971,20170429,1,14.99,149.9,21,610,google,organic,desktop,United States,San Francisco
2910734526436103085,1493519801,20170429,1,17.98,179.8,18,1203,google,organic,mobile,United States,New York
0764130080355318963,1493510042,20170429,1,19.99,199.89999999999998,23,1690,google,organic,mobile,Puerto Rico,not available in demo dataset
3305197397327371088,1493479853,20170429,1,34.59,345.90000000000003,19,942,(direct),(none),desktop,United States,New York
5233608199918824641,1493499379,20170429,1,34.28,342.8,20,387,google,cpc,desktop,United States,not available in demo dataset
8200223105926163583,1493476012,20170429,1,169.34,1693.4,27,641,google,organic,desktop,United States,not available in demo dataset
2613946236686066431,1493481622,20170429,1,107.26,1072.6000000000001,33,1302,google,cpc,desktop,United States,not available in demo dataset
4833274425620636331,1493454962,20170429,1,43.98,439.79999999999995,23,968,google,organic,desktop,United States,not available in demo dataset
0760185147017673561,1493502856,20170429,1,63.38,633.8000000000001,31,871,(direct),(none),desktop,United States,not available in demo dataset
0816022306811658302,1493492933,20170429,1,78.47,784.7,31,1054,google,organic,desktop,United States,Los Angeles
5915365313992889595,1493489618,20170429,1,83.93,839.3000000000001,45,1426,(direct),(none),desktop,United States,New York
1255368394012652243,1500597489,20170720,1,209.57,2095.7,9,161,(direct),(none),desktop,United States,Redmond
190492934318255272,1500565897,20170720,1,34.59,345.90000000000003,11,654,google,organic,desktop,United States,San Francisco
3533141636411834269,1500572415,20170720,1,45.97,459.7,11,450,(direct),(none),tablet,United States,not available in demo dataset
7320316463607490470,1500587836,20170720,1,6.5,65.0,10,438,(direct),(none),desktop,United States,not available in demo dataset
4978615078876520186,1500567462,20170720,1,40.98,409.79999999999995,13,369,(direct),(none),desktop,United States,not available in demo dataset
9740627261104812573,1500591635,20170720,1,41.18,411.8,11,246,(direct),(none),desktop,United States,Mountain View
6390036557697403871,1500575521,20170720,1,18.4,184.0,13,733,google,organic,desktop,United States,not available in demo dataset
1675171647898452800,1500611920,20170720,1,403.0,4030.0,13,1013,(direct),(none),desktop,United States,Mountain View
1160204963389257110,1500566446,20170720,1,46.62,466.2,14,567,(direct),(none),desktop,United States,not available in demo dataset
2118556556010692812,1500584430,20170720,1,15.39,153.9,12,260,(direct),(none),desktop,United States,Mountain View
4042880551685271731,1500559669,20170720,1,25.19,251.9,13,211,(direct),(none),desktop,United States,Cambridge
7089296120636038584,1500591500,20170720,1,81.95,819.5,14,862,yahoo,organic,desktop,United States,Los Angeles
1863054289029276927,1500583858,20170720,1,454.2,4542.0,15,434,(direct),(none),desktop,United States,San Bruno
5772921781547143127,1500561966,20170720,1,104.35,1043.5,17,933,(direct),(none),desktop,United States,Chicago
7406115845826379585,1500593117,20170720,1,21.99,219.89999999999998,17,556,(direct),(none),desktop,United States,Mountain View
481908738776854721,1500599384,20170720,1,40.18,401.8,19,622,(direct),(none),desktop,United States,Sunnyvale
9089896742439819665,1500599629,20170720,1,74.99,749.9,19,981,google,organic,mobile,United States,not available in demo dataset
9422085418164335542,1500540481,20170720,1,99.45,994.5,23,653,google,organic,desktop,United States,Sunnyvale
4042880551685271731,1500556223,20170720,1,26.22,262.2,19,372,(direct),(none),desktop,United States,Cambridge
599110551792149234,1500575356,20170720,1,1100.3,11003.0,18,311,(direct),(none),desktop,United States,Ann Arbor
5590346028970118637,1500600029,20170720,1,100.99,1009.9,22,1072,google,cpc,mobile,United States,San Francisco
3700714855829972615,1500598216,20170720,1,35.59,355.90000000000003,17,435,(direct),(none),desktop,United States,Irvine
7974747290395913881,1500565283,20170720,1,288.85,2888.5,20,659,(direct),(none),desktop,United States,not available in demo dataset
9629138648067304387,1500586780,20170720,1,42.49,424.90000000000003,24,693,google,cpc,desktop,United States,not available in demo dataset
6803256328892941875,1500590050,20170720,1,17.59,175.9,21,588,(direct),(none),desktop,United States,Sunnyvale
3139557393320178005,1500567885,20170720,1,31.28,312.8,23,1962,(direct),(none),desktop,United States,Atlanta
599110551792149234,1500577752,20170720,1,296.4,2964.0,24,914,(direct),(none),desktop,United States,Ann Arbor
9035173114644245964,1500610588,20170720,1,22.99,229.89999999999998,24,851,google,organic,desktop,United States,not available in demo dataset
5000038412644544234,1500584888,20170720,1,60.18,601.8,22,797,(direct),(none),desktop,United States,Mountain View
9060309108953686961,1500579086,20170720,1,34.96,349.6,25,2305,(direct),(none),mobile,United States,Los Angeles
9911451154506607743,1500550722,20170720,1,28.1,281.0,31,1978,google,organic,mobile,United States,Chicago
4693422077502534585,1500572409,20170720,1,41.27,412.70000000000005,26,1476,(direct),(none),desktop,United States,not available in demo dataset
1922510765164338251,1500583927,20170720,1,33.35,333.5,29,1637,(direct),(none),desktop,United States,not available in demo dataset
0696402585067597025,1500594617,20170720,1,18.28,182.8,27,689,(direct),(none),tablet,United States,not available in demo dataset
4988517937139937145,1500600634,20170720,1,124.98,1249.8,30,581,google,organic,desktop,United States,not available in demo dataset
1392760476578326953,1500613900,20170720,1,51.0,510.0,35,746,(direct),(none),desktop,United States,not available in demo dataset
2689556653800639103,1500599523,20170720,1,56.99,569.9,52,2654,(direct),(none),desktop,United States,San Bruno
2812654087924931640,1500594771,20170720,1,21.72,217.2,68,2058,(direct),(none),desktop,United States,Mountain View
6873140036612855431,1500557933,20170720,1,598.18,5981.799999999999,48,1035,google,organic,desktop,United States,New York
47511660497565285,1500598472,20170720,2,134.48,1344.8,93,2668,google,cpc,desktop,United States,not available in demo dataset
4339455188225542344,1494260048,20170508,1,34.59,345.90000000000003,9,382,(direct),(none),desktop,United States,Sunnyvale
4250048071729464842,1494262567,20170508,1,41.59,415.90000000000003,10,183,groups.google.com,referral,desktop,United States,not available in demo dataset
719626868021451011,1494264064,20170508,1,45.17,451.70000000000005,10,175,(direct),(none),desktop,United States,San Francisco
2288612869810526130,1494304489,20170508,1,24.99,249.89999999999998,10,511,google,organic,desktop,United States,not available in demo dataset
6192730343832686295,1494245750,20170508,1,10.99,109.9,12,677,(direct),(none),desktop,United States,not available in demo dataset
5003419571069818890,1494293272,20170508,1,48.79,487.9,14,1036,google,organic,desktop,United States,Los Angeles
1141516868619289347,1494281535,20170508,1,481.48,4814.8,15,577,google,cpc,tablet,United States,not available in demo dataset
6192730343832686295,1494265765,20170508,1,54.49,544.9,13,267,(direct),(none),desktop,United States,not available in demo dataset
3189343375435216997,1494263464,20170508,1,42.59,425.90000000000003,15,337,(direct),(none),desktop,United States,Mountain View
4894913572164934731,1494246775,20170508,1,40.59,405.90000000000003,15,296,(direct),(none),desktop,United States,New York
1989547808289808392,1494270031,20170508,1,106.45,1064.5,17,1088,(direct),(none),desktop,United States,Mountain View
9595877689889623969,1494298366,20170508,1,38.59,385.90000000000003,15,649,groups.google.com,referral,desktop,United States,San Jose
4250048071729464842,1494256623,20170508,1,42.59,425.90000000000003,16,636,groups.google.com,referral,desktop,United States,not available in demo dataset
2295240953686921101,1494277777,20170508,1,152.05,1520.5,13,246,(direct),(none),desktop,United States,Kirkland
753068173118806777,1494275579,20170508,1,42.19,421.9,16,1848,(direct),(none),desktop,United States,not available in demo dataset
5994584903739505696,1494259622,20170508,1,30.98,309.8,16,775,(direct),(none),desktop,United States,San Jose
1244801370532831083,1494250753,20170508,1,40.98,409.79999999999995,16,303,(direct),(none),desktop,United States,New York
1765174534207542006,1494278017,20170508,1,83.99,839.9,15,1652,(direct),(none),desktop,United States,Los Angeles
1482296984579878669,1494285316,20170508,1,12.99,129.9,16,1645,(direct),(none),desktop,United States,not available in demo dataset
2028483466657374508,1494280309,20170508,1,29.29,292.9,17,1121,google,organic,desktop,United States,not available in demo dataset
7949830908055384624,1494271612,20170508,1,246.77,2467.7000000000003,15,1578,(direct),(none),desktop,United States,New York
8378544677792713974,1494274792,20170508,1,21.59,215.9,20,424,google,organic,desktop,United States,Cambridge
9469314136392123821,1494263557,20170508,1,72.18,721.8000000000001,19,533,(direct),(none),desktop,United States,Seattle
6762079218801830407,1494293972,20170508,1,44.98,449.79999999999995,21,634,google,organic,desktop,United States,not available in demo dataset
3829457209830058915,1494281941,20170508,1,32.99,329.90000000000003,23,453,(direct),(none),desktop,United States,Mountain View
0843788975236519934,1494263767,20170508,1,200.36,2003.6000000000001,20,1056,(direct),(none),desktop,United States,not available in demo dataset
4049931840976625289,1494256071,20170508,1,41.59,415.90000000000003,13,340,(direct),(none),desktop,United States,New York
3205397931212928239,1494263886,20170508,1,87.14,871.4,21,842,(direct),(none),desktop,United States,New York
6192730343832686295,1494261062,20170508,1,20.59,205.9,24,2529,(direct),(none),desktop,United States,not available in demo dataset
3344805889934243542,1494232103,20170508,1,28.95,289.5,25,1456,google,organic,desktop,Germany,not available in demo dataset
1495824928611619172,1494267757,20170508,1,78.25,782.5,27,706,google,organic,mobile,United States,Seattle
2479467739525533377,1494257220,20170508,1,967.0,9670.0,28,1476,google,organic,desktop,Canada,Toronto
1260431109777470566,1494270445,20170508,1,528.74,5287.4,26,627,google,organic,desktop,United States,Ann Arbor
7526395005987843712,1494304842,20170508,1,14.99,149.9,30,1980,google,organic,desktop,United States,not available in demo dataset
1054036165578048274,1494235119,20170508,1,20.99,209.89999999999998,27,999,google,organic,desktop,United States,not available in demo dataset
5985368233376980363,1494272415,20170508,2,833.37,8333.7,29,926,(direct),(none),desktop,United States,San Jose
1137173963194670048,1494276006,20170508,1,134.13,1341.3,28,1467,(direct),(none),desktop,United States,Washington
1408568077869595615,1494268058,20170508,1,76.18,761.8000000000001,28,2971,(direct),(none),desktop,United States,San Francisco
6392220370835728704,1494280012,20170508,1,105.99,1059.8999999999999,30,1379,google,organic,mobile,United States,New York
3835534637736706073,1494284184,20170508,2,78.57,785.6999999999999,31,663,(direct),(none),desktop,United States,New York
7671147450962713082,1494263199,20170508,1,72.18,721.8000000000001,31,2410,(direct),(none),desktop,United States,Austin
709264891712119534,1494287201,20170508,1,71.59,715.9000000000001,34,1180,(direct),(none),desktop,United States,not available in demo dataset
6350737795498436074,1494260632,20170508,1,82.46,824.5999999999999,33,2247,google,organic,desktop,United States,not available in demo dataset
7311242886083854158,1494253455,20170508,1,528.9,5289.0,29,1174,(direct),(none),desktop,United States,Chicago
2539723678842817509,1494282993,20170508,1,186.98,1869.8,35,1364,(direct),(none),desktop,United States,not available in demo dataset
6200431365137133686,1494258344,20170508,1,80.85,808.5,42,901,google,organic,desktop,United States,not available in demo dataset
4921413806940784676,1494285229,20170508,4,608.59,6085.900000000001,64,1232,google,organic,desktop,United States,Santa Clara
8757403953773731180,1494265422,20170508,1,111.98,1119.8,44,743,yahoo,organic,desktop,United States,Atlanta
3188526074838919259,1494004643,20170505,1,153.26,1532.6,8,389,(direct),(none),desktop,United States,New York
7161524936078300347,1494046416,20170505,1,2.5,25.0,9,323,google,organic,desktop,United States,Los Angeles
650915590272619388,1493992462,20170505,1,46.57,465.7,11,247,(direct),(none),desktop,United States,Mountain View
4669628548646471061,1494028361,20170505,1,68.18,681.8000000000001,10,560,groups.google.com,referral,desktop,United States,Mountain View
4037519945413635287,1494016964,20170505,1,36.59,365.90000000000003,16,794,(direct),(none),desktop,United States,New York
3776258872363783792,1494031283,20170505,1,204.97,2049.7,14,237,google,organic,desktop,United States,New York
1342022667208741287,1494027205,20170505,1,27.45,274.5,16,614,google,organic,desktop,United States,not available in demo dataset
0220916715926164647,1494008255,20170505,1,8.97,89.7,17,669,(direct),(none),desktop,United States,not available in demo dataset
2816298586185528036,1494015493,20170505,1,43.59,435.90000000000003,18,665,(direct),(none),desktop,United States,not available in demo dataset
2981548266609585981,1493996633,20170505,1,15.98,159.8,16,951,google,organic,tablet,Canada,not available in demo dataset
037220895437756047,1494003776,20170505,1,44.52,445.20000000000005,19,820,(direct),(none),desktop,United States,Chicago
2732495805922289917,1494034099,20170505,1,22.99,229.89999999999998,17,320,google,organic,desktop,United States,New York
92836986022494187,1494010650,20170505,1,73.18,731.8000000000001,17,268,(direct),(none),desktop,United States,Austin
4993852637585406336,1494000490,20170505,1,33.18,331.8,21,3514,(direct),(none),desktop,United States,not available in demo dataset
051312971389642254,1494015204,20170505,1,125.63,1256.3,21,855,(direct),(none),desktop,United States,Seattle
4509141952596688546,1494035225,20170505,1,5.99,59.900000000000006,21,405,google,organic,desktop,United States,not available in demo dataset
4957726121513589856,1494026244,20170505,1,70.7,707.0,23,834,(direct),(none),desktop,United States,San Bruno
9075997958759576862,1494002943,20170505,1,68.52,685.1999999999999,24,985,google,organic,desktop,United States,not available in demo dataset
2419083783587438310,1494039707,20170505,1,151.5,1515.0,27,3831,(direct),(none),desktop,United States,not available in demo dataset
7149956682519664200,1493996933,20170505,1,49.99,499.90000000000003,33,696,(direct),(none),desktop,United States,not available in demo dataset
79455793222269162,1494014589,20170505,1,34.54,345.4,29,844,(direct),(none),desktop,United States,New York
063736161805998675,1494043289,20170505,1,34.98,349.79999999999995,27,782,google,organic,desktop,United States,San Jose
3487356770056641150,1494003739,20170505,1,26.33,263.29999999999995,31,3049,(direct),(none),desktop,United States,Austin
6948798381192392858,1494008220,20170505,1,338.91,3389.1000000000004,29,1121,google,organic,desktop,United States,not available in demo dataset
2097832661008966883,1494028699,20170505,1,16.19,161.9,18,1359,google,organic,desktop,United States,not available in demo dataset
4863941202505455588,1494009960,20170505,1,808.4,8084.0,23,897,(direct),(none),desktop,United States,New York
2575004222422356117,1494044092,20170505,1,36.78,367.8,37,1299,google,organic,desktop,United States,Santa Clara
6706297480707515973,1494007445,20170505,1,69.56,695.6,32,1444,(direct),(none),desktop,United States,not available in demo dataset
2634131477723263296,1494003561,20170505,1,26.97,269.7,30,1157,(direct),(none),desktop,United States,not available in demo dataset
626650043568445812,1494015145,20170505,1,43.96,439.6,45,983,google,organic,desktop,United States,not available in demo dataset
1189390326934275148,1494031098,20170505,1,44.27,442.70000000000005,47,1661,google,organic,desktop,United States,not available in demo dataset
357636120727052842,1493986143,20170505,1,140.04,1400.3999999999999,39,2493,(direct),(none),desktop,Poland,not available in demo dataset
8021862140607876556,1494010571,20170505,1,68.05,680.5,48,1022,(direct),(none),desktop,United States,Austin
3704081881488905199,1494031524,20170505,2,2336.65,23366.5,55,1168,(direct),(none),desktop,Japan,not available in demo dataset
0291002892578472269,1493996088,20170505,1,2774.11,27741.100000000002,51,870,dfa,cpm,desktop,United States,not available in demo dataset
770343271394368802,1486284341,20170205,1,21.99,219.89999999999998,9,538,mail.google.com,referral,desktop,United States,Houston
379075858210159530,1486309950,20170205,1,75.78,757.8,14,507,(direct),(none),desktop,United States,not available in demo dataset
7355682969727116264,1486348912,20170205,1,5.5,55.0,15,590,(direct),(none),desktop,United States,not available in demo dataset
6976087133861419230,1486322641,20170205,1,63.99,639.9,15,169,(direct),(none),mobile,United States,Houston
5513418547926815153,1486348768,20170205,1,63.97,639.7,17,450,(direct),(none),desktop,United States,not available in demo dataset
0385604754912299240,1486326864,20170205,1,23.99,239.89999999999998,17,410,(direct),(none),mobile,United States,not available in demo dataset
8939441371996358045,1486354894,20170205,1,12.96,129.60000000000002,23,1011,(direct),(none),mobile,United States,not available in demo dataset
539032312488458869,1486359161,20170205,1,43.38,433.8,26,857,(direct),(none),desktop,United States,not available in demo dataset
0701601838005591363,1486318829,20170205,1,370.36,3703.6000000000004,28,995,(direct),(none),desktop,United States,New York
3093617887616167968,1486318751,20170205,1,53.97,539.7,44,1773,(direct),(none),desktop,United States,Los Angeles
8510958331981092876,1486344799,20170205,1,45.79,457.9,63,2918,(direct),(none),desktop,United States,San Francisco
8854720490471825875,1486332830,20170205,1,28.96,289.6,59,1897,(direct),(none),desktop,United States,not available in demo dataset
7517997316226476864,1483422961,20170102,1,46.79,467.9,15,449,(direct),(none),desktop,United States,San Francisco
789905443393425189,1483402011,20170102,1,14.18,141.8,17,388,(direct),(none),desktop,United States,not available in demo dataset
5701006754406166040,1483351395,20170102,1,42.98,429.79999999999995,16,1222,(direct),(none),desktop,United States,not available in demo dataset
1531412460891558131,1483403119,20170102,1,39.98,399.79999999999995,19,674,(direct),(none),desktop,United States,not available in demo dataset
9523142287027067833,1483415431,20170102,1,49.79,497.9,20,2469,(direct),(none),desktop,United States,New York
8455273438163563940,1483412737,20170102,1,40.98,409.79999999999995,22,991,bing,organic,mobile,United States,San Jose
1413300845517352724,1483354066,20170102,1,134.37,1343.7,21,301,(direct),(none),desktop,United States,Mountain View
1582753362351351109,1483415747,20170102,1,17.38,173.79999999999998,24,596,(direct),(none),desktop,United States,not available in demo dataset
891856926182569230,1483385480,20170102,1,25.96,259.6,27,748,(direct),(none),desktop,Canada,not available in demo dataset
7708630394810651470,1483377733,20170102,1,33.97,339.7,38,752,(direct),(none),desktop,United States,not available in demo dataset
1555076387153706787,1483412499,20170102,1,17.98,179.8,47,1822,(direct),(none),mobile,United States,Boston
0085057281729508802,1483421832,20170102,1,39.37,393.7,45,876,(direct),(none),desktop,United States,Mountain View
8386561909318064795,1483391685,20170102,1,21.18,211.8,46,593,(direct),(none),desktop,United States,San Jose
8197879643797712877,1483371238,20170102,1,340.13,3401.3,70,1783,(direct),(none),desktop,United States,not available in demo dataset
9205496322274361632,1483380012,20170102,1,29.99,299.9,8,249,(direct),(none),desktop,United States,not available in demo dataset
8885678008062348404,1483379496,20170102,1,64.99,649.9,10,455,(direct),(none),desktop,United States,San Mateo
1702474213534153249,1483413876,20170102,1,35.39,353.9,11,260,(direct),(none),desktop,United States,San Francisco
840275515214055415,1483382120,20170102,1,32.19,321.9,12,327,(direct),(none),desktop,United States,Mountain View
3471594580435227032,1499283253,20170705,1,20.78,207.8,13,222,(direct),(none),desktop,United States,Seattle
5063074873295543663,1499319571,20170705,1,22.58,225.79999999999998,16,352,(direct),(none),desktop,United States,Sunnyvale
5538435101700540876,1499306620,20170705,1,30.82,308.2,16,1257,(direct),(none),desktop,United States,not available in demo dataset
5402571042001627330,1499259604,20170705,1,50.57,505.7,15,344,(direct),(none),desktop,United States,Mountain View
1713847086511016991,1499273274,20170705,1,32.99,329.90000000000003,18,489,outlook.live.com,referral,desktop,United States,Mountain View
3058457482106046803,1499298943,20170705,1,127.31,1273.1,18,1101,(direct),(none),desktop,United States,Kirkland
9095973446989997244,1499295734,20170705,1,44.81,448.1,18,485,(direct),(none),desktop,United States,not available in demo dataset
7954367393399826900,1499279450,20170705,1,19.31,193.1,22,1824,(direct),(none),desktop,United States,Mountain View
8525552808729629890,1499293365,20170705,1,24.99,249.89999999999998,25,387,(direct),(none),desktop,United States,San Jose
8912902059525758308,1499276277,20170705,1,603.4,6034.0,20,641,(direct),(none),desktop,United States,San Francisco
5960127137243713650,1499311378,20170705,1,152.74,1527.4,26,1423,(direct),(none),desktop,United States,Mountain View
4902563928132780662,1499272529,20170705,1,51.24,512.4,23,1478,(direct),(none),desktop,United States,not available in demo dataset
5342879446684210628,1499261977,20170705,1,85.99,859.9,22,258,(direct),(none),desktop,United States,Philadelphia
4615467220494146394,1499317876,20170705,1,16.19,161.9,26,966,(direct),(none),desktop,United States,Mountain View
5587285412268223147,1499271971,20170705,1,225.05,2250.5,26,2702,(direct),(none),desktop,United States,not available in demo dataset
4105754576329014219,1499308705,20170705,1,102.96,1029.6,29,1625,(direct),(none),desktop,United States,Austin
5671688466209278718,1499282335,20170705,1,96.99,969.9,26,502,(direct),(none),desktop,United States,Kirkland
3179916194458138070,1499277920,20170705,1,30.54,305.4,31,568,(direct),(none),desktop,United States,New York
8151349247637576196,1499267409,20170705,1,248.29,2482.9,29,1193,(direct),(none),desktop,United States,not available in demo dataset
3053417453950406791,1499291469,20170705,1,121.36,1213.6,28,951,(direct),(none),desktop,United States,New York
5185882727774791811,1499266814,20170705,1,49.01,490.09999999999997,29,588,(direct),(none),desktop,United States,Chicago
2314697698664321051,1499294174,20170705,1,38.95,389.5,30,629,(direct),(none),desktop,United States,not available in demo dataset
4034510370290015321,1499283032,20170705,1,34.78,347.8,20,968,(direct),(none),desktop,United States,New York
4708133624098231997,1499266318,20170705,1,247.92,2479.2,39,2675,(direct),(none),desktop,United States,San Francisco
5735858296023788680,1499275077,20170705,1,34.78,347.8,38,863,(direct),(none),desktop,United States,not available in demo dataset
7701613595320832147,1499292788,20170705,1,891.5,8915.0,38,3449,(direct),(none),desktop,United States,Sunnyvale
6297544198548387157,1499272060,20170705,2,232.75,2327.5,41,3683,(direct),(none),desktop,United States,San Jose
6443595642175123029,1499300836,20170705,1,37.09,370.90000000000003,38,1559,(direct),(none),desktop,United States,Sunnyvale
6236695646664370912,1499275131,20170705,1,4013.56,40135.6,49,4003,(direct),(none),desktop,United States,Sunnyvale
6053317410808350071,1499314943,20170705,1,19.97,199.7,61,1358,(direct),(none),desktop,United States,San Bruno
1973770164859106217,1499279973,20170705,1,84.99,849.9,3,64,(direct),(none),desktop,United States,Chicago
1424707127501880055,1499316634,20170705,1,71.71,717.0999999999999,14,320,(direct),(none),desktop,United States,Mountain View
6974476474190004026,1499294537,20170705,1,67.99,679.9,12,216,(direct),(none),desktop,United States,New York
6332990203478940744,1499272457,20170705,1,103.58,1035.8,13,596,(direct),(none),desktop,United States,Chicago
8804905634731085002,1499296946,20170705,1,29.68,296.8,13,660,(direct),(none),desktop,United States,Washington
7466690540565937255,1499254237,20170705,1,40.38,403.8,13,676,(direct),(none),mobile,United States,Washington
5657677988182303423,1499268300,20170705,1,31.0,310.0,14,510,(direct),(none),desktop,United States,New York
8220211701749350854,1499314894,20170705,1,10.39,103.9,15,266,(direct),(none),desktop,United States,San Jose
9963197880398595287,1499285908,20170705,1,28.98,289.8,17,524,(direct),(none),desktop,United States,Kirkland
4626256438410154733,1499292763,20170705,1,19.63,196.29999999999998,17,393,(direct),(none),desktop,United States,not available in demo dataset
990017562279683512,1499304489,20170705,1,53.98,539.8,12,886,(direct),(none),mobile,Canada,Toronto
4869304818683909994,1497973494,20170620,1,18.79,187.89999999999998,15,1627,(direct),(none),desktop,United States,Mountain View
4935775747231307478,1498001899,20170620,1,76.57,765.6999999999999,15,540,(direct),(none),desktop,United States,San Francisco
0869973880883570633,1497973792,20170620,1,12.99,129.9,18,1170,google,organic,desktop,United States,not available in demo dataset
7770933674059715179,1497964076,20170620,1,74.06,740.6,16,2226,(direct),(none),desktop,United States,Austin
9372380334741229572,1497968265,20170620,1,63.99,639.9,18,219,(direct),(none),desktop,United States,not available in demo dataset
9048197184831921852,1497989523,20170620,1,35.98,359.79999999999995,20,1496,(direct),(none),desktop,United States,Mountain View
1337744272385974839,1497988448,20170620,1,65.77,657.6999999999999,19,1956,(direct),(none),desktop,United States,Sunnyvale
2811132188167803677,1497942829,20170620,2,14.5,145.0,19,884,(direct),(none),desktop,Ukraine,not available in demo dataset
0889975005002719963,1498011922,20170620,1,22.19,221.9,26,1303,google,cpc,desktop,United States,San Francisco
8628020817304393126,1497972422,20170620,1,152.57,1525.6999999999998,25,588,(direct),(none),desktop,United States,Sunnyvale
6204463650092781278,1498013053,20170620,1,312.45,3124.5,21,703,(direct),(none),desktop,United States,Chicago
832152661091318994,1497992464,20170620,1,53.38,533.8000000000001,22,388,(direct),(none),desktop,United States,New York
5107515069070553407,1497998680,20170620,1,30.94,309.40000000000003,22,424,(direct),(none),desktop,United States,Mountain View
5947969981378635810,1497998013,20170620,1,30.98,309.8,26,594,google,organic,tablet,United States,not available in demo dataset
9607694910197531314,1498002699,20170620,1,29.99,299.9,26,1668,(direct),(none),desktop,United States,San Francisco
5314118005200949115,1497967493,20170620,1,75.27,752.6999999999999,23,944,google,organic,desktop,United States,Washington
1655187180977818687,1497989859,20170620,1,64.11,641.1,25,793,(direct),(none),desktop,United States,Sunnyvale
0823688768165405685,1497956261,20170620,1,126.6,1266.0,23,501,(direct),(none),desktop,United States,not available in demo dataset
8247997741428369490,1498016789,20170620,1,15.29,152.89999999999998,30,1052,google,organic,mobile,United States,Ann Arbor
4984366501121503466,1497998174,20170620,1,735.08,7350.8,26,644,(direct),(none),desktop,United States,not available in demo dataset
8652691250363359598,1498016876,20170620,1,43.59,435.90000000000003,32,1213,(direct),(none),desktop,United States,Ann Arbor
3602581120186705822,1497967229,20170620,1,55.24,552.4,31,1216,google,organic,desktop,United States,Sunnyvale
9611453235665038841,1498001522,20170620,1,54.66,546.5999999999999,27,1372,(direct),(none),desktop,United States,Sunnyvale
5397689762316048105,1497969297,20170620,1,52.37,523.6999999999999,44,1982,(direct),(none),mobile,United States,not available in demo dataset
5185645869012304658,1497981134,20170620,1,544.25,5442.5,39,1110,(direct),(none),desktop,United States,not available in demo dataset
2919716928934208535,1497966447,20170620,1,142.94,1429.4,37,1308,(direct),(none),desktop,United States,Sunnyvale
3041665208670915405,1498021760,20170620,1,87.72,877.2,41,1646,(direct),(none),desktop,United States,not available in demo dataset
9462748099855919289,1498023635,20170620,1,98.93,989.3000000000001,45,1510,(direct),(none),desktop,United States,not available in demo dataset
2533003348216867648,1497970502,20170620,1,570.16,5701.599999999999,56,1952,google,organic,desktop,Australia,Melbourne
7247213948842661209,1497945281,20170620,1,186.29,1862.8999999999999,70,4642,(direct),(none),desktop,United States,not available in demo dataset
7449855264846001419,1497998713,20170620,1,244.13,2441.3,77,2533,(direct),(none),desktop,United States,not available in demo dataset
2180515369167502520,1497973906,20170620,1,18.59,185.9,10,3445,(direct),(none),desktop,United States,not available in demo dataset
3592785671281234637,1498002505,20170620,1,209.0,2090.0,12,308,google,cpc,desktop,United States,not available in demo dataset
6984760030997730219,1498000326,20170620,1,14.98,149.8,18,1007,google,organic,tablet,United States,not available in demo dataset
6359330005069703105,1497985623,20170620,1,37.09,370.90000000000003,15,1563,(direct),(none),desktop,United States,Mountain View
0750845334721949296,1498226004,20170623,1,299.76,2997.6,10,323,(direct),(none),desktop,United States,Washington
7265361594035996306,1498230705,20170623,1,28.18,281.8,11,418,(direct),(none),desktop,United States,New York
987390821892515431,1498241858,20170623,1,33.0,330.0,11,259,(direct),(none),desktop,United States,Seattle
987390821892515431,1498251943,20170623,1,29.0,290.0,11,528,(direct),(none),desktop,United States,Seattle
3654857757910532216,1498265066,20170623,1,98.97,989.7,13,692,(direct),(none),desktop,United States,Seattle
0115940065332308119,1498241851,20170623,1,118.15,1181.5,13,962,(direct),(none),desktop,United States,Santa Clara
4064008221273566105,1498245824,20170623,1,21.59,215.9,14,471,(direct),(none),desktop,United States,Chicago
072965257504694282,1498238118,20170623,1,19.79,197.89999999999998,14,268,(direct),(none),desktop,United States,New York
384990845055862114,1498271478,20170623,1,11.99,119.9,16,1973,(direct),(none),mobile,United States,not available in demo dataset
2099864407370022116,1498252156,20170623,1,115.52,1155.2,15,277,(direct),(none),desktop,United States,San Francisco
3412601168298155096,1498263251,20170623,1,13.48,134.8,16,740,(direct),(none),desktop,United States,San Diego
2665204442613686910,1498232978,20170623,1,16.29,162.89999999999998,20,1410,(direct),(none),mobile,United States,Boston
3508419666243874603,1498242081,20170623,1,308.35,3083.5,18,570,(direct),(none),desktop,United States,Mountain View
6416811485882520793,1498240051,20170623,1,36.98,369.79999999999995,12,285,(direct),(none),desktop,United States,Los Angeles
1216639212736323098,1498235295,20170623,1,88.99,889.9,24,436,(direct),(none),desktop,United States,not available in demo dataset
4692146566453742608,1498243020,20170623,1,83.59,835.9000000000001,23,526,(direct),(none),desktop,United States,Kirkland
9429712068285188439,1498283637,20170623,1,64.58,645.8,24,1472,(direct),(none),desktop,United States,Kirkland
4064008221273566105,1498248663,20170623,3,75.16,751.5999999999999,29,1044,(direct),(none),desktop,United States,Chicago
4127513140005445280,1498218912,20170623,1,14.59,145.9,28,1033,(direct),(none),desktop,United States,not available in demo dataset
3560820276518060023,1498211423,20170623,1,11.98,119.80000000000001,28,1237,(direct),(none),mobile,United States,not available in demo dataset
2658678838785413275,1498272983,20170623,1,40.49,404.90000000000003,28,862,(direct),(none),desktop,United States,not available in demo dataset
7366648314975511623,1498253514,20170623,1,29.02,290.2,35,599,(direct),(none),desktop,United States,Mountain View
5613784133853070022,1498246944,20170623,1,343.31,3433.1,29,945,(direct),(none),desktop,United States,not available in demo dataset
5820498420449602355,1498260264,20170623,2,31.98,319.8,40,1034,(direct),(none),desktop,United States,not available in demo dataset
9492321535184723478,1498240539,20170623,1,114.16,1141.6,41,1200,(direct),(none),desktop,United States,Mountain View
3315850109243126332,1498225533,20170623,1,176.88,1768.8,59,2126,(direct),(none),desktop,United States,New York
541939415042873067,1492084182,20170413,1,18.39,183.9,12,361,(direct),(none),desktop,United States,New York
7048860667631832987,1492122191,20170413,1,33.34,333.40000000000003,17,1638,(direct),(none),desktop,United States,not available in demo dataset
6420751054856592584,1492119001,20170413,1,137.37,1373.7,16,453,(direct),(none),desktop,United States,New York
7535069229429628764,1492093959,20170413,1,307.0,3070.0,17,269,google,organic,desktop,Belgium,not available in demo dataset
3830048774168985373,1492142792,20170413,1,72.42,724.2,21,413,(direct),(none),desktop,United States,Mountain View
888829318637574099,1492111661,20170413,1,72.92,729.2,22,804,(direct),(none),desktop,United States,not available in demo dataset
0876622834480671437,1492101601,20170413,1,31.39,313.9,23,458,(direct),(none),desktop,United States,Mountain View
1708063999877429517,1492122184,20170413,1,33.78,337.8,20,400,(direct),(none),desktop,United States,San Francisco
4097823333127434031,1492105914,20170413,1,76.75,767.5,28,1613,google,organic,desktop,United States,Mountain View
2145471185371969845,1492097958,20170413,1,391.7,3917.0,13,324,(direct),(none),desktop,United States,not available in demo dataset
5415086779040891341,1492124532,20170413,1,16.99,169.89999999999998,24,1494,google,organic,tablet,United States,not available in demo dataset
1708063999877429517,1492116095,20170413,1,194.71,1947.1000000000001,25,965,dfa,cpm,desktop,United States,San Francisco
9412874126037419152,1492133565,20170413,1,17.57,175.7,27,839,google,organic,mobile,United States,Los Angeles
2778873072021640403,1492124497,20170413,1,102.97,1029.7,31,710,(direct),(none),desktop,United States,San Jose
2032509775824369586,1492140831,20170413,1,167.95,1679.5,26,771,(direct),(none),desktop,United States,Mountain View
1772086270996280264,1492112749,20170413,1,100.4,1004.0,24,943,(direct),(none),desktop,United States,not available in demo dataset
0998406341643073720,1492092932,20170413,1,153.19,1531.9,25,1284,google,organic,desktop,Canada,Toronto
3970595310898448417,1492104331,20170413,1,65.59,655.9000000000001,16,349,(direct),(none),desktop,United States,Chicago
5632994425337545327,1492096823,20170413,1,417.6,4176.0,31,893,(direct),(none),desktop,United States,not available in demo dataset
8399546162159355177,1492137951,20170413,1,41.47,414.7,32,919,(direct),(none),desktop,United States,Sunnyvale
6585154351202228572,1492127977,20170413,1,221.56,2215.6,33,805,(direct),(none),desktop,United States,San Francisco
9417971731855271040,1492144936,20170413,2,522.1,5221.0,48,2270,(direct),(none),desktop,United States,not available in demo dataset
2967664827442283571,1492089129,20170413,1,588.2,5882.0,11,384,(direct),(none),desktop,United States,Atlanta
3402015087347475217,1492121599,20170413,1,17.19,171.9,11,278,(direct),(none),desktop,United States,Kirkland
7813149961404844386,1492110953,20170413,1,47.99,479.90000000000003,11,124,(direct),(none),desktop,United States,Salem
5993773657417368877,1492100744,20170413,1,84.19,841.9,13,1620,(direct),(none),desktop,United States,Mountain View
6060508924396042346,1492094977,20170413,1,45.19,451.9,13,373,l.facebook.com,referral,desktop,United States,not available in demo dataset
5514710857144039203,1492113980,20170413,1,19.19,191.9,14,305,(direct),(none),desktop,United States,San Francisco
2575683338056092350,1492091524,20170413,1,58.99,589.9,15,349,(direct),(none),desktop,United States,Cambridge
4153704017648170071,1492088880,20170413,1,20.96,209.60000000000002,14,1723,google,organic,mobile,United States,not available in demo dataset
9865893747933434812,1492100047,20170413,1,114.98,1149.8,14,928,(direct),(none),desktop,United States,Dallas
36810350983196519,1492115051,20170413,1,117.38,1173.8,12,164,(direct),(none),desktop,United States,Chicago
5591828817981508202,1492104925,20170413,1,87.7,877.0,13,561,(direct),(none),desktop,United States,San Francisco
0953058409931836115,1492123356,20170413,1,22.99,229.89999999999998,13,289,google,organic,desktop,United States,not available in demo dataset
0703271650319125139,1492096366,20170413,1,33.62,336.2,15,357,google,organic,desktop,United States,New York
8044382674941310486,1492101061,20170413,1,309.8,3098.0,15,1077,(direct),(none),desktop,United States,not available in demo dataset
3685754350536487265,1492110104,20170413,1,1257.85,12578.5,16,3248,(direct),(none),desktop,United States,Mountain View
7424654781881934440,1483274750,20170101,1,4.99,49.900000000000006,17,414,google,organic,desktop,United States,not available in demo dataset
6129059309050021920,1483325774,20170101,1,27.98,279.8,15,563,google,organic,desktop,United States,not available in demo dataset
8722134795757149550,1483325386,20170101,1,62.99,629.9,25,764,google,organic,desktop,United States,not available in demo dataset
7243174500774931832,1483317147,20170101,1,30.98,309.8,23,608,google,organic,desktop,United States,San Francisco
2265703789548596461,1483295231,20170101,1,44.57,445.7,46,1113,(direct),(none),desktop,United States,New York
3725836239165941255,1483329849,20170101,1,79.18,791.8000000000001,40,2402,(direct),(none),desktop,United States,not available in demo dataset
6165745649694489775,1483310116,20170101,1,433.07,4330.7,46,1309,(direct),(none),desktop,United States,not available in demo dataset
274035778263408429,1483311416,20170101,1,83.18,831.8000000000001,53,2526,(direct),(none),desktop,United States,Mountain View
2449425615576273633,1483325141,20170101,1,53.96,539.6,44,1985,google,organic,desktop,United States,not available in demo dataset
4830211069912792009,1483321225,20170101,1,18.59,185.9,52,2211,(direct),(none),desktop,United States,New York
0810563443947477001,1483315785,20170101,1,153.52,1535.2,75,1401,(direct),(none),desktop,United States,not available in demo dataset
1481233997478275239,1496158644,20170530,1,296.81,2968.1,8,320,(direct),(none),desktop,United States,Chicago
320727560379630083,1496186106,20170530,1,42.85,428.5,13,488,(direct),(none),desktop,United States,Mountain View
2440247376986125183,1496163290,20170530,1,30.9,309.0,13,904,(direct),(none),desktop,United States,Mountain View
3700513565264541491,1496175279,20170530,1,42.99,429.90000000000003,13,471,(direct),(none),desktop,United States,Sunnyvale
6432310188343340425,1496184683,20170530,1,598.55,5985.5,11,285,(direct),(none),desktop,United States,Mountain View
7811787934602942622,1496129362,20170530,1,4.5,45.0,11,732,(direct),(none),desktop,Canada,Montreal
3533773123669464150,1496165975,20170530,1,113.72,1137.2,13,613,(direct),(none),desktop,United States,New York
6247025136768010466,1496178593,20170530,1,112.18,1121.8000000000002,13,442,(direct),(none),desktop,United States,Chicago
7354616878013161932,1496185574,20170530,1,142.75,1427.5,13,426,google,organic,desktop,United States,San Francisco
5377821611338556054,1496171779,20170530,1,62.97,629.7,16,677,google,organic,desktop,United States,not available in demo dataset
5187692235197224679,1496168276,20170530,1,67.8,678.0,14,519,(direct),(none),desktop,United States,New York
3857043812510146001,1496167636,20170530,1,66.85,668.5,15,240,google,organic,desktop,United States,not available in demo dataset
2091880224910053980,1496180445,20170530,1,49.79,497.9,14,904,(direct),(none),desktop,United States,Los Angeles
6026763398386298705,1496188682,20170530,1,41.19,411.9,16,1682,(direct),(none),desktop,United States,not available in demo dataset
8887639477324168725,1496194560,20170530,1,23.19,231.9,16,225,(direct),(none),desktop,United States,Sunnyvale
3179620398844632933,1496187290,20170530,1,19.99,199.89999999999998,18,1497,google,organic,desktop,United States,not available in demo dataset
9180245817688143793,1496168295,20170530,1,22.0,220.0,14,636,google,organic,desktop,United States,not available in demo dataset
2154618794882145315,1496175489,20170530,1,38.98,389.79999999999995,19,914,google,cpc,desktop,United States,not available in demo dataset
2495704533414117222,1496174304,20170530,1,220.73,2207.2999999999997,16,640,(direct),(none),desktop,United States,New York
3803395757897344589,1496179338,20170530,1,48.03,480.3,19,658,(direct),(none),desktop,United States,Mountain View
3970595310898448417,1496159393,20170530,1,18.59,185.9,11,335,(direct),(none),desktop,United States,Chicago
1669683377813905780,1496195172,20170530,1,20.69,206.9,20,637,google,organic,desktop,United States,not available in demo dataset
8906575148569160903,1496157894,20170530,1,20.99,209.89999999999998,21,570,(direct),(none),desktop,United States,Austin
5896165545008252371,1496164231,20170530,1,42.93,429.3,24,1437,google,organic,desktop,United States,Mountain View
4319698081839959433,1496163348,20170530,1,122.16,1221.6,19,816,(direct),(none),desktop,United States,San Francisco
8864604309741280372,1496158709,20170530,1,28.75,287.5,22,1081,(direct),(none),desktop,United States,Chicago
8299318210630907459,1496144254,20170530,1,14.98,149.8,23,729,google,organic,desktop,United States,not available in demo dataset
253232075861039593,1496166317,20170530,1,238.92,2389.2,25,1286,google,cpc,desktop,United States,not available in demo dataset
6190196977487218557,1496167143,20170530,1,117.96,1179.6,27,897,(direct),(none),desktop,United States,Atlanta
155361204971183101,1496172036,20170530,1,96.92,969.2,30,2560,(direct),(none),desktop,United States,not available in demo dataset
6076619018565760000,1496191059,20170530,1,25.54,255.39999999999998,35,696,(direct),(none),desktop,United States,not available in demo dataset
820213601079766570,1496164163,20170530,1,75.96,759.5999999999999,33,951,(direct),(none),desktop,United States,Chicago
5513556639437908117,1496168650,20170530,1,1095.86,10958.599999999999,34,1173,(direct),(none),desktop,United States,San Bruno
7463172420271311409,1496206181,20170530,1,568.25,5682.5,34,801,(direct),(none),desktop,United States,not available in demo dataset
3742332932978201442,1496169194,20170530,1,555.6,5556.0,35,4917,(direct),(none),desktop,United States,Chicago
566055411938639598,1496177254,20170530,2,2696.7,26967.0,44,1469,google,organic,desktop,United States,not available in demo dataset
8555060882924384609,1496168997,20170530,1,19.78,197.8,51,1834,(direct),(none),desktop,United States,Chicago
8131657665328866600,1496182190,20170530,1,172.1,1721.0,54,1833,(direct),(none),desktop,United States,Cambridge
9110454426797065694,1496165935,20170530,2,612.85,6128.5,67,3192,(direct),(none),desktop,United States,Sunnyvale
4697761145388027132,1484330155,20170113,1,21.99,219.89999999999998,11,448,(direct),(none),desktop,United States,not available in demo dataset
4163967138563839128,1484339233,20170113,1,15.59,155.9,10,937,(direct),(none),desktop,United States,Salem
8395347447837292340,1484324189,20170113,1,19.99,199.89999999999998,12,558,youtube.com,referral,desktop,United States,not available in demo dataset
9620923631569343304,1484338459,20170113,1,14.5,145.0,12,115,(direct),(none),desktop,United States,Salem
0776257183737046172,1484354873,20170113,1,42.99,429.90000000000003,15,398,(direct),(none),desktop,United States,not available in demo dataset
5179586107192059934,1484342612,20170113,1,565.25,5652.5,14,1472,(direct),(none),desktop,United States,Chicago
0460590127025597143,1484317916,20170113,1,42.0,420.0,17,362,(direct),(none),desktop,United States,Pittsburgh
1021564728056895088,1484363019,20170113,1,23.99,239.89999999999998,14,867,(direct),(none),desktop,United States,San Francisco
1379398622703975756,1484328131,20170113,1,121.78,1217.8,17,431,(direct),(none),desktop,United States,Mountain View
0216379390200329933,1484334309,20170113,1,127.77,1277.7,19,1353,dfa,cpm,desktop,United States,Pittsburgh
0738742613780622904,1484351598,20170113,1,61.99,619.9,21,2059,facebook.com,referral,desktop,United States,not available in demo dataset
5950059119124275683,1484333470,20170113,1,87.99,879.9,20,552,(direct),(none),desktop,United States,San Francisco
372706149688864468,1484326485,20170113,1,65.78,657.8,17,1121,(direct),(none),desktop,United States,not available in demo dataset
5082310728519609149,1484363272,20170113,1,35.46,354.6,26,907,dfa,cpm,mobile,United States,New York
6273454334466338652,1484346211,20170113,1,31.99,319.9,22,369,(direct),(none),desktop,United States,Irvine
2592638729105052123,1484339881,20170113,1,58.96,589.6,24,395,(direct),(none),desktop,United States,not available in demo dataset
2198879349250618795,1484361694,20170113,1,52.14,521.4,28,991,(direct),(none),desktop,United States,Mountain View
813435824692883942,1484342015,20170113,1,10.55,105.5,25,953,(direct),(none),desktop,United States,Mountain View
553904149065456549,1484309224,20170113,1,171.97,1719.7,26,994,(direct),(none),mobile,United States,not available in demo dataset
0840608732692239910,1484320817,20170113,1,12.96,129.60000000000002,27,440,(direct),(none),desktop,United States,Austin
7647399051164881931,1484339978,20170113,1,95.38,953.8,28,1227,(direct),(none),desktop,United States,not available in demo dataset
2513134404212328094,1484341012,20170113,1,147.94,1479.4,26,459,(direct),(none),desktop,United States,not available in demo dataset
2546464604912220860,1484363668,20170113,1,407.09,4070.8999999999996,27,350,mail.google.com,referral,desktop,United States,not available in demo dataset
0608915197735218105,1484346392,20170113,1,507.84,5078.4,36,1654,(direct),(none),desktop,United States,not available in demo dataset
4525326450497146494,1484370904,20170113,1,26.98,269.8,40,905,(direct),(none),desktop,United States,not available in demo dataset
2020115174591875878,1484322843,20170113,1,211.9,2119.0,42,872,(direct),(none),desktop,United States,not available in demo dataset
7696973731640073168,1484349592,20170113,1,86.53,865.3,45,723,(direct),(none),desktop,United States,San Francisco
0290663072707523580,1484344382,20170113,1,248.3,2483.0,58,1173,(direct),(none),desktop,United States,Chicago
3208324314042464006,1497547301,20170615,1,48.04,480.4,12,562,(direct),(none),desktop,United States,Seattle
4056272724436098353,1497544911,20170615,1,47.99,479.90000000000003,12,251,(direct),(none),desktop,United States,Mountain View
9164781149169362915,1497578358,20170615,1,20.31,203.1,13,214,(direct),(none),desktop,United States,not available in demo dataset
7316841871565144800,1497545211,20170615,1,24.19,241.9,15,916,(direct),(none),desktop,United States,Chicago
716925587316437811,1497541743,20170615,1,87.96,879.5999999999999,12,224,google,organic,desktop,United States,not available in demo dataset
671711254304258949,1497563451,20170615,1,36.99,369.90000000000003,13,210,(direct),(none),desktop,United States,Mountain View
8010576269203179764,1497573336,20170615,1,20.99,209.89999999999998,14,375,(direct),(none),mobile,United States,not available in demo dataset
3658091589289896549,1497551425,20170615,1,287.0,2870.0,12,329,(direct),(none),desktop,United States,Atlanta
9941112068189451364,1497539452,20170615,1,14.99,149.9,16,668,google,organic,desktop,United States,New York
6894364758891151323,1497532108,20170615,1,37.98,379.79999999999995,17,2191,(direct),(none),desktop,United States,not available in demo dataset
1387130239596231760,1497535587,20170615,1,13.63,136.3,17,367,(direct),(none),desktop,United States,Cambridge
4891681931687610582,1497568528,20170615,1,18.59,185.9,20,1020,(direct),(none),desktop,United States,New York
6866350473487025538,1497553575,20170615,1,1198.2,11982.0,15,786,(direct),(none),desktop,Canada,Toronto
3847010446682215352,1497533098,20170615,1,685.66,6856.599999999999,20,398,(direct),(none),desktop,United States,not available in demo dataset
7361963700684002436,1497563041,20170615,1,125.37,1253.7,20,644,(direct),(none),desktop,United States,not available in demo dataset
5158802402159118276,1497544004,20170615,1,47.99,479.90000000000003,21,621,(direct),(none),desktop,United States,San Bruno
8714444733243039474,1497557843,20170615,1,151.57,1515.6999999999998,24,664,(direct),(none),desktop,United States,New York
9800958292463692895,1497548783,20170615,1,112.9,1129.0,21,803,(direct),(none),desktop,United States,Chicago
8017023262781664041,1497546178,20170615,1,21.17,211.70000000000002,23,1717,(direct),(none),desktop,United States,Sunnyvale
9758235511148216157,1497575168,20170615,2,134.0,1340.0,22,705,(direct),(none),desktop,United States,Sunnyvale
1804930412747691262,1497579415,20170615,1,34.61,346.1,24,588,(direct),(none),desktop,India,Sunnyvale
9129211916436188214,1497545311,20170615,1,22.57,225.7,28,638,(direct),(none),desktop,United States,New York
4456701336321472765,1497572044,20170615,1,112.0,1120.0,26,1719,(direct),(none),desktop,United States,Mountain View
555043313953093171,1497571087,20170615,1,58.99,589.9,26,509,(direct),(none),desktop,United States,not available in demo dataset
7467073874914897437,1497537575,20170615,1,237.71,2377.1,25,805,google,organic,desktop,United States,Sunnyvale
2283620201901023754,1497588551,20170615,1,57.97,579.7,29,947,google,cpc,tablet,United States,not available in demo dataset
4943440601213672676,1497558575,20170615,1,17.18,171.8,29,745,(direct),(none),desktop,United States,Mountain View
1406789248645938427,1497545921,20170615,1,47.66,476.59999999999997,29,1522,(direct),(none),mobile,United States,not available in demo dataset
4921164705403021310,1497534823,20170615,1,131.93,1319.3000000000002,29,599,google,cpc,mobile,United States,Philadelphia
1571242606796843580,1497522068,20170615,1,39.93,399.3,26,685,google,organic,mobile,Canada,not available in demo dataset
5201800617685913658,1497541526,20170615,1,77.9,779.0,34,1250,google,organic,desktop,Mexico,not available in demo dataset
292453978388693769,1497533555,20170615,1,592.58,5925.8,33,1240,(direct),(none),desktop,United States,Chicago
1276542147811888949,1497585491,20170615,1,337.94,3379.4,34,1381,google,organic,desktop,United States,Mountain View
3662177742807173577,1497546765,20170615,1,1291.36,12913.599999999999,38,2453,(direct),(none),desktop,United States,Mountain View
971310549792476203,1497592102,20170615,1,43.07,430.7,49,1523,google,organic,desktop,United States,not available in demo dataset
3449924104971285851,1485971936,20170201,1,145.95,1459.5,10,260,(direct),(none),desktop,United States,not available in demo dataset
8264946937115630193,1485962818,20170201,1,36.0,360.0,10,146,(direct),(none),desktop,United States,New York
4058506374393507952,1485979000,20170201,1,76.99,769.9,10,188,(direct),(none),desktop,United States,Austin
9004668593024428031,1485984935,20170201,1,1205.85,12058.5,14,169,(direct),(none),desktop,United States,Austin
853846740627743695,1485978295,20170201,1,18.59,185.9,15,413,(direct),(none),desktop,United States,Mountain View
3152883096390022725,1485983659,20170201,1,79.36,793.6,14,290,(direct),(none),desktop,United States,San Francisco
3499571954427096935,1485970910,20170201,1,110.0,1100.0,20,270,(direct),(none),desktop,United States,not available in demo dataset
9541216071431560465,1485969536,20170201,1,38.38,383.8,17,936,(direct),(none),desktop,United States,Kirkland
2512335805046114445,1486016015,20170201,1,100.88,1008.8,24,924,(direct),(none),desktop,United States,Los Angeles
942090785617526946,1485967119,20170201,1,21.98,219.8,24,822,youtube.com,referral,desktop,United States,not available in demo dataset
6051565234057723830,1485971919,20170201,1,64.99,649.9,28,1166,(direct),(none),desktop,United States,Atlanta
5557717188766173327,1485937316,20170201,1,26.99,269.9,29,819,(direct),(none),desktop,United States,not available in demo dataset
2402527199731150932,1485990127,20170201,1,293.8,2938.0,28,2355,(direct),(none),desktop,United States,Chicago
1228194844972973772,1485958269,20170201,1,166.16,1661.6,28,490,(direct),(none),desktop,United States,Chicago
2456653518531252522,1486007571,20170201,1,25.97,259.7,34,840,(direct),(none),desktop,United States,not available in demo dataset
9913613662127530897,1486003425,20170201,1,304.25,3042.5,41,3106,(direct),(none),desktop,United States,San Francisco
4734664452187566278,1485999323,20170201,1,19.57,195.7,34,751,(direct),(none),desktop,United States,Mountain View
3981643507118895427,1485984868,20170201,1,293.2,2932.0,38,2573,(direct),(none),desktop,United States,Seattle
9676863188506481453,1485985542,20170201,1,295.5,2955.0,36,602,(direct),(none),desktop,United States,New York
566055411938639598,1485974761,20170201,1,613.92,6139.2,36,1192,(direct),(none),desktop,United States,not available in demo dataset
0483111126014707673,1485967673,20170201,1,37.76,377.59999999999997,36,1429,(direct),(none),desktop,United States,Kirkland
0319620292000180209,1486004391,20170201,1,20.98,209.8,48,5358,(direct),(none),tablet,United States,not available in demo dataset
1217627082294977824,1485967243,20170201,1,105.49,1054.8999999999999,45,2151,(direct),(none),desktop,Brazil,Sao Paulo
0178222732694337574,1486001825,20170201,2,39.98,399.79999999999995,54,1572,(direct),(none),mobile,United States,not available in demo dataset
9004668593024428031,1486000482,20170201,1,91.58,915.8,52,1320,(direct),(none),desktop,United States,Austin
0199756139590139879,1485974069,20170201,3,983.53,9835.3,75,3414,(direct),(none),desktop,United States,Austin
3305485862461522985,1485988639,20170201,1,895.08,8950.800000000001,73,2485,(direct),(none),desktop,United States,not available in demo dataset
545302570079415113,1484271231,20170112,1,89.99,899.9,12,224,(direct),(none),desktop,United States,San Jose
1644471510299169992,1484272649,20170112,1,19.99,199.89999999999998,15,874,(direct),(none),mobile,United States,not available in demo dataset
8153111037173030058,1484245418,20170112,1,23.99,239.89999999999998,14,363,(direct),(none),desktop,United States,New York
330289116549575054,1484232693,20170112,1,82.58,825.8,13,238,(direct),(none),desktop,United States,Ann Arbor
7813149961404844386,1484246986,20170112,1,50.79,507.9,13,517,(direct),(none),desktop,United States,Salem
6855059626391376341,1484253715,20170112,1,88.17,881.7,16,849,(direct),(none),desktop,United States,not available in demo dataset
0334916383849466701,1484262900,20170112,1,48.59,485.90000000000003,16,274,(direct),(none),desktop,United States,Mountain View
4846439934286422830,1484268703,20170112,1,35.96,359.6,18,841,(direct),(none),desktop,United States,Mountain View
1639589047263376521,1484259363,20170112,1,38.38,383.8,18,363,(direct),(none),desktop,United States,not available in demo dataset
7419167186572756753,1484243845,20170112,1,111.52,1115.2,21,594,(direct),(none),desktop,United States,Mountain View
0060873674881142784,1484258736,20170112,1,42.17,421.70000000000005,21,582,(direct),(none),desktop,United States,not available in demo dataset
8156693537451506265,1484267392,20170112,1,236.45,2364.5,26,637,(direct),(none),desktop,United States,New York
9432393275834688713,1484266115,20170112,1,77.52,775.1999999999999,25,1536,(direct),(none),desktop,United States,San Francisco
5766280637423737637,1484250107,20170112,1,19.99,199.89999999999998,31,734,(direct),(none),desktop,United States,not available in demo dataset
5541311886379272019,1484254964,20170112,1,228.85,2288.5,27,545,(direct),(none),desktop,United States,New York
977244245594974922,1484209633,20170112,1,29.99,299.9,36,1370,(direct),(none),mobile,United States,not available in demo dataset
437357987201411491,1484290624,20170112,1,1140.35,11403.5,34,579,(direct),(none),mobile,United States,not available in demo dataset
3080209354082466305,1484259954,20170112,1,49.79,497.9,32,1104,(direct),(none),desktop,United States,not available in demo dataset
173863901552294318,1484256466,20170112,1,37.76,377.59999999999997,38,822,dfa,cpm,desktop,United States,New York
66547844041573580,1484218900,20170112,1,20.46,204.60000000000002,39,1147,dfa,cpm,desktop,United States,not available in demo dataset
1814166460229302850,1484275199,20170112,1,1194.88,11948.800000000001,61,2387,(direct),(none),desktop,United States,not available in demo dataset
1600149537033335850,1484236611,20170112,1,531.34,5313.400000000001,127,2054,(direct),(none),desktop,United States,New York
3028833598226517640,1493752087,20170502,1,267.75,2677.5,10,359,(direct),(none),desktop,United States,Ann Arbor
6768316228601904493,1493766107,20170502,1,38.39,383.9,9,196,(direct),(none),desktop,United States,Mountain View
3182530876752588535,1493740440,20170502,1,39.59,395.90000000000003,11,175,(direct),(none),desktop,United States,San Bruno
8053647597306727204,1493741088,20170502,1,38.59,385.90000000000003,12,275,(direct),(none),desktop,United States,Austin
9913737248744802178,1493780677,20170502,1,42.59,425.90000000000003,11,477,(direct),(none),desktop,United States,not available in demo dataset
8198644197116666636,1493743255,20170502,1,69.18,691.8000000000001,12,599,(direct),(none),desktop,United States,Los Angeles
5516160305654218647,1493738805,20170502,1,42.59,425.90000000000003,13,364,(direct),(none),desktop,United States,New York
5265060535305335127,1493746538,20170502,1,107.77,1077.7,12,649,(direct),(none),desktop,United States,Sunnyvale
2336992111054994391,1493748788,20170502,1,35.59,355.90000000000003,13,439,(direct),(none),desktop,United States,San Bruno
6215409591124058773,1493739795,20170502,1,36.59,365.90000000000003,12,252,(direct),(none),desktop,United States,Nashville
4463337271590211636,1493739831,20170502,1,34.59,345.90000000000003,13,264,mail.google.com,referral,desktop,United States,not available in demo dataset
0981755101938488888,1493743240,20170502,1,35.59,355.90000000000003,13,298,(direct),(none),desktop,United States,not available in demo dataset
0487480427659606163,1493744679,20170502,1,40.59,405.90000000000003,13,213,google,organic,desktop,United States,Mountain View
6774994701357708261,1493740835,20170502,1,35.59,355.90000000000003,14,281,(direct),(none),desktop,United States,New York
6589067113499479000,1493782833,20170502,1,25.26,252.60000000000002,14,319,(direct),(none),desktop,United States,New York
198049799955668412,1493733498,20170502,1,35.28,352.8,15,343,google,organic,desktop,United States,New York
1833282132105102358,1493743126,20170502,1,41.59,415.90000000000003,13,723,(direct),(none),desktop,United States,San Bruno
5047879966390554745,1493743817,20170502,1,72.18,721.8000000000001,15,1678,(direct),(none),desktop,United States,Seattle
1733292548126989965,1493741529,20170502,1,41.59,415.90000000000003,15,338,(direct),(none),desktop,United States,San Francisco
8532055883431477965,1493735404,20170502,1,35.19,351.9,13,238,dfa,cpm,desktop,United States,New York
3862093055992617004,1493749465,20170502,1,68.18,681.8000000000001,16,568,(direct),(none),desktop,United States,Mountain View
5536585753094480600,1493741145,20170502,1,34.59,345.90000000000003,14,625,(direct),(none),desktop,United States,Sunnyvale
3287424336851494398,1493732093,20170502,1,140.95,1409.5,13,341,google,organic,desktop,Canada,Toronto
0764484494612548101,1493738866,20170502,1,40.59,405.90000000000003,17,617,docs.google.com,referral,desktop,United States,New York
4422531930916613183,1493752029,20170502,1,41.59,415.90000000000003,16,325,(direct),(none),desktop,United States,New York
4314785522549943313,1493788435,20170502,1,105.77,1057.7,13,901,(direct),(none),desktop,Greece,Paris
3182137775133532420,1493738824,20170502,1,40.59,405.90000000000003,16,2115,(direct),(none),desktop,United States,New York
6855063825045549554,1493753764,20170502,1,53.79,537.9,16,577,(direct),(none),desktop,United States,Mountain View
8793305437694814320,1493745665,20170502,1,76.86,768.6,18,886,(direct),(none),desktop,United States,New York
7875893829613781625,1493738941,20170502,1,35.59,355.90000000000003,18,899,(direct),(none),desktop,United States,Austin
2082463322705444336,1493735134,20170502,1,39.59,395.90000000000003,16,432,(direct),(none),desktop,United States,Washington
5512744925410659627,1493785675,20170502,1,35.59,355.90000000000003,17,513,(direct),(none),desktop,United States,not available in demo dataset
9946704516426299877,1493782878,20170502,1,277.72,2777.2000000000003,17,362,(direct),(none),desktop,United States,(not set)
2571702649159032063,1493741154,20170502,1,69.77,697.6999999999999,16,525,(direct),(none),desktop,United States,Mountain View
2602171406058495760,1493738855,20170502,1,69.18,691.8000000000001,12,680,(direct),(none),desktop,United States,Mountain View
8726813153683135107,1493742144,20170502,1,87.19,871.9,19,824,(direct),(none),desktop,United States,Cambridge
0693664182055359688,1493738790,20170502,1,56.78,567.8,17,646,(direct),(none),desktop,United States,Sunnyvale
3448395334687442693,1493721553,20170502,1,25.99,259.9,20,824,google,organic,desktop,United States,not available in demo dataset
0511506099436408879,1493758304,20170502,1,20.96,209.60000000000002,20,1409,google,organic,desktop,United States,not available in demo dataset
2310334534790814231,1493745151,20170502,1,41.59,415.90000000000003,21,2228,(direct),(none),desktop,United States,San Bruno
4560598885300753163,1493765325,20170502,1,34.59,345.90000000000003,21,410,groups.google.com,referral,desktop,United States,Mountain View
0634506282991036601,1493748688,20170502,1,597.25,5972.5,23,1079,(direct),(none),desktop,United States,New York
7939195923933153052,1493739323,20170502,1,35.59,355.90000000000003,24,821,(direct),(none),desktop,United States,New York
2456900971869384659,1493745954,20170502,1,49.02,490.20000000000005,23,535,(direct),(none),desktop,United States,San Bruno
4556039598367991486,1493768291,20170502,1,59.66,596.5999999999999,20,2495,(direct),(none),desktop,United States,San Jose
0660738563067658683,1493779817,20170502,1,28.38,283.8,22,820,google,cpc,mobile,United States,not available in demo dataset
4118472468366626985,1493776607,20170502,1,34.39,343.9,17,637,google,organic,desktop,United States,not available in demo dataset
965001845233995898,1493735547,20170502,2,107.77,1077.7,24,2464,(direct),(none),desktop,United States,New York
7723283988655524549,1493768880,20170502,1,142.36,1423.6000000000001,22,675,(direct),(none),desktop,United States,not available in demo dataset
0552165022845624889,1493741949,20170502,1,64.59,645.9000000000001,22,730,(direct),(none),desktop,United States,Sunnyvale
8749354080686070265,1493744700,20170502,1,39.59,395.90000000000003,22,503,plus.google.com,referral,desktop,United States,New York
4855915470226632443,1493749502,20170502,1,58.56,585.6,22,816,google,organic,desktop,United States,not available in demo dataset
9909403981445501787,1493754254,20170502,1,70.4,704.0,23,1064,(direct),(none),desktop,United States,Chicago
1720457021844230550,1493758223,20170502,1,124.24,1242.3999999999999,21,1086,(direct),(none),desktop,United States,San Francisco
8532593488057645523,1493742119,20170502,2,100.76,1007.6,31,2017,(direct),(none),desktop,United States,San Francisco
9851301756919291624,1493750516,20170502,1,87.96,879.5999999999999,27,663,google,organic,desktop,United States,San Francisco
988058428052485271,1493749159,20170502,1,131.33,1313.3000000000002,31,1005,(direct),(none),desktop,United States,San Francisco
1970566993843297718,1493753241,20170502,1,92.41,924.0999999999999,29,2041,google,organic,desktop,United States,San Bruno
2864376493455301677,1493760976,20170502,1,98.6,986.0,32,1342,google,organic,desktop,United States,not available in demo dataset
4750855305420445022,1493779878,20170502,2,28.37,283.7,32,2499,(direct),(none),desktop,United States,San Bruno
7528605281471957603,1493741153,20170502,2,133.5,1335.0,40,1929,(direct),(none),desktop,United States,Palo Alto
5814707242199508496,1493762612,20170502,1,30.0,300.0,33,1430,(direct),(none),desktop,United States,not available in demo dataset
1781628475193347891,1493770747,20170502,1,43.04,430.4,44,1029,(direct),(none),desktop,United States,not available in demo dataset
9089132392240687728,1493743284,20170502,1,661.19,6611.900000000001,37,1288,google,cpc,desktop,United States,not available in demo dataset
4749249531312034536,1493784691,20170502,1,37.59,375.90000000000003,51,5024,(direct),(none),desktop,United States,not available in demo dataset
1495276033637299297,1493771036,20170502,1,79.03,790.3,46,993,google,organic,desktop,United States,not available in demo dataset
2402527199731150932,1493739587,20170502,4,246.18,2461.8,75,2893,(direct),(none),desktop,United Kingdom,Chicago
2507708267031281102,1495431442,20170521,1,40.16,401.59999999999997,14,1015,(direct),(none),desktop,United States,not available in demo dataset
7053230033742909452,1495390555,20170521,1,61.99,619.9,19,640,(direct),(none),desktop,United States,not available in demo dataset
8986872282597680783,1495403715,20170521,1,34.19,341.9,21,460,(direct),(none),desktop,United States,not available in demo dataset
7085944502194983759,1495413985,20170521,1,28.88,288.8,19,476,google,cpc,desktop,United States,not available in demo dataset
0003961110741104601,1495425682,20170521,1,10.98,109.80000000000001,20,502,google,organic,desktop,United States,not available in demo dataset
8930278305459563871,1495390265,20170521,1,70.06,700.6,21,632,(direct),(none),desktop,United States,New York
9225056479434506088,1495369823,20170521,1,30.88,308.8,28,713,google,organic,desktop,Japan,Yokohama
4518084412353571470,1495418986,20170521,1,66.92,669.2,31,2011,google,organic,desktop,United States,Austin
1087485533219327918,1495379166,20170521,1,65.33,653.3,31,976,(direct),(none),desktop,United States,not available in demo dataset
3524455307595402736,1495404447,20170521,1,57.5,575.0,34,1479,(direct),(none),desktop,United States,Austin
1831648988411088045,1495425721,20170521,1,83.28,832.8,48,1186,google,organic,desktop,United States,not available in demo dataset
1502528664071512300,1495431454,20170521,1,24.99,249.89999999999998,48,1510,(direct),(none),desktop,United States,San Francisco
485196789418021564,1495359379,20170521,1,208.18,2081.8,118,5287,(direct),(none),desktop,United States,San Francisco
6305026098623511290,1495355248,20170521,1,10.99,109.9,11,311,(direct),(none),desktop,United States,not available in demo dataset
0114308184877865561,1495383586,20170521,1,16.98,169.8,11,356,(direct),(none),mobile,United States,Chicago
8936592721963873590,1495390393,20170521,1,12.99,129.9,11,372,(direct),(none),mobile,United States,not available in demo dataset
5607760817604104979,1495392828,20170521,1,82.54,825.4000000000001,13,258,(direct),(none),desktop,United States,not available in demo dataset
3431617398530846078,1495420812,20170521,1,39.35,393.5,14,302,(direct),(none),desktop,United States,not available in demo dataset
4964954048068074224,1495379838,20170521,1,9.99,99.9,14,1714,(direct),(none),desktop,United States,not available in demo dataset
5718010271440408219,1495387664,20170521,1,22.99,229.89999999999998,17,597,(direct),(none),tablet,United States,not available in demo dataset
4843123344254574539,1495413575,20170521,1,31.98,319.8,13,227,(direct),(none),desktop,United States,not available in demo dataset
5702250706179149383,1495421113,20170521,1,48.96,489.6,20,1381,google,organic,mobile,United States,Sunnyvale
7220686449275700604,1493097338,20170424,1,34.21,342.1,14,1036,(direct),(none),desktop,United States,San Jose
1595241437544943333,1493086683,20170424,1,31.38,313.8,13,1421,(direct),(none),desktop,United States,Sunnyvale
1125267073760839655,1493067840,20170424,1,47.27,472.70000000000005,16,771,(direct),(none),desktop,United States,New York
140406319378490383,1493050421,20170424,1,85.77,857.6999999999999,14,262,(direct),(none),desktop,United States,not available in demo dataset
562678147042735,1493044056,20170424,2,158.31,1583.1,16,319,(direct),(none),desktop,United States,New York
1423245652069790681,1493020383,20170424,1,108.72,1087.2,13,402,(direct),(none),desktop,Australia,Mountain View
146230958339102078,1493037094,20170424,1,55.98,559.8,18,599,google,cpc,desktop,United States,not available in demo dataset
6187845123607693068,1493071164,20170424,1,34.39,343.9,20,2508,google,organic,desktop,United States,Mountain View
1901353870943864683,1493056268,20170424,1,29.99,299.9,22,1595,google,organic,mobile,United States,not available in demo dataset
4796156942815623953,1493082379,20170424,1,73.98,739.8000000000001,23,731,(direct),(none),desktop,United States,Mountain View
1346851855808049432,1493063899,20170424,1,86.96,869.5999999999999,26,1837,google,organic,desktop,United States,New York
9696420302967750807,1493054249,20170424,1,49.96,499.6,24,1776,(direct),(none),desktop,United States,New York
8657427332734176422,1493046504,20170424,1,115.12,1151.2,21,609,google,organic,desktop,United States,Chicago
290718739519939792,1493081275,20170424,1,27.99,279.9,26,964,(direct),(none),desktop,United States,not available in demo dataset
9920226064713599750,1493052519,20170424,1,42.96,429.6,30,1815,google,organic,desktop,United States,not available in demo dataset
2086918960702630134,1493062610,20170424,1,207.0,2070.0,25,823,(direct),(none),desktop,United States,Mountain View
8764097305653418346,1493058744,20170424,1,53.97,539.7,30,1099,(direct),(none),desktop,United States,New York
6486169111223038083,1493063056,20170424,1,107.33,1073.3,30,803,(direct),(none),desktop,United States,Mountain View
9232798931228744855,1493065155,20170424,1,72.92,729.2,38,789,google,organic,desktop,United States,not available in demo dataset
2703316646520107056,1493088660,20170424,1,61.99,619.9,43,1856,(direct),(none),desktop,United States,not available in demo dataset
5153284426505687304,1493048330,20170424,1,425.7,4257.0,38,615,(direct),(none),desktop,United States,not available in demo dataset
7878351670032839098,1493055350,20170424,1,102.99,1029.8999999999999,42,2746,google,organic,desktop,United States,not available in demo dataset
3111726127127301797,1493048329,20170424,1,311.29,3112.9,49,1271,(direct),(none),desktop,United States,New York
5981319719180630127,1493084867,20170424,1,200.17,2001.6999999999998,75,3788,(direct),(none),desktop,United States,New York
7125068043444176386,1499122026,20170703,1,21.99,219.89999999999998,20,926,google,organic,mobile,United States,not available in demo dataset
7933171750259720017,1499097811,20170703,1,221.72,2217.2,15,389,google,organic,desktop,United States,not available in demo dataset
4071592194862232855,1499095526,20170703,1,39.98,399.79999999999995,19,527,google,organic,tablet,United States,New York
4074582003417698725,1499124914,20170703,1,174.68,1746.8000000000002,19,992,(direct),(none),desktop,United States,Denver
1931486566224793189,1499144431,20170703,1,47.79,477.9,19,381,(direct),(none),desktop,United States,Mountain View
9530536315613357862,1499119422,20170703,1,83.95,839.5,24,1024,(direct),(none),desktop,United States,not available in demo dataset
1255368394012652243,1499126557,20170703,1,182.52,1825.2,22,768,(direct),(none),desktop,United States,Redmond
6586739058236606680,1499136164,20170703,1,43.48,434.79999999999995,25,762,(direct),(none),mobile,United States,not available in demo dataset
2224572703195879390,1499129057,20170703,2,79.18,791.8000000000001,27,506,google,organic,desktop,United States,San Francisco
2494927659578259711,1499102092,20170703,1,217.41,2174.1,28,1585,google,organic,desktop,United States,not available in demo dataset
0014262055593378383,1499123682,20170703,2,50.21,502.1,30,1719,(direct),(none),desktop,United States,not available in demo dataset
5656797100186681238,1499106853,20170703,1,133.52,1335.2,69,2110,(direct),(none),desktop,United States,not available in demo dataset
2572686632526205558,1499141901,20170703,1,24.99,249.89999999999998,13,2075,(direct),(none),desktop,Canada,San Francisco
192269026404761198,1487104486,20170214,1,21.99,219.89999999999998,16,247,(direct),(none),desktop,United States,not available in demo dataset
1668298604221469868,1487117894,20170214,1,52.79,527.9,15,474,(direct),(none),desktop,United States,not available in demo dataset
4948939246441761416,1487111094,20170214,1,32.98,329.79999999999995,18,468,(direct),(none),desktop,United States,Mountain View
2751354013646268533,1487106483,20170214,1,8.19,81.89999999999999,16,152,(direct),(none),desktop,United States,San Francisco
6772419843051184934,1487060511,20170214,1,104.6,1046.0,17,301,(direct),(none),desktop,Japan,not available in demo dataset
497209842877259289,1487104585,20170214,1,32.99,329.90000000000003,18,935,(direct),(none),desktop,United States,Mountain View
0820013973529308725,1487112090,20170214,1,168.96,1689.6000000000001,17,555,(direct),(none),desktop,United States,San Francisco
2540477240433751647,1487108446,20170214,1,34.59,345.90000000000003,19,3866,dfa,cpm,desktop,United States,Mountain View
5264845021855252769,1487108465,20170214,1,40.59,405.90000000000003,22,565,(direct),(none),desktop,United States,San Bruno
3017210075357079179,1487118073,20170214,1,48.99,489.90000000000003,19,336,(direct),(none),desktop,United States,not available in demo dataset
9693524201785668348,1487108647,20170214,1,19.37,193.70000000000002,20,520,mail.google.com,referral,desktop,United States,Sunnyvale
7132015811944987714,1487094761,20170214,1,214.42,2144.2,23,2549,dfa,cpm,desktop,United States,Austin
9791048489281287821,1487117139,20170214,1,69.96,699.5999999999999,19,333,(direct),(none),desktop,United States,Sunnyvale
1919186994660632677,1487107681,20170214,1,34.59,345.90000000000003,22,420,(direct),(none),desktop,United States,Mountain View
9236502013498900724,1487079699,20170214,1,145.17,1451.6999999999998,22,194,(direct),(none),desktop,United States,New York
1576812212871623253,1487114339,20170214,1,110.84,1108.4,27,1001,(direct),(none),desktop,United States,Sunnyvale
9503612993189278427,1487108042,20170214,1,34.59,345.90000000000003,24,1964,(direct),(none),desktop,United States,Mountain View
088945266147609238,1487097851,20170214,1,20.58,205.79999999999998,24,1813,google,organic,desktop,United States,Mountain View
4792644128765195526,1487108166,20170214,1,37.59,375.90000000000003,28,500,(direct),(none),desktop,United States,Mountain View
0735968675616410716,1487107725,20170214,1,34.59,345.90000000000003,30,921,(direct),(none),desktop,United States,San Bruno
9241912494909831987,1487117211,20170214,1,40.59,405.90000000000003,34,1102,(direct),(none),desktop,United States,Mountain View
4656013451214852982,1487118569,20170214,1,80.3,803.0,39,843,(direct),(none),desktop,United States,Mountain View
6360297512415625815,1487092108,20170214,1,63.97,639.7,34,759,google,organic,desktop,United States,not available in demo dataset
5482268323591147486,1487085690,20170214,1,29.98,299.8,39,758,google,organic,desktop,United States,not available in demo dataset
3026368959159738546,1487098320,20170214,1,68.97,689.7,38,815,(direct),(none),desktop,United States,San Jose
9029794295932939024,1487085442,20170214,1,935.81,9358.099999999999,33,583,mail.google.com,referral,desktop,United States,not available in demo dataset
009046037663524262,1487112693,20170214,1,42.58,425.79999999999995,35,1743,google,organic,desktop,United States,Irvine
1759779356678951325,1487113101,20170214,1,262.9,2629.0,47,1178,(direct),(none),desktop,United States,Chicago
3394557957149163238,1487101544,20170214,1,43.85,438.5,40,970,google,cpc,desktop,United States,not available in demo dataset
7463172420271311409,1487119304,20170214,1,1104.58,11045.8,53,1868,(direct),(none),desktop,United States,not available in demo dataset
9967421462090240825,1487129406,20170214,1,71.92,719.2,62,2344,google,organic,mobile,United States,not available in demo dataset
1957458976293878100,1487097028,20170214,1,17859.5,178595.0,64,2896,(direct),(none),desktop,United States,not available in demo dataset
7534668743180719090,1487120090,20170214,1,144.94,1449.4,77,4584,(direct),(none),desktop,United States,not available in demo dataset
7405413901359579297,1487108027,20170214,1,74.18,741.8000000000001,9,494,(direct),(none),desktop,United States,Sunnyvale
0175318834283875506,1487093716,20170214,1,68.8,688.0,11,206,(direct),(none),desktop,United States,New York
5465363328893733529,1487118943,20170214,1,38.59,385.90000000000003,10,383,(direct),(none),desktop,United States,Mountain View
5543720275163396146,1487126965,20170214,1,161.4,1614.0,11,282,google,organic,desktop,United States,San Francisco
0343104487250705794,1487132331,20170214,1,240.94,2409.4,11,157,google,organic,desktop,United States,Atlanta
4424722344312683203,1487112338,20170214,1,39.59,395.90000000000003,12,813,(direct),(none),desktop,United States,New York
5684662466118174042,1487107691,20170214,1,54.58,545.8,12,175,dfa,cpm,desktop,United States,Sunnyvale
0886432693783342785,1487108096,20170214,1,34.59,345.90000000000003,13,334,(direct),(none),desktop,United States,Sunnyvale
6008436631932409360,1487108518,20170214,1,43.99,439.90000000000003,12,505,(direct),(none),desktop,United States,Los Angeles
8326216661433256672,1487119865,20170214,1,47.99,479.90000000000003,10,232,google,organic,desktop,United States,Mountain View
7231437685885066535,1487107733,20170214,1,73.18,731.8000000000001,14,1332,(direct),(none),desktop,United States,not available in demo dataset
2567845597403175536,1487108159,20170214,1,59.38,593.8000000000001,14,326,(direct),(none),desktop,United States,not available in demo dataset
4697815412887719552,1487108346,20170214,1,8.38,83.80000000000001,15,291,(direct),(none),desktop,United States,Washington
3153643314309934460,1487108144,20170214,1,36.59,365.90000000000003,15,402,(direct),(none),desktop,United States,San Francisco
5864276802180116505,1487107602,20170214,1,41.59,415.90000000000003,15,549,(direct),(none),desktop,United States,Mountain View
0343104487250705794,1487089142,20170214,1,111.96,1119.6,17,690,google,organic,desktop,United States,Atlanta
3709746839130866401,1487098519,20170214,1,46.79,467.9,16,590,(direct),(none),desktop,United States,Kirkland
3519741939483828661,1487107695,20170214,1,41.59,415.90000000000003,18,772,(direct),(none),desktop,United States,Mountain View
374253765923087294,1494882269,20170515,1,11.78,117.8,14,459,(direct),(none),desktop,United States,Kirkland
3845852396426162446,1494891569,20170515,1,36.99,369.90000000000003,18,659,google,organic,desktop,United States,not available in demo dataset
8544910212244329397,1494877789,20170515,1,20.59,205.9,20,537,(direct),(none),desktop,United States,New York
833073323421806487,1494860893,20170515,1,45.79,457.9,17,211,(direct),(none),desktop,United States,Mountain View
63411837669447330,1494877538,20170515,1,16.97,169.7,17,777,reddit.com,referral,desktop,United States,not available in demo dataset
8053221637100558472,1494904249,20170515,1,14.59,145.9,20,331,(direct),(none),desktop,United States,Seattle
5130136663096173309,1494870643,20170515,1,16.99,169.89999999999998,23,410,google,organic,desktop,United States,New York
7321815150833739774,1494888566,20170515,1,22.99,229.89999999999998,22,1137,google,organic,desktop,United States,San Bruno
2402527199731150932,1494908899,20170515,1,234.54,2345.4,20,711,(direct),(none),desktop,United States,Chicago
1152867987950849273,1494873477,20170515,1,97.58,975.8,22,399,(direct),(none),desktop,United States,Irvine
1152867987950849273,1494871065,20170515,1,97.58,975.8,23,342,(direct),(none),desktop,United States,Irvine
4633520197382116286,1494858972,20170515,1,68.97,689.7,22,402,google,organic,desktop,United Kingdom,London
9104422787977218572,1494907903,20170515,1,27.19,271.90000000000003,23,535,google,organic,desktop,United States,Los Angeles
4959410280892365122,1494871607,20170515,1,248.46,2484.6,24,682,(direct),(none),desktop,United States,Washington
4636131731638181227,1494880952,20170515,1,20.19,201.9,14,664,(direct),(none),desktop,United States,New York
0324564641241038377,1494858999,20170515,1,83.85,838.5,21,535,bing,organic,desktop,United States,not available in demo dataset
0075449012662152580,1494857068,20170515,1,42.62,426.2,26,768,(direct),(none),desktop,United States,Cambridge
5081913244411982383,1494865581,20170515,1,76.62,766.2,23,460,(direct),(none),desktop,United States,Kirkland
5323620141964404346,1494871530,20170515,1,745.48,7454.8,22,528,google,organic,desktop,United States,San Francisco
7898871805036704666,1494899326,20170515,1,58.2,582.0,30,878,(direct),(none),desktop,United States,Sunnyvale
4561220792335536422,1494902923,20170515,1,174.66,1746.6,25,1501,(direct),(none),desktop,United States,San Bruno
2348681849763325965,1494888331,20170515,1,292.99,2929.9,40,1295,(direct),(none),desktop,United States,not available in demo dataset
0290333981372798422,1494872984,20170515,1,36.42,364.20000000000005,10,808,google,organic,desktop,United States,Sunnyvale
0395050647250429598,1494883109,20170515,1,53.66,536.5999999999999,12,633,dealspotr.com,referral,desktop,United States,not available in demo dataset
644061149609662421,1494853988,20170515,1,118.8,1188.0,10,195,(direct),(none),desktop,United States,Chicago
5446026750047012560,1494871488,20170515,1,87.38,873.8,13,976,(direct),(none),desktop,United States,not available in demo dataset
0754276461062540121,1494870769,20170515,1,29.38,293.8,13,372,google,organic,desktop,United States,Sunnyvale
1008230340188426455,1494857623,20170515,1,13.99,139.9,13,470,(direct),(none),mobile,United States,not available in demo dataset
6766597568771975772,1494838330,20170515,1,49.57,495.7,16,1461,google,organic,desktop,Taiwan,(not set)
3813481911022270064,1494911492,20170515,1,18.99,189.89999999999998,15,410,google,organic,desktop,United States,Mountain View
9575170126084021202,1494902130,20170515,1,25.99,259.9,13,337,google,organic,desktop,United States,not available in demo dataset
0985098225619885190,1494870881,20170515,1,42.21,422.1,15,352,(direct),(none),desktop,United States,San Francisco
7871079031879063569,1494885090,20170515,1,57.83,578.3,16,263,google,organic,desktop,United States,San Francisco
3076174797058833907,1494877902,20170515,1,316.31,3163.1,15,388,(direct),(none),desktop,United States,New York
3807311238107119540,1494878601,20170515,1,44.98,449.79999999999995,17,550,google,organic,desktop,United States,not available in demo dataset
6436454707480049919,1494878147,20170515,1,78.18,781.8000000000001,19,675,(direct),(none),desktop,United States,New York
8845818020104828876,1494861952,20170515,1,191.47,1914.7,15,406,google,organic,desktop,United States,New York
0143782636543876435,1500759640,20170722,1,78.98,789.8000000000001,17,508,(direct),(none),desktop,United States,not available in demo dataset
5328385563084211127,1500769728,20170722,1,50.79,507.9,22,392,(direct),(none),desktop,United States,Kirkland
157019484210987302,1500734220,20170722,1,307.41,3074.1000000000004,19,1582,dfa,cpm,mobile,United States,not available in demo dataset
0396718069117936487,1500738629,20170722,1,31.94,319.40000000000003,17,526,(direct),(none),desktop,United States,Palo Alto
330070454475724462,1500741459,20170722,1,95.74,957.4,16,1196,(direct),(none),desktop,Canada,Toronto
3927815032450931689,1500752666,20170722,1,29.79,297.9,27,1133,(direct),(none),desktop,United States,Mountain View
0024932550342595467,1500744389,20170722,2,159.68,1596.8000000000002,26,1645,google,cpc,desktop,United States,not available in demo dataset
9512976956663565169,1500739387,20170722,1,275.0,2750.0,25,532,(direct),(none),desktop,United States,New York
7181128763936845788,1500740371,20170722,1,446.26,4462.6,30,933,google,organic,desktop,United States,not available in demo dataset
7724099657846251773,1500778505,20170722,1,42.77,427.70000000000005,30,2485,(direct),(none),desktop,United States,San Jose
6623534661206058922,1500784444,20170722,1,51.41,514.0999999999999,25,527,google,organic,desktop,United States,not available in demo dataset
9509348681300444250,1500762892,20170722,1,121.9,1219.0,33,1223,google,organic,mobile,United States,San Francisco
4552275222012095884,1500708252,20170722,1,113.99,1139.8999999999999,31,905,(direct),(none),desktop,United States,Sunnyvale
081281456829886913,1500761004,20170722,1,81.71,817.0999999999999,52,2018,google,organic,desktop,United States,Sunnyvale
057693500927581077,1500771684,20170722,1,563.5,5635.0,64,1392,(direct),(none),desktop,United States,New York
3768290334696236505,1500740177,20170722,1,29.7,297.0,14,686,(direct),(none),desktop,United States,not available in demo dataset
7650573166348333190,1500760486,20170722,1,29.22,292.2,15,451,(direct),(none),desktop,United States,not available in demo dataset
4488478628973665084,1497062295,20170609,1,26.99,269.9,9,356,(direct),(none),desktop,United States,Palo Alto
118139814032445850,1497036078,20170609,1,78.16,781.5999999999999,11,241,(direct),(none),desktop,United States,Mountain View
7347925447338164715,1497056131,20170609,1,56.71,567.1,13,316,(direct),(none),desktop,United States,Ann Arbor
4116720743881459837,1497058727,20170609,1,113.9,1139.0,11,278,(direct),(none),desktop,United States,San Jose
9433517997046669782,1497040053,20170609,1,54.07,540.7,12,154,(direct),(none),desktop,United States,Seattle
6487028704457611703,1497025707,20170609,1,204.47,2044.7,12,375,(direct),(none),desktop,United States,Mountain View
6223539301349818074,1497025570,20170609,1,35.99,359.90000000000003,14,214,(direct),(none),desktop,United States,Mountain View
3404526408923397238,1497023239,20170609,1,327.2,3272.0,12,514,(direct),(none),desktop,United States,Austin
8420677006492094603,1497046311,20170609,1,306.0,3060.0,18,805,(direct),(none),desktop,United States,Los Angeles
0654377071872368830,1497056781,20170609,1,73.28,732.8,14,560,(direct),(none),desktop,United States,San Francisco
1965405491406486388,1497038714,20170609,1,250.75,2507.5,15,404,(direct),(none),desktop,United States,not available in demo dataset
5448576624239001417,1497072217,20170609,1,23.99,239.89999999999998,18,457,(direct),(none),desktop,United States,not available in demo dataset
8329981880354676608,1497056937,20170609,1,46.79,467.9,16,267,(direct),(none),desktop,United States,Los Angeles
1452613891025216774,1497016002,20170609,1,400.5,4005.0,14,612,(direct),(none),desktop,United States,New York
7984761365552483293,1497018508,20170609,1,351.79,3517.9,18,466,(direct),(none),desktop,United States,New York
196884374665560705,1497025328,20170609,1,19.19,191.9,21,607,(direct),(none),desktop,United States,Mountain View
3369201896722684732,1497063852,20170609,1,24.99,249.89999999999998,18,569,(direct),(none),desktop,United States,not available in demo dataset
7890966908162899673,1497015534,20170609,1,86.19,861.9,20,622,(direct),(none),desktop,United States,New York
1552171782171201852,1497022886,20170609,1,345.0,3450.0,17,360,(direct),(none),desktop,United States,not available in demo dataset
0826319151487962324,1497012297,20170609,1,75.19,751.9,23,2097,(direct),(none),desktop,United States,San Francisco
8286582297172880189,1497040551,20170609,1,186.7,1867.0,20,486,(direct),(none),desktop,United States,New York
3098865090414414234,1497029641,20170609,1,42.96,429.6,23,623,(direct),(none),desktop,United States,Ann Arbor
2832807519496817186,1497061290,20170609,1,60.18,601.8,21,709,(direct),(none),desktop,United States,New York
2278104303149793808,1497063376,20170609,1,27.99,279.9,26,710,(direct),(none),desktop,United States,not available in demo dataset
7068061647475096007,1497056137,20170609,1,70.38,703.8,22,957,(direct),(none),desktop,United States,Mountain View
7115504822552725751,1497051544,20170609,1,45.77,457.70000000000005,24,710,(direct),(none),desktop,United States,Washington
2870406343834340351,1497069134,20170609,1,64.96,649.5999999999999,32,1241,(direct),(none),tablet,United States,not available in demo dataset
1957458976293878100,1497033207,20170609,2,51.59,515.9000000000001,33,1788,dfa,cpm,desktop,United States,not available in demo dataset
0898438411847166329,1497068471,20170609,1,190.1,1901.0,27,1066,(direct),(none),desktop,United States,San Francisco
7211254729136975568,1497068579,20170609,1,73.78,737.8,29,949,(direct),(none),desktop,United States,Cupertino
4914075329436815761,1497035736,20170609,1,26.18,261.8,37,809,(direct),(none),desktop,United States,New York
1370676865164124718,1497059890,20170609,1,84.9,849.0,41,2625,(direct),(none),tablet,Canada,not available in demo dataset
8064977824443969181,1497048235,20170609,1,37.48,374.79999999999995,40,1047,(direct),(none),mobile,United States,Chicago
3721991920160346170,1497055780,20170609,1,33.45,334.5,33,1251,(direct),(none),desktop,United States,not available in demo dataset
2067875176335600242,1497034037,20170609,1,201.32,2013.1999999999998,73,2738,(direct),(none),desktop,United States,Cambridge
2939364130515546503,1492978165,20170423,1,13.98,139.8,16,427,google,organic,desktop,United States,not available in demo dataset
0554420125524525961,1493012063,20170423,1,59.77,597.7,20,532,(direct),(none),desktop,United States,Sunnyvale
6933441494397777284,1492932735,20170423,1,412.4,4124.0,28,1548,(direct),(none),desktop,Australia,Sydney
0876622834480671437,1493003183,20170423,1,94.14,941.4,33,1134,(direct),(none),desktop,United States,Mountain View
6534928919321366267,1492988427,20170423,1,31.97,319.7,39,1250,google,organic,mobile,United States,not available in demo dataset
1160655632139723710,1493002788,20170423,1,22.98,229.8,35,2517,(direct),(none),desktop,United States,not available in demo dataset
0171495933986068782,1492977489,20170423,1,44.97,449.7,44,1632,(direct),(none),desktop,United States,Los Angeles
7519685296264433379,1493003995,20170423,1,62.99,629.9,63,2180,google,organic,desktop,United States,Austin
6110032687734090597,1492991308,20170423,1,176.25,1762.5,83,1984,google,organic,desktop,Canada,not available in demo dataset
6207352053882165053,1492972032,20170423,1,16.5,165.0,9,177,google,cpc,desktop,United States,not available in demo dataset
3788842143428920129,1492968784,20170423,1,35.99,359.90000000000003,16,640,(direct),(none),desktop,United States,not available in demo dataset
9129722426445993838,1493004097,20170423,1,19.99,199.89999999999998,20,542,(direct),(none),desktop,United States,not available in demo dataset
3636762408690332457,1489296576,20170311,1,26.98,269.8,23,930,google,organic,mobile,United States,not available in demo dataset
9863787389438412366,1489262174,20170311,1,78.57,785.6999999999999,24,397,(direct),(none),desktop,United States,Mountain View
1860043119343068169,1489241542,20170311,1,42.96,429.6,27,625,google,organic,desktop,United States,not available in demo dataset
2013562667442528717,1489273742,20170311,1,42.97,429.7,27,677,(direct),(none),desktop,United States,not available in demo dataset
6509863579619140812,1489260646,20170311,1,52.77,527.7,26,593,(direct),(none),desktop,United States,Toronto
5115425218426457773,1489294182,20170311,1,66.55,665.5,28,622,(direct),(none),desktop,United States,not available in demo dataset
2709351657146666850,1489257940,20170311,1,218.06,2180.6,41,1879,(direct),(none),desktop,United States,San Jose
1293859889635603442,1489254243,20170311,1,70.29,702.9000000000001,34,802,(direct),(none),desktop,United States,not available in demo dataset
1318990660958602931,1489293015,20170311,1,23.98,239.8,59,1556,google,organic,desktop,United States,not available in demo dataset
7382792588713799931,1489259024,20170311,1,172.33,1723.3000000000002,60,2034,(direct),(none),desktop,United States,not available in demo dataset
2956786142298366932,1489256713,20170311,1,104.88,1048.8,73,3177,google,organic,desktop,United States,Los Angeles
0536559199229561402,1489273007,20170311,1,35.97,359.7,12,590,(direct),(none),desktop,United States,San Jose
7757258715868835564,1489285905,20170311,1,54.95,549.5,10,470,(direct),(none),desktop,Venezuela,not available in demo dataset
8769206328217001636,1489338979,20170312,1,22.99,229.89999999999998,13,232,google,organic,desktop,United States,not available in demo dataset
1253103077765832819,1489356106,20170312,1,28.99,289.9,18,854,(direct),(none),desktop,Puerto Rico,not available in demo dataset
664683919239436389,1489365686,20170312,1,11.99,119.9,18,281,google,organic,desktop,United States,not available in demo dataset
6421960756925082099,1489350226,20170312,1,49.97,499.7,16,268,google,organic,desktop,United States,not available in demo dataset
7545575276027340424,1489367317,20170312,1,4.99,49.900000000000006,23,1292,(direct),(none),desktop,United States,not available in demo dataset
8146644046556936641,1489377952,20170312,1,21.19,211.9,26,928,(direct),(none),desktop,United States,San Jose
1977256117656372433,1489371345,20170312,1,37.93,379.3,24,545,google,organic,mobile,United States,San Francisco
8611515155255472281,1489365472,20170312,2,82.17,821.7,31,821,(direct),(none),desktop,United States,not available in demo dataset
764274607292877218,1489347786,20170312,1,248.04,2480.4,27,676,(direct),(none),desktop,United States,not available in demo dataset
3980601042365877663,1489357807,20170312,1,141.65,1416.5,37,940,(direct),(none),desktop,United States,Chicago
4134498426819570935,1489358954,20170312,1,43.96,439.6,60,3245,google,organic,desktop,United States,not available in demo dataset
2049749565428127211,1499357560,20170706,1,54.9,549.0,10,318,(direct),(none),desktop,United States,Pittsburgh
7846265776310082337,1499340022,20170706,1,15.99,159.9,12,229,google,organic,desktop,United States,not available in demo dataset
1166095149523935137,1499368125,20170706,1,9.99,99.9,12,321,(direct),(none),desktop,United States,not available in demo dataset
5256372508003021503,1499361746,20170706,1,18.31,183.1,12,1041,(direct),(none),desktop,United States,Seattle
0367699875055542808,1499362550,20170706,1,55.61,556.1,16,374,(direct),(none),desktop,United States,Austin
454845221896711463,1499357040,20170706,1,267.7,2677.0,15,656,(direct),(none),desktop,United States,not available in demo dataset
1675171647898452800,1499386433,20170706,1,340.92,3409.2000000000003,15,1292,(direct),(none),desktop,United States,Mountain View
1958192249642375634,1499377895,20170706,1,52.98,529.8,17,304,google,organic,desktop,United States,New York
3490620713275982342,1499351897,20170706,1,30.26,302.6,21,753,(direct),(none),desktop,United States,not available in demo dataset
0763707560320645222,1499349137,20170706,1,32.99,329.90000000000003,19,467,(direct),(none),desktop,United States,not available in demo dataset
169337349809177349,1499349631,20170706,1,619.55,6195.5,22,2766,(direct),(none),desktop,United Kingdom,London
6284948773679645206,1499363453,20170706,1,104.4,1044.0,24,705,(direct),(none),desktop,United States,New York
4827442520440231767,1499342111,20170706,1,108.9,1089.0,19,704,(direct),(none),desktop,United States,not available in demo dataset
4013470531611520402,1499354911,20170706,1,22.57,225.7,24,1940,(direct),(none),desktop,United States,New York
5039693679894183284,1499355609,20170706,1,59.97,599.7,19,1435,(direct),(none),desktop,United States,Cambridge
7401384748988164586,1499373895,20170706,1,24.19,241.9,27,2855,(direct),(none),desktop,United States,New York
7701613595320832147,1499381217,20170706,1,892.5,8925.0,23,1186,google,organic,desktop,United States,Sunnyvale
5772921781547143127,1499366133,20170706,1,324.9,3249.0,22,1316,(direct),(none),desktop,United States,Chicago
713731982901764318,1499369037,20170706,1,121.37,1213.7,24,1143,(direct),(none),desktop,United States,New York
2638377830326163737,1499355612,20170706,1,194.7,1947.0,26,1219,(direct),(none),desktop,United States,New York
7736543262187152126,1499407280,20170706,1,48.49,484.90000000000003,26,799,(direct),(none),desktop,United States,not available in demo dataset
3680806121011427493,1499384037,20170706,1,224.2,2242.0,28,621,(direct),(none),desktop,United States,Irvine
2438001988287339845,1499368948,20170706,1,50.49,504.90000000000003,33,852,(direct),(none),desktop,United States,Kirkland
3747999856310382299,1499352526,20170706,1,71.17,711.7,34,749,(direct),(none),desktop,United States,Sunnyvale
8021812938751479108,1499366474,20170706,1,33.62,336.2,33,529,(direct),(none),desktop,United States,Sunnyvale
2736979716085988579,1499375328,20170706,1,36.95,369.5,41,878,google,organic,desktop,United States,Dallas
2645557375569096181,1499391910,20170706,1,95.52,955.1999999999999,42,1285,(direct),(none),desktop,United States,New York
2178459566193458788,1499404637,20170706,1,47.49,474.90000000000003,44,1486,(direct),(none),desktop,United States,San Francisco
4352760646905266733,1499385809,20170706,2,381.54,3815.4,38,1128,(direct),(none),desktop,United States,New York
623238387362841295,1499377019,20170706,1,38.38,383.8,39,1006,(direct),(none),desktop,United States,Los Angeles
0608915197735218105,1501264585,20170728,1,109.76,1097.6000000000001,8,359,(direct),(none),desktop,United States,not available in demo dataset
7745913892709272663,1501226854,20170728,1,14.29,142.89999999999998,12,1367,google,organic,desktop,(not set),(not set)
7111968133200925943,1501297342,20170728,1,105.99,1059.8999999999999,13,259,google,organic,mobile,United States,not available in demo dataset
9905174730865679854,1501254252,20170728,1,57.0,570.0,12,464,google,organic,desktop,United States,Mountain View
9374732127201012465,1501276870,20170728,1,23.08,230.79999999999998,11,965,(direct),(none),desktop,United States,Mountain View
5232863160454746212,1501280815,20170728,1,16.59,165.9,13,418,(direct),(none),desktop,United States,Mountain View
5215840735346366486,1501245903,20170728,1,107.9,1079.0,12,138,google,organic,desktop,United States,not available in demo dataset
0097371986665596420,1501245017,20170728,1,49.2,492.0,14,221,(direct),(none),desktop,United States,not available in demo dataset
0349598333236458498,1501255211,20170728,1,44.98,449.79999999999995,20,1809,google,organic,desktop,United States,Houston
2155115683587711916,1501271847,20170728,1,30.39,303.9,20,891,(direct),(none),desktop,United States,Austin
217143916288493658,1501282918,20170728,1,40.76,407.59999999999997,18,1828,google,cpm,desktop,United States,Seattle
7166449056011989823,1501291795,20170728,1,28.99,289.9,17,242,google,cpc,desktop,United States,not available in demo dataset
4920953157538129017,1501259606,20170728,1,11.99,119.9,20,1335,google,organic,mobile,United States,not available in demo dataset
1005326553546138067,1501270704,20170728,1,78.98,789.8000000000001,18,1847,google,organic,desktop,United States,Mountain View
1053771337658446740,1501277040,20170728,1,24.19,241.9,21,602,(direct),(none),desktop,United States,New York
5199370466032130686,1501292650,20170728,1,101.48,1014.8000000000001,24,593,google,cpc,mobile,United States,Denver
8899113493615355633,1501277488,20170728,1,54.46,544.6,21,663,(direct),(none),desktop,United States,not available in demo dataset
0318476411656972479,1501248688,20170728,1,37.19,371.9,22,392,(direct),(none),desktop,United States,not available in demo dataset
856273082667959194,1501270824,20170728,1,38.46,384.6,24,606,(direct),(none),desktop,United States,San Francisco
4175693739550513271,1501299986,20170728,1,64.07,640.6999999999999,26,1356,google,organic,desktop,United States,not available in demo dataset
5215840735346366486,1501271535,20170728,1,223.0,2230.0,24,458,google,organic,desktop,United States,not available in demo dataset
8825602309761363794,1501277066,20170728,1,201.8,2018.0,27,1477,(direct),(none),desktop,United States,Denver
4540509568993725359,1501277101,20170728,1,96.98,969.8000000000001,28,1286,(direct),(none),desktop,United States,Sunnyvale
9521438372294298977,1501265091,20170728,1,46.79,467.9,28,1173,google,cpc,desktop,United States,Sunnyvale
240359488343865855,1501267583,20170728,1,26.98,269.8,28,481,(direct),(none),desktop,United States,Palo Alto
6373565169411439679,1501301637,20170728,1,12.79,127.89999999999999,33,1493,(direct),(none),desktop,United States,San Francisco
9240425877262756231,1501270894,20170728,4,106.0,1060.0,35,895,(direct),(none),desktop,United States,Sunnyvale
3036945143044651672,1501262584,20170728,1,18.63,186.29999999999998,21,1320,(direct),(none),desktop,Canada,not available in demo dataset
3303034042373276972,1501262790,20170728,1,60.76,607.6,28,327,(direct),(none),desktop,United States,San Francisco
1459959210477445011,1501258399,20170728,1,52.27,522.7,39,1257,google,organic,mobile,United States,not available in demo dataset
0702289726935404752,1501245874,20170728,1,1268.08,12680.8,29,984,(direct),(none),desktop,United States,Cambridge
085319952392271706,1501282065,20170728,1,86.34,863.4000000000001,36,2974,(direct),(none),desktop,United States,Mountain View
9832163989743197601,1501257012,20170728,1,55.96,559.6,37,1920,(direct),(none),desktop,United States,Chicago
587886297354228717,1501257147,20170728,1,29.95,299.5,43,1774,google,organic,desktop,United States,Houston
0853682097133967435,1501278936,20170728,1,163.5,1635.0,38,2725,(direct),(none),desktop,United States,Mountain View
6827945352712857729,1501265691,20170728,1,18.59,185.9,38,2283,(direct),(none),desktop,United States,Mountain View
9737166459620980047,1501254743,20170728,1,65.65,656.5,42,1338,google,cpc,desktop,United States,not available in demo dataset
2616271879571385041,1501295162,20170728,1,93.58,935.8,43,1911,(direct),(none),desktop,United States,New York
9673964860189487919,1501278689,20170728,1,30.03,300.3,50,2337,(direct),(none),desktop,United States,Sunnyvale
9417857471295131045,1501255344,20170728,2,875.12,8751.2,51,2147,(direct),(none),desktop,United States,not available in demo dataset
9879056257140317872,1501301835,20170728,1,71.44,714.4,67,1489,(direct),(none),desktop,United States,San Mateo
2969418676126258798,1501257322,20170728,1,552.05,5520.5,80,4841,(direct),(none),desktop,United States,Sunnyvale
0735968675616410716,1487183502,20170215,1,41.59,415.90000000000003,11,174,(direct),(none),desktop,United States,San Bruno
7089498775181839224,1487213309,20170215,1,23.19,231.9,12,494,(direct),(none),desktop,United States,San Francisco
1908025303707716232,1487205090,20170215,1,25.99,259.9,16,769,google,organic,desktop,United States,Washington
9193930054101057748,1487209629,20170215,1,40.18,401.8,14,422,google,organic,desktop,United States,Austin
1992524663355692792,1487207043,20170215,1,30.0,300.0,16,203,google,organic,desktop,United States,not available in demo dataset
7453027015100594343,1487180004,20170215,1,37.59,375.90000000000003,19,1620,(direct),(none),desktop,United States,Mountain View
6643309753401682133,1487194423,20170215,1,50.78,507.8,21,1266,(direct),(none),desktop,United States,San Francisco
4123909121225276066,1487169213,20170215,1,260.46,2604.6,215,8407,google,organic,desktop,Colombia,not available in demo dataset
6793059858875608655,1487186336,20170215,1,96.58,965.8,21,1164,(direct),(none),desktop,United States,Los Angeles
422544802270284821,1487163667,20170215,1,129.13,1291.3,25,1359,(direct),(none),desktop,Australia,(not set)
2763002839330123118,1487198437,20170215,1,224.97,2249.7,21,445,(direct),(none),desktop,United States,San Francisco
1680034700682349362,1487179154,20170215,1,47.49,474.90000000000003,22,336,(direct),(none),desktop,United States,New York
1007381091974850784,1487180354,20170215,1,66.57,665.6999999999999,23,439,(direct),(none),desktop,United States,Mountain View
079475762358903551,1487186618,20170215,1,475.75,4757.5,26,3837,(direct),(none),desktop,United States,not available in demo dataset
0053010816158486672,1487175167,20170215,1,63.78,637.8,31,1052,(direct),(none),desktop,United States,Ann Arbor
3358419113788146391,1487173705,20170215,1,64.98,649.8000000000001,25,540,(direct),(none),desktop,Mexico,not available in demo dataset
4644922004575301985,1487190912,20170215,1,359.8,3598.0,29,1473,google,organic,desktop,United States,New York
7405413901359579297,1487190303,20170215,1,36.59,365.90000000000003,28,3117,(direct),(none),desktop,United States,Sunnyvale
0928714306844952412,1487215529,20170215,1,41.98,419.79999999999995,32,2189,google,cpc,desktop,United States,not available in demo dataset
5787719394143012193,1487203373,20170215,1,38.58,385.79999999999995,28,586,google,cpc,desktop,United States,Mountain View
0415394625340972240,1487219330,20170215,1,53.8,538.0,35,1019,google,organic,desktop,United States,not available in demo dataset
7323947562520019941,1487184036,20170215,1,27.97,279.7,36,3169,google,organic,desktop,United States,not available in demo dataset
3541771014027462140,1487186832,20170215,1,34.59,345.90000000000003,24,697,mail.google.com,referral,desktop,United States,Mountain View
963477944460779466,1487172302,20170215,1,230.51,2305.1,53,1329,dfa,cpm,desktop,United States,New York
8086463065346141262,1487223663,20170215,1,52.96,529.6,65,2558,siliconvalley.about.com,referral,desktop,United States,not available in demo dataset
7311242886083854158,1487210512,20170215,1,511.62,5116.2,53,962,(direct),(none),desktop,United States,Chicago
6010250598436085923,1487214651,20170215,1,600.04,6000.4,64,1185,(direct),(none),desktop,United States,not available in demo dataset
6736977205570964943,1501376885,20170729,1,27.77,277.7,17,475,(direct),(none),desktop,United States,not available in demo dataset
1393633173328801040,1501361792,20170729,1,70.55,705.5,24,711,(direct),(none),desktop,United States,Mountain View
4683498388367209057,1501351234,20170729,1,31.99,319.9,21,1286,google,organic,mobile,United States,San Francisco
8669188840409334896,1501361621,20170729,1,10.99,109.9,21,348,google,organic,desktop,Mexico,not available in demo dataset
2459432206617896206,1501393054,20170729,1,20.79,207.89999999999998,22,896,google,organic,desktop,United States,Houston
3948753572772915413,1501382038,20170729,1,64.17,641.7,22,757,google,organic,desktop,United States,not available in demo dataset
4370296679036736835,1501392225,20170729,1,47.28,472.8,26,1348,(direct),(none),desktop,United States,Milpitas
7824102392765552707,1501373563,20170729,1,207.28,2072.8,27,1602,(direct),(none),desktop,United States,not available in demo dataset
7012131705583674177,1501366318,20170729,1,248.99,2489.9,27,1834,(direct),(none),desktop,United States,Santa Clara
5239443997664471780,1501364305,20170729,1,41.79,417.9,27,1004,(direct),(none),desktop,United States,Sunnyvale
7409212089173005419,1501387905,20170729,1,37.28,372.8,33,2404,google,organic,tablet,United States,not available in demo dataset
0326671467950015369,1501316071,20170729,1,63.43,634.3,31,870,(direct),(none),desktop,United States,Mountain View
4624790961997446284,1501363092,20170729,1,20.39,203.9,28,917,google,organic,desktop,United States,Los Angeles
3971437232101672363,1501381732,20170729,1,17.99,179.89999999999998,37,1177,google,organic,desktop,United States,not available in demo dataset
1741172694620038876,1501351286,20170729,1,68.15,681.5,44,1140,google,organic,desktop,United States,not available in demo dataset
372706149688864468,1501336977,20170729,1,53.3,533.0,12,717,(direct),(none),desktop,United States,Nashville
9972641923092309898,1501390392,20170729,1,44.14,441.4,17,538,google,organic,desktop,United States,Milpitas
9179364299608933418,1501353665,20170729,1,30.38,303.8,20,536,google,cpc,desktop,United States,not available in demo dataset
2219981041933608843,1501342522,20170729,1,25.35,253.5,22,698,(direct),(none),desktop,United States,New York
2838394030048546223,1484073717,20170110,1,160.92,1609.1999999999998,15,331,dfa,cpm,desktop,United States,Mountain View
4076862635585033778,1484077031,20170110,1,915.2,9152.0,17,1710,(direct),(none),desktop,United States,San Diego
3819398190341694887,1484086565,20170110,1,23.38,233.79999999999998,16,720,(direct),(none),desktop,United States,not available in demo dataset
554728164623826608,1484102578,20170110,1,24.99,249.89999999999998,19,724,(direct),(none),desktop,United States,not available in demo dataset
119870259714905967,1484074929,20170110,1,873.7,8737.0,18,300,(direct),(none),desktop,United States,not available in demo dataset
3239121026206302364,1484076476,20170110,1,29.78,297.8,26,780,(direct),(none),desktop,United States,Mountain View
5467849241888825970,1484085798,20170110,1,71.97,719.7,25,766,(direct),(none),desktop,United States,not available in demo dataset
4605732283887224691,1484073326,20170110,1,31.37,313.7,34,1378,(direct),(none),desktop,United States,Seattle
1232482218170292968,1484102061,20170110,1,42.47,424.7,29,1205,(direct),(none),desktop,United States,not available in demo dataset
513403330506317388,1484058394,20170110,1,1274.45,12744.5,31,2407,(direct),(none),desktop,United States,not available in demo dataset
2422180165069305822,1484102917,20170110,1,25.4,254.0,31,445,(direct),(none),desktop,United States,Palo Alto
2751071784203497950,1484074173,20170110,1,194.64,1946.3999999999999,36,965,dfa,cpm,desktop,United States,Mountain View
1078162902479144133,1484079124,20170110,1,163.44,1634.4,36,1696,(direct),(none),desktop,United States,San Francisco
9089132392240687728,1484067708,20170110,1,1235.56,12355.599999999999,44,1079,(direct),(none),desktop,United States,not available in demo dataset
2196696088271959039,1484073248,20170110,1,287.5,2875.0,46,2293,(direct),(none),desktop,United States,San Francisco
4966706943943178506,1484100993,20170110,1,19.99,199.89999999999998,53,2658,(direct),(none),desktop,Australia,Sydney
5110323247811742778,1484120431,20170110,1,130.36,1303.6000000000001,55,976,(direct),(none),desktop,United States,not available in demo dataset
7813149961404844386,1484075970,20170110,1,47.99,479.90000000000003,10,406,(direct),(none),desktop,United States,Salem
7939213367478794488,1484091697,20170110,1,146.99,1469.9,11,692,(direct),(none),desktop,United States,Salem
5302571039827656728,1484065856,20170110,1,87.19,871.9,14,290,(direct),(none),desktop,United States,Mountain View
1361425561124755941,1484082673,20170110,1,23.19,231.9,15,885,(direct),(none),desktop,United States,not available in demo dataset
7376293826718831934,1484108863,20170110,1,32.9,329.0,17,511,(direct),(none),desktop,United States,New York
0608915197735218105,1484071431,20170110,1,139.36,1393.6000000000001,18,647,(direct),(none),desktop,United States,not available in demo dataset
7828035665151307766,1492636461,20170419,1,22.19,221.9,13,307,(direct),(none),desktop,United States,San Francisco
7550860860945022922,1492646468,20170419,1,85.19,851.9,16,400,google,organic,desktop,United States,Mountain View
7347861354836730309,1492623689,20170419,1,243.5,2435.0,16,436,(direct),(none),desktop,United States,San Francisco
3882155860208938967,1492639685,20170419,1,237.66,2376.6,17,510,(direct),(none),desktop,United States,Austin
8783898015767070689,1492648866,20170419,1,32.97,329.7,19,1141,(direct),(none),desktop,United States,San Francisco
7561249229459674065,1492653600,20170419,1,21.99,219.89999999999998,24,733,google,organic,desktop,United States,not available in demo dataset
4210823265857640487,1492636729,20170419,1,25.49,254.89999999999998,29,4155,google,organic,mobile,United States,not available in demo dataset
9612120883044802142,1492611452,20170419,1,215.52,2155.2000000000003,30,663,(direct),(none),desktop,United States,not available in demo dataset
1426215359136239319,1492653762,20170419,1,97.18,971.8000000000001,30,1285,(direct),(none),desktop,United States,Mountain View
9303426900204805186,1492629678,20170419,1,116.6,1166.0,27,2678,google,organic,desktop,United States,not available in demo dataset
0979536639244706985,1492648128,20170419,1,115.72,1157.2,24,1188,(direct),(none),desktop,United States,Santa Clara
705052516935438684,1492619620,20170419,1,36.95,369.5,32,1357,l.facebook.com,referral,desktop,United States,Mountain View
0756687281868981844,1492630228,20170419,1,34.44,344.4,32,864,google,organic,desktop,United States,not available in demo dataset
6248428368327517195,1492657733,20170419,1,151.11,1511.1000000000001,35,965,(direct),(none),desktop,United States,Cambridge
2415337345055025215,1492615220,20170419,2,1133.47,11334.7,35,2155,(direct),(none),desktop,United States,New York
6100819790518372241,1492614766,20170419,1,34.18,341.8,35,1395,(direct),(none),desktop,United States,Chicago
774160510580966551,1492614418,20170419,1,72.65,726.5,41,1507,google,organic,desktop,United States,not available in demo dataset
5397831032804503408,1492621370,20170419,1,29.98,299.8,46,2317,google,organic,tablet,United States,not available in demo dataset
543100701177479713,1492654746,20170419,1,118.26,1182.6000000000001,43,945,(direct),(none),desktop,United States,not available in demo dataset
042147785799333528,1492646524,20170419,1,160.09,1600.9,34,753,(direct),(none),desktop,United States,San Francisco
7039771343084259446,1492653476,20170419,2,81.95,819.5,47,1330,google,organic,desktop,United States,New York
0371602582972882095,1492631513,20170419,1,96.42,964.2,26,512,google,organic,desktop,United States,not available in demo dataset
7486736560158559443,1492651437,20170419,1,122.97,1229.7,44,3380,google,organic,desktop,United States,Washington
1957458976293878100,1492616459,20170419,1,3677.92,36779.2,52,1508,dfa,cpm,desktop,United States,not available in demo dataset
4512152398665199247,1492606107,20170419,1,258.09,2580.8999999999996,56,1898,(direct),(none),desktop,United Arab Emirates,Dubai
9603605279207456197,1492619790,20170419,1,27.99,279.9,8,229,google,organic,desktop,United States,not available in demo dataset
2375734461566833822,1492639340,20170419,1,81.99,819.9,9,216,(direct),(none),desktop,United States,New York
7813149961404844386,1492632549,20170419,1,23.99,239.89999999999998,11,239,(direct),(none),desktop,United States,not available in demo dataset
8838851880121159305,1492662651,20170419,1,15.29,152.89999999999998,13,194,google,organic,mobile,United States,Los Angeles
466572721242688035,1492607875,20170419,1,31.78,317.8,12,191,(direct),(none),desktop,United States,Mountain View
5760490901418119265,1492639794,20170419,1,21.99,219.89999999999998,14,552,(direct),(none),desktop,United States,Atlanta
1643426621514516428,1492586329,20170419,1,19.99,199.89999999999998,13,452,google,organic,mobile,United States,not available in demo dataset
8028246032728562106,1492612289,20170419,1,2.99,29.900000000000002,13,531,google,organic,desktop,United States,not available in demo dataset
3864611430766835993,1492640677,20170419,1,50.1,501.0,14,414,(direct),(none),desktop,United States,Palo Alto
6304364152192410070,1492633411,20170419,1,36.02,360.20000000000005,18,302,google,organic,desktop,United States,not available in demo dataset
5191173852123388397,1492642823,20170419,1,58.46,584.6,19,1601,google,organic,desktop,United States,not available in demo dataset
6592883580168014282,1492607068,20170419,1,94.5,945.0,18,506,(direct),(none),desktop,United States,Cambridge
7597832944990027750,1492641880,20170419,1,42.99,429.90000000000003,19,838,(direct),(none),desktop,United States,Sunnyvale
3527366305683922189,1484697680,20170117,1,88.99,889.9,15,870,(direct),(none),desktop,United States,Seattle
3118941601870086725,1484712229,20170117,1,43.78,437.8,14,320,(direct),(none),desktop,United States,Sunnyvale
4402860754109907978,1484682651,20170117,1,12.5,125.0,16,416,(direct),(none),desktop,United States,not available in demo dataset
5561134301954215785,1484696889,20170117,1,22.99,229.89999999999998,17,484,(direct),(none),desktop,United States,not available in demo dataset
1866457015323944789,1484670113,20170117,1,20.98,209.8,15,547,(direct),(none),mobile,Ireland,Dublin
2375804711007415878,1484680776,20170117,1,47.79,477.9,21,497,(direct),(none),desktop,United States,not available in demo dataset
0733757037931594916,1484702501,20170117,1,41.56,415.6,20,550,(direct),(none),desktop,United States,Washington
8963849210488709948,1484692333,20170117,1,18.99,189.89999999999998,23,1822,(direct),(none),desktop,United States,not available in demo dataset
5230800631136876455,1484710181,20170117,1,49.95,499.5,25,1418,(direct),(none),mobile,United States,not available in demo dataset
6773504129316656025,1484687617,20170117,1,168.7,1687.0,26,2082,(direct),(none),desktop,United States,Chicago
3769216008640439142,1484719700,20170117,1,39.98,399.79999999999995,21,374,(direct),(none),desktop,United States,San Francisco
5102519341834861025,1484703418,20170117,1,112.18,1121.8000000000002,22,315,(direct),(none),desktop,United States,San Jose
0027729301290398668,1484712595,20170117,1,64.17,641.7,25,1405,(direct),(none),desktop,United States,Seattle
7435052038545127483,1484689887,20170117,1,281.37,2813.7,29,1478,(direct),(none),desktop,United States,Mountain View
4211738365685147723,1484697791,20170117,1,16.19,161.9,25,319,(direct),(none),desktop,United States,San Francisco
8284519161511719385,1484687269,20170117,1,38.98,389.79999999999995,24,349,(direct),(none),desktop,United States,New York
3389857819205176144,1484671845,20170117,1,68.54,685.4000000000001,29,3735,(direct),(none),desktop,United States,New York
9015377887977642612,1484683824,20170117,1,33.47,334.7,28,539,(direct),(none),desktop,United States,not available in demo dataset
4539597857733998702,1484694639,20170117,1,85.94,859.4,31,998,(direct),(none),desktop,United States,not available in demo dataset
3760583534389307379,1484719843,20170117,1,88.92,889.2,37,1252,(direct),(none),mobile,United States,not available in demo dataset
3499571954427096935,1484690576,20170117,1,589.0,5890.0,36,1775,(direct),(none),desktop,United States,not available in demo dataset
9079614112770240084,1484676704,20170117,1,76.94,769.4,37,846,(direct),(none),desktop,United States,New York
7112946707690589198,1484668811,20170117,1,59.34,593.4000000000001,35,1025,dfa,cpm,desktop,United States,San Bruno
3539013620174818735,1484707394,20170117,1,25.48,254.8,33,1119,(direct),(none),mobile,United States,Los Angeles
4314863785819790681,1484683725,20170117,1,399.95,3999.5,41,1286,(direct),(none),desktop,United States,New York
4548986347672972514,1484696055,20170117,1,257.85,2578.5,46,2095,(direct),(none),desktop,United States,Santa Clara
070893140406305841,1484674322,20170117,1,139.85,1398.5,33,2081,(direct),(none),desktop,United States,Chicago
199097744636621972,1484701819,20170117,1,680.05,6800.5,81,4515,(direct),(none),desktop,United States,not available in demo dataset
1596912606849218999,1484684674,20170117,1,12.5,125.0,11,712,(direct),(none),desktop,United States,New York
5930716560276392518,1484722538,20170117,1,18.99,189.89999999999998,10,351,(direct),(none),mobile,United States,not available in demo dataset
6716928511410179095,1484722235,20170117,1,16.59,165.9,13,1915,(direct),(none),desktop,United States,Mountain View
79867210646960655,1484658087,20170117,1,46.98,469.79999999999995,11,307,(direct),(none),desktop,United States,not available in demo dataset
3138662586063485035,1486418207,20170206,1,82.99,829.9,10,763,(direct),(none),desktop,United States,Austin
5739969347457225877,1486410371,20170206,1,109.65,1096.5,14,2260,(direct),(none),desktop,United States,Pittsburgh
2242104653639396503,1486398712,20170206,1,35.98,359.79999999999995,16,544,(direct),(none),desktop,United States,San Francisco
7841078781730568178,1486415010,20170206,1,59.96,599.6,17,1969,(direct),(none),desktop,United States,not available in demo dataset
3190679366721791608,1486406663,20170206,1,61.98,619.8,20,572,(direct),(none),desktop,United States,Cambridge
3847360722701670676,1486438949,20170206,1,38.18,381.8,22,335,(direct),(none),desktop,United States,Mountain View
2306813020737490108,1486416388,20170206,1,41.98,419.79999999999995,21,478,(direct),(none),desktop,United States,not available in demo dataset
6858857361782315379,1486417348,20170206,1,57.99,579.9,18,460,(direct),(none),desktop,United States,New York
3704411087594288284,1486447808,20170206,1,29.18,291.8,20,409,(direct),(none),desktop,United States,Mountain View
7041939324822632725,1486375830,20170206,1,164.98,1649.8,23,1238,(direct),(none),desktop,United States,not available in demo dataset
7079315843944655334,1486374580,20170206,1,31.99,319.9,23,412,(direct),(none),desktop,United States,not available in demo dataset
5726599650920385444,1486398057,20170206,1,26.98,269.8,24,1331,(direct),(none),mobile,United States,not available in demo dataset
1533016242418481907,1486434926,20170206,1,66.58,665.8,21,886,(direct),(none),desktop,United States,Palo Alto
9508544975396755922,1486421017,20170206,1,159.7,1597.0,24,869,(direct),(none),desktop,United States,New York
4788683874386053804,1486423085,20170206,1,21.99,219.89999999999998,28,2354,(direct),(none),desktop,United States,not available in demo dataset
217188275236417745,1486386891,20170206,1,87.97,879.7,27,750,(direct),(none),desktop,United States,not available in demo dataset
5581714403663520162,1486432892,20170206,1,58.97,589.7,24,534,(direct),(none),desktop,United States,Cambridge
2402527199731150932,1486398729,20170206,1,185.4,1854.0,24,369,(direct),(none),desktop,United States,Chicago
5719637398048239955,1486405337,20170206,1,97.58,975.8,38,1036,(direct),(none),desktop,Peru,(not set)
731463778070039206,1486421201,20170206,1,35.18,351.8,38,1434,(direct),(none),desktop,United States,Sunnyvale
3845084664510267721,1486418843,20170206,1,1074.14,10741.400000000001,34,743,(direct),(none),desktop,United States,Atlanta
8947946498901524856,1486440487,20170206,1,68.97,689.7,43,3122,(direct),(none),mobile,United States,San Francisco
3130970991190166322,1486419276,20170206,1,223.78,2237.8,42,1536,(direct),(none),desktop,United States,San Francisco
4940725920339673450,1486419162,20170206,1,35.99,359.90000000000003,46,1205,(direct),(none),desktop,United States,San Francisco
7844285640302688026,1486419937,20170206,1,13.98,139.8,48,2278,(direct),(none),desktop,United States,not available in demo dataset
1045033759778661078,1486423724,20170206,1,489.04,4890.400000000001,49,1510,(direct),(none),desktop,United States,not available in demo dataset
4207162663301325788,1486446434,20170206,1,76.46,764.5999999999999,53,3861,(direct),(none),desktop,United States,not available in demo dataset
9989795984216871126,1486423306,20170206,1,210.72,2107.2,54,1101,(direct),(none),desktop,United States,Sunnyvale
2546464604912220860,1485014740,20170121,1,417.8,4178.0,5,137,(direct),(none),desktop,United States,not available in demo dataset
3430259988193283726,1485026682,20170121,1,18.99,189.89999999999998,10,374,(direct),(none),desktop,United States,not available in demo dataset
3513351372508524008,1485043299,20170121,1,28.96,289.6,13,295,(direct),(none),desktop,United States,not available in demo dataset
6702410231065530921,1485015763,20170121,1,61.98,619.8,22,718,(direct),(none),desktop,United States,not available in demo dataset
6961799001356572228,1485024534,20170121,1,88.99,889.9,23,653,(direct),(none),desktop,United States,not available in demo dataset
4584926842212769645,1485063570,20170121,1,46.98,469.79999999999995,22,498,(direct),(none),mobile,United States,not available in demo dataset
0054279989591037024,1485026562,20170121,1,88.19,881.9,29,766,(direct),(none),desktop,United States,Santa Clara
7861268750444370687,1485056607,20170121,1,48.56,485.6,29,1273,(direct),(none),desktop,United States,(not set)
1285811160522710067,1485055110,20170121,1,20.19,201.9,28,1441,(direct),(none),desktop,United States,New York
3440941357653473285,1485041614,20170121,1,109.95,1099.5,36,623,(direct),(none),desktop,United States,Mountain View
3138433209653230300,1485018827,20170121,1,37.96,379.6,41,3780,(direct),(none),mobile,United States,not available in demo dataset
3841458002774357152,1485749109,20170129,1,35.39,353.9,9,890,(direct),(none),desktop,United States,Ann Arbor
0855579681303585688,1485715194,20170129,1,13.98,139.8,12,301,(direct),(none),desktop,United States,San Francisco
7065662789249975422,1485730053,20170129,1,85.96,859.5999999999999,21,430,(direct),(none),desktop,United States,not available in demo dataset
7077546092404787998,1485728697,20170129,1,105.97,1059.7,21,628,(direct),(none),desktop,United States,not available in demo dataset
0920785317626373504,1485710273,20170129,1,60.99,609.9,23,3121,(direct),(none),mobile,United States,not available in demo dataset
1444097777351910879,1485701876,20170129,1,29.98,299.8,22,446,(direct),(none),desktop,United States,not available in demo dataset
6331108098497207662,1485711548,20170129,1,55.99,559.9,23,560,(direct),(none),desktop,United States,not available in demo dataset
5479337178249732915,1485750835,20170129,1,26.99,269.9,29,1762,(direct),(none),tablet,United States,not available in demo dataset
1849906954215296139,1485760289,20170129,1,103.93,1039.3000000000002,28,1631,youtube.com,referral,mobile,United States,Chicago
9089132392240687728,1485737724,20170129,1,1158.8,11588.0,25,568,(direct),(none),desktop,United States,not available in demo dataset
6575507973076035820,1485737683,20170129,1,8.49,84.9,32,2014,(direct),(none),desktop,United States,not available in demo dataset
5044031393629737352,1485723777,20170129,1,51.89,518.9,31,625,(direct),(none),desktop,United States,not available in demo dataset
6855973837181242337,1485751300,20170129,1,148.77,1487.7,31,1223,(direct),(none),desktop,United States,Austin
5969191050952048751,1485716830,20170129,1,94.2,942.0,33,963,(direct),(none),desktop,United States,not available in demo dataset
200523063890471612,1485738200,20170129,1,340.04,3400.4,35,886,(direct),(none),desktop,Hong Kong,Hong Kong
5716546627685384562,1485720807,20170129,1,88.99,889.9,37,2179,(direct),(none),desktop,United States,San Francisco
9427363159955336757,1485732278,20170129,1,113.94,1139.4,52,1336,(direct),(none),desktop,United States,not available in demo dataset
1331759169231440812,1485731401,20170129,1,71.39,713.9,52,1115,(direct),(none),desktop,Canada,Montreal
1292690271020897036,1485752084,20170129,1,11.24,112.4,71,1956,(direct),(none),mobile,United States,not available in demo dataset
6214016505412778340,1484766510,20170118,1,46.79,467.9,11,154,(direct),(none),desktop,United States,Mountain View
9911363060681535330,1484767482,20170118,1,16.59,165.9,10,83,(direct),(none),desktop,United States,Sunnyvale
3215729429198564415,1484752844,20170118,1,23.99,239.89999999999998,11,162,(direct),(none),desktop,United States,not available in demo dataset
2078583228250254997,1484785451,20170118,1,18.19,181.9,14,463,(direct),(none),desktop,United States,Los Angeles
3515453378186105003,1484799312,20170118,1,29.99,299.9,12,450,google,organic,desktop,United States,not available in demo dataset
9715798393834232864,1484756318,20170118,1,51.79,517.9,13,413,(direct),(none),desktop,United States,San Francisco
1740516675967625074,1484791498,20170118,1,883.9,8839.0,13,814,(direct),(none),desktop,United States,Washington
1131086328893373855,1484776178,20170118,1,1506.5,15065.0,16,2147,(direct),(none),desktop,United States,not available in demo dataset
0533462479025888957,1484759391,20170118,1,24.19,241.9,17,431,(direct),(none),desktop,United States,Mountain View
1324866380268873022,1484761831,20170118,1,17.19,171.9,19,647,google,organic,desktop,United States,Mountain View
4293807246358895318,1484795370,20170118,1,46.77,467.70000000000005,21,482,(direct),(none),desktop,United States,New York
5216258683347805755,1484797317,20170118,1,37.97,379.7,20,525,google,organic,desktop,United States,San Jose
4600960627022225242,1484766164,20170118,1,2.99,29.900000000000002,24,1188,google,organic,desktop,United States,Atlanta
7930731506451371847,1484782617,20170118,1,20.99,209.89999999999998,23,1208,(direct),(none),desktop,United States,Los Angeles
7435052038545127483,1484794049,20170118,1,294.37,2943.7,25,2575,(direct),(none),desktop,United States,Mountain View
4748015823262497744,1484746867,20170118,1,28.98,289.8,23,1558,google,organic,desktop,United States,New York
4533050097351388791,1484750238,20170118,1,56.97,569.7,25,502,dfa,cpm,desktop,United States,New York
2208179340101029302,1484774664,20170118,1,1359.7,13597.0,27,1642,mail.google.com,referral,desktop,United States,San Bruno
0047868538532140235,1484744069,20170118,1,118.94,1189.4,27,1385,(direct),(none),desktop,Kuwait,not available in demo dataset
1596912606849218999,1484796319,20170118,1,7.5,75.0,33,563,(direct),(none),desktop,United States,New York
9935876634073968558,1484801431,20170118,1,6.98,69.80000000000001,29,1668,youtube.com,referral,desktop,United States,not available in demo dataset
1096278048231856532,1484731002,20170118,1,11.96,119.60000000000001,31,1353,ask,organic,desktop,United States,not available in demo dataset
391659178324668475,1484749718,20170118,2,90.58,905.8,29,1093,(direct),(none),desktop,United States,Pittsburgh
24304007537579808,1484770320,20170118,1,180.99,1809.9,33,2222,(direct),(none),desktop,United States,San Francisco
7396384706323570886,1484770141,20170118,1,215.94,2159.4,30,991,google,organic,mobile,United States,San Jose
148135394525872002,1484770707,20170118,1,86.92,869.2,28,1884,google,organic,desktop,United States,New York
6645585126548219573,1484791493,20170118,1,80.99,809.9,36,919,(direct),(none),desktop,United States,not available in demo dataset
1440024345080708014,1484752096,20170118,1,113.32,1133.1999999999998,32,515,google,organic,desktop,United States,San Francisco
0744307603598668939,1484766245,20170118,2,61.36,613.6,34,1036,(direct),(none),desktop,United States,Sunnyvale
3114573633240274987,1484795003,20170118,1,574.03,5740.299999999999,39,1125,google,organic,desktop,United States,not available in demo dataset
6010250598436085923,1484752541,20170118,1,575.26,5752.6,41,1011,(direct),(none),desktop,United States,not available in demo dataset
7254480785524182260,1484760650,20170118,1,171.84,1718.4,46,1189,google,cpc,desktop,United States,Austin
5112948888194419112,1484793219,20170118,1,159.35,1593.5,47,895,(direct),(none),desktop,United States,New York
1620948710344032805,1484805232,20170118,1,107.18,1071.8000000000002,45,1453,(direct),(none),desktop,United States,Sunnyvale
3136171791619750824,1484793371,20170118,1,43.14,431.4,48,1234,(direct),(none),desktop,United States,not available in demo dataset
671417952592573132,1484763664,20170118,1,113.94,1139.4,44,2322,google,organic,desktop,United States,Atlanta
7813149961404844386,1490889472,20170330,1,104.99,1049.8999999999999,10,309,(direct),(none),desktop,United States,Salem
1506245895019104192,1490862758,20170330,1,6.99,69.9,11,253,google,organic,desktop,United States,Philadelphia
1006586895176730194,1490890123,20170330,1,23.8,238.0,12,261,(direct),(none),desktop,United States,not available in demo dataset
8202033545025881863,1490904672,20170330,1,24.98,249.8,10,579,(direct),(none),mobile,United States,San Francisco
848056005472327761,1490921523,20170330,1,89.8,898.0,12,202,(direct),(none),desktop,United States,New York
7813149961404844386,1490881923,20170330,1,86.47,864.7,13,211,(direct),(none),desktop,United States,Salem
8477265213767844589,1490910177,20170330,1,415.25,4152.5,12,572,(direct),(none),desktop,United States,not available in demo dataset
940883724133867575,1490894033,20170330,1,20.99,209.89999999999998,14,874,google,organic,desktop,United States,New York
1628482803394048934,1490886413,20170330,1,41.98,419.79999999999995,13,164,google,organic,desktop,United States,not available in demo dataset
400123865495017006,1490891216,20170330,1,18.98,189.8,15,1219,google,cpc,mobile,United States,Atlanta
0676786607056065282,1490892434,20170330,1,35.18,351.8,12,853,(direct),(none),desktop,India,not available in demo dataset
9078321444578002385,1490884365,20170330,1,101.58,1015.8,16,247,google,organic,desktop,United States,not available in demo dataset
6388824250276633832,1490941073,20170330,1,39.37,393.7,18,402,google,cpc,desktop,United States,San Francisco
7216832908334831114,1490917285,20170330,1,16.59,165.9,16,428,google,organic,desktop,United States,Mountain View
9990183617359422098,1490897700,20170330,1,26.38,263.8,16,635,google,organic,desktop,United States,New York
9193930054101057748,1490890450,20170330,1,26.19,261.90000000000003,16,421,google,organic,desktop,United States,Austin
4432170800264031771,1490894546,20170330,1,52.52,525.2,15,259,google,organic,desktop,United States,New York
5506296400494129114,1490890912,20170330,1,116.6,1166.0,21,512,(direct),(none),desktop,United States,New York
7653600583827596196,1490934779,20170330,1,47.36,473.6,21,768,(direct),(none),desktop,United States,Mountain View
1747158285206837296,1490909150,20170330,1,152.88,1528.8,23,588,(direct),(none),desktop,United States,New York
0199390506505564850,1490901966,20170330,1,805.1,8051.0,26,677,(direct),(none),desktop,Canada,New York
4032905532111677207,1490897473,20170330,1,32.92,329.20000000000005,27,1619,google,organic,desktop,United States,Chicago
7914594983424284090,1490919463,20170330,1,73.98,739.8000000000001,25,605,dfa,cpm,desktop,United States,not available in demo dataset
7822986627298496483,1490903166,20170330,1,25.99,259.9,27,672,google,organic,desktop,United States,New York
4271792018121577582,1490903747,20170330,1,29.18,291.8,26,1062,(direct),(none),desktop,United States,Chicago
7336999582235222237,1490901583,20170330,1,68.76,687.6,33,2345,(direct),(none),desktop,United States,New York
3823935251343260021,1490919878,20170330,1,53.97,539.7,33,1506,google,organic,desktop,United States,not available in demo dataset
7845967413109542320,1490921209,20170330,1,120.17,1201.7,30,1234,(direct),(none),desktop,United States,Cambridge
1878787981465510145,1490909206,20170330,1,686.2,6862.0,30,4301,(direct),(none),desktop,United States,not available in demo dataset
2856851067532814805,1490904244,20170330,1,98.18,981.8000000000001,34,1008,dfa,cpm,desktop,United States,Mountain View
0998406341643073720,1490899835,20170330,1,59.38,593.8000000000001,36,1526,google,organic,desktop,Canada,Toronto
0040361081244991496,1490909385,20170330,1,152.89,1528.8999999999999,31,588,(direct),(none),desktop,United States,San Diego
7290041530133609917,1490927043,20170330,1,54.12,541.1999999999999,37,1465,(direct),(none),desktop,United States,Sunnyvale
3891255667600812168,1490910426,20170330,1,75.69,756.9,43,1552,google,organic,desktop,United States,New York
3726347330948313659,1490918292,20170330,1,499.25,4992.5,49,3456,(direct),(none),desktop,United States,Irvine
9635342124483085641,1490879412,20170330,1,65.99,659.9,54,1686,google,organic,desktop,United States,not available in demo dataset
8467482024221985291,1490904631,20170330,1,98.31,983.1,52,1842,(direct),(none),desktop,United States,New York
6296343210057064368,1490912734,20170330,1,39.45,394.5,68,1789,google,organic,desktop,United States,not available in demo dataset
5097087346105463693,1499816383,20170711,1,160.35,1603.5,14,554,google,cpm,desktop,United States,Mountain View
7782965489086957079,1499798142,20170711,1,189.7,1897.0,16,836,(direct),(none),desktop,United States,New York
1575299870459163170,1499816891,20170711,1,29.89,298.9,16,586,google,organic,mobile,United States,not available in demo dataset
6185798445433721880,1499799471,20170711,1,24.19,241.9,15,639,(direct),(none),desktop,United States,not available in demo dataset
6432310188343340425,1499810903,20170711,1,931.76,9317.6,18,744,(direct),(none),desktop,United States,Mountain View
1476938238176225678,1499784716,20170711,2,47.57,475.7,17,403,(direct),(none),desktop,United States,not available in demo dataset
5564329510174099370,1499776728,20170711,1,142.58,1425.8000000000002,14,1015,google,organic,desktop,United States,not available in demo dataset
6075418837768242958,1499820527,20170711,1,21.59,215.9,18,420,(direct),(none),desktop,United States,not available in demo dataset
1722480716347032461,1499824255,20170711,1,86.05,860.5,15,1093,(direct),(none),desktop,United States,Mountain View
1703470801983285779,1499805684,20170711,1,44.49,444.90000000000003,18,280,google,cpm,desktop,United States,not available in demo dataset
4462569127423521108,1499834283,20170711,1,68.17,681.7,17,573,(direct),(none),desktop,United States,not available in demo dataset
983622469844382741,1499785534,20170711,1,65.89,658.9,19,825,(direct),(none),desktop,Switzerland,not available in demo dataset
7213484590531142958,1499793400,20170711,1,180.85,1808.5,22,883,(direct),(none),desktop,United States,San Diego
0679581364401887394,1499796673,20170711,1,15.97,159.70000000000002,22,1515,google,organic,desktop,United States,not available in demo dataset
9587233052829072755,1499826002,20170711,1,99.88,998.8,19,585,(direct),(none),desktop,United States,not available in demo dataset
8194948038979976753,1499794475,20170711,1,353.61,3536.1000000000004,19,396,(direct),(none),desktop,United States,New York
8250431010473509037,1499807816,20170711,1,81.18,811.8000000000001,28,1640,(direct),(none),desktop,United States,Mountain View
6302382540936873657,1499820992,20170711,1,52.95,529.5,24,1329,(direct),(none),desktop,United States,not available in demo dataset
3053164528707250163,1499783740,20170711,1,198.54,1985.3999999999999,25,767,(direct),(none),desktop,United States,not available in demo dataset
5112369122544987822,1499822185,20170711,2,678.66,6786.599999999999,29,4269,google,organic,desktop,United States,not available in demo dataset
3452520076908363504,1499789306,20170711,1,56.27,562.7,25,864,google,organic,desktop,United States,not available in demo dataset
3784608915391176306,1499804705,20170711,1,64.86,648.6,25,307,(direct),(none),desktop,United States,New York
5224330515080725566,1499799777,20170711,1,28.98,289.8,34,1135,(direct),(none),desktop,United States,Los Angeles
9431575744211678902,1499801650,20170711,1,37.68,376.8,34,587,google,organic,desktop,United States,not available in demo dataset
1459360539535171755,1499798653,20170711,1,490.88,4908.8,34,2142,(direct),(none),desktop,United States,San Francisco
9556550673068144771,1499823825,20170711,1,39.68,396.8,33,1998,google,cpc,desktop,United States,San Francisco
8966349442774967540,1499829075,20170711,1,96.23,962.3000000000001,27,950,sites.google.com,referral,desktop,United States,Mountain View
7248845288199471059,1499785312,20170711,1,97.0,970.0,36,2735,(direct),(none),desktop,United States,Washington
9302767552528832368,1499805444,20170711,1,132.7,1327.0,23,949,google,organic,desktop,France,Paris
9336440504907193236,1499837563,20170711,1,62.03,620.3,44,2048,google,cpc,mobile,United States,not available in demo dataset
3736964846520654455,1499832554,20170711,1,66.84,668.4000000000001,51,1875,(direct),(none),desktop,United States,not available in demo dataset
8977039158734679466,1499809854,20170711,1,103.76,1037.6000000000001,44,1597,google,cpc,desktop,United States,not available in demo dataset
5774321029448220916,1499837431,20170711,1,66.89,668.9,48,2098,(direct),(none),desktop,United States,Mountain View
4871826258834761103,1499829828,20170711,1,136.46,1364.6000000000001,7,530,(direct),(none),desktop,United States,Chicago
2729326042885052223,1499794624,20170711,1,294.4,2944.0,11,932,(direct),(none),desktop,United States,Washington
6171698148494823293,1499804741,20170711,1,28.99,289.9,12,767,(direct),(none),desktop,United States,Milpitas
8923902094377758912,1499822362,20170711,1,46.37,463.7,14,900,(direct),(none),tablet,United States,Chicago
16925875208939543,1499795497,20170711,1,28.18,281.8,13,226,(direct),(none),desktop,United States,Austin
6483542972874741074,1499804545,20170711,1,26.0,260.0,15,165,(direct),(none),desktop,United States,Mountain View
4376369621294658596,1499786786,20170711,1,640.16,6401.599999999999,13,791,google,organic,desktop,United States,New York
3187576245078798783,1487627620,20170220,1,62.99,629.9,12,1783,google,organic,desktop,United States,not available in demo dataset
293387037477216156,1487633312,20170220,1,7.98,79.80000000000001,15,1842,(direct),(none),mobile,United States,not available in demo dataset
3657728344837138607,1487647180,20170220,1,65.99,659.9,18,570,(direct),(none),desktop,United States,San Francisco
5363423256210822275,1487603071,20170220,1,21.99,219.89999999999998,18,877,google,organic,mobile,United States,Dallas
8718806684615672297,1487642367,20170220,1,13.98,139.8,16,899,google,organic,desktop,United States,not available in demo dataset
3429044344493987799,1487647846,20170220,1,65.36,653.6,17,656,google,organic,desktop,United States,Chicago
987095605185435799,1487632527,20170220,1,82.99,829.9,21,543,(direct),(none),desktop,United States,New York
9467619663210756890,1487605536,20170220,1,39.98,399.79999999999995,30,1884,(direct),(none),desktop,United States,not available in demo dataset
068932429089394729,1487616975,20170220,1,25.97,259.7,26,469,google,organic,desktop,United States,not available in demo dataset
4984366501121503466,1487605589,20170220,1,757.96,7579.6,24,263,(direct),(none),desktop,United States,not available in demo dataset
7284466025557220497,1487630048,20170220,1,1506.2,15062.0,27,589,(direct),(none),desktop,United States,not available in demo dataset
8467075594022086226,1487649004,20170220,1,54.57,545.7,33,3166,(direct),(none),desktop,United States,San Francisco
4580502273723821061,1487604895,20170220,1,58.15,581.5,31,1343,(direct),(none),desktop,United States,not available in demo dataset
4527278298555506420,1487632120,20170220,1,185.98,1859.8,27,705,(direct),(none),desktop,United States,not available in demo dataset
3964580077088132526,1487638610,20170220,1,19.8,198.0,18,701,(direct),(none),desktop,United States,not available in demo dataset
854480075976735047,1487598240,20170220,1,18.76,187.60000000000002,32,785,(direct),(none),desktop,United States,not available in demo dataset
6931833927582821050,1487626683,20170220,2,47.56,475.6,39,1311,(direct),(none),desktop,United States,Mountain View
4788403189075258589,1487641811,20170220,1,66.55,665.5,45,1162,(direct),(none),desktop,United States,not available in demo dataset
7261302704200810675,1487644175,20170220,1,978.59,9785.9,55,500,(direct),(none),desktop,United States,not available in demo dataset
9556564333684881224,1487618517,20170220,1,115.36,1153.6,57,2678,google,cpc,desktop,United States,Milpitas
3474523697794005642,1487614482,20170220,1,163.1,1631.0,64,1871,(direct),(none),desktop,United States,Oakland
2405648285327447572,1489694350,20170316,1,47.98,479.79999999999995,10,167,(direct),(none),desktop,United States,Mountain View
2523857652235025784,1489706090,20170316,1,21.19,211.9,10,422,(direct),(none),desktop,United States,Toronto
1936804138170458457,1489714955,20170316,1,49.77,497.70000000000005,14,292,google,organic,desktop,United States,Mountain View
4588796231145389827,1489722625,20170316,1,11.99,119.9,13,219,google,cpc,mobile,United States,not available in demo dataset
4724343029185512316,1489700969,20170316,1,42.98,429.79999999999995,14,328,google,organic,desktop,United States,not available in demo dataset
9970378027479686216,1489694032,20170316,1,21.98,219.8,15,210,(direct),(none),desktop,United States,New York
2338178303528914061,1489677182,20170316,1,20.19,201.9,15,2019,google,organic,desktop,United States,Sunnyvale
5346534846866519403,1489708145,20170316,1,32.99,329.90000000000003,16,737,google,organic,desktop,United States,not available in demo dataset
1237157156860743048,1489696902,20170316,1,52.18,521.8,17,463,(direct),(none),desktop,United States,Seattle
3073219633014134177,1489687179,20170316,1,32.99,329.90000000000003,22,611,google,organic,desktop,United States,Mountain View
7015114588825898873,1489686130,20170316,1,61.99,619.9,23,770,google,organic,desktop,United States,not available in demo dataset
3568334692659354873,1489676805,20170316,1,723.3,7233.0,20,707,(direct),(none),desktop,United States,New York
2615253560882573611,1489654160,20170316,1,67.09,670.9000000000001,23,706,google,cpc,mobile,United States,not available in demo dataset
8443643406410739523,1489694183,20170316,1,280.8,2808.0,19,1414,google,organic,desktop,United States,not available in demo dataset
7454455828968667509,1489709216,20170316,1,30.49,304.9,21,472,(direct),(none),mobile,United States,not available in demo dataset
2149997451012964461,1489710045,20170316,1,56.99,569.9,23,651,google,organic,desktop,United States,Mountain View
6344125332989627562,1489682426,20170316,1,38.97,389.7,23,681,google,organic,desktop,United States,San Francisco
670221610640324008,1489671243,20170316,1,78.57,785.6999999999999,24,708,(direct),(none),desktop,Canada,not available in demo dataset
9672097680372886188,1489684412,20170316,1,148.18,1481.8000000000002,24,653,(direct),(none),desktop,United States,Mountain View
2339706083107095854,1489697584,20170316,1,237.66,2376.6,28,442,(direct),(none),desktop,United States,Los Angeles
6870007734084119438,1489714035,20170316,1,25.77,257.7,32,1117,(direct),(none),desktop,United States,New York
5737086598744080842,1489696818,20170316,1,515.37,5153.7,31,2263,google,organic,desktop,United States,not available in demo dataset
5751162786265833024,1489671128,20170316,1,82.99,829.9,28,935,(direct),(none),desktop,United States,New York
005987390541733447,1489709479,20170316,1,26.98,269.8,37,1660,google,organic,desktop,United States,not available in demo dataset
1018592359219015183,1489716093,20170316,1,115.98,1159.8,39,1127,google,organic,desktop,United States,not available in demo dataset
7841732003589019800,1489677593,20170316,1,152.67,1526.6999999999998,40,991,(direct),(none),desktop,United States,not available in demo dataset
9029794295932939024,1489662849,20170316,1,770.34,7703.400000000001,39,654,mail.google.com,referral,desktop,United States,not available in demo dataset
2069933334566881550,1489681166,20170316,1,202.74,2027.4,43,679,google,organic,desktop,United States,not available in demo dataset
072871379479619546,1489725000,20170316,1,208.55,2085.5,51,972,google,organic,desktop,United States,Los Angeles
186231215995844689,1501525374,20170731,1,34.98,349.79999999999995,4,96,(direct),(none),desktop,United States,Mountain View
0345672699449577691,1501549028,20170731,1,29.59,295.9,8,484,(direct),(none),desktop,United States,Kirkland
5451348672261739783,1501520591,20170731,1,21.99,219.89999999999998,10,243,google,organic,mobile,United States,not available in demo dataset
5258378690008715588,1501504847,20170731,1,77.5,775.0,10,1798,(direct),(none),desktop,United States,not available in demo dataset
3658549305813344156,1501508093,20170731,1,33.62,336.2,12,335,(direct),(none),desktop,United States,New York
2703137619338184529,1501510321,20170731,1,72.91,729.0999999999999,12,2058,(direct),(none),desktop,United States,Pittsburgh
4680625557979147601,1501523429,20170731,1,16.59,165.9,10,220,(direct),(none),desktop,United States,Atlanta
4408662176448539530,1501535969,20170731,1,241.9,2419.0,10,377,(direct),(none),desktop,United States,not available in demo dataset
8149979272084433494,1501540907,20170731,1,10.99,109.9,14,711,(direct),(none),mobile,United States,Pittsburgh
9598871851189945502,1501522801,20170731,1,132.94,1329.4,11,422,(direct),(none),desktop,United States,Ann Arbor
3296760629290615445,1501512700,20170731,1,612.55,6125.5,13,749,(direct),(none),desktop,United States,not available in demo dataset
4062630166370650304,1501553979,20170731,1,16.99,169.89999999999998,15,357,(direct),(none),desktop,United States,not available in demo dataset
1681975491896946073,1501550646,20170731,1,58.97,589.7,16,434,google,organic,desktop,United States,not available in demo dataset
7637038443893798015,1501520863,20170731,1,18.99,189.89999999999998,17,283,(direct),(none),desktop,United States,Mountain View
6238089889459333091,1501540491,20170731,1,16.02,160.2,17,271,(direct),(none),desktop,United States,New York
7445235885559107095,1501533749,20170731,1,2494.0,24940.0,14,504,google,organic,desktop,United States,Salem
8321566838784998459,1501510210,20170731,1,19.0,190.0,18,412,google,organic,mobile,United States,not available in demo dataset
6686381334657841223,1501543503,20170731,1,61.98,619.8,20,2121,google,organic,desktop,Indonesia,Jakarta
9445171435422230535,1501550721,20170731,1,56.0,560.0,16,504,(direct),(none),desktop,United States,Ann Arbor
9687976620185337812,1501514948,20170731,1,14.59,145.9,17,1386,(direct),(none),desktop,Canada,New York
7455554400123317161,1501524507,20170731,1,13.59,135.9,18,990,(direct),(none),desktop,United States,Kirkland
1921325710867532207,1501523337,20170731,1,86.98,869.8000000000001,17,432,(direct),(none),desktop,United States,Mountain View
7227604725376239031,1501565032,20170731,1,18.59,185.9,16,359,(direct),(none),desktop,United States,Kirkland
7188768914363923661,1501553776,20170731,1,48.98,489.79999999999995,21,625,(direct),(none),desktop,United States,not available in demo dataset
473905218555423969,1501505698,20170731,1,14.59,145.9,21,2555,(direct),(none),desktop,United States,not available in demo dataset
0389488682405584834,1501543761,20170731,1,8.03,80.3,25,672,(direct),(none),desktop,United States,San Jose
7745913892709272663,1501535980,20170731,1,43.99,439.90000000000003,26,3207,google,organic,desktop,Indonesia,(not set)
0047078955120420928,1501541991,20170731,1,48.16,481.59999999999997,21,1163,(direct),(none),desktop,United States,Boulder
1190814633327628141,1501542332,20170731,1,48.4,484.0,20,906,(direct),(none),desktop,United States,not available in demo dataset
4218367025544931420,1501526066,20170731,1,618.5,6185.0,23,3694,(direct),(none),desktop,United States,New York
4952396078130707023,1501554975,20170731,1,7.99,79.9,25,956,google,organic,desktop,United States,not available in demo dataset
9598871851189945502,1501518841,20170731,2,265.88,2658.8,26,1302,(direct),(none),desktop,United States,Ann Arbor
387849079599046538,1501513451,20170731,1,61.58,615.8,23,1114,(direct),(none),desktop,United States,Mountain View
7284107994229493297,1501545464,20170731,1,11.99,119.9,27,1488,google,organic,desktop,United States,Los Angeles
4030851960983791121,1501550902,20170731,1,999.68,9996.8,24,834,(direct),(none),desktop,United States,not available in demo dataset
4950411203281265700,1501544540,20170731,1,648.6,6486.0,28,2368,(direct),(none),mobile,United States,Seattle
442359446750687328,1501542274,20170731,1,45.38,453.8,24,831,(direct),(none),desktop,United States,San Jose
4064135835973062555,1501513987,20170731,1,46.99,469.90000000000003,33,1439,(direct),(none),desktop,United States,Chicago
1573919593896895308,1501521192,20170731,1,131.0,1310.0,27,652,(direct),(none),desktop,United States,New York
8530723892127582602,1501537581,20170731,1,61.49,614.9,28,690,google,organic,desktop,United States,Mountain View
4688218153840595469,1501538692,20170731,1,37.99,379.90000000000003,29,2669,google,organic,desktop,United States,San Francisco
5687667730920600613,1501524044,20170731,1,27.99,279.9,39,1266,google,organic,desktop,United States,not available in demo dataset
314623674794258357,1501542153,20170731,1,64.55,645.5,30,1463,(direct),(none),desktop,United States,Mountain View
0010295111715775250,1501549997,20170731,1,8.39,83.9,35,711,(direct),(none),desktop,United States,Kirkland
2144335436738770147,1501526833,20170731,1,575.5,5755.0,32,2941,(direct),(none),desktop,United States,not available in demo dataset
6684428411656994293,1501566744,20170731,1,39.28,392.8,40,656,google,organic,mobile,United States,not available in demo dataset
813207140579582070,1501542545,20170731,1,71.5,715.0,40,3651,google,organic,desktop,United States,New York
527426783375720325,1501522971,20170731,1,226.57,2265.7,33,782,(direct),(none),desktop,United States,San Mateo
9227772112500941696,1501561533,20170731,1,633.82,6338.200000000001,40,1866,(direct),(none),mobile,United States,Houston
8572246047047081810,1501519419,20170731,1,39.43,394.3,35,1137,(direct),(none),desktop,United States,San Francisco
0842088345978971117,1501540838,20170731,1,38.15,381.5,37,823,(direct),(none),desktop,United States,Austin
0280589015308186459,1501529668,20170731,1,63.88,638.8000000000001,45,1190,(direct),(none),desktop,United States,Ann Arbor
2981325201816358942,1501529039,20170731,1,811.96,8119.6,41,3438,google,organic,desktop,United States,not available in demo dataset
8064625150033508396,1501508188,20170731,1,141.15,1411.5,46,1741,(direct),(none),desktop,United States,Cambridge
3156558389889250659,1501546124,20170731,1,118.24,1182.3999999999999,48,998,(direct),(none),desktop,United States,New York
238925310298938861,1501545926,20170731,1,90.11,901.1,50,1919,(direct),(none),desktop,United States,New York
5139927098906360724,1501514209,20170731,1,196.81,1968.1,55,1784,(direct),(none),desktop,United States,not available in demo dataset
7979010430069561046,1501522116,20170731,1,14.49,144.9,68,5134,google,organic,desktop,United States,not available in demo dataset
7463172420271311409,1501534049,20170731,1,996.68,9966.8,61,3705,(direct),(none),desktop,United States,not available in demo dataset
2766162501835274072,1501533968,20170731,1,104.95,1049.5,45,1134,(direct),(none),desktop,United States,New York
7483600664917507409,1501537217,20170731,1,260.46,2604.6,122,8369,(direct),(none),desktop,United States,Mountain View
6883290744646769254,1490718083,20170328,1,73.19,731.9,11,318,(direct),(none),desktop,United States,not available in demo dataset
5430871113071179635,1490733603,20170328,1,49.79,497.9,10,163,(direct),(none),desktop,United States,Mountain View
0438166916528767491,1490725309,20170328,1,80.9,809.0,11,178,(direct),(none),desktop,United States,Mountain View
4449823229608218315,1490736793,20170328,1,16.38,163.79999999999998,11,182,(direct),(none),desktop,United States,New York
3381137962857755397,1490751853,20170328,1,24.78,247.8,11,278,(direct),(none),desktop,United States,not available in demo dataset
7635012716697544709,1490732099,20170328,1,17.99,179.89999999999998,11,150,google,organic,mobile,United States,Houston
7813149961404844386,1490717463,20170328,1,47.99,479.90000000000003,11,194,(direct),(none),desktop,United States,Salem
7813149961404844386,1490713974,20170328,1,44.99,449.90000000000003,11,313,(direct),(none),desktop,United States,Salem
3378090868516348221,1490732097,20170328,1,61.99,619.9,11,193,(direct),(none),desktop,United States,New York
9865389122450632094,1490722361,20170328,1,411.7,4117.0,13,1216,google,organic,desktop,United States,New York
5918969428390529322,1490717074,20170328,1,29.99,299.9,13,360,(direct),(none),desktop,United States,not available in demo dataset
1681725530840871996,1490738815,20170328,1,31.99,319.9,14,645,google,organic,mobile,United States,not available in demo dataset
9672097680372886188,1490709751,20170328,1,86.19,861.9,13,1077,(direct),(none),desktop,United States,Mountain View
7651073139895028250,1490744789,20170328,1,210.95,2109.5,12,277,(direct),(none),desktop,United States,San Francisco
9097173062370236070,1490746082,20170328,1,33.39,333.9,14,175,(direct),(none),desktop,United States,New York
2338178303528914061,1490736279,20170328,1,21.59,215.9,13,733,google,organic,desktop,United States,Sunnyvale
8477265213767844589,1490731330,20170328,1,538.25,5382.5,12,700,(direct),(none),desktop,United States,not available in demo dataset
147270510979304610,1490748553,20170328,1,29.98,299.8,13,489,google,organic,mobile,United States,Minneapolis
7974559694020168451,1490693784,20170328,1,26.0,260.0,16,282,google,organic,desktop,United States,not available in demo dataset
9979979376705372624,1490762028,20170328,1,16.19,161.9,16,724,google,organic,desktop,United States,Mountain View
4984366501121503466,1490715849,20170328,1,295.6,2956.0,14,371,(direct),(none),desktop,United States,not available in demo dataset
8982077970907117437,1490723998,20170328,1,67.59,675.9000000000001,18,2265,(direct),(none),desktop,United States,Austin
895520819465154077,1490751538,20170328,1,100.97,1009.7,18,769,(direct),(none),desktop,United States,Sunnyvale
3574986658908976754,1490745718,20170328,1,20.59,205.9,17,364,(direct),(none),desktop,United States,Mountain View
2077377423063941153,1490724612,20170328,1,46.79,467.9,17,798,google,organic,desktop,United States,not available in demo dataset
5189398404527635970,1490742323,20170328,1,81.99,819.9,15,458,(direct),(none),desktop,United States,Los Angeles
0496833883845920731,1490722550,20170328,1,50.79,507.9,17,1255,(direct),(none),desktop,United States,Sunnyvale
6592883580168014282,1490719580,20170328,1,222.55,2225.5,19,1142,(direct),(none),desktop,United States,Cambridge
2170548591309603698,1490720414,20170328,1,267.45,2674.5,19,391,(direct),(none),desktop,United States,not available in demo dataset
820978244925580785,1490736967,20170328,1,98.94,989.4,21,924,google,organic,desktop,United States,Mountain View
9372618001980854712,1490715359,20170328,1,419.65,4196.5,21,1534,dealspotr.com,referral,desktop,United States,not available in demo dataset
5127153771428959505,1490732399,20170328,1,158.7,1587.0,24,2858,google,organic,desktop,United States,Chicago
9733256607380770596,1490742358,20170328,1,76.96,769.5999999999999,23,1157,(direct),(none),desktop,United States,not available in demo dataset
8543869082820414205,1490728091,20170328,1,110.38,1103.8,29,2534,(direct),(none),desktop,United States,not available in demo dataset
8972907985642448260,1490712062,20170328,1,164.55,1645.5,30,2032,(direct),(none),desktop,United States,not available in demo dataset
7503558141544554377,1490739624,20170328,1,11.97,119.7,19,546,(direct),(none),desktop,United States,not available in demo dataset
6430761922443082063,1490724248,20170328,1,145.35,1453.5,27,898,(direct),(none),desktop,United States,not available in demo dataset
7793160829626238821,1490762232,20170328,1,84.99,849.9,31,838,(direct),(none),desktop,United States,Sunnyvale
9665573489181105578,1490744123,20170328,1,10.92,109.2,40,1503,(direct),(none),desktop,United States,not available in demo dataset
6197521000092572959,1490725352,20170328,1,183.65,1836.5,38,1563,(direct),(none),desktop,Mexico,Mexico City
6463910848287283554,1490704157,20170328,1,69.97,699.7,46,2286,google,organic,desktop,United States,not available in demo dataset
6668081558564900297,1490727198,20170328,1,958.15,9581.5,37,2165,(direct),(none),desktop,United States,New York
1170870521562725854,1490752419,20170328,1,120.31,1203.1,51,1339,(direct),(none),desktop,United States,San Jose
4759981878863963838,1490729055,20170328,1,3027.1,30271.0,78,2870,(direct),(none),desktop,United States,New York
522359013237328012,1483450985,20170103,1,95.98,959.8000000000001,10,917,(direct),(none),desktop,United States,New York
6179415313155508546,1483463137,20170103,1,22.59,225.9,13,325,(direct),(none),desktop,United States,New York
963205524675368812,1483497073,20170103,1,57.0,570.0,14,578,(direct),(none),desktop,United States,Sunnyvale
7385533995680230366,1483492055,20170103,1,23.99,239.89999999999998,19,744,(direct),(none),desktop,United States,Mountain View
528933380496819911,1483466900,20170103,1,28.18,281.8,18,477,(direct),(none),desktop,United States,Mountain View
072595322994470645,1483474149,20170103,1,168.75,1687.5,21,821,(direct),(none),desktop,United States,Chicago
2449425615576273633,1483474092,20170103,1,51.96,519.6,19,683,(direct),(none),desktop,United States,not available in demo dataset
8004196057645719276,1483477518,20170103,1,47.37,473.7,18,411,(direct),(none),desktop,United States,Cambridge
9373768824735614756,1483463514,20170103,1,14.5,145.0,21,400,(direct),(none),mobile,Mexico,not available in demo dataset
6821649352225770256,1483462079,20170103,1,52.75,527.5,23,366,(direct),(none),desktop,United States,Ann Arbor
029131400687020410,1483470881,20170103,1,139.32,1393.1999999999998,21,379,(direct),(none),desktop,United States,New York
2793295987972453232,1483473211,20170103,1,22.99,229.89999999999998,28,1135,(direct),(none),desktop,United States,not available in demo dataset
7738303201145232755,1483476503,20170103,1,20.39,203.9,26,537,(direct),(none),desktop,United States,Kirkland
0689221493301196449,1483496326,20170103,1,34.19,341.9,29,1199,(direct),(none),desktop,United States,San Francisco
4443963979157579061,1483465165,20170103,1,16.55,165.5,29,1417,(direct),(none),desktop,United States,not available in demo dataset
6558070663026702303,1483480109,20170103,1,25.98,259.8,35,1914,(direct),(none),desktop,United States,not available in demo dataset
6213994431207095726,1483471291,20170103,1,671.8,6718.0,27,1965,(direct),(none),desktop,United States,not available in demo dataset
1029117971501759934,1483463140,20170103,1,57.69,576.9,30,499,(direct),(none),desktop,United States,New York
7807217189456163612,1483464332,20170103,1,32.95,329.5,35,1253,(direct),(none),desktop,United States,not available in demo dataset
9423576751760739793,1483471853,20170103,1,155.93,1559.3000000000002,42,3502,(direct),(none),mobile,United States,not available in demo dataset
9332559619940886845,1483468471,20170103,1,26.54,265.4,47,721,(direct),(none),desktop,United States,not available in demo dataset
2926339495422227598,1483484831,20170103,1,67.96,679.5999999999999,48,1122,(direct),(none),desktop,United States,Sunnyvale
4482624745886118154,1483476498,20170103,1,109.05,1090.5,44,1287,(direct),(none),desktop,United States,New York
1591673974231051081,1483487862,20170103,1,247.16,2471.6,50,1231,(direct),(none),desktop,United States,not available in demo dataset
6450328915033226096,1483467949,20170103,3,248.46,2484.6,52,1539,(direct),(none),desktop,United States,Mountain View
6214747534469142657,1483459696,20170103,1,61.99,619.9,54,1627,(direct),(none),desktop,United States,not available in demo dataset
155711517942843047,1483470975,20170103,1,107.31,1073.1,64,3337,(direct),(none),desktop,United States,Seattle
1636432037261130042,1483487213,20170103,1,210.14,2101.3999999999996,60,1598,(direct),(none),desktop,United States,San Francisco
088945266147609238,1483477140,20170103,2,1755.27,17552.7,81,1679,(direct),(none),desktop,United States,Mountain View
7048142789651941273,1497394578,20170613,1,260.2,2602.0,10,169,(direct),(none),desktop,United States,Chicago
5610631581931690167,1497389136,20170613,1,73.95,739.5,11,717,(direct),(none),desktop,Canada,Toronto
9374906684711010516,1497410838,20170613,1,183.9,1839.0,11,605,(direct),(none),desktop,United States,San Francisco
9839986196824974326,1497363318,20170613,1,16.63,166.29999999999998,13,1361,(direct),(none),desktop,United States,New York
0394685600472849886,1497372066,20170613,1,15.59,155.9,13,273,(direct),(none),desktop,United States,Cambridge
4296109044601139440,1497369312,20170613,1,59.99,599.9,12,183,(direct),(none),desktop,United States,not available in demo dataset
5322201987769163031,1497378298,20170613,1,80.99,809.9,14,388,(direct),(none),desktop,United States,not available in demo dataset
597489337358394308,1497407968,20170613,1,25.99,259.9,12,295,(direct),(none),desktop,United States,New York
850560433361022079,1497382779,20170613,1,18.99,189.89999999999998,12,301,(direct),(none),desktop,United States,Mountain View
7770933674059715179,1497387442,20170613,1,50.66,506.59999999999997,15,376,(direct),(none),desktop,United States,Austin
4943672858297748788,1497388284,20170613,1,23.98,239.8,13,349,(direct),(none),desktop,United States,Cambridge
4921988083628435819,1497385704,20170613,1,63.59,635.9000000000001,17,554,(direct),(none),desktop,United States,New York
0057826677844639343,1497366564,20170613,1,25.59,255.9,15,235,(direct),(none),desktop,United States,New York
1806006534240481243,1497406904,20170613,1,65.98,659.8000000000001,16,352,(direct),(none),desktop,United States,not available in demo dataset
5791424839538217435,1497382888,20170613,1,106.0,1060.0,16,347,(direct),(none),desktop,United States,San Francisco
7656154866854274850,1497389690,20170613,1,10.78,107.8,14,347,(direct),(none),desktop,United States,not available in demo dataset
847691446006208389,1497371778,20170613,1,60.99,609.9,13,199,(direct),(none),desktop,United States,New York
0933609677016463494,1497373517,20170613,1,16.59,165.9,18,569,(direct),(none),desktop,United States,Seattle
0365800323147392278,1497407897,20170613,1,26.9,269.0,17,697,(direct),(none),desktop,United States,Seattle
6208898110027575945,1497368158,20170613,1,243.0,2430.0,13,595,(direct),(none),desktop,United States,not available in demo dataset
3968957980752374922,1497346960,20170613,1,47.77,477.70000000000005,18,396,(direct),(none),desktop,United States,New York
8744897619448167360,1497367858,20170613,1,84.82,848.1999999999999,17,779,(direct),(none),desktop,United States,Milpitas
4671049020900082348,1497378967,20170613,1,286.32,2863.2,18,1221,(direct),(none),desktop,United States,not available in demo dataset
4182504636922812318,1497418202,20170613,1,18.39,183.9,15,318,(direct),(none),desktop,United States,San Francisco
6207808178177919930,1497390715,20170613,1,147.5,1475.0,17,263,(direct),(none),desktop,United States,Austin
3747190338602183092,1497363736,20170613,1,147.75,1477.5,15,651,(direct),(none),desktop,United States,New York
9426279967175711043,1497403310,20170613,1,27.3,273.0,19,603,(direct),(none),desktop,United States,Sunnyvale
576962765196044517,1497379118,20170613,1,29.3,293.0,16,2091,(direct),(none),desktop,United States,Sunnyvale
1682749722677874840,1497385931,20170613,1,44.99,449.90000000000003,17,443,(direct),(none),desktop,United States,Mountain View
1420571529363353703,1497387479,20170613,1,39.78,397.8,18,694,(direct),(none),desktop,United States,New York
9360023356351962017,1497379317,20170613,1,256.8,2568.0,19,690,(direct),(none),desktop,United States,Chicago
910504852442385120,1497395886,20170613,1,379.85,3798.5,24,1353,(direct),(none),desktop,United States,not available in demo dataset
4388070466320474204,1497365210,20170613,1,283.27,2832.7,21,1617,(direct),(none),desktop,United States,New York
2287406421504796570,1497390691,20170613,1,90.03,900.3,22,466,(direct),(none),desktop,United States,not available in demo dataset
9884876722285756468,1497393700,20170613,1,29.26,292.6,22,595,(direct),(none),desktop,United States,not available in demo dataset
9335042568264282780,1497367077,20170613,1,139.65,1396.5,30,1553,(direct),(none),mobile,United States,not available in demo dataset
2076013084401203762,1497374199,20170613,1,17.29,172.89999999999998,25,1037,(direct),(none),desktop,United States,not available in demo dataset
8199640753422534996,1497394971,20170613,1,12.48,124.80000000000001,33,842,l.facebook.com,referral,desktop,United States,Los Angeles
4140559214164857738,1497380752,20170613,1,125.34,1253.4,29,2298,(direct),(none),desktop,United States,Austin
1121753578357585209,1497396339,20170613,1,33.3,333.0,33,1900,(direct),(none),desktop,United States,Mountain View
2718811501718036973,1497388667,20170613,1,97.37,973.7,27,603,(direct),(none),desktop,United States,not available in demo dataset
5484192431501913475,1497406819,20170613,1,64.77,647.6999999999999,39,1732,(direct),(none),desktop,United States,Mountain View
4647847058075406841,1497386554,20170613,1,49.18,491.8,38,878,(direct),(none),desktop,United States,Sunnyvale
126587065113364520,1497395316,20170613,1,72.85,728.5,30,2291,(direct),(none),desktop,United States,not available in demo dataset
4671049020900082348,1497365414,20170613,1,303.08,3030.7999999999997,44,5088,(direct),(none),desktop,United States,not available in demo dataset
1892504515910818669,1497417891,20170613,1,52.13,521.3000000000001,45,1971,(direct),(none),desktop,United States,Irvine
5429642908355908578,1497383915,20170613,1,48.55,485.5,52,1849,(direct),(none),desktop,United States,Mountain View
7113011772090059658,1497412270,20170613,1,1701.58,17015.8,62,2771,(direct),(none),desktop,United States,not available in demo dataset
3724383329494779540,1500822297,20170723,1,7.97,79.7,7,284,(direct),(none),desktop,United States,not available in demo dataset
8364082612050395902,1500871958,20170723,1,54.56,545.6,10,438,(direct),(none),desktop,United States,Mountain View
4787370740481074044,1500875869,20170723,1,19.59,195.9,13,303,google,organic,desktop,United States,San Francisco
6052206455243513477,1500844993,20170723,1,1803.4,18034.0,17,934,(direct),(none),desktop,Nigeria,not available in demo dataset
0546450430035162938,1500871732,20170723,1,21.99,219.89999999999998,19,1446,(direct),(none),mobile,United States,not available in demo dataset
0572135527461851083,1500795508,20170723,1,19.99,199.89999999999998,20,833,(direct),(none),desktop,United States,not available in demo dataset
0956108016718766611,1500857712,20170723,1,10.99,109.9,22,405,(direct),(none),mobile,United States,not available in demo dataset
1931723981901564088,1500876134,20170723,1,19.79,197.89999999999998,23,780,(direct),(none),desktop,United States,San Francisco
2618807484848182971,1500869814,20170723,1,42.04,420.4,32,2379,google,organic,desktop,United States,Sunnyvale
5991536664355896877,1500855705,20170723,1,58.98,589.8,25,1468,(direct),(none),desktop,United States,New York
5952422370450576468,1500860215,20170723,1,18.19,181.9,32,720,(direct),(none),desktop,United States,Los Angeles
7985347873719599013,1500837727,20170723,1,23.97,239.7,31,706,google,organic,desktop,United States,not available in demo dataset
3123912150867532904,1500872304,20170723,1,37.0,370.0,43,1716,google,organic,desktop,United States,Mountain View
7303461177926085857,1500826999,20170723,1,106.95,1069.5,56,2497,google,organic,desktop,Canada,not available in demo dataset
4702607995709465702,1500860640,20170723,1,44.93,449.3,46,987,(direct),(none),desktop,United States,New York
953713676730854570,1500871409,20170723,1,42.58,425.79999999999995,37,1304,google,organic,desktop,United States,not available in demo dataset
9740050408987139130,1493647384,20170501,1,37.59,375.90000000000003,18,479,(direct),(none),desktop,United States,New York
1058991778060723026,1493656599,20170501,1,101.77,1017.6999999999999,16,347,(direct),(none),desktop,United States,New York
1307179574652877975,1493647545,20170501,1,41.59,415.90000000000003,18,298,(direct),(none),desktop,United States,Austin
7215304408310414169,1493666594,20170501,1,39.59,395.90000000000003,19,519,(direct),(none),desktop,United States,New York
5526508111832118259,1493657408,20170501,1,36.59,365.90000000000003,19,396,(direct),(none),desktop,United States,San Francisco
7548511681521037018,1493670963,20170501,1,318.25,3182.5,16,1242,(direct),(none),desktop,United States,San Bruno
1916023905118162049,1493674528,20170501,1,18.63,186.29999999999998,18,434,(direct),(none),desktop,United States,New York
2558254017558848934,1493668904,20170501,1,77.66,776.5999999999999,16,462,(direct),(none),desktop,United States,New York
4501448098783068461,1493695160,20170501,1,19.95,199.5,19,472,(direct),(none),desktop,United States,New York
7640844068811990915,1493658838,20170501,1,525.0,5250.0,20,530,(direct),(none),desktop,United States,not available in demo dataset
536428604379922267,1493661383,20170501,1,28.7,287.0,19,452,(direct),(none),desktop,United States,Mountain View
9470918284099545159,1493660239,20170501,1,34.59,345.90000000000003,22,510,(direct),(none),desktop,United States,Seattle
0090053188432158994,1493659003,20170501,1,37.59,375.90000000000003,22,463,(direct),(none),desktop,United States,Los Angeles
9072959041280024923,1493681889,20170501,1,34.59,345.90000000000003,19,699,groups.google.com,referral,desktop,United States,Mountain View
7813149961404844386,1493670951,20170501,1,124.25,1242.5,17,847,(direct),(none),desktop,United States,not available in demo dataset
2562758545519501123,1493652346,20170501,1,35.59,355.90000000000003,24,783,(direct),(none),desktop,United States,New York
5793599862151444630,1493659673,20170501,1,328.25,3282.5,18,295,(direct),(none),desktop,United States,New York
515770511624914543,1493699819,20170501,1,48.22,482.2,23,748,(direct),(none),desktop,United States,New York
3955127543379144640,1493669122,20170501,1,359.32,3593.2,22,2028,(direct),(none),desktop,United States,New York
9875621296770930505,1493671141,20170501,1,82.42,824.2,20,846,(direct),(none),desktop,United States,New York
2092692131178622106,1493679439,20170501,1,16.99,169.89999999999998,28,725,(direct),(none),desktop,United States,not available in demo dataset
163790840341192154,1493649978,20170501,1,47.72,477.2,23,865,google,organic,desktop,United States,not available in demo dataset
054873055567921661,1493665423,20170501,1,63.96,639.6,24,1881,(direct),(none),desktop,United States,New York
9155837924786381268,1493647615,20170501,1,35.98,359.79999999999995,27,873,google,organic,desktop,United States,not available in demo dataset
9596545122550322974,1493653891,20170501,1,90.26,902.6,24,1587,google,organic,desktop,United States,New York
6235193097799498353,1493658113,20170501,1,28.57,285.7,20,1960,google,organic,mobile,United States,not available in demo dataset
051204193313789401,1493647743,20170501,1,40.56,405.6,23,2503,(direct),(none),desktop,United States,New York
9417971731855271040,1493700495,20170501,1,82.32,823.1999999999999,27,574,(direct),(none),desktop,United States,not available in demo dataset
3238100225878296551,1493651307,20170501,1,19.19,191.9,27,1382,(direct),(none),desktop,United States,not available in demo dataset
6730027102407598454,1493659551,20170501,1,73.96,739.5999999999999,24,391,(direct),(none),desktop,United States,not available in demo dataset
2952820296567657347,1493671957,20170501,1,169.95,1699.5,25,629,(direct),(none),desktop,United States,San Francisco
6571750739526542034,1493662661,20170501,1,80.98,809.8000000000001,28,658,(direct),(none),desktop,United States,not available in demo dataset
6391993592802283286,1493689934,20170501,1,37.33,373.29999999999995,31,657,(direct),(none),desktop,United States,New York
179180640146798691,1493685233,20170501,1,271.7,2717.0,27,546,(direct),(none),desktop,United States,Mountain View
9701069095310895981,1493685545,20170501,1,131.29,1312.8999999999999,38,1725,(direct),(none),desktop,United States,not available in demo dataset
2348681849763325965,1493686535,20170501,1,279.06,2790.6,31,1386,(direct),(none),desktop,United States,not available in demo dataset
7080810108082424102,1493680066,20170501,1,9.99,99.9,37,2846,(direct),(none),mobile,United States,San Francisco
6986536761307654836,1493652582,20170501,1,439.07,4390.7,39,1052,google,organic,desktop,United States,not available in demo dataset
3701255466939392710,1493685253,20170501,1,101.94,1019.4,44,1964,(direct),(none),desktop,United States,Mountain View
5303631326340222612,1493655700,20170501,1,223.43,2234.3,63,1519,bing,organic,desktop,United States,not available in demo dataset
4613028274025406966,1493669344,20170501,1,66.99,669.9,9,904,(direct),(none),desktop,United States,Cambridge
4305389123856047722,1493652593,20170501,1,19.19,191.9,9,290,(direct),(none),desktop,United States,San Francisco
072256802357894342,1493657985,20170501,1,23.99,239.89999999999998,10,346,(direct),(none),desktop,United States,Mountain View
3287424336851494398,1493658821,20170501,1,117.77,1177.7,11,412,google,organic,desktop,Canada,Toronto
4031993507382416569,1493674745,20170501,1,76.18,761.8000000000001,10,175,(direct),(none),desktop,United States,San Francisco
9565722193439879038,1493657943,20170501,1,47.1,471.0,11,301,(direct),(none),desktop,United States,Ann Arbor
4822026859805345733,1493658073,20170501,1,105.0,1050.0,10,242,(direct),(none),desktop,United States,Mountain View
8013293722895490429,1493647067,20170501,1,38.59,385.90000000000003,11,241,(direct),(none),desktop,United States,San Marcos
4859141843536295311,1493675740,20170501,1,136.05,1360.5,11,934,(direct),(none),desktop,United States,not available in demo dataset
2137863904587206285,1493698756,20170501,1,18.99,189.89999999999998,11,149,google,organic,desktop,United States,not available in demo dataset
1959133989198624732,1493667213,20170501,1,42.59,425.90000000000003,12,576,(direct),(none),desktop,United States,San Francisco
1749853719127085935,1493648739,20170501,1,24.99,249.89999999999998,11,260,(direct),(none),desktop,United States,New York
3541562648791714656,1493679887,20170501,1,20.99,209.89999999999998,13,250,(direct),(none),desktop,United States,Mountain View
1511861170011403483,1493687757,20170501,1,16.99,169.89999999999998,12,250,(direct),(none),tablet,United States,not available in demo dataset
0783843790747551730,1493660236,20170501,1,34.59,345.90000000000003,12,396,(direct),(none),desktop,United States,Seattle
3234804517559841754,1493672634,20170501,1,42.59,425.90000000000003,12,206,(direct),(none),desktop,United States,Austin
3552628610490649880,1493649584,20170501,1,40.98,409.79999999999995,14,346,google,cpc,desktop,United States,not available in demo dataset
2691780862090038185,1493645645,20170501,1,109.77,1097.7,13,202,(direct),(none),desktop,United States,Los Angeles
3955127543379144640,1493651671,20170501,1,319.53,3195.2999999999997,12,197,(direct),(none),desktop,United States,New York
4531006492297832379,1493655111,20170501,1,34.59,345.90000000000003,13,394,(direct),(none),desktop,United States,San Bruno
6481748736257427496,1493655568,20170501,1,68.18,681.8000000000001,13,537,groups.google.com,referral,desktop,United States,Sunnyvale
0128432477990891906,1493657273,20170501,1,271.7,2717.0,12,438,(direct),(none),desktop,United States,not available in demo dataset
4358918846442674981,1493651942,20170501,1,52.76,527.6,13,837,(direct),(none),desktop,United States,not available in demo dataset
689759983033395274,1493649889,20170501,1,69.18,691.8000000000001,13,328,(direct),(none),desktop,United States,New York
1139019058919826253,1493670222,20170501,1,392.2,3922.0,14,347,(direct),(none),desktop,United States,not available in demo dataset
1516347018012240739,1493651682,20170501,1,41.59,415.90000000000003,14,663,(direct),(none),desktop,United States,Seattle
84372863075461291,1493651586,20170501,1,83.81,838.1,15,744,(direct),(none),desktop,United States,Mountain View
602050736534015192,1493648821,20170501,1,41.59,415.90000000000003,15,322,(direct),(none),desktop,Ireland,Dublin
5713958052491086700,1493647016,20170501,1,41.59,415.90000000000003,15,303,(direct),(none),desktop,United States,Austin
1862546724568841127,1493668365,20170501,1,81.96,819.5999999999999,17,732,google,organic,desktop,United States,New York
7321764593218311455,1493675001,20170501,1,35.59,355.90000000000003,16,344,(direct),(none),desktop,United States,not available in demo dataset
2231593693192690956,1493661267,20170501,1,37.59,375.90000000000003,16,415,groups.google.com,referral,desktop,United States,Seattle
0007933257389091624,1493664333,20170501,1,37.59,375.90000000000003,17,518,(direct),(none),desktop,United States,not available in demo dataset
0316167355630094350,1493652561,20170501,1,137.36,1373.6000000000001,18,1106,(direct),(none),desktop,United States,New York
4590648138044772597,1493682678,20170501,1,36.59,365.90000000000003,17,973,(direct),(none),desktop,United States,not available in demo dataset
1845526144888947016,1493646617,20170501,1,41.59,415.90000000000003,15,2194,(direct),(none),desktop,United States,New York
6002089299065068862,1493663214,20170501,1,70.18,701.8000000000001,17,497,(direct),(none),desktop,United States,Atlanta
4799654034151044930,1493664754,20170501,1,71.18,711.8000000000001,16,1648,groups.google.com,referral,desktop,United States,Mountain View
871388660341234241,1498087985,20170621,1,41.99,419.90000000000003,8,290,(direct),(none),mobile,United States,Houston
9549186864389701668,1498085518,20170621,1,16.99,169.89999999999998,11,251,(direct),(none),desktop,United States,not available in demo dataset
9732592243898924812,1498058635,20170621,1,21.99,219.89999999999998,11,403,(direct),(none),desktop,Sweden,not available in demo dataset
9227772112500941696,1498059715,20170621,1,301.97,3019.7000000000003,13,570,(direct),(none),mobile,United States,Houston
1639072713254976825,1498084601,20170621,1,25.99,259.9,11,220,(direct),(none),desktop,United States,Mountain View
1569663514316885370,1498067366,20170621,1,61.99,619.9,12,401,(direct),(none),desktop,United States,San Jose
941920762595255747,1498071708,20170621,1,17.29,172.89999999999998,15,391,(direct),(none),mobile,United States,not available in demo dataset
2544471402172631001,1498113447,20170621,1,25.19,251.9,14,190,sites.google.com,referral,desktop,United States,Santa Clara
5135901390896357467,1498072008,20170621,1,30.19,301.90000000000003,16,682,(direct),(none),desktop,United States,not available in demo dataset
1160204963389257110,1498102313,20170621,1,34.78,347.8,15,308,(direct),(none),desktop,United States,not available in demo dataset
5488410709317944276,1498089365,20170621,1,39.98,399.79999999999995,19,390,(direct),(none),desktop,United States,not available in demo dataset
7308095176976751222,1498071710,20170621,1,376.4,3764.0,16,868,(direct),(none),desktop,United States,Ann Arbor
0140251351786321746,1498098913,20170621,1,22.99,229.89999999999998,17,324,(direct),(none),mobile,United States,not available in demo dataset
3089403106365222780,1498079330,20170621,1,62.37,623.6999999999999,16,718,(direct),(none),desktop,United States,Santa Clara
0731600632766258810,1498080925,20170621,1,166.03,1660.3,18,439,(direct),(none),desktop,United States,Los Angeles
5101144510494587618,1498066041,20170621,1,80.99,809.9,20,676,(direct),(none),desktop,United States,Mountain View
0809877468690350103,1498078217,20170621,1,17.19,171.9,19,566,(direct),(none),desktop,United States,Mountain View
9026840718082010040,1498050723,20170621,1,5501.0,55010.0,24,576,(direct),(none),desktop,United States,not available in demo dataset
4569545618749569491,1498057391,20170621,1,149.16,1491.6,24,2312,(direct),(none),desktop,United States,Mountain View
3161406189281338784,1498061635,20170621,1,83.95,839.5,22,1700,(direct),(none),desktop,United States,San Francisco
8846681432728347342,1498101323,20170621,1,66.89,668.9,23,644,(direct),(none),desktop,United States,New York
1403162671089905435,1498082985,20170621,1,39.28,392.8,26,1285,(direct),(none),desktop,United States,San Francisco
0644832033333540742,1498055912,20170621,1,73.16,731.5999999999999,28,2245,(direct),(none),desktop,United States,New York
1661905858765979960,1498080072,20170621,1,65.79,657.9000000000001,28,1406,(direct),(none),desktop,United States,not available in demo dataset
7170833000891918188,1498082625,20170621,1,9.37,93.69999999999999,24,868,(direct),(none),desktop,United States,New York
9664379686822682449,1498077943,20170621,1,64.85,648.5,31,1152,mail.aol.com,referral,tablet,United States,New York
6247107874762400007,1498075747,20170621,1,36.78,367.8,31,677,(direct),(none),desktop,United States,New York
659736568334808305,1498088552,20170621,1,46.57,465.7,30,2161,(direct),(none),mobile,United States,not available in demo dataset
8652691250363359598,1498088697,20170621,3,95.41,954.0999999999999,38,2371,(direct),(none),desktop,United States,Ann Arbor
4427647251308274607,1498069142,20170621,1,19.59,195.9,36,882,(direct),(none),desktop,United States,Mountain View
4497523886443399219,1498061138,20170621,2,47.42,474.20000000000005,37,1870,(direct),(none),desktop,United States,New York
1379646428216790827,1498063761,20170621,1,27.95,279.5,39,3547,(direct),(none),mobile,United States,not available in demo dataset
4919130510250676831,1498077904,20170621,1,242.7,2427.0,45,1517,(direct),(none),desktop,United States,not available in demo dataset
6296763059019207281,1498081167,20170621,1,793.65,7936.5,46,3775,(direct),(none),desktop,United States,Los Angeles
2137148419156971164,1488561849,20170303,1,18.99,189.89999999999998,16,285,google,organic,desktop,United States,not available in demo dataset
5305744522650786238,1488578242,20170303,1,48.79,487.9,18,392,google,organic,desktop,United States,Mountain View
7753883779576218882,1488542619,20170303,1,107.95,1079.5,16,165,(direct),(none),desktop,United States,not available in demo dataset
3024684683142249446,1488586781,20170303,1,30.98,309.8,18,453,google,organic,desktop,Canada,not available in demo dataset
173863901552294318,1488556861,20170303,1,23.78,237.8,17,338,google,organic,desktop,United States,New York
009046037663524262,1488553338,20170303,1,112.18,1121.8000000000002,22,954,google,organic,desktop,United States,not available in demo dataset
3783357047189991250,1488589500,20170303,2,23.18,231.8,23,566,google,organic,desktop,United States,not available in demo dataset
6849604863010168468,1488558550,20170303,1,471.48,4714.8,23,329,(direct),(none),desktop,United States,New York
5473881678861602565,1488578313,20170303,1,63.36,633.6,21,298,(direct),(none),desktop,United States,San Francisco
2175891853149827407,1488588918,20170303,2,59.57,595.7,21,782,(direct),(none),desktop,United States,Austin
5843493310673425771,1488555157,20170303,1,80.55,805.5,28,703,(direct),(none),desktop,United States,San Antonio
3979304025284587747,1488578939,20170303,1,22.19,221.9,29,781,(direct),(none),desktop,United States,Sunnyvale
1722806790293902576,1488557587,20170303,1,210.46,2104.6,37,1733,(direct),(none),desktop,United States,not available in demo dataset
9954048786263371625,1488578454,20170303,1,273.7,2737.0,33,1748,google,organic,desktop,United States,Los Angeles
1680230246971032368,1488588625,20170303,1,17.99,179.89999999999998,38,1316,google,organic,desktop,United States,New York
4633246963360830872,1488572124,20170303,1,101.95,1019.5,37,1854,(direct),(none),desktop,Colombia,not available in demo dataset
2896773240947804856,1488541406,20170303,1,268.23,2682.3,41,1202,(direct),(none),desktop,United States,New York
8091819011425358061,1488575549,20170303,1,111.14,1111.4,44,4902,(direct),(none),desktop,United States,Sunnyvale
1293859889635603442,1488559452,20170303,1,102.5,1025.0,49,611,(direct),(none),desktop,United States,not available in demo dataset
156905236318704928,1488558018,20170303,1,175.32,1753.1999999999998,85,2631,(direct),(none),desktop,United States,Mountain View
6944288019130180719,1488547630,20170303,1,77.99,779.9,10,1174,(direct),(none),desktop,United States,not available in demo dataset
4167113770312733608,1488584881,20170303,1,128.9,1289.0,13,344,(direct),(none),desktop,United States,San Francisco
6307220164561637913,1488612857,20170303,1,60.98,609.8,12,542,(direct),(none),mobile,United States,not available in demo dataset
3857043812510146001,1488557688,20170303,1,67.85,678.5,17,340,google,organic,desktop,United States,not available in demo dataset
0643575983930852714,1488566069,20170303,1,316.65,3166.5,15,635,(direct),(none),desktop,United States,not available in demo dataset
2281213030212005510,1491410623,20170405,1,25.99,259.9,10,149,(direct),(none),desktop,United States,not available in demo dataset
0840538559297309012,1491416075,20170405,1,15.99,159.9,12,368,(direct),(none),mobile,United States,not available in demo dataset
997271511212133268,1491433900,20170405,1,914.8,9148.0,11,937,(direct),(none),desktop,United States,Mountain View
4921413806940784676,1491451018,20170405,1,63.43,634.3,12,229,(direct),(none),desktop,United States,Santa Clara
3205462167547873078,1491418035,20170405,1,65.6,656.0,11,356,(direct),(none),desktop,United States,New York
2391114070454648344,1491447562,20170405,1,81.15,811.5,14,672,(direct),(none),desktop,United States,not available in demo dataset
7469641396207188649,1491410348,20170405,1,23.99,239.89999999999998,13,359,(direct),(none),desktop,United States,not available in demo dataset
234006696582066330,1491426710,20170405,1,56.99,569.9,12,604,(direct),(none),desktop,United States,Kirkland
7376750587981554489,1491407500,20170405,1,17.99,179.89999999999998,15,307,(direct),(none),mobile,United States,not available in demo dataset
5287517205291863674,1491387094,20170405,1,350.25,3502.5,18,470,(direct),(none),desktop,Canada,not available in demo dataset
4759811378386551901,1491423264,20170405,1,15.99,159.9,17,683,(direct),(none),desktop,United States,not available in demo dataset
8526450853963599523,1491414467,20170405,1,52.57,525.7,17,847,(direct),(none),desktop,United States,New York
5788942005680192808,1491454128,20170405,1,46.97,469.7,23,532,(direct),(none),mobile,United States,Atlanta
7298416213438900925,1491424130,20170405,1,169.97,1699.7,21,652,(direct),(none),desktop,United States,not available in demo dataset
9566773033271495002,1491424930,20170405,1,23.77,237.7,22,239,(direct),(none),desktop,United States,not available in demo dataset
1720622772821071507,1491437154,20170405,1,21.79,217.89999999999998,31,830,(direct),(none),desktop,United States,Irvine
0218721670797647024,1491411055,20170405,1,175.83,1758.3000000000002,26,971,(direct),(none),desktop,United States,Irvine
5995442471500823689,1491431212,20170405,1,17.55,175.5,25,639,(direct),(none),desktop,United States,not available in demo dataset
4921413806940784676,1491431290,20170405,3,212.37,2123.7,29,1718,(direct),(none),desktop,United States,Santa Clara
4921413806940784676,1491434998,20170405,2,144.14,1441.3999999999999,25,2788,(direct),(none),desktop,United States,Santa Clara
6356583227858655714,1491437094,20170405,1,89.98,899.8000000000001,29,1419,(direct),(none),desktop,United States,not available in demo dataset
3370010142093281141,1491427011,20170405,1,52.18,521.8,23,1509,(direct),(none),desktop,United States,Mountain View
7535069229429628764,1491398833,20170405,1,82.8,828.0,32,1282,(direct),(none),desktop,Belgium,not available in demo dataset
2616726267850019328,1491432535,20170405,1,111.32,1113.1999999999998,28,1300,(direct),(none),desktop,United States,Mountain View
2337327787747858943,1491434899,20170405,1,32.98,329.79999999999995,29,598,(direct),(none),desktop,United States,Milpitas
4357979221262116405,1491431378,20170405,1,20.99,209.89999999999998,24,551,(direct),(none),desktop,United States,not available in demo dataset
5526508111832118259,1491447393,20170405,1,151.96,1519.6000000000001,40,1226,(direct),(none),desktop,United States,San Francisco
2764728570910016714,1491443403,20170405,1,86.21,862.0999999999999,32,820,(direct),(none),desktop,United States,not available in demo dataset
1957458976293878100,1491423580,20170405,2,47082.06,470820.6,40,1367,dfa,cpm,desktop,United States,not available in demo dataset
0220695720492664721,1491435612,20170405,2,1095.49,10954.9,46,1161,(direct),(none),desktop,United States,not available in demo dataset
3205470611252051738,1491430319,20170405,1,159.7,1597.0,55,1492,(direct),(none),desktop,United States,not available in demo dataset
542333354260444568,1491388044,20170405,1,447.54,4475.400000000001,54,1917,(direct),(none),desktop,Ukraine,not available in demo dataset
0348759248625736228,1489966915,20170319,1,66.75,667.5,12,249,(direct),(none),desktop,United States,Mountain View
840090579696794382,1489965201,20170319,1,58.99,589.9,15,2127,google,organic,desktop,United States,not available in demo dataset
7224069720026489065,1489966581,20170319,1,61.58,615.8,17,347,(direct),(none),desktop,United States,San Francisco
489387095051650874,1489958363,20170319,1,18.59,185.9,18,390,google,organic,desktop,United States,Mountain View
0348759248625736228,1489990929,20170319,1,70.19,701.9,19,388,(direct),(none),desktop,United States,Mountain View
4760104915716550241,1489950212,20170319,1,21.99,219.89999999999998,21,1464,(direct),(none),desktop,United States,not available in demo dataset
949851277313958084,1489974967,20170319,1,34.97,349.7,17,305,google,organic,desktop,United States,not available in demo dataset
6850824417325260656,1489950805,20170319,1,11.98,119.80000000000001,25,2312,google,organic,desktop,United States,not available in demo dataset
48315652365779540,1489970007,20170319,1,61.99,619.9,30,918,(direct),(none),desktop,United States,San Francisco
6256175066456783550,1489986155,20170319,1,72.99,729.9,28,1188,(direct),(none),desktop,United States,Sunnyvale
2254911865804206902,1489987463,20170319,1,16.99,169.89999999999998,33,910,(direct),(none),mobile,United States,Atlanta
6879797551911709980,1489974858,20170319,1,117.97,1179.7,35,1976,google,organic,desktop,United States,not available in demo dataset
8200223105926163583,1489969144,20170319,1,197.25,1972.5,37,539,google,organic,desktop,United States,not available in demo dataset
7384954748824600324,1489939672,20170319,1,107.34,1073.4,39,991,(direct),(none),desktop,United States,Washington
2664779251891985796,1489960627,20170319,1,173.12,1731.2,46,1562,(direct),(none),desktop,United States,Mountain View
6010250598436085923,1489973367,20170319,1,622.2,6222.0,111,1805,(direct),(none),desktop,United States,not available in demo dataset
4431613847072004484,1489977774,20170319,1,119.84,1198.4,129,3409,google,organic,desktop,Canada,not available in demo dataset
1440541984553829835,1491931664,20170411,1,122.94,1229.4,14,509,google,organic,desktop,United States,San Francisco
881166026873081385,1491934395,20170411,1,39.58,395.79999999999995,16,669,(direct),(none),desktop,United States,Cambridge
1541266830764459196,1491958927,20170411,1,131.92,1319.1999999999998,19,1261,(direct),(none),desktop,United States,San Francisco
7921624807402363638,1491969132,20170411,1,155.37,1553.7,16,581,(direct),(none),desktop,United States,San Francisco
1027492996808526293,1491944092,20170411,1,39.18,391.8,19,374,google,organic,desktop,United States,San Francisco
0482588777140962763,1491923195,20170411,1,54.0,540.0,23,1268,google,organic,desktop,United States,New York
9657742098396819155,1491929316,20170411,1,28.19,281.90000000000003,21,786,(direct),(none),desktop,United States,Kirkland
4726492604344692871,1491921564,20170411,1,64.88,648.8,26,896,google,organic,desktop,United States,Mountain View
2400006764612323294,1491956364,20170411,1,20.29,202.89999999999998,28,831,google,organic,desktop,United States,not available in demo dataset
9585994831948642933,1491947863,20170411,1,382.0,3820.0,29,595,(direct),(none),desktop,Belgium,not available in demo dataset
0608915197735218105,1491966517,20170411,1,780.78,7807.799999999999,24,1117,(direct),(none),desktop,United States,not available in demo dataset
5426964543213202381,1491935555,20170411,1,83.98,839.8000000000001,35,2273,(direct),(none),desktop,United States,San Francisco
8801662579253848745,1491957646,20170411,1,67.36,673.6,34,1322,(direct),(none),desktop,United States,New York
8048940618687997612,1491916901,20170411,1,84.95,849.5,38,1838,google,organic,desktop,United States,not available in demo dataset
4243394768010380901,1491927511,20170411,1,151.05,1510.5,35,1599,(direct),(none),desktop,United States,New York
026286046518884836,1491971141,20170411,1,17.68,176.8,36,747,l.facebook.com,referral,desktop,United States,Austin
5534685306856888112,1491944821,20170411,1,24.99,249.89999999999998,49,1074,google,organic,desktop,United States,not available in demo dataset
354897802426513779,1491916348,20170411,1,36.45,364.5,43,1299,(direct),(none),desktop,United States,not available in demo dataset
4271792018121577582,1491929886,20170411,1,87.74,877.4,49,1883,(direct),(none),desktop,United States,Chicago
4518093133301401749,1491941013,20170411,1,21.98,219.8,49,5853,google,organic,desktop,United States,Orlando
0824409685962808817,1491929510,20170411,1,76.18,761.8000000000001,72,1620,google,organic,desktop,United States,San Francisco
560045648140089234,1491941446,20170411,1,63.39,633.9,7,186,(direct),(none),desktop,United States,Mountain View
8006404712306518616,1491969934,20170411,1,52.97,529.7,10,389,google,organic,desktop,United States,not available in demo dataset
2460723540924398520,1491943373,20170411,1,33.35,333.5,13,302,(direct),(none),desktop,United States,Mountain View
5579921985700518049,1491923193,20170411,1,118.39,1183.9,14,382,(direct),(none),desktop,United States,Pittsburgh
8493357153364319748,1491973375,20170411,1,146.31,1463.1,13,491,google,organic,desktop,United States,Mountain View
466572721242688035,1491923137,20170411,1,53.77,537.7,14,527,(direct),(none),desktop,United States,Mountain View
253454431071066526,1491897099,20170411,1,35.98,359.79999999999995,17,746,(direct),(none),mobile,United States,New York
9865389122450632094,1491949655,20170411,1,111.91,1119.1,18,1513,google,organic,desktop,United States,New York
8398495866792940081,1485128091,20170122,1,16.19,161.9,15,252,(direct),(none),desktop,United States,San Jose
7249775005981823793,1485073840,20170122,1,26.99,269.9,22,819,(direct),(none),desktop,United States,New York
5084365397599422550,1485113454,20170122,1,61.98,619.8,28,1423,(direct),(none),desktop,United States,New York
594022882962204579,1485128773,20170122,1,61.97,619.7,29,1860,(direct),(none),mobile,United States,San Francisco
1004387731868322508,1485132761,20170122,1,31.18,311.8,27,572,(direct),(none),desktop,United States,not available in demo dataset
9077717113702247034,1485135453,20170122,1,22.96,229.60000000000002,34,1115,(direct),(none),desktop,United States,Seattle
9237271576556447449,1485136484,20170122,1,20.59,205.9,38,2642,(direct),(none),desktop,United States,Mountain View
4815752337215431060,1485121900,20170122,1,173.23,1732.3,33,2462,(direct),(none),desktop,United States,Mountain View
9519453598438934808,1485117971,20170122,1,960.55,9605.5,116,2906,(direct),(none),desktop,United States,Atlanta
9913050839913654697,1485145536,20170122,1,18.5,185.0,9,612,(direct),(none),desktop,United States,not available in demo dataset
909727084059682263,1497182996,20170611,1,38.78,387.8,11,394,(direct),(none),desktop,United States,not available in demo dataset
0588920124789640640,1497232343,20170611,1,41.77,417.70000000000005,14,929,(direct),(none),desktop,United States,not available in demo dataset
6426341208737197562,1497217627,20170611,1,56.99,569.9,13,482,(direct),(none),desktop,United States,New York
3723930083196057545,1497202110,20170611,1,35.78,357.8,14,614,(direct),(none),desktop,United States,New York
9161549067325106850,1497216260,20170611,1,28.99,289.9,16,426,(direct),(none),mobile,United States,not available in demo dataset
1916023905118162049,1497204688,20170611,1,13.79,137.89999999999998,17,562,(direct),(none),desktop,United States,New York
0471753134403424239,1497232894,20170611,1,23.19,231.9,19,1455,(direct),(none),desktop,United States,Seattle
144847938814859371,1497209029,20170611,1,43.59,435.90000000000003,18,850,(direct),(none),desktop,United States,Mountain View
1111470101899387454,1497220493,20170611,1,32.96,329.6,15,499,(direct),(none),mobile,United States,not available in demo dataset
8863954266845477277,1497207228,20170611,1,27.99,279.9,16,1006,(direct),(none),mobile,United States,Portland
8134457531307751744,1497225363,20170611,1,27.99,279.9,21,632,(direct),(none),desktop,United States,not available in demo dataset
4448909175588119772,1497198830,20170611,1,51.07,510.7,21,2149,(direct),(none),desktop,Israel,Tel Aviv-Yafo
100290510717383378,1497185932,20170611,1,31.98,319.8,21,2313,(direct),(none),desktop,United States,not available in demo dataset
6152978475187911748,1497228273,20170611,1,43.37,433.7,20,306,(direct),(none),desktop,United States,New York
8653598771564353072,1497204469,20170611,1,34.01,340.09999999999997,21,567,(direct),(none),desktop,United States,not available in demo dataset
1805199738118049735,1497226957,20170611,1,75.14,751.4,23,3825,(direct),(none),desktop,United States,not available in demo dataset
3197533100947860058,1497165351,20170611,1,152.37,1523.7,23,1523,(direct),(none),desktop,United States,not available in demo dataset
364476402815734772,1497226637,20170611,1,55.54,555.4,24,532,(direct),(none),desktop,United States,Mountain View
8239950188993198154,1497238953,20170611,1,27.27,272.7,29,666,(direct),(none),desktop,United States,Portland
8785104798900521933,1497208111,20170611,1,50.97,509.7,31,1086,(direct),(none),mobile,United States,not available in demo dataset
3714026769749334069,1497172942,20170611,1,53.97,539.7,31,1045,(direct),(none),desktop,Taiwan,(not set)
0900425121344019826,1497201551,20170611,1,36.66,366.59999999999997,32,694,(direct),(none),desktop,United States,not available in demo dataset
5662114146782089874,1497205718,20170611,1,87.26,872.6,32,1538,(direct),(none),desktop,United States,not available in demo dataset
0554420125524525961,1497227566,20170611,4,243.14,2431.3999999999996,45,4505,(direct),(none),desktop,United States,Sunnyvale
7524176002865422001,1497200721,20170611,1,19.95,199.5,44,3036,(direct),(none),desktop,United States,San Diego
2108070425798338553,1497174518,20170611,1,69.98,699.8000000000001,61,3234,(direct),(none),desktop,Germany,not available in demo dataset
6400178996598013044,1500413465,20170718,1,45.98,459.79999999999995,14,1215,(direct),(none),desktop,United States,San Francisco
9654758935896158776,1500414671,20170718,1,99.8,998.0,15,687,(direct),(none),desktop,United States,New York
3708624609955414339,1500389932,20170718,1,65.6,656.0,14,1408,(direct),(none),desktop,United States,Atlanta
2637714150350706913,1500441678,20170718,1,12.48,124.80000000000001,18,786,google,organic,mobile,United States,not available in demo dataset
819296301112227931,1500405423,20170718,1,39.7,397.0,18,1757,google,organic,desktop,United States,Lake Oswego
8737287377964426748,1500438157,20170718,1,45.98,459.79999999999995,21,700,google,cpc,desktop,United States,Mountain View
0006911334202687206,1500442011,20170718,1,66.5,665.0,19,699,google,organic,desktop,United States,San Francisco
8573628711430738315,1500424613,20170718,1,51.0,510.0,18,494,(direct),(none),desktop,United States,Mountain View
1459050472203168026,1500408475,20170718,1,27.59,275.9,21,1310,(direct),(none),desktop,United States,Los Angeles
9495542473910378037,1500425429,20170718,1,46.98,469.79999999999995,19,1725,yahoo,organic,mobile,United States,Santa Clara
7054256782754973251,1500412610,20170718,1,25.98,259.8,18,340,google,organic,desktop,United States,not available in demo dataset
1868405397995157975,1500424373,20170718,1,14.2,142.0,24,1862,google,organic,mobile,United States,San Francisco
2527677375017653674,1500403853,20170718,1,406.3,4063.0,20,1164,google,organic,desktop,United States,Boston
42872006688710090,1500396901,20170718,1,13.4,134.0,20,341,(direct),(none),desktop,United States,Lake Oswego
7824759881998320555,1500405332,20170718,1,36.28,362.8,21,1084,google,organic,desktop,United States,not available in demo dataset
3822207688294082684,1500376439,20170718,1,25.95,259.5,21,840,google,organic,mobile,United States,San Diego
9868557064314705324,1500398842,20170718,1,358.79,3587.9,22,696,google,organic,desktop,United States,Walnut Creek
7372141474604813858,1500419532,20170718,1,85.99,859.9,21,1768,(direct),(none),desktop,United States,San Francisco
8676763420791275254,1500393227,20170718,1,144.44,1444.4,20,1413,google,organic,desktop,United States,Sunnyvale
1216838692754057393,1500403969,20170718,1,30.18,301.8,21,1207,(direct),(none),desktop,United States,San Jose
8821726080717309200,1500418534,20170718,1,37.14,371.4,19,259,(direct),(none),desktop,United States,Chicago
109375183949292344,1500400333,20170718,1,18.87,188.70000000000002,24,843,google,cpc,desktop,United States,not available in demo dataset
306293428725549657,1500406393,20170718,1,57.16,571.5999999999999,20,339,google,organic,desktop,United States,Lake Oswego
2929956217778331899,1500433308,20170718,1,58.0,580.0,14,313,google,organic,desktop,United States,New York
3028560396160352119,1500440588,20170718,1,87.68,876.8000000000001,26,755,google,organic,mobile,United States,not available in demo dataset
5639438910924480453,1500397710,20170718,1,392.52,3925.2,27,995,google,organic,desktop,United States,not available in demo dataset
0372741889888882659,1500426953,20170718,1,69.17,691.7,30,1415,(direct),(none),desktop,United States,not available in demo dataset
4717136695286769796,1500438461,20170718,1,25.98,259.8,30,2563,(direct),(none),desktop,United States,not available in demo dataset
6234607912924259841,1500433543,20170718,1,184.81,1848.1,33,1520,(direct),(none),desktop,United States,Mountain View
7859759557446158559,1500395704,20170718,1,131.06,1310.6,35,2212,google,organic,desktop,United States,Sunnyvale
8305324219354284523,1500396244,20170718,1,85.67,856.7,37,6808,(direct),(none),mobile,United States,not available in demo dataset
6081065027477521968,1500413148,20170718,1,191.18,1911.8000000000002,28,1583,google,cpm,desktop,United States,Chicago
9417857471295131045,1500404409,20170718,2,25249.26,252492.59999999998,30,721,(direct),(none),desktop,United States,not available in demo dataset
2308631730639284715,1500402822,20170718,1,58.46,584.6,37,1344,google,organic,desktop,United States,not available in demo dataset
9104296808650483352,1500406768,20170718,1,440.02,4400.2,39,805,(direct),(none),desktop,United States,not available in demo dataset
4026449406503874324,1500411871,20170718,1,18.1,181.0,31,2662,google,organic,desktop,United States,Chicago
8719867302995619824,1500379215,20170718,1,27.75,277.5,42,2719,(direct),(none),desktop,United States,Mountain View
875410720669459903,1500393728,20170718,1,2408.2,24082.0,40,2410,(direct),(none),desktop,United States,not available in demo dataset
4241769030360346425,1500415312,20170718,1,98.35,983.5,47,1553,(direct),(none),desktop,United States,Mountain View
7591955684159608805,1500421129,20170718,1,48.29,482.9,48,1752,(direct),(none),desktop,United States,Cupertino
1774472718303082739,1500420814,20170718,1,16.39,163.9,52,2527,google,organic,mobile,United States,not available in demo dataset
6465870836529202272,1500432438,20170718,1,108.76,1087.6000000000001,68,2128,google,organic,mobile,United States,Los Angeles
4332781117641254031,1500360826,20170718,1,70.49,704.9,8,153,google,organic,desktop,United States,San Jose
0363878417378060116,1500390414,20170718,1,19.99,199.89999999999998,10,219,(direct),(none),desktop,United States,New York
3912300160509220549,1500399561,20170718,1,21.2,212.0,11,387,(direct),(none),desktop,United States,Sunnyvale
4230960861530232531,1500407652,20170718,1,35.35,353.5,13,429,(direct),(none),desktop,United States,San Bruno
9119794344298537076,1500415178,20170718,1,9.97,99.7,11,408,(direct),(none),desktop,United States,Seattle
889422988902631033,1500382584,20170718,1,33.38,333.8,14,1637,(direct),(none),desktop,United States,New York
8430163495777040605,1500398153,20170718,1,106.76,1067.6000000000001,13,885,(direct),(none),desktop,United States,Sunnyvale
5753687412615654863,1500392172,20170718,1,136.0,1360.0,15,457,(direct),(none),desktop,United States,Mountain View
1054368481850016599,1493311993,20170427,1,32.18,321.8,11,341,google,cpc,desktop,United States,Mountain View
7511533079690059775,1493308471,20170427,1,145.0,1450.0,14,445,(direct),(none),desktop,United States,New York
5671628686100405217,1493329364,20170427,1,20.99,209.89999999999998,18,495,(direct),(none),desktop,United States,not available in demo dataset
2243518473115465342,1493319256,20170427,1,138.37,1383.7,21,557,(direct),(none),desktop,United States,San Francisco
0885529477331997173,1493301271,20170427,1,28.37,283.7,17,217,(direct),(none),desktop,United States,New York
9990183617359422098,1493324505,20170427,1,133.12,1331.2,20,1814,google,organic,desktop,United States,New York
4576899251593207371,1493324230,20170427,2,506.0,5060.0,21,475,(direct),(none),desktop,United States,San Jose
1900860815673587826,1493305294,20170427,1,88.57,885.6999999999999,18,409,google,organic,desktop,United States,not available in demo dataset
3404526408923397238,1493343452,20170427,1,54.97,549.7,18,722,(direct),(none),desktop,United States,Austin
6096515321705376059,1493316050,20170427,1,67.91,679.0999999999999,23,1917,(direct),(none),desktop,United States,Mountain View
9028538602259911357,1493308270,20170427,1,34.78,347.8,22,899,(direct),(none),desktop,United States,Mountain View
0232377434237234751,1493309010,20170427,1,19.98,199.8,26,1179,(direct),(none),desktop,United States,not available in demo dataset
2948011125803479044,1493333305,20170427,1,300.65,3006.5,22,679,(direct),(none),desktop,United States,Los Angeles
4471415710206918415,1493299916,20170427,1,8257.8,82578.0,22,1614,(direct),(none),desktop,United States,Mountain View
6658065818028361552,1493314611,20170427,1,70.18,701.8000000000001,31,3876,(direct),(none),desktop,United States,Ann Arbor
3769632740374536577,1493319234,20170427,1,4274.0,42740.0,22,748,(direct),(none),desktop,United States,Cambridge
9055644031629567861,1493327900,20170427,1,19.99,199.89999999999998,29,600,(direct),(none),desktop,United States,Austin
6802209883969763729,1493319052,20170427,1,236.06,2360.6,24,838,(direct),(none),desktop,United States,not available in demo dataset
4842938114795919150,1493318458,20170427,1,24.15,241.5,25,538,(direct),(none),desktop,United States,not available in demo dataset
4137617404832390200,1493340014,20170427,1,73.27,732.6999999999999,33,2546,google,organic,desktop,United States,not available in demo dataset
0554657701286789547,1493307899,20170427,1,33.56,335.6,27,453,(direct),(none),desktop,United States,New York
7767487111812238597,1493322502,20170427,1,145.93,1459.3000000000002,34,1714,google,organic,desktop,United States,not available in demo dataset
8101430633758381310,1493311392,20170427,1,134.96,1349.6000000000001,33,1681,(direct),(none),mobile,United States,not available in demo dataset
5062597525991769187,1493316740,20170427,1,19.99,199.89999999999998,40,1685,(direct),(none),mobile,United States,New York
2018356319850533895,1493342392,20170427,1,68.16,681.5999999999999,34,892,(direct),(none),desktop,United States,New York
2066533098194954022,1493351111,20170427,1,43.27,432.70000000000005,35,2032,google,organic,tablet,United States,San Francisco
1350820772322277766,1493300917,20170427,1,17.98,179.8,41,2643,google,organic,mobile,United States,Houston
6104963094502152821,1493314922,20170427,1,463.54,4635.400000000001,43,2356,(direct),(none),desktop,United States,Chicago
8482358096465271237,1493307603,20170427,1,431.61,4316.1,84,1759,google,organic,desktop,United States,Ann Arbor
8261782903617301297,1493304051,20170427,1,65.59,655.9000000000001,8,379,(direct),(none),desktop,United States,Chicago
7045858976815818278,1493318761,20170427,1,36.59,365.90000000000003,10,503,(direct),(none),desktop,United States,Ann Arbor
1582078837281421428,1493313311,20170427,1,117.72,1177.2,10,889,google,organic,desktop,United States,New York
7122506252281971882,1493331283,20170427,1,70.26,702.6,11,720,(direct),(none),desktop,United States,not available in demo dataset
646210848993699313,1493314277,20170427,1,17.99,179.89999999999998,13,344,google,organic,desktop,United States,Mountain View
3792462774806211311,1493340930,20170427,1,54.9,549.0,11,195,(direct),(none),desktop,United States,San Jose
120880613308281459,1493310248,20170427,1,89.99,899.9,11,471,(direct),(none),desktop,United States,South San Francisco
3004638756363119984,1493357508,20170427,1,23.99,239.89999999999998,15,350,google,organic,desktop,United States,New York
9447628234251166900,1493312468,20170427,1,40.59,405.90000000000003,18,2959,(direct),(none),desktop,United States,Ann Arbor
386945787239594893,1493317149,20170427,1,28.19,281.90000000000003,17,1818,(direct),(none),desktop,United States,San Francisco
850330815735906734,1493323461,20170427,1,751.93,7519.299999999999,20,800,(direct),(none),desktop,United States,Atlanta
5166912309670646785,1493320115,20170427,1,50.08,500.79999999999995,21,912,(direct),(none),desktop,United States,not available in demo dataset
5111856483397220554,1493310699,20170427,1,37.38,373.8,20,737,(direct),(none),desktop,United States,New York
814522658607682614,1491137070,20170402,1,14.99,149.9,13,2025,(direct),(none),mobile,United States,not available in demo dataset
3753158727494093380,1491153768,20170402,1,18.98,189.8,18,486,(direct),(none),desktop,United States,not available in demo dataset
500926353574528949,1491191147,20170402,1,10.57,105.7,17,1056,(direct),(none),desktop,United States,not available in demo dataset
5174058643764541753,1491169543,20170402,1,15.99,159.9,21,1141,(direct),(none),desktop,United States,not available in demo dataset
2437255563311206815,1491198494,20170402,1,60.98,609.8,20,620,(direct),(none),desktop,United States,not available in demo dataset
7755051258981673515,1491177544,20170402,1,114.53,1145.3,23,1180,(direct),(none),desktop,United States,not available in demo dataset
3332096924398880004,1491140025,20170402,1,30.99,309.9,25,1024,(direct),(none),tablet,United States,not available in demo dataset
9044693867377555655,1491179353,20170402,1,24.97,249.7,24,493,(direct),(none),desktop,United States,not available in demo dataset
8274025609481813813,1491170797,20170402,2,185.95,1859.5,29,1022,(direct),(none),desktop,United States,not available in demo dataset
9236502013498900724,1491156442,20170402,1,424.86,4248.6,27,753,(direct),(none),desktop,United States,New York
94314192369270538,1491163280,20170402,1,53.37,533.6999999999999,42,1877,(direct),(none),desktop,United States,San Jose
6428761163255691160,1491121183,20170402,1,156.84,1568.4,50,1207,(direct),(none),desktop,United States,not available in demo dataset
9174179047311042433,1491164926,20170402,1,11.99,119.9,16,447,(direct),(none),mobile,United States,not available in demo dataset
7328092280392160838,1489477049,20170314,1,23.99,239.89999999999998,9,156,google,organic,mobile,United States,Houston
3041137106242705220,1489529549,20170314,1,20.99,209.89999999999998,12,176,(direct),(none),desktop,United States,Mountain View
5107268531954786591,1489553537,20170314,1,44.99,449.90000000000003,15,809,(direct),(none),desktop,United States,Mountain View
7652124468815517106,1489526631,20170314,1,245.86,2458.6000000000004,13,373,google,organic,desktop,United States,not available in demo dataset
2127438408373285198,1489487937,20170314,1,132.98,1329.8,15,466,yahoo,organic,desktop,United States,New York
0290663072707523580,1489520971,20170314,1,81.85,818.5,15,262,google,organic,desktop,United States,Chicago
4051356306352109887,1489501587,20170314,1,29.99,299.9,15,243,google,organic,desktop,United States,not available in demo dataset
4386291735542740499,1489510492,20170314,1,487.7,4877.0,15,843,(direct),(none),desktop,United States,Mountain View
6919310682813497265,1489510122,20170314,1,17.99,179.89999999999998,16,428,google,organic,mobile,United States,Los Angeles
3729387598281240074,1489527195,20170314,1,71.48,714.8000000000001,15,399,(direct),(none),desktop,United States,San Jose
419161784882208907,1489520913,20170314,1,181.97,1819.7,17,616,(direct),(none),desktop,United States,Los Angeles
3545737526614462587,1489484836,20170314,1,10.98,109.80000000000001,21,1315,google,organic,mobile,United States,Houston
8142635325699708577,1489523809,20170314,1,229.97,2299.7,20,497,google,organic,mobile,United States,not available in demo dataset
5376789348329922764,1489531625,20170314,1,23.99,239.89999999999998,21,513,(direct),(none),desktop,United States,New York
939859150591422942,1489521188,20170314,1,140.17,1401.6999999999998,21,388,(direct),(none),desktop,United States,not available in demo dataset
7202541639275781517,1489529610,20170314,1,22.19,221.9,25,2205,(direct),(none),desktop,United States,Mountain View
2402527199731150932,1489482702,20170314,1,95.4,954.0,20,702,(direct),(none),desktop,United States,Chicago
9657742098396819155,1489533567,20170314,1,23.19,231.9,22,770,(direct),(none),desktop,United States,Kirkland
8273781557413173066,1489532109,20170314,1,23.98,239.8,27,568,google,organic,desktop,United States,not available in demo dataset
3061506083618689594,1489519145,20170314,1,17.99,179.89999999999998,15,348,google,organic,desktop,United States,not available in demo dataset
3628984853054173022,1489519715,20170314,1,77.97,779.7,29,1670,(direct),(none),desktop,United States,Mountain View
0542454857691775401,1489538917,20170314,1,5.59,55.9,31,871,(direct),(none),desktop,United States,New York
6078308498520521159,1489556178,20170314,1,199.95,1999.5,34,543,google,organic,desktop,United States,Los Angeles
1639589047263376521,1489479082,20170314,1,24.99,249.89999999999998,36,1055,(direct),(none),desktop,United States,not available in demo dataset
7970246388355187791,1489515111,20170314,1,38.0,380.0,34,716,google,organic,desktop,United States,not available in demo dataset
3763415452749528212,1489560203,20170314,1,124.15,1241.5,35,632,google,organic,desktop,United States,San Jose
7131571032267158042,1489557262,20170314,1,121.9,1219.0,39,1577,google,organic,desktop,United States,not available in demo dataset
7428770824061226835,1489521295,20170314,1,85.08,850.8,37,1415,google,organic,desktop,United States,New York
0238046754537073811,1489557636,20170314,2,41.38,413.8,44,1490,(direct),(none),desktop,Singapore,(not set)
6481826553223579425,1489515144,20170314,1,236.99,2369.9,45,799,(direct),(none),desktop,United States,New York
6957245643416321514,1489503889,20170314,1,96.95,969.5,132,12136,google,organic,desktop,United States,not available in demo dataset
9349161317881541522,1489556428,20170314,8,901.71,9017.1,179,4195,l.facebook.com,referral,desktop,Indonesia,not available in demo dataset
0514253309422836642,1497266144,20170612,1,24.99,249.89999999999998,10,343,(direct),(none),desktop,Singapore,(not set)
8346636224920881105,1497288710,20170612,1,33.38,333.8,11,315,(direct),(none),desktop,United States,San Bruno
1762309596636885789,1497296749,20170612,1,659.52,6595.2,12,1319,(direct),(none),desktop,United States,not available in demo dataset
9793419613813560755,1497308085,20170612,1,15.99,159.9,13,378,google,organic,desktop,United States,New York
4995584940873803432,1497289186,20170612,1,28.19,281.90000000000003,12,150,google,organic,desktop,United States,not available in demo dataset
7811787934602942622,1497270684,20170612,1,11.0,110.0,11,594,(direct),(none),desktop,United States,Montreal
7761592310264777592,1497307252,20170612,1,352.3,3523.0,15,503,(direct),(none),desktop,United States,Seattle
872868652972070012,1497284705,20170612,1,100.62,1006.2,15,482,(direct),(none),desktop,United States,not available in demo dataset
187116230369481128,1497294154,20170612,1,24.14,241.4,13,218,(direct),(none),desktop,United States,not available in demo dataset
1452613891025216774,1497289158,20170612,1,401.8,4018.0,15,768,(direct),(none),desktop,United States,New York
4194358025108259323,1497302737,20170612,1,27.99,279.9,16,470,google,organic,desktop,United States,not available in demo dataset
9705361545058587946,1497291345,20170612,1,17.99,179.89999999999998,17,1542,(direct),(none),desktop,United States,Boulder
0365800323147392278,1497333718,20170612,1,45.79,457.9,18,981,(direct),(none),desktop,United States,Seattle
6183580574407648205,1497302398,20170612,1,18.99,189.89999999999998,19,332,(direct),(none),desktop,United States,Los Angeles
6068721773356724228,1497266969,20170612,1,23.99,239.89999999999998,13,445,google,organic,desktop,United States,not available in demo dataset
5158802402159118276,1497303476,20170612,1,49.99,499.90000000000003,16,444,(direct),(none),desktop,United States,San Bruno
3857043812510146001,1497303359,20170612,1,104.56,1045.6,18,366,google,organic,desktop,United States,not available in demo dataset
7725596392985025022,1497274986,20170612,1,39.78,397.8,17,806,google,organic,desktop,United States,not available in demo dataset
4352760646905266733,1497307701,20170612,1,356.6,3566.0,16,278,(direct),(none),desktop,United States,New York
6887277539694233275,1497285819,20170612,1,119.65,1196.5,16,511,(direct),(none),desktop,United States,Ann Arbor
4878479233087678463,1497274589,20170612,1,37.78,377.8,16,286,(direct),(none),desktop,United States,New York
3959206428704010201,1497299333,20170612,1,23.99,239.89999999999998,19,813,(direct),(none),desktop,United States,Chicago
4474128110841843619,1497291900,20170612,1,122.96,1229.6,18,195,(direct),(none),desktop,United States,Atlanta
6006657047016577071,1497290971,20170612,1,33.78,337.8,16,715,(direct),(none),desktop,United States,not available in demo dataset
6998123451602955017,1497296782,20170612,1,1057.78,10577.8,19,506,(direct),(none),desktop,United States,not available in demo dataset
7105306279330502506,1497291249,20170612,1,32.95,329.5,21,1110,google,organic,desktop,United States,Charlotte
4000482243627957608,1497291731,20170612,1,36.78,367.8,23,634,google,organic,desktop,United States,not available in demo dataset
9665457273951170213,1497288444,20170612,1,59.36,593.6,20,446,(direct),(none),desktop,United States,New York
6207808178177919930,1497306986,20170612,1,206.5,2065.0,20,803,google,cpc,desktop,United States,Austin
0710632165228073636,1497298664,20170612,1,1805.0,18050.0,21,746,google,organic,desktop,Canada,Toronto
1680608096479293368,1497314896,20170612,1,43.98,439.79999999999995,24,1984,google,organic,desktop,United States,New York
5871441013780996077,1497274323,20170612,1,53.98,539.8,25,973,(direct),(none),desktop,United States,New York
6757157297870594584,1497298555,20170612,1,55.97,559.7,26,883,(direct),(none),desktop,United States,Seattle
353233028093637648,1497307946,20170612,1,16.29,162.89999999999998,25,664,google,organic,tablet,United States,not available in demo dataset
2536718676534980101,1497285907,20170612,1,1060.49,10604.9,20,1102,(direct),(none),desktop,United States,Milpitas
1894617860778311526,1497318414,20170612,1,653.23,6532.3,25,2594,google,cpc,desktop,United States,Chicago
8207927310589023961,1497309264,20170612,1,88.66,886.5999999999999,28,788,google,organic,desktop,United States,Kirkland
6697620123256725715,1497284688,20170612,1,29.49,294.9,24,576,google,organic,desktop,United States,not available in demo dataset
7956245656986449961,1497283870,20170612,1,83.77,837.6999999999999,26,690,(direct),(none),desktop,United States,San Francisco
2305295482096154659,1497304246,20170612,1,86.38,863.8,26,341,(direct),(none),desktop,United States,Kirkland
4495098615981928560,1497289600,20170612,1,102.34,1023.4000000000001,30,2537,(direct),(none),desktop,United States,Mountain View
1977171862732443916,1497270488,20170612,1,1443.75,14437.5,24,679,(direct),(none),desktop,United States,New York
8377041631259444171,1497273584,20170612,1,45.8,458.0,28,1067,(direct),(none),desktop,Belgium,not available in demo dataset
7181633001164008604,1497322596,20170612,1,54.57,545.7,28,728,(direct),(none),desktop,United States,South San Francisco
9804405852019862459,1497318492,20170612,1,13.98,139.8,32,1115,bing,organic,desktop,United States,not available in demo dataset
3894103929344760120,1497288591,20170612,1,760.74,7607.4,31,1205,google,organic,desktop,United States,not available in demo dataset
4358918846442674981,1497292080,20170612,1,26.82,268.2,28,641,(direct),(none),desktop,United States,not available in demo dataset
2892628358622963670,1497331872,20170612,1,21.96,219.60000000000002,33,1184,(direct),(none),mobile,United States,Houston
0403854633867059264,1497333616,20170612,1,110.23,1102.3,29,1098,google,organic,mobile,Panama,not available in demo dataset
7665584448967359272,1497301321,20170612,1,22.38,223.79999999999998,37,2255,google,organic,desktop,United States,not available in demo dataset
5369550870093872521,1497293246,20170612,1,73.97,739.7,34,1108,google,organic,desktop,United States,not available in demo dataset
0259650808338553210,1497291026,20170612,1,74.48,744.8000000000001,24,1230,(direct),(none),desktop,United States,Mountain View
9280788141225702561,1497290319,20170612,1,67.58,675.8,31,1156,(direct),(none),desktop,United States,New York
154104806751769000,1497313801,20170612,1,358.87,3588.7,29,486,google,organic,desktop,United States,not available in demo dataset
7505999967306814340,1497254847,20170612,1,67.65,676.5,39,540,google,organic,desktop,United States,New York
2919716928934208535,1497327143,20170612,1,121.12,1211.2,32,1753,(direct),(none),desktop,United States,Sunnyvale
6703621215961449720,1497315205,20170612,1,78.13,781.3,49,1597,google,organic,desktop,United States,Houston
7486685229070363442,1497281322,20170612,1,119.27,1192.7,43,1412,(direct),(none),desktop,United States,Kirkland
8874818082863376714,1497275578,20170612,1,112.93,1129.3000000000002,42,1800,(direct),(none),desktop,United States,not available in demo dataset
9283384332468140262,1497287338,20170612,1,35.38,353.8,55,1881,(direct),(none),desktop,United States,Mountain View
980432803323288584,1497303437,20170612,1,1036.69,10366.900000000001,59,4033,google,organic,desktop,United States,not available in demo dataset
0361534245405505016,1486870308,20170211,1,142.65,1426.5,12,443,(direct),(none),desktop,Singapore,(not set)
7985615137097388464,1486852964,20170211,1,33.99,339.90000000000003,16,488,(direct),(none),desktop,United States,not available in demo dataset
9006674589877323297,1486845252,20170211,1,107.99,1079.8999999999999,17,521,(direct),(none),desktop,United States,not available in demo dataset
1639589047263376521,1486862868,20170211,1,62.99,629.9,19,1268,(direct),(none),desktop,United States,not available in demo dataset
94024465151480107,1486870160,20170211,1,39.98,399.79999999999995,24,632,(direct),(none),desktop,United States,not available in demo dataset
0446307598015350028,1486831130,20170211,1,25.98,259.8,23,594,(direct),(none),mobile,Canada,not available in demo dataset
6914629838067650341,1486849355,20170211,1,60.99,609.9,25,680,(direct),(none),desktop,United States,not available in demo dataset
4490879733075581588,1486833315,20170211,1,12.98,129.8,27,632,(direct),(none),mobile,United States,Atlanta
7292686000022233408,1486827374,20170211,1,258.9,2589.0,33,1754,(direct),(none),mobile,United States,not available in demo dataset
241662707620167476,1486843110,20170211,1,64.97,649.7,36,1586,(direct),(none),mobile,United States,Houston
6832250540246266715,1494120322,20170506,1,75.42,754.2,17,725,(direct),(none),desktop,United States,not available in demo dataset
8708542801178892943,1494104430,20170506,1,67.38,673.8,21,648,(direct),(none),desktop,United States,not available in demo dataset
688220916941408964,1494116741,20170506,1,33.18,331.8,23,604,google,organic,desktop,United States,not available in demo dataset
5526624295443259064,1494107906,20170506,1,185.41,1854.1,26,696,google,cpc,mobile,United States,not available in demo dataset
1292106186822118847,1494095566,20170506,1,52.98,529.8,34,1287,google,organic,desktop,United States,not available in demo dataset
1311599839630894482,1494077184,20170506,1,151.09,1510.9,74,3372,google,organic,tablet,United States,Washington
0352394936298937026,1494117230,20170506,1,27.98,279.8,13,367,google,organic,desktop,United States,not available in demo dataset
8793305437694814320,1494121061,20170506,1,62.19,621.9,14,449,(direct),(none),desktop,United States,New York
157019484210987302,1494098097,20170506,1,160.78,1607.8,13,1820,(direct),(none),mobile,United States,not available in demo dataset
8638210956990977839,1494109054,20170506,1,21.99,219.89999999999998,16,352,google,organic,desktop,United States,not available in demo dataset
5998940842547848227,1494112842,20170506,1,6.98,69.80000000000001,21,476,(direct),(none),mobile,United States,not available in demo dataset
1908229962583615364,1494099949,20170506,1,37.98,379.79999999999995,21,878,google,organic,desktop,United States,not available in demo dataset
1618884882553763938,1491090577,20170401,1,24.99,249.89999999999998,11,212,(direct),(none),desktop,United States,San Francisco
2418102200342405484,1491072529,20170401,1,25.99,259.9,16,423,(direct),(none),desktop,United States,not available in demo dataset
217565022356586977,1491074425,20170401,1,28.84,288.4,20,562,google,organic,desktop,United States,not available in demo dataset
204082098779114456,1491067483,20170401,1,39.98,399.79999999999995,22,465,(direct),(none),desktop,United States,not available in demo dataset
1331054854760368915,1491083289,20170401,1,2.99,29.900000000000002,23,700,google,organic,desktop,Canada,not available in demo dataset
1832346198788998091,1491074261,20170401,1,6.97,69.7,26,1756,google,organic,desktop,United States,not available in demo dataset
0707424893758055863,1491085356,20170401,1,22.99,229.89999999999998,32,665,(direct),(none),desktop,United States,not available in demo dataset
2578611394525655595,1491034581,20170401,1,32.99,329.90000000000003,29,1378,google,organic,desktop,United States,San Jose
6818117303364696962,1491091099,20170401,1,164.17,1641.6999999999998,29,455,(direct),(none),desktop,United States,not available in demo dataset
2200795303463456741,1491065007,20170401,1,30.98,309.8,43,951,(direct),(none),desktop,United States,not available in demo dataset
2556948849524550835,1491097844,20170401,1,23.99,239.89999999999998,9,265,google,organic,desktop,United States,not available in demo dataset
1639589047263376521,1491095245,20170401,1,40.18,401.8,11,491,(direct),(none),desktop,United States,not available in demo dataset
0227223667732638007,1484144991,20170111,1,15.2,152.0,11,358,(direct),(none),desktop,United States,Mountain View
2308970056076735364,1484162912,20170111,1,51.97,519.7,11,507,(direct),(none),desktop,New Zealand,not available in demo dataset
2236066284946239355,1484179342,20170111,1,96.99,969.9,12,334,(direct),(none),desktop,United States,Mountain View
7813149961404844386,1484170311,20170111,1,65.99,659.9,13,1180,(direct),(none),desktop,United States,Salem
2838394030048546223,1484153831,20170111,1,160.92,1609.1999999999998,13,259,dfa,cpm,desktop,United States,Mountain View
6258496391273943408,1484192802,20170111,1,53.79,537.9,21,905,(direct),(none),desktop,United States,not available in demo dataset
6843737679875735650,1484193628,20170111,1,29.98,299.8,21,374,(direct),(none),desktop,United States,not available in demo dataset
1807168875830631146,1484164074,20170111,1,270.74,2707.4,27,479,(direct),(none),desktop,United States,Mountain View
0728302696788663197,1484168605,20170111,1,16.97,169.7,30,540,(direct),(none),desktop,Canada,Toronto
7358793687985723141,1484159622,20170111,1,56.01,560.1,33,741,(direct),(none),desktop,United States,not available in demo dataset
3968337484870623826,1484193378,20170111,1,29.98,299.8,35,1316,(direct),(none),desktop,United States,not available in demo dataset
3113291630696450894,1484197484,20170111,1,23.99,239.89999999999998,32,674,(direct),(none),tablet,United States,Irvine
9332976968342857288,1484166595,20170111,1,36.18,361.8,38,1028,(direct),(none),desktop,United States,not available in demo dataset
5590743844926892757,1484186324,20170111,1,231.93,2319.3,40,822,(direct),(none),desktop,United States,not available in demo dataset
9389853808320852799,1484162048,20170111,1,89.75,897.5,55,957,(direct),(none),desktop,United States,Irvine
0529281851523725509,1484178155,20170111,2,54.57,545.7,83,3930,(direct),(none),desktop,United States,New York
995837089950996818,1484194918,20170111,1,209.66,2096.6,94,3983,(direct),(none),desktop,United States,not available in demo dataset
5181406124249294849,1485623355,20170128,1,35.98,359.79999999999995,20,552,(direct),(none),desktop,United States,not available in demo dataset
0855579681303585688,1485649229,20170128,1,5.59,55.9,29,1646,(direct),(none),desktop,United States,San Francisco
4611888827983385850,1485649633,20170128,1,19.99,199.89999999999998,16,470,(direct),(none),desktop,United States,not available in demo dataset
0845988907408723108,1485650294,20170128,1,31.98,319.8,17,945,(direct),(none),desktop,United States,not available in demo dataset
9822492926505552185,1496416992,20170602,1,80.99,809.9,15,417,(direct),(none),desktop,United States,Boulder
3397610502524811924,1496413846,20170602,1,65.96,659.5999999999999,16,618,google,organic,desktop,United States,not available in demo dataset
0934513430067402140,1496423769,20170602,1,168.8,1688.0,16,539,(direct),(none),desktop,United States,San Bruno
2740161621176536735,1496466523,20170602,1,9.99,99.9,17,590,(direct),(none),mobile,United States,Los Angeles
2605035939330084736,1496423826,20170602,1,79.18,791.8000000000001,22,823,(direct),(none),desktop,United States,Mountain View
2876669668798568631,1496417823,20170602,1,24.26,242.60000000000002,20,621,(direct),(none),desktop,United States,not available in demo dataset
906130361364979592,1496444862,20170602,1,192.05,1920.5,20,1058,(direct),(none),desktop,United States,Sunnyvale
2341884364013186402,1496425579,20170602,1,14.99,149.9,22,369,google,organic,desktop,United States,San Jose
7256651340144904184,1496426170,20170602,1,61.97,619.7,22,1525,google,organic,desktop,United States,San Diego
9107843838553084970,1496466827,20170602,1,27.5,275.0,19,1028,(direct),(none),desktop,United States,San Jose
7075819454368142073,1496431343,20170602,1,35.88,358.8,22,569,google,organic,desktop,United States,not available in demo dataset
7622430498708873807,1496420821,20170602,1,41.98,419.79999999999995,27,761,(direct),(none),desktop,United States,Mountain View
6768220154263223438,1496460316,20170602,2,31.18,311.8,27,771,(direct),(none),desktop,United States,San Jose
6958759408390889884,1496432592,20170602,1,237.37,2373.7,24,554,google,organic,desktop,United States,San Francisco
5423437990262090686,1496427654,20170602,1,355.49,3554.9,30,915,(direct),(none),desktop,United States,Sunnyvale
0012561433643490595,1496460676,20170602,1,7.39,73.89999999999999,30,458,google,cpc,desktop,United States,not available in demo dataset
9160688801124625042,1496415640,20170602,1,309.97,3099.7000000000003,24,736,(direct),(none),desktop,United States,not available in demo dataset
4116720743881459837,1496446946,20170602,1,93.9,939.0,31,3005,(direct),(none),desktop,United States,San Jose
0945029579910809032,1496426508,20170602,1,42.38,423.8,26,777,google,cpc,desktop,United States,not available in demo dataset
684586979835492905,1496419427,20170602,1,275.91,2759.1000000000004,26,578,(direct),(none),desktop,United States,Sunnyvale
2303365259512398684,1496420151,20170602,1,21.96,219.60000000000002,22,381,google,cpc,desktop,United States,not available in demo dataset
4102118060900872415,1496419843,20170602,1,45.97,459.7,23,714,(direct),(none),desktop,United States,Chicago
5408240703525920538,1496416314,20170602,1,24.27,242.7,37,1633,google,organic,mobile,United States,Chicago
2019475323321472449,1496439658,20170602,1,18.35,183.5,40,735,google,organic,desktop,United States,not available in demo dataset
3614504595188750460,1496453168,20170602,1,73.94,739.4,40,764,(direct),(none),desktop,United States,not available in demo dataset
530920366625737605,1496442545,20170602,1,48.25,482.5,40,1400,(direct),(none),desktop,United States,Sunnyvale
1845647655328676272,1496433491,20170602,1,197.2,1972.0,40,1429,(direct),(none),desktop,United States,not available in demo dataset
5811368078800551365,1496393528,20170602,1,55.94,559.4,51,1911,google,cpc,desktop,United States,San Jose
6210742299083383433,1496447670,20170602,1,23.49,234.89999999999998,7,128,google,cpc,desktop,United States,not available in demo dataset
5640250262390805538,1496435626,20170602,1,62.43,624.3,8,214,(direct),(none),desktop,United States,Mountain View
4863941202505455588,1496409306,20170602,1,288.3,2883.0,11,293,(direct),(none),desktop,United States,New York
7137675061715531940,1496423282,20170602,1,22.39,223.9,11,248,(direct),(none),desktop,United States,Kirkland
1957458976293878100,1496432320,20170602,1,1428.25,14282.5,13,378,dfa,cpm,desktop,United States,not available in demo dataset
6835707118991448680,1496414769,20170602,1,16.59,165.9,14,382,google,organic,desktop,United States,Mountain View
4177916265915368824,1496442396,20170602,1,48.59,485.90000000000003,14,280,(direct),(none),desktop,United States,Mountain View
0941726438399473483,1496413131,20170602,1,160.0,1600.0,14,2152,(direct),(none),desktop,United States,not available in demo dataset
3840247020317877106,1496556436,20170603,1,92.69,926.9,19,639,(direct),(none),desktop,United States,Singapore
2101739683956099127,1496538357,20170603,1,40.98,409.79999999999995,25,862,google,organic,mobile,United States,not available in demo dataset
5988082186046287943,1496540606,20170603,1,31.48,314.8,21,679,(direct),(none),tablet,United States,not available in demo dataset
0225374027452882593,1496533781,20170603,1,39.38,393.8,28,1273,(direct),(none),desktop,United States,Seattle
909727084059682263,1496518347,20170603,1,228.32,2283.2,23,854,(direct),(none),desktop,United States,not available in demo dataset
4905791994421501030,1496528079,20170603,1,94.26,942.6,29,1682,(direct),(none),desktop,United States,Mountain View
0200288716023252495,1496534313,20170603,1,501.56,5015.6,30,1102,(direct),(none),desktop,United States,not available in demo dataset
5274178488388033997,1496529273,20170603,1,486.0,4860.0,33,2269,google,cpc,tablet,United States,not available in demo dataset
2087690429996100452,1496529433,20170603,1,28.58,285.79999999999995,11,843,google,cpc,desktop,United States,not available in demo dataset
7459944171076059050,1496549658,20170603,1,29.94,299.40000000000003,12,283,google,organic,mobile,United States,not available in demo dataset
1707391697504379709,1496517800,20170603,1,22.19,221.9,15,346,(direct),(none),desktop,United States,Mountain View
7545000103569508809,1496541493,20170603,1,13.98,139.8,16,725,sites.google.com,referral,desktop,United States,Mountain View
813852585934816010,1496525518,20170603,1,3.99,39.900000000000006,23,492,google,organic,desktop,United States,not available in demo dataset
8844595455983709186,1496548595,20170603,1,15.99,159.9,23,929,(direct),(none),desktop,United States,San Jose
2254917769100463770,1496513842,20170603,1,26.19,261.90000000000003,14,291,(direct),(none),desktop,United States,not available in demo dataset
3878333273795764979,1488212578,20170227,1,27.98,279.8,15,935,(direct),(none),desktop,United States,Kirkland
3869361949850252878,1488199507,20170227,1,36.38,363.8,18,536,(direct),(none),desktop,United States,not available in demo dataset
0738603250513383829,1488213318,20170227,1,63.99,639.9,19,598,google,organic,mobile,United States,San Diego
5876745703341154088,1488213524,20170227,1,22.99,229.89999999999998,20,602,(direct),(none),mobile,United States,not available in demo dataset
4740059017723921254,1488208519,20170227,1,70.56,705.6,19,780,google,organic,desktop,United States,Mountain View
7006877722523825276,1488220029,20170227,1,16.58,165.79999999999998,22,436,(direct),(none),desktop,United States,Mountain View
7812169483646384233,1488223503,20170227,1,24.97,249.7,26,805,google,organic,desktop,United States,not available in demo dataset
8778563943491859628,1488248147,20170227,1,40.97,409.7,28,654,google,organic,desktop,United States,not available in demo dataset
0740400499011848560,1488241851,20170227,1,21.39,213.9,30,768,(direct),(none),desktop,United States,Mountain View
314464405997489773,1488237563,20170227,1,311.32,3113.2,25,1217,(direct),(none),desktop,United States,Mountain View
3671059772883764833,1488242708,20170227,1,33.18,331.8,31,2962,(direct),(none),desktop,United States,Mountain View
6330082810003106267,1488239940,20170227,1,25.48,254.8,35,973,google,organic,mobile,United States,Atlanta
0347426080243057728,1488209831,20170227,1,55.17,551.7,35,1275,(direct),(none),desktop,United States,not available in demo dataset
2512708881002227681,1488226088,20170227,1,306.93,3069.3,38,613,google,organic,desktop,United States,New York
5581127856210744307,1488224713,20170227,1,57.96,579.6,46,2215,google,organic,desktop,United States,not available in demo dataset
8428387378868441998,1488235143,20170227,1,307.34,3073.3999999999996,39,671,dfa,cpm,desktop,United States,Los Angeles
2446685875964479851,1488212442,20170227,1,690.4,6904.0,52,2545,google,cpc,desktop,United States,New York
3667207016049360497,1488255501,20170227,1,19.49,194.89999999999998,54,1322,google,organic,mobile,United States,not available in demo dataset
7834164711977044454,1488220664,20170227,1,60.38,603.8000000000001,58,1304,google,organic,desktop,United States,Seattle
1082276625176351939,1488259914,20170227,1,69.76,697.6,75,3596,(direct),(none),desktop,United States,Santa Clara
1285137808569536764,1488207403,20170227,1,25.99,259.9,10,430,(direct),(none),desktop,United States,not available in demo dataset
3108986775464139138,1488231325,20170227,1,301.85,3018.5,10,228,(direct),(none),desktop,United States,New York
9197517123967159565,1488229412,20170227,1,18.19,181.9,11,196,(direct),(none),desktop,United States,New York
4662582475416192396,1488242984,20170227,1,563.8,5638.0,11,310,(direct),(none),desktop,United States,New York
7813149961404844386,1488208997,20170227,1,11.19,111.89999999999999,11,593,(direct),(none),desktop,United States,Salem
9658825846616570867,1488227650,20170227,1,123.96,1239.6,11,292,(direct),(none),desktop,United States,Cambridge
7813149961404844386,1488224523,20170227,1,43.99,439.90000000000003,12,317,(direct),(none),desktop,United States,Salem
5056841379210378275,1500187429,20170716,1,20.96,209.60000000000002,10,408,bing,organic,desktop,United States,not available in demo dataset
4019468962441063327,1500255300,20170716,1,40.98,409.79999999999995,13,596,(direct),(none),desktop,Greece,not available in demo dataset
3156235512146749592,1500252363,20170716,1,775.45,7754.5,14,289,(direct),(none),desktop,United States,San Francisco
2354405029601095288,1500253112,20170716,1,43.69,436.9,13,548,(direct),(none),desktop,United States,Mountain View
2017396058039056855,1500248987,20170716,1,31.38,313.8,15,318,(direct),(none),desktop,United States,San Francisco
2264010855758956307,1500242699,20170716,1,30.48,304.8,15,381,google,cpc,desktop,United States,not available in demo dataset
5437013238128269518,1500226224,20170716,1,20.79,207.89999999999998,20,2056,google,organic,desktop,United States,not available in demo dataset
3300270774997102814,1500247367,20170716,1,68.19,681.9,18,393,google,organic,desktop,United States,Phoenix
1465921528988606892,1500239213,20170716,1,44.49,444.90000000000003,16,367,google,organic,desktop,United States,not available in demo dataset
3558104655978527434,1500232920,20170716,1,27.02,270.2,19,714,(direct),(none),desktop,United States,Mountain View
7588981130462792361,1500221940,20170716,1,42.48,424.79999999999995,19,1529,(direct),(none),desktop,United States,San Jose
4587210925935196615,1500240200,20170716,1,32.2,322.0,22,678,google,organic,mobile,United States,not available in demo dataset
2868753573471668678,1500266150,20170716,1,56.76,567.6,22,272,(direct),(none),desktop,United States,Fremont
8259756799557639912,1500212620,20170716,1,20.29,202.89999999999998,24,3339,google,organic,desktop,India,(not set)
2728484397720314035,1500192932,20170716,1,34.0,340.0,20,1232,google,organic,mobile,Malaysia,Kuala Lumpur
5470058724579220258,1500242094,20170716,1,31.5,315.0,23,953,(direct),(none),desktop,United States,New York
0647701940544723891,1500264031,20170716,1,73.05,730.5,23,1013,(direct),(none),desktop,United States,not available in demo dataset
1090774782213816251,1500237223,20170716,1,20.99,209.89999999999998,24,2405,(direct),(none),desktop,United States,Seattle
6325377874048923314,1500234872,20170716,1,56.13,561.3000000000001,30,2311,(direct),(none),desktop,United States,Sunnyvale
5508164318239659326,1500227828,20170716,1,32.28,322.8,25,3483,google,organic,mobile,United States,Dallas
594511863093043281,1500266221,20170716,1,49.0,490.0,28,627,(direct),(none),desktop,United States,not available in demo dataset
4773573244753299893,1500257504,20170716,1,29.16,291.6,28,1300,(direct),(none),desktop,United States,not available in demo dataset
0405996727678488611,1500187709,20170716,1,27.59,275.9,37,1671,google,organic,desktop,United States,Los Angeles
1929978424426570223,1500196518,20170716,1,12.99,129.9,40,3209,google,organic,desktop,Canada,Toronto
682549734570999775,1500244105,20170716,1,53.37,533.6999999999999,41,1360,(direct),(none),desktop,United States,Mountain View
8671741245048754342,1500243783,20170716,2,49.2,492.0,51,4245,(direct),(none),desktop,United States,Chicago
1280993661204347450,1500237228,20170716,1,169.4,1694.0,145,4383,(direct),(none),desktop,United States,San Francisco
6204463650092781278,1499432920,20170707,1,39.18,391.8,10,307,(direct),(none),desktop,United States,Chicago
6939779416249682537,1499485440,20170707,1,16.99,169.89999999999998,12,225,(direct),(none),desktop,United States,not available in demo dataset
1193832537421178696,1499492548,20170707,1,18.49,184.89999999999998,12,850,google,organic,desktop,United States,not available in demo dataset
0088657980877164102,1499463211,20170707,1,74.19,741.9,14,601,(direct),(none),desktop,United States,San Francisco
5367424131768491778,1499445464,20170707,1,119.94,1199.4,14,2476,google,organic,desktop,United States,not available in demo dataset
7481522828290694645,1499465480,20170707,1,46.98,469.79999999999995,12,317,google,organic,mobile,United States,Denver
2551061282285178751,1499450297,20170707,1,25.99,259.9,13,546,google,organic,mobile,United States,New York
3302292601270378852,1499483356,20170707,1,37.78,377.8,14,331,(direct),(none),desktop,United States,San Francisco
7447137895250670218,1499455839,20170707,1,10.5,105.0,13,298,(direct),(none),desktop,United States,not available in demo dataset
051516119104547275,1499468129,20170707,1,33.19,331.9,14,235,google,organic,desktop,United States,San Francisco
704373157724192220,1499435927,20170707,1,22.99,229.89999999999998,17,471,(direct),(none),tablet,United States,not available in demo dataset
9505484401754648749,1499463772,20170707,1,52.34,523.4000000000001,14,306,(direct),(none),desktop,United States,Mountain View
5552453019078254306,1499442351,20170707,1,66.18,661.8000000000001,15,186,(direct),(none),desktop,United States,Atlanta
8744897619448167360,1499473723,20170707,1,30.82,308.2,17,551,(direct),(none),desktop,United States,Milpitas
9505484401754648749,1499444834,20170707,1,42.56,425.6,17,375,(direct),(none),desktop,United States,Mountain View
8287454401511660857,1499453237,20170707,1,36.41,364.09999999999997,16,619,(direct),(none),desktop,United States,Sunnyvale
8810145279946425641,1499446807,20170707,1,50.79,507.9,16,317,(direct),(none),desktop,United States,Los Angeles
1835132804289989526,1499463315,20170707,1,103.0,1030.0,18,496,(direct),(none),desktop,United States,Mountain View
1205098047899006231,1499443910,20170707,2,61.38,613.8000000000001,20,631,(direct),(none),desktop,United States,Chicago
1665687379365770562,1499476144,20170707,1,21.59,215.9,20,698,(direct),(none),desktop,United States,not available in demo dataset
4957622252319100547,1499440031,20170707,1,242.85,2428.5,22,728,Partners,affiliate,desktop,United States,New York
2557544565676711160,1499445123,20170707,1,194.7,1947.0,24,528,(direct),(none),desktop,United States,New York
7999804494517330141,1499465620,20170707,1,132.66,1326.6,25,708,google,organic,desktop,United States,San Francisco
9947665738712650436,1499434551,20170707,1,165.28,1652.8,27,617,(direct),(none),desktop,United States,New York
2923157586809674604,1499454409,20170707,1,108.44,1084.4,24,481,(direct),(none),desktop,United States,not available in demo dataset
2084416927014276438,1499463649,20170707,1,35.3,353.0,35,788,(direct),(none),desktop,United States,Sunnyvale
884821390104728104,1499479849,20170707,1,24.97,249.7,36,1380,google,organic,desktop,United States,Atlanta
478403815632492375,1499461462,20170707,1,38.98,389.79999999999995,31,1019,google,cpc,desktop,United States,Denver
4068416534578096540,1499449007,20170707,1,392.54,3925.4,27,1291,(direct),(none),desktop,United States,New York
2163555648381499404,1499469291,20170707,1,15.43,154.3,40,818,google,organic,desktop,United States,Sunnyvale
4140559214164857738,1499445571,20170707,1,252.66,2526.6,34,903,google,organic,desktop,United States,Austin
263896833266166939,1499447927,20170707,1,26.9,269.0,36,859,(direct),(none),desktop,United States,Sunnyvale
2818796658906330904,1499464096,20170707,1,883.25,8832.5,36,902,(direct),(none),desktop,United States,not available in demo dataset
4242693912596237127,1499449510,20170707,1,55.24,552.4,41,1510,calendar.google.com,referral,desktop,United States,not available in demo dataset
8151988731272450660,1499433303,20170707,1,57.18,571.8,48,2305,(direct),(none),desktop,United States,San Francisco
1790630358090197146,1499450651,20170707,1,63.97,639.7,53,2424,google,organic,desktop,United States,Denver
9026840718082010040,1499441485,20170707,2,996.12,9961.2,53,2325,(direct),(none),desktop,United States,not available in demo dataset
6605741812021030281,1499481288,20170707,1,55.44,554.4,50,1050,(direct),(none),desktop,United States,Sunnyvale
1285137808569536764,1487950034,20170224,1,16.19,161.9,10,163,(direct),(none),desktop,United States,not available in demo dataset
1033431819370564673,1487994557,20170224,1,232.44,2324.4,13,316,(direct),(none),desktop,United States,not available in demo dataset
6366738125554594213,1487977162,20170224,1,21.19,211.9,14,346,(direct),(none),desktop,United States,San Francisco
1017523686792237118,1487976614,20170224,1,52.79,527.9,17,485,(direct),(none),desktop,United States,Los Angeles
9637722417818323113,1488004061,20170224,1,47.98,479.79999999999995,20,2505,(direct),(none),desktop,United States,Fremont
8503170994445052294,1487984668,20170224,1,52.79,527.9,17,303,(direct),(none),desktop,United States,not available in demo dataset
4432170800264031771,1487971951,20170224,1,143.8,1438.0,20,572,(direct),(none),desktop,United States,New York
9509621049646377285,1487973413,20170224,1,59.77,597.7,22,378,(direct),(none),desktop,United States,Kirkland
148866414705224159,1487943822,20170224,1,10.99,109.9,25,792,(direct),(none),desktop,United States,not available in demo dataset
057074893306125434,1487975966,20170224,1,220.7,2207.0,24,446,(direct),(none),desktop,United States,Chicago
4417423808310929192,1487971919,20170224,1,57.99,579.9,27,612,(direct),(none),desktop,United States,New York
3832651307820804631,1487990887,20170224,1,16.79,167.89999999999998,25,1439,(direct),(none),desktop,United States,not available in demo dataset
2487086990379614577,1487975342,20170224,1,24.19,241.9,29,561,(direct),(none),desktop,United States,Austin
4698134628151668241,1487967057,20170224,1,156.94,1569.4,24,600,(direct),(none),desktop,United States,not available in demo dataset
253217605888117906,1487961677,20170224,1,56.96,569.6,30,1001,(direct),(none),desktop,United States,Sunnyvale
0885381131657662614,1487968102,20170224,1,448.95,4489.5,37,827,(direct),(none),desktop,United States,not available in demo dataset
3397475696574281386,1488002723,20170224,1,11.48,114.80000000000001,42,857,(direct),(none),desktop,United States,not available in demo dataset
0488047684682615330,1487988411,20170224,1,15.97,159.70000000000002,45,684,(direct),(none),desktop,Canada,not available in demo dataset
4544075373074742738,1487964931,20170224,1,593.68,5936.799999999999,47,1704,(direct),(none),desktop,United States,Irvine
4988517937139937145,1487965821,20170224,1,146.31,1463.1,48,552,(direct),(none),desktop,United States,not available in demo dataset
4329333920504195521,1487955968,20170224,1,199.17,1991.6999999999998,57,1827,(direct),(none),desktop,Brazil,Sao Paulo
1441816679922276355,1487974393,20170224,1,38.96,389.6,54,1800,(direct),(none),desktop,United States,not available in demo dataset
9089132392240687728,1487983484,20170224,1,1220.35,12203.5,61,1944,(direct),(none),desktop,United States,not available in demo dataset
809414136326091253,1487958827,20170224,1,209.59,2095.9,83,1784,(direct),(none),desktop,United States,New York
7675869407000236910,1487951386,20170224,2,709.28,7092.799999999999,128,2633,(direct),(none),desktop,United States,not available in demo dataset
8012063331203949252,1495073150,20170517,1,20.99,209.89999999999998,10,278,google,organic,mobile,United States,not available in demo dataset
4079444337617679182,1495029961,20170517,1,20.69,206.9,12,211,(direct),(none),desktop,United States,New York
6430571014112609987,1495066159,20170517,1,40.89,408.9,12,473,(direct),(none),desktop,United States,Mountain View
1054036165578048274,1495078140,20170517,1,35.68,356.8,10,318,google,organic,desktop,United States,not available in demo dataset
1038049739561083712,1495060491,20170517,1,46.87,468.7,12,404,google,cpc,desktop,United States,not available in demo dataset
7710274785859342861,1495063137,20170517,1,6.99,69.9,11,479,google,cpc,desktop,United States,not available in demo dataset
4309014252649761894,1495049911,20170517,1,23.99,239.89999999999998,15,1749,(direct),(none),desktop,United States,New York
5556648817783304059,1495046751,20170517,1,166.38,1663.8,16,618,(direct),(none),desktop,United States,Cambridge
5289228483445260579,1495042003,20170517,1,24.99,249.89999999999998,18,725,(direct),(none),desktop,United States,not available in demo dataset
7813149961404844386,1495061302,20170517,1,126.98,1269.8,14,290,(direct),(none),desktop,United States,Salem
0617329235458001539,1495036924,20170517,1,30.38,303.8,20,2631,(direct),(none),desktop,United States,San Francisco
5846459704283557603,1495065571,20170517,1,17.99,179.89999999999998,19,1183,google,organic,mobile,United States,not available in demo dataset
8070491504211007857,1495075713,20170517,1,27.99,279.9,21,612,(direct),(none),mobile,United States,not available in demo dataset
6297135529070226898,1495057149,20170517,1,287.0,2870.0,17,1099,google,organic,desktop,United States,not available in demo dataset
8487348999733948081,1495056555,20170517,1,36.19,361.9,19,1248,google,organic,desktop,United States,New York
8855225089630002391,1495044995,20170517,1,56.36,563.6,18,474,(direct),(none),desktop,United States,not available in demo dataset
4381924550753289334,1495048255,20170517,1,35.68,356.8,21,509,google,organic,desktop,United States,not available in demo dataset
8140584468135962727,1495033440,20170517,1,46.98,469.79999999999995,20,1041,google,cpc,mobile,United States,San Diego
089261173995807343,1495055887,20170517,1,39.98,399.79999999999995,22,1953,google,cpc,desktop,United States,Atlanta
299679623448520578,1495027160,20170517,1,61.97,619.7,19,1860,(direct),(none),mobile,United States,San Francisco
6823900200556222450,1495067819,20170517,1,70.77,707.6999999999999,19,450,google,organic,desktop,United States,Seattle
9398461133792674482,1495033423,20170517,1,22.99,229.89999999999998,25,954,google,organic,mobile,United States,not available in demo dataset
5724098940737285111,1495039475,20170517,1,47.27,472.70000000000005,25,1343,(direct),(none),desktop,United States,not available in demo dataset
2614896373515267740,1495036255,20170517,1,127.56,1275.6,19,864,(direct),(none),desktop,United States,Irvine
441571162186980261,1495084883,20170517,1,18.99,189.89999999999998,25,1497,(direct),(none),desktop,United States,not available in demo dataset
0237572851648543104,1495041707,20170517,1,69.2,692.0,24,776,(direct),(none),desktop,United States,Mountain View
4988517937139937145,1495039631,20170517,3,63.97,639.7,26,557,google,organic,desktop,United States,not available in demo dataset
2694541934290288611,1495056274,20170517,1,12.98,129.8,25,909,youtube.com,referral,desktop,Canada,not available in demo dataset
0314528826654841027,1495036857,20170517,1,122.0,1220.0,26,1949,(direct),(none),desktop,United States,Mountain View
3468133474156348644,1495076603,20170517,1,91.53,915.3,29,1903,(direct),(none),desktop,United States,Sunnyvale
0242463556251231215,1495030740,20170517,1,31.62,316.2,33,1118,(direct),(none),desktop,United States,Chicago
2778312825087268268,1495023775,20170517,1,69.36,693.6,32,1586,(direct),(none),desktop,Canada,not available in demo dataset
4116206238605404224,1495053672,20170517,1,99.97,999.7,28,588,(direct),(none),desktop,United States,Los Angeles
3219847669927373606,1495026860,20170517,1,37.68,376.8,40,1537,google,organic,desktop,United States,not available in demo dataset
119870259714905967,1495073941,20170517,1,616.17,6161.7,41,2723,(direct),(none),desktop,United States,not available in demo dataset
9428659505903216368,1495076026,20170517,1,75.62,756.2,37,1241,(direct),(none),desktop,United States,not available in demo dataset
3882155860208938967,1495049294,20170517,2,559.51,5595.1,41,655,(direct),(none),desktop,United States,Austin
7113011772090059658,1495083738,20170517,1,1709.83,17098.3,70,5515,(direct),(none),desktop,United States,not available in demo dataset
072871522029318255,1485327451,20170124,1,7.98,79.80000000000001,4,77,phandroid.com,referral,desktop,United States,not available in demo dataset
7474545646288919609,1485314520,20170124,1,15.99,159.9,9,285,(direct),(none),desktop,United States,Dallas
3081808777530081945,1485292952,20170124,1,11.99,119.9,11,2457,(direct),(none),desktop,United States,not available in demo dataset
2838394030048546223,1485283949,20170124,1,202.9,2029.0,12,240,(direct),(none),desktop,United States,Mountain View
9059252837997508617,1485318493,20170124,1,19.99,199.89999999999998,14,616,(direct),(none),mobile,United States,San Jose
2262018521556676288,1485292180,20170124,1,8.99,89.9,12,480,(direct),(none),mobile,United States,not available in demo dataset
7376304169676630885,1485279054,20170124,1,13.19,131.9,15,452,(direct),(none),desktop,United States,San Francisco
5148203255288090886,1485296196,20170124,1,19.97,199.7,15,601,(direct),(none),desktop,Canada,not available in demo dataset
0628736701415781712,1485322773,20170124,1,50.79,507.9,14,351,(direct),(none),desktop,Czechia,Prague
0911550486858499476,1485304337,20170124,1,20.99,209.89999999999998,14,348,(direct),(none),desktop,United States,not available in demo dataset
7387561254921039539,1485284049,20170124,1,71.99,719.9,16,451,(direct),(none),mobile,United States,not available in demo dataset
3697825790083716939,1485299389,20170124,1,1520.81,15208.099999999999,14,144,(direct),(none),desktop,United States,Sunnyvale
4808974885561715322,1485286304,20170124,1,91.2,912.0,14,653,(direct),(none),desktop,United States,Houston
0777922178356486144,1485307902,20170124,1,24.18,241.8,16,360,(direct),(none),desktop,United States,New York
9326855238826836003,1485293376,20170124,1,17.98,179.8,20,798,(direct),(none),desktop,United States,not available in demo dataset
6760846348578778765,1485280455,20170124,1,19.99,199.89999999999998,20,457,(direct),(none),desktop,Canada,Montreal
9049250229691904708,1485280054,20170124,1,82.99,829.9,23,1798,(direct),(none),desktop,United States,Mountain View
8668902316036611419,1485288191,20170124,1,34.85,348.5,19,444,(direct),(none),desktop,United States,New York
0540193727116110682,1485278166,20170124,1,278.7,2787.0,20,264,mail.google.com,referral,desktop,United States,New York
2668364690542030763,1485278846,20170124,1,62.99,629.9,25,1416,(direct),(none),mobile,United States,not available in demo dataset
4993450863033496114,1485313789,20170124,1,30.98,309.8,23,2293,(direct),(none),mobile,United States,Jersey City
1941279334540452285,1485271156,20170124,1,117.94,1179.4,34,698,(direct),(none),desktop,United States,New York
3073854849237490517,1485282163,20170124,1,396.77,3967.7,30,642,(direct),(none),desktop,United States,Los Angeles
9963131995239003867,1485275486,20170124,1,46.77,467.70000000000005,33,992,(direct),(none),desktop,United States,San Francisco
4475085991365888558,1485293920,20170124,1,71.14,711.4,43,976,(direct),(none),desktop,United States,Mountain View
0432606793105704004,1485327772,20170124,1,705.8,7058.0,47,1052,(direct),(none),desktop,United States,not available in demo dataset
4387148615014504940,1485275995,20170124,1,906.27,9062.7,58,2857,(direct),(none),desktop,United States,Atlanta
648777904915125343,1485300239,20170124,1,123.91,1239.1,60,1423,(direct),(none),desktop,United States,Mountain View
5712957387241378835,1487801806,20170222,1,25.99,259.9,11,327,google,organic,desktop,United States,not available in demo dataset
4655118610930382512,1487805728,20170222,1,66.99,669.9,13,481,(direct),(none),desktop,United States,Palo Alto
0481562034862119313,1487796793,20170222,1,19.59,195.9,14,418,(direct),(none),desktop,United States,Mountain View
1634312136039689042,1487806986,20170222,1,19.39,193.9,15,380,google,organic,desktop,United States,not available in demo dataset
605582860135446327,1487822116,20170222,1,24.19,241.9,17,699,(direct),(none),desktop,United States,not available in demo dataset
5125176279953727601,1487810701,20170222,1,144.7,1447.0,16,1164,google,organic,desktop,United States,Mountain View
295938792891590357,1487770442,20170222,1,28.99,289.9,18,2496,google,organic,desktop,United States,not available in demo dataset
8203412351715832620,1487800162,20170222,1,5.99,59.900000000000006,17,959,google,organic,desktop,United States,Chicago
1996773434304553418,1487835927,20170222,1,45.79,457.9,15,792,(direct),(none),desktop,United States,Mountain View
7552589182628406304,1487817296,20170222,1,128.99,1289.9,15,593,google,organic,desktop,United States,not available in demo dataset
7487628839720019888,1487786981,20170222,1,19.99,199.89999999999998,18,374,(direct),(none),desktop,United States,Sunnyvale
4232198752490006877,1487805430,20170222,1,40.98,409.79999999999995,16,195,(direct),(none),desktop,United States,Boulder
0321747208131220508,1487803462,20170222,1,306.7,3067.0,16,373,(direct),(none),desktop,United States,New York
8439876649327753892,1487794755,20170222,1,16.19,161.9,19,275,(direct),(none),desktop,United States,Chicago
8485421393652582878,1487792728,20170222,2,1001.7,10017.0,21,751,(direct),(none),desktop,United States,San Francisco
3287424336851494398,1487780557,20170222,2,64.97,649.7,22,773,google,organic,desktop,Canada,Toronto
1900860815673587826,1487781593,20170222,1,73.38,733.8,18,356,google,organic,desktop,United States,not available in demo dataset
405913439928695900,1487792953,20170222,1,24.58,245.79999999999998,19,608,(direct),(none),desktop,United States,San Francisco
9388951771131521213,1487779314,20170222,1,22.99,229.89999999999998,22,1130,google,organic,desktop,United States,not available in demo dataset
4989274933392395231,1487773059,20170222,1,59.96,599.6,25,1440,google,organic,mobile,United States,Chicago
8154133792067968045,1487805458,20170222,1,9.18,91.8,24,539,(direct),(none),desktop,United States,New York
491193409314675096,1487796092,20170222,1,156.7,1567.0,21,505,(direct),(none),desktop,United States,San Francisco
6576129990528649726,1487834236,20170222,1,55.97,559.7,27,867,google,organic,desktop,United States,not available in demo dataset
7015807370739833242,1487829588,20170222,1,16.59,165.9,30,582,(direct),(none),desktop,United States,not available in demo dataset
1655430627864078480,1487759989,20170222,1,104.98,1049.8,27,1388,google,organic,desktop,United Arab Emirates,not available in demo dataset
5159223899895327618,1487814654,20170222,1,22.99,229.89999999999998,28,797,google,organic,desktop,United States,not available in demo dataset
5824723295057782001,1487813053,20170222,1,32.99,329.90000000000003,27,656,google,organic,desktop,United States,not available in demo dataset
5341271361784611942,1487812528,20170222,1,118.92,1189.2,26,462,(direct),(none),desktop,United States,Chicago
9746124619174084370,1487791475,20170222,1,354.3,3543.0,27,245,(direct),(none),desktop,United States,not available in demo dataset
9821966112980946101,1487806191,20170222,1,23.19,231.9,36,3147,(direct),(none),desktop,United States,New York
1358005848480862728,1487820073,20170222,1,21.48,214.8,42,1321,google,cpc,mobile,United States,not available in demo dataset
2107545883335786195,1487801156,20170222,1,36.98,369.79999999999995,42,1185,(direct),(none),desktop,United States,New York
4382526488958111784,1487771863,20170222,1,37.41,374.09999999999997,41,759,google,organic,desktop,Colombia,not available in demo dataset
5341271361784611942,1487785668,20170222,1,1455.23,14552.3,88,1969,(direct),(none),desktop,United States,Chicago
1435605154130548810,1489593423,20170315,1,19.99,199.89999999999998,14,1136,google,organic,mobile,United States,New York
1648291834073448774,1489631037,20170315,1,15.98,159.8,16,1064,google,organic,desktop,United States,not available in demo dataset
4417750678655446023,1489612874,20170315,1,865.65,8656.5,20,403,(direct),(none),desktop,United States,New York
2367402323702464449,1489639551,20170315,1,22.99,229.89999999999998,22,764,google,organic,desktop,United States,not available in demo dataset
9813095973388605327,1489616624,20170315,1,33.98,339.79999999999995,19,175,google,cpc,desktop,United States,not available in demo dataset
0018400544049332170,1489642592,20170315,1,71.99,719.9,23,509,google,organic,desktop,United States,not available in demo dataset
2402527199731150932,1489614025,20170315,1,164.3,1643.0,21,1381,(direct),(none),desktop,United States,Chicago
2798267263317185154,1489614450,20170315,1,22.98,229.8,24,736,(direct),(none),desktop,United States,not available in demo dataset
0608915197735218105,1489591988,20170315,1,97.73,977.3000000000001,29,803,(direct),(none),desktop,United States,not available in demo dataset
4736351096057315786,1489632824,20170315,1,102.99,1029.8999999999999,25,1908,google,organic,desktop,United States,not available in demo dataset
9832479082059669028,1489594975,20170315,1,46.98,469.79999999999995,24,768,google,organic,desktop,United States,San Jose
9085834622128985589,1489627671,20170315,1,24.99,249.89999999999998,27,2276,(direct),(none),desktop,United States,not available in demo dataset
1541266830764459196,1489619036,20170315,1,418.87,4188.7,31,2748,(direct),(none),desktop,United States,San Francisco
2620684501904017348,1489603424,20170315,1,312.72,3127.2000000000003,23,537,(direct),(none),desktop,United States,Ann Arbor
2337937577672192523,1489592031,20170315,1,309.35,3093.5,37,1265,(direct),(none),desktop,United States,not available in demo dataset
3006774144642328935,1489644286,20170315,1,81.95,819.5,33,1349,(direct),(none),desktop,United States,Mountain View
1388827316063999339,1489585319,20170315,1,980.86,9808.6,35,1403,(direct),(none),desktop,United States,New York
450369492992993160,1489646622,20170315,1,111.98,1119.8,42,832,google,organic,desktop,Venezuela,not available in demo dataset
500766381427960566,1489605660,20170315,1,53.37,533.6999999999999,38,888,(direct),(none),desktop,United States,Chicago
3701126995342341310,1489589339,20170315,1,55.38,553.8000000000001,32,492,(direct),(none),desktop,United States,New York
8276434531874543884,1489600895,20170315,1,98.57,985.6999999999999,41,1116,(direct),(none),desktop,United States,San Jose
7258292850581755504,1489590727,20170315,1,620.3,6203.0,35,926,google,organic,desktop,United States,San Francisco
554581394170643542,1489617343,20170315,1,109.86,1098.6,44,1373,google,cpc,desktop,United States,not available in demo dataset
6754217124682616244,1489624413,20170315,1,97.06,970.6,48,2927,google,organic,desktop,United States,not available in demo dataset
3844963796434073356,1489632055,20170315,1,843.7,8437.0,49,719,(direct),(none),desktop,United States,not available in demo dataset
4531247843823782323,1489623705,20170315,1,632.87,6328.7,98,4516,google,organic,desktop,United States,not available in demo dataset
372706149688864468,1489594720,20170315,1,247.0,2470.0,8,613,(direct),(none),desktop,United States,not available in demo dataset
9476348446859765776,1489589608,20170315,1,30.93,309.3,10,167,(direct),(none),desktop,United States,not available in demo dataset
7942338055212909628,1489619190,20170315,1,56.49,564.9,12,295,google,organic,desktop,United States,not available in demo dataset
2535875901005084868,1489617031,20170315,1,43.99,439.90000000000003,14,415,google,organic,desktop,United States,not available in demo dataset
1735957877782185847,1489638279,20170315,1,57.43,574.3,15,338,(direct),(none),desktop,United States,San Francisco
39194810552478835,1486066690,20170202,1,60.75,607.5,18,725,(direct),(none),desktop,United States,New York
7627090613587216352,1486051314,20170202,1,155.03,1550.3,18,966,(direct),(none),desktop,United States,not available in demo dataset
7870849325324206691,1486079492,20170202,1,25.99,259.9,20,339,(direct),(none),desktop,United States,not available in demo dataset
3918073616784112922,1486050188,20170202,1,25.99,259.9,19,322,(direct),(none),desktop,United States,not available in demo dataset
1510974355479295771,1486054170,20170202,1,27.48,274.8,20,864,(direct),(none),mobile,United States,not available in demo dataset
9124070353088429794,1486107999,20170202,1,79.98,799.8000000000001,21,749,(direct),(none),tablet,United States,not available in demo dataset
2114561506253117840,1486068695,20170202,1,13.99,139.9,20,366,(direct),(none),mobile,United States,not available in demo dataset
2549182723988683065,1486067577,20170202,1,188.65,1886.5,25,284,dfa,cpm,desktop,United States,New York
2415085382840318427,1486077566,20170202,1,39.37,393.7,24,282,(direct),(none),desktop,United States,Seattle
8713712358107522024,1486084199,20170202,1,20.99,209.89999999999998,28,1812,(direct),(none),mobile,United States,not available in demo dataset
4495063769575332986,1486052961,20170202,1,81.99,819.9,26,763,(direct),(none),desktop,United States,not available in demo dataset
971805808080928342,1486063611,20170202,1,76.99,769.9,28,1946,(direct),(none),desktop,United States,not available in demo dataset
8084104839232710920,1486075885,20170202,1,45.98,459.79999999999995,33,1456,(direct),(none),desktop,United States,not available in demo dataset
1781010856470588280,1486038053,20170202,1,18.48,184.8,34,745,(direct),(none),desktop,United States,not available in demo dataset
937994839279902527,1486086007,20170202,2,56.0,560.0,32,1572,(direct),(none),desktop,United States,not available in demo dataset
5810770256591004737,1486057956,20170202,1,209.89,2098.8999999999996,31,366,(direct),(none),desktop,United States,Los Angeles
8889736070492596057,1486048095,20170202,1,729.3,7293.0,54,892,(direct),(none),desktop,United States,New York
5030772166419361448,1486044731,20170202,1,24.48,244.8,49,1015,(direct),(none),desktop,United States,not available in demo dataset
427908274656251192,1486097617,20170202,1,6.49,64.9,53,1960,(direct),(none),desktop,Canada,not available in demo dataset
8197879643797712877,1486036274,20170202,1,472.69,4726.9,52,1652,(direct),(none),desktop,United States,not available in demo dataset
3981643507118895427,1486062705,20170202,1,287.95,2879.5,10,363,(direct),(none),desktop,United States,Seattle
0433977539031077073,1486064701,20170202,1,5.59,55.9,13,174,(direct),(none),desktop,United States,Sunnyvale
5816018559064540800,1486075473,20170202,1,180.88,1808.8,11,186,(direct),(none),desktop,United States,not available in demo dataset
0214776722271775969,1486076177,20170202,1,278.7,2787.0,16,323,(direct),(none),desktop,United States,Atlanta
4398994773380602997,1486067833,20170202,1,22.99,229.89999999999998,18,1197,(direct),(none),mobile,United States,not available in demo dataset
6558432004095303802,1486067423,20170202,1,30.18,301.8,18,310,(direct),(none),desktop,United States,Kirkland
798497354396276590,1493573156,20170430,1,37.59,375.90000000000003,16,464,(direct),(none),desktop,United States,not available in demo dataset
2079822395553835132,1493596703,20170430,1,22.29,222.89999999999998,19,366,google,cpc,desktop,United States,not available in demo dataset
2722991619040333092,1493616697,20170430,1,98.23,982.3000000000001,19,998,(direct),(none),desktop,United States,not available in demo dataset
9441031549900042682,1493580289,20170430,1,148.04,1480.3999999999999,21,902,(direct),(none),desktop,United States,New York
0821759666736787866,1493595480,20170430,1,10.99,109.9,28,1089,google,cpc,desktop,United States,not available in demo dataset
154104806751769000,1493613970,20170430,1,821.71,8217.1,23,1025,google,organic,desktop,United States,not available in demo dataset
4515197722749947898,1493612616,20170430,1,30.78,307.8,30,980,(direct),(none),desktop,United States,not available in demo dataset
877618717582266931,1493546099,20170430,1,120.96,1209.6,32,886,(direct),(none),desktop,United States,Cupertino
4835082938415020542,1493585598,20170430,1,120.75,1207.5,28,563,google,organic,desktop,United States,not available in demo dataset
4747307744317979027,1493591957,20170430,1,244.09,2440.9,30,1747,dfa,cpm,desktop,United States,not available in demo dataset
5493141514969614509,1493589025,20170430,1,47.97,479.7,32,847,(direct),(none),desktop,United States,Seattle
9791901930361310595,1493586054,20170430,1,14.99,149.9,37,1167,google,organic,mobile,United States,not available in demo dataset
1191867645626375150,1493590979,20170430,1,66.78,667.8,34,1461,(direct),(none),desktop,United States,not available in demo dataset
4859141843536295311,1493617449,20170430,1,69.45,694.5,39,997,(direct),(none),desktop,United States,not available in demo dataset
6629666456279123599,1493595452,20170430,1,25.99,259.9,49,2685,google,organic,desktop,United States,not available in demo dataset
5491117449549870331,1493568471,20170430,1,201.23,2012.3,42,2932,(direct),(none),desktop,United States,not available in demo dataset
1206882682891516620,1493605954,20170430,1,48.38,483.8,63,2380,(direct),(none),tablet,United States,San Francisco
4693483789252266944,1493532924,20170430,1,198.65,1986.5,4,174,yahoo,organic,desktop,United States,not available in demo dataset
0842497272190394672,1493598017,20170430,1,46.99,469.90000000000003,10,533,(direct),(none),desktop,United States,Washington
380899024148326784,1493597359,20170430,1,21.99,219.89999999999998,12,646,(direct),(none),desktop,United States,not available in demo dataset
4664043776873529741,1493568998,20170430,1,39.59,395.90000000000003,11,243,(direct),(none),desktop,United States,not available in demo dataset
6714603474209482619,1493614656,20170430,1,75.18,751.8000000000001,11,339,(direct),(none),desktop,United States,Seattle
1476938238176225678,1493585219,20170430,1,42.59,425.90000000000003,13,577,(direct),(none),desktop,United States,not available in demo dataset
2419083783587438310,1493602223,20170430,1,70.3,703.0,11,331,(direct),(none),desktop,United States,not available in demo dataset
3405098531081951348,1493591230,20170430,1,34.59,345.90000000000003,12,279,(direct),(none),desktop,United States,New York
2518379317255532090,1493569590,20170430,1,34.78,347.8,13,226,(direct),(none),desktop,United States,Mountain View
3547340212179287814,1493601390,20170430,1,10.99,109.9,13,1748,google,organic,desktop,United States,not available in demo dataset
1265954026564910088,1495741388,20170525,1,18.99,189.89999999999998,8,235,(direct),(none),desktop,United States,Mountain View
3039331164214492247,1495724233,20170525,1,14.59,145.9,9,156,(direct),(none),desktop,United States,New York
8253742246691621007,1495724862,20170525,1,16.99,169.89999999999998,11,277,(direct),(none),desktop,United States,New York
9135708143864560661,1495725948,20170525,1,19.63,196.29999999999998,12,202,google,organic,desktop,United States,not available in demo dataset
2558254017558848934,1495745727,20170525,1,120.17,1201.7,12,2496,(direct),(none),desktop,United States,New York
6587037994629454209,1495752607,20170525,1,22.99,229.89999999999998,14,232,(direct),(none),desktop,United States,Mountain View
4726621620185814943,1495737754,20170525,1,27.98,279.8,12,526,google,organic,desktop,United States,not available in demo dataset
9101737200885775701,1495739459,20170525,1,27.99,279.9,15,370,mg.mail.yahoo.com,referral,desktop,United States,not available in demo dataset
5054967838682156421,1495743608,20170525,1,55.49,554.9,14,1487,(direct),(none),desktop,United States,San Francisco
2499234879670419046,1495745344,20170525,1,118.96,1189.6,18,1678,google,organic,desktop,United States,Sunnyvale
1891868313007224972,1495731816,20170525,1,35.78,357.8,16,399,google,organic,desktop,United States,not available in demo dataset
2394311020331706300,1495759046,20170525,1,44.37,443.7,18,330,(direct),(none),desktop,United States,not available in demo dataset
3028833598226517640,1495719003,20170525,1,288.0,2880.0,14,385,(direct),(none),desktop,United States,not available in demo dataset
4371319639324019730,1495753948,20170525,1,12.19,121.89999999999999,18,548,(direct),(none),desktop,United States,San Francisco
9342781097328717607,1495729651,20170525,1,11.97,119.7,18,348,google,organic,desktop,Mexico,not available in demo dataset
2581268341916303872,1495781500,20170525,1,101.99,1019.9,18,303,google,organic,desktop,United States,not available in demo dataset
3868452252180916812,1495754295,20170525,1,27.57,275.7,21,554,(direct),(none),desktop,United States,New York
1246338221591989045,1495771612,20170525,1,102.95,1029.5,23,2198,(direct),(none),desktop,Japan,Minato
1470956649294061383,1495723958,20170525,1,61.79,617.9,18,1284,(direct),(none),desktop,United States,not available in demo dataset
5591592424191591132,1495767610,20170525,1,147.23,1472.3,23,2469,(direct),(none),desktop,United States,Mountain View
9344661624535255277,1495750523,20170525,1,70.35,703.5,21,296,(direct),(none),desktop,United States,New York
9882672558688171171,1495737525,20170525,1,60.45,604.5,26,1421,google,organic,desktop,United States,not available in demo dataset
0237463554769485825,1495746871,20170525,1,21.95,219.5,19,633,google,organic,desktop,United States,not available in demo dataset
3610250758524453544,1495697107,20170525,1,22.49,224.89999999999998,28,1159,(direct),(none),mobile,United States,not available in demo dataset
214415686397071336,1495755875,20170525,1,40.21,402.1,28,1977,(direct),(none),desktop,United States,San Francisco
8317479792403140471,1495762094,20170525,1,49.98,499.79999999999995,16,499,(direct),(none),desktop,United States,Austin
8907488943105277340,1495733252,20170525,1,358.82,3588.2,32,1421,google,organic,desktop,United States,San Francisco
1754237628873479248,1495748965,20170525,1,19.21,192.10000000000002,34,1768,(direct),(none),desktop,United States,not available in demo dataset
0662931673462260601,1495734671,20170525,1,34.36,343.6,35,1034,(direct),(none),desktop,United States,not available in demo dataset
4136075982495833616,1495722033,20170525,1,65.88,658.8,41,3148,google,organic,desktop,United States,not available in demo dataset
177468866234312315,1495755729,20170525,1,50.77,507.70000000000005,41,1796,(direct),(none),desktop,United States,Sunnyvale
8100569458779902192,1495728321,20170525,1,40.31,403.1,35,676,(direct),(none),desktop,United States,New York
3536546316695969025,1495755473,20170525,1,126.01,1260.1000000000001,43,2620,(direct),(none),desktop,United States,San Bruno
8466555030941163716,1495735552,20170525,1,80.74,807.4,41,746,(direct),(none),desktop,United States,Mountain View
2274601710859547575,1495741389,20170525,1,179.6,1796.0,57,3061,google,organic,desktop,United States,Chicago
085857472938612779,1497894336,20170619,1,23.39,233.9,11,250,mail.google.com,referral,desktop,United States,Ann Arbor
6752243770204635267,1497913525,20170619,1,52.95,529.5,13,391,phandroid.com,referral,desktop,United States,New York
8271448463691293767,1497909903,20170619,1,20.79,207.89999999999998,15,387,(direct),(none),desktop,United States,Mountain View
9574549721552883119,1497903768,20170619,1,14.98,149.8,14,480,(direct),(none),desktop,United States,not available in demo dataset
4895568208529244728,1497884880,20170619,1,21.99,219.89999999999998,15,230,(direct),(none),desktop,United States,not available in demo dataset
0370316422769734568,1497879938,20170619,1,125.8,1258.0,13,648,(direct),(none),mobile,United States,Chicago
2199128648267411375,1497911775,20170619,1,22.0,220.0,14,222,(direct),(none),desktop,United States,Sunnyvale
1571410643102231537,1497891472,20170619,1,32.19,321.9,16,863,(direct),(none),desktop,United States,New York
7128507522052528547,1497917614,20170619,1,23.99,239.89999999999998,18,708,google.com,referral,desktop,United States,not available in demo dataset
0945565598848860451,1497897735,20170619,1,23.98,239.8,15,322,(direct),(none),desktop,United States,Chicago
2315247548521028492,1497899102,20170619,1,30.19,301.90000000000003,17,834,(direct),(none),desktop,United States,New York
0163532416839889055,1497889451,20170619,1,17.19,171.9,15,357,(direct),(none),desktop,United States,New York
0042057117403474149,1497899477,20170619,1,32.18,321.8,17,1586,(direct),(none),desktop,United States,Kirkland
9953956744551076841,1497923152,20170619,1,218.24,2182.4,14,513,(direct),(none),desktop,United States,not available in demo dataset
2435096428144320733,1497926154,20170619,1,56.9,569.0,18,792,(direct),(none),desktop,United States,not available in demo dataset
0517782955209773732,1497896709,20170619,1,28.22,282.2,18,586,(direct),(none),desktop,United States,New York
239011216868684634,1497886687,20170619,1,50.79,507.9,17,247,(direct),(none),desktop,United States,not available in demo dataset
0244170299994763393,1497862141,20170619,1,35.28,352.8,20,1321,(direct),(none),desktop,United States,not available in demo dataset
8848160643936299367,1497886531,20170619,1,50.38,503.8,17,223,(direct),(none),desktop,United States,New York
2689556653800639103,1497896617,20170619,1,38.39,383.9,24,447,(direct),(none),desktop,United States,not available in demo dataset
7716901533486555071,1497903415,20170619,1,37.78,377.8,22,754,(direct),(none),desktop,United States,Mountain View
341126939247417424,1497893440,20170619,1,33.97,339.7,23,2510,(direct),(none),desktop,United States,Boulder
0111624627546859050,1497884506,20170619,1,117.98,1179.8,21,550,(direct),(none),desktop,United States,not available in demo dataset
043584487743669327,1497905556,20170619,2,192.56,1925.6,21,346,(direct),(none),desktop,United States,Austin
79204932396995037,1497904048,20170619,1,6252.75,62527.5,23,1281,(direct),(none),desktop,United States,not available in demo dataset
6453410957469058316,1497899846,20170619,1,88.3,883.0,25,486,(direct),(none),desktop,United States,Jersey City
5197010601731138144,1497898592,20170619,1,151.4,1514.0,23,2562,(direct),(none),desktop,United States,Chicago
2646550987867504267,1497915704,20170619,1,14.49,144.9,29,764,(direct),(none),desktop,United States,not available in demo dataset
5675830566219535598,1497888181,20170619,1,44.93,449.3,31,1832,(direct),(none),desktop,United States,Chicago
8360090579788961221,1497897450,20170619,1,77.7,777.0,23,454,(direct),(none),desktop,United States,Washington
627911872499384695,1497895393,20170619,1,131.73,1317.3,28,920,(direct),(none),desktop,United States,not available in demo dataset
0183218035021860438,1497902162,20170619,1,84.78,847.8,28,1069,(direct),(none),desktop,United States,Mountain View
2299949662109267691,1497926786,20170619,1,101.37,1013.7,29,880,(direct),(none),desktop,United States,Seattle
5041710037464068064,1497924345,20170619,1,21.99,219.89999999999998,37,1211,(direct),(none),mobile,United States,New York
5313430409302737602,1497926033,20170619,1,103.33,1033.3,31,1386,(direct),(none),desktop,United States,Dallas
682241557361742402,1497899791,20170619,1,574.29,5742.9,33,1522,(direct),(none),desktop,United States,not available in demo dataset
4806107214651821896,1497893695,20170619,1,37.77,377.70000000000005,42,2556,(direct),(none),desktop,United States,Ann Arbor
0614324104402254023,1497936634,20170619,1,144.08,1440.8000000000002,69,4947,(direct),(none),desktop,South Korea,not available in demo dataset
6965694497277122070,1497911525,20170619,2,143.89,1438.8999999999999,75,2048,(direct),(none),desktop,United States,San Francisco
5720584332217047483,1493823450,20170503,1,116.72,1167.2,7,786,google,organic,desktop,United States,not available in demo dataset
2326342894526494508,1493867466,20170503,1,19.69,196.9,8,321,google,organic,mobile,United States,not available in demo dataset
3264354418157735832,1493839818,20170503,1,36.59,365.90000000000003,8,597,groups.google.com,referral,desktop,United States,Mountain View
866401086890399054,1493823862,20170503,1,45.98,459.79999999999995,9,195,(direct),(none),desktop,United States,New York
7044592028544350936,1493852451,20170503,1,31.08,310.79999999999995,9,285,google,cpc,desktop,United States,not available in demo dataset
7813149961404844386,1493836555,20170503,1,25.99,259.9,10,181,(direct),(none),desktop,United States,not available in demo dataset
7152313806704388410,1493823351,20170503,1,65.75,657.5,11,2076,(direct),(none),desktop,United States,Atlanta
6776660125553091121,1493840582,20170503,1,41.59,415.90000000000003,10,176,(direct),(none),desktop,United States,Mountain View
3003781131878505230,1493864922,20170503,1,68.18,681.8000000000001,10,330,(direct),(none),desktop,United States,Mountain View
2603582189520418632,1493848713,20170503,1,34.59,345.90000000000003,10,296,(direct),(none),desktop,United States,not available in demo dataset
5200523013513210232,1493823073,20170503,1,73.18,731.8000000000001,10,736,mail.google.com,referral,desktop,United States,Ann Arbor
6192730343832686295,1493835800,20170503,1,17.59,175.9,10,188,(direct),(none),desktop,United States,not available in demo dataset
0417281456122837207,1493841076,20170503,1,92.99,929.9,11,400,google,organic,tablet,United States,not available in demo dataset
4661056240589055665,1493844812,20170503,1,37.59,375.90000000000003,11,241,groups.google.com,referral,desktop,United States,not available in demo dataset
3506253985459951484,1493843208,20170503,1,42.99,429.90000000000003,11,2072,mail.google.com,referral,desktop,United States,New York
1119984091061621254,1493841949,20170503,1,47.99,479.90000000000003,11,1759,(direct),(none),desktop,United States,New York
9401702056400438327,1493827942,20170503,1,33.19,331.9,13,472,(direct),(none),desktop,United States,Kirkland
1603437381497416129,1493850474,20170503,1,47.79,477.9,11,1690,(direct),(none),desktop,United States,Mountain View
498519259844308517,1493822908,20170503,1,18.99,189.89999999999998,13,434,(direct),(none),desktop,United States,San Francisco
7021513890220777555,1493837163,20170503,1,106.77,1067.7,12,284,(direct),(none),desktop,United States,Mountain View
703413205219786519,1493836272,20170503,1,49.99,499.90000000000003,12,446,(direct),(none),desktop,United States,San Jose
7268732315672412988,1493872756,20170503,1,74.18,741.8000000000001,11,275,google,organic,desktop,United States,Cupertino
4968114239490264193,1493824569,20170503,1,71.18,711.8000000000001,10,333,groups.google.com,referral,desktop,United States,New York
8445452821576503914,1493837225,20170503,1,33.28,332.8,12,189,google,organic,desktop,United States,not available in demo dataset
9913737248744802178,1493874501,20170503,1,34.59,345.90000000000003,13,379,(direct),(none),desktop,United States,not available in demo dataset
8025955470222388064,1493843509,20170503,1,39.59,395.90000000000003,13,866,(direct),(none),desktop,United States,Mountain View
9341809902223423547,1493842086,20170503,1,42.59,425.90000000000003,13,322,(direct),(none),desktop,United States,Mountain View
2543259814271575260,1493850769,20170503,1,67.09,670.9000000000001,13,234,(direct),(none),desktop,United States,San Jose
0188247823522588210,1493841757,20170503,1,32.98,329.79999999999995,15,507,google,organic,desktop,United States,not available in demo dataset
2574179535153856621,1493836247,20170503,1,70.18,701.8000000000001,14,263,(direct),(none),desktop,United States,Los Angeles
6788608757552402673,1493843357,20170503,1,35.59,355.90000000000003,14,1092,(direct),(none),desktop,United States,New York
5112369122544987822,1493827884,20170503,1,373.9,3739.0,14,897,google,organic,desktop,United States,not available in demo dataset
217681705986137511,1493826248,20170503,1,22.59,225.9,13,428,google,organic,desktop,United States,New York
691720966691550944,1493844309,20170503,1,94.18,941.8000000000001,14,311,google,cpc,desktop,United States,Austin
547013638763660090,1493841364,20170503,1,42.59,425.90000000000003,14,425,mail.google.com,referral,desktop,United States,New York
2951565306014197668,1493839961,20170503,1,34.59,345.90000000000003,12,528,(direct),(none),desktop,United States,San Bruno
6289648487532029978,1493843732,20170503,1,40.59,405.90000000000003,14,2628,mail.google.com,referral,desktop,United States,New York
8968458554624269944,1493845027,20170503,1,35.59,355.90000000000003,15,433,groups.google.com,referral,desktop,United States,Los Angeles
5483156497557634103,1493847997,20170503,1,34.59,345.90000000000003,15,338,groups.google.com,referral,desktop,United States,Mountain View
2224572703195879390,1493876287,20170503,1,88.99,889.9,16,369,google,organic,desktop,United States,San Francisco
7732090134568997347,1493854894,20170503,1,72.18,721.8000000000001,17,827,(direct),(none),desktop,United States,Mountain View
4138727297471841879,1493852963,20170503,1,38.59,385.90000000000003,17,447,(direct),(none),desktop,United States,Mountain View
1011144777893683612,1493829094,20170503,1,36.59,365.90000000000003,17,1289,(direct),(none),desktop,United States,San Jose
2384781485752007681,1493841632,20170503,1,46.99,469.90000000000003,17,363,groups.google.com,referral,desktop,United States,Sunnyvale
102929360833194213,1493827733,20170503,1,89.22,892.2,16,2267,(direct),(none),desktop,United States,Chicago
7656166664902363407,1493857168,20170503,1,43.98,439.79999999999995,16,365,(direct),(none),desktop,United States,Mountain View
7443749709958085466,1493847865,20170503,1,20.63,206.29999999999998,17,493,(direct),(none),desktop,United States,(not set)
2179583548664374175,1493837504,20170503,1,38.59,385.90000000000003,15,390,(direct),(none),desktop,United States,San Francisco
4512969350538932302,1493831887,20170503,1,16.29,162.89999999999998,18,385,google,organic,desktop,United States,not available in demo dataset
7236509216355448688,1493842998,20170503,1,24.99,249.89999999999998,18,557,(direct),(none),mobile,United States,Atlanta
0567114702296201573,1493832428,20170503,1,40.59,405.90000000000003,18,711,(direct),(none),desktop,United States,Mountain View
2877243749158885566,1493836504,20170503,1,163.35,1633.5,17,576,(direct),(none),desktop,United States,Sunnyvale
4871052832001999477,1493844089,20170503,1,34.59,345.90000000000003,19,411,(direct),(none),desktop,United States,Mountain View
9404133201034662338,1493859484,20170503,1,31.94,319.40000000000003,20,1840,(direct),(none),desktop,United States,Seattle
4970331206023875166,1493836069,20170503,1,31.84,318.4,18,374,google,cpc,mobile,United States,not available in demo dataset
8734326510553351606,1493840762,20170503,1,39.59,395.90000000000003,21,617,(direct),(none),desktop,United States,Pittsburgh
1361425561124755941,1493833354,20170503,1,48.68,486.8,20,1058,(direct),(none),desktop,United States,not available in demo dataset
2136031415967879248,1493830125,20170503,1,192.21,1922.1000000000001,20,911,(direct),(none),desktop,United States,San Bruno
0548610265008552694,1493836886,20170503,1,16.29,162.89999999999998,13,459,google,organic,desktop,United States,Cupertino
4950411203281265700,1493840797,20170503,1,931.05,9310.5,21,1385,(direct),(none),mobile,United States,Seattle
9475218131155083092,1493830725,20170503,1,30.98,309.8,24,1526,(direct),(none),desktop,United States,Sunnyvale
2908106497332627333,1493851038,20170503,1,42.15,421.5,29,1205,(direct),(none),desktop,United States,Seattle
8790419059934322944,1493864048,20170503,1,430.64,4306.4,29,849,(direct),(none),desktop,United States,not available in demo dataset
1364033099778280988,1493854615,20170503,1,36.59,365.90000000000003,40,1137,mail.google.com,referral,desktop,United States,San Francisco
2691688576620945855,1493823806,20170503,1,20.99,209.89999999999998,22,2072,google,organic,desktop,United States,San Antonio
6726938691448452344,1493795286,20170503,1,56.23,562.3,34,1607,google,organic,desktop,United States,Los Angeles
6349916551056809056,1493853956,20170503,1,437.5,4375.0,38,1400,(direct),(none),desktop,United States,San Francisco
5130925613790258931,1493868477,20170503,1,177.03,1770.3,37,1216,(direct),(none),desktop,United States,Austin
7477634267430924328,1493871212,20170503,1,36.25,362.5,52,1355,google,organic,mobile,United States,not available in demo dataset
2346359290191771618,1493828053,20170503,1,173.44,1734.4,54,2267,google,organic,desktop,United States,not available in demo dataset
0067566216922331849,1497476332,20170614,1,39.38,393.8,12,385,(direct),(none),desktop,United States,not available in demo dataset
2287406421504796570,1497464946,20170614,1,122.96,1229.6,12,699,(direct),(none),desktop,United States,not available in demo dataset
1957458976293878100,1497460644,20170614,1,2341.56,23415.6,15,560,dfa,cpm,desktop,United States,not available in demo dataset
633090494027651510,1497449994,20170614,1,34.98,349.79999999999995,16,2084,google,cpc,mobile,United States,not available in demo dataset
6434737895703616541,1497499568,20170614,1,47.79,477.9,18,617,(direct),(none),desktop,United States,San Francisco
9672097680372886188,1497449420,20170614,1,108.41,1084.1,20,429,(direct),(none),desktop,United States,Mountain View
1578983142002266044,1497465081,20170614,1,35.78,357.8,18,359,(direct),(none),desktop,United States,Chicago
8149619824926013783,1497456886,20170614,1,20.98,209.8,19,497,(direct),(none),mobile,United States,not available in demo dataset
0339607919256111349,1497464857,20170614,1,751.08,7510.8,22,1344,(direct),(none),desktop,United States,San Bruno
4786162895403148605,1497508536,20170614,1,29.99,299.9,23,337,(direct),(none),desktop,United States,not available in demo dataset
9607694910197531314,1497469396,20170614,1,90.77,907.6999999999999,18,474,(direct),(none),desktop,United States,San Francisco
6745703990987927625,1497473372,20170614,1,255.27,2552.7000000000003,22,793,(direct),(none),desktop,France,Paris
4559937413688663213,1497461536,20170614,1,29.18,291.8,26,927,(direct),(none),desktop,United States,New York
4786162895403148605,1497498212,20170614,1,32.9,329.0,21,1606,(direct),(none),desktop,United States,not available in demo dataset
6847022427590388886,1497454183,20170614,1,452.0,4520.0,19,692,google,organic,desktop,United States,not available in demo dataset
3888042706246168759,1497469293,20170614,2,91.62,916.2,26,466,(direct),(none),desktop,United States,Mountain View
7865812508027554896,1497468106,20170614,1,37.05,370.5,24,802,(direct),(none),desktop,United States,San Bruno
0103234801488366057,1497500220,20170614,1,78.92,789.2,26,775,google,organic,desktop,United States,not available in demo dataset
1978060402738405098,1497476142,20170614,1,70.59,705.9000000000001,24,1298,(direct),(none),desktop,United States,Chicago
9037855677717484048,1497480876,20170614,1,44.98,449.79999999999995,30,1633,(direct),(none),desktop,United States,Sunnyvale
545209862900348723,1497492992,20170614,1,55.38,553.8000000000001,32,1762,(direct),(none),desktop,United States,Seattle
2633688470819438128,1497474154,20170614,1,97.37,973.7,25,1098,(direct),(none),desktop,United States,New York
725981616433523164,1497476722,20170614,1,160.6,1606.0,28,800,(direct),(none),desktop,United States,New York
0026329820781202527,1497471151,20170614,1,51.93,519.3,27,619,(direct),(none),desktop,United States,Chicago
2604472846435898379,1497457996,20170614,1,440.02,4400.2,34,980,(direct),(none),desktop,United States,not available in demo dataset
2919716928934208535,1497455017,20170614,1,145.94,1459.4,24,755,(direct),(none),desktop,United States,Sunnyvale
2575337741997523606,1497460418,20170614,1,140.23,1402.3,34,1473,google,organic,desktop,United States,San Francisco
0780253600713375371,1497482084,20170614,1,253.78,2537.8,32,815,(direct),(none),desktop,United States,New York
9421912012077740280,1497452592,20170614,1,117.36,1173.6,33,742,mail.google.com,referral,desktop,United States,Austin
3921649958751416379,1497474122,20170614,1,544.38,5443.8,42,1413,google,cpc,desktop,United States,not available in demo dataset
7273056780415192375,1497464080,20170614,1,641.75,6417.5,47,3905,(direct),(none),desktop,United States,not available in demo dataset
4013965518417405272,1497446733,20170614,1,29.96,299.6,50,2505,google,cpc,mobile,United States,not available in demo dataset
465397546668226126,1497461394,20170614,1,327.66,3276.6000000000004,40,988,(direct),(none),desktop,United States,Sunnyvale
4879562471912018386,1497493860,20170614,1,137.93,1379.3000000000002,73,3611,google,organic,desktop,United States,Fremont
3716357495252024311,1497458054,20170614,1,31.86,318.6,11,502,(direct),(none),desktop,United States,not available in demo dataset
3741029495705540856,1497464522,20170614,1,63.31,633.1,10,342,(direct),(none),desktop,United States,Council Bluffs
9219439174856712797,1497483714,20170614,1,22.98,229.8,12,633,(direct),(none),mobile,Canada,Barrie
1035287577797151816,1497454922,20170614,1,42.38,423.8,12,454,(direct),(none),desktop,United States,New York
4529245720390475345,1497456352,20170614,1,18.59,185.9,13,306,(direct),(none),desktop,United States,not available in demo dataset
3843258333728825777,1497474430,20170614,1,88.99,889.9,11,264,(direct),(none),desktop,United States,Fremont
0605298878287002654,1497461592,20170614,1,107.99,1079.8999999999999,12,166,google,cpc,desktop,United States,not available in demo dataset
3857043812510146001,1497465408,20170614,1,171.95,1719.5,13,181,google,organic,desktop,United States,not available in demo dataset
79204932396995037,1497440353,20170614,1,803.4,8034.0,14,472,google,organic,desktop,United States,not available in demo dataset
387539919956993522,1497459609,20170614,1,23.99,239.89999999999998,16,1264,google,organic,desktop,United States,not available in demo dataset
1191806581069633765,1497457722,20170614,1,74.48,744.8000000000001,15,283,(direct),(none),desktop,United States,San Francisco
4649753996022733454,1497644475,20170616,1,57.07,570.7,14,395,(direct),(none),desktop,United States,New York
8889391457640720040,1497636131,20170616,1,105.5,1055.0,14,314,(direct),(none),desktop,United States,not available in demo dataset
6820200829240883942,1497651282,20170616,1,62.99,629.9,17,311,(direct),(none),desktop,United States,not available in demo dataset
0214776722271775969,1497640197,20170616,1,32.38,323.8,13,265,(direct),(none),desktop,United States,Atlanta
1270972824994660533,1497618221,20170616,1,22.59,225.9,15,424,(direct),(none),desktop,United States,Chicago
8407892564585684135,1497636536,20170616,1,31.58,315.79999999999995,19,607,(direct),(none),desktop,Canada,Calgary
1470956649294061383,1497632044,20170616,1,22.02,220.2,15,701,(direct),(none),desktop,United States,not available in demo dataset
6117915988653147227,1497629209,20170616,1,70.97,709.7,15,514,(direct),(none),desktop,United States,San Diego
6150828289125902444,1497637205,20170616,1,40.98,409.79999999999995,17,1981,(direct),(none),desktop,United States,Santa Clara
9578166410230124397,1497662659,20170616,1,53.38,533.8000000000001,17,332,(direct),(none),desktop,United States,Mountain View
76255265047374256,1497650094,20170616,1,21.31,213.1,20,1268,(direct),(none),desktop,United States,San Francisco
304034087246868080,1497596779,20170616,1,79.97,799.7,22,716,(direct),(none),desktop,United States,Palo Alto
8528637428767255034,1497628314,20170616,1,60.43,604.3,19,755,(direct),(none),desktop,United States,Mountain View
4332637852472133654,1497642189,20170616,1,90.58,905.8,20,410,(direct),(none),desktop,United States,New York
4671049020900082348,1497643189,20170616,1,216.18,2161.8,26,910,(direct),(none),desktop,Canada,not available in demo dataset
1224021848731205993,1497663120,20170616,1,21.99,219.89999999999998,25,1205,(direct),(none),desktop,United States,Kirkland
1860697994072848784,1497625773,20170616,1,59.26,592.6,26,3437,(direct),(none),mobile,United States,not available in demo dataset
213223799802259232,1497651320,20170616,1,8.5,85.0,25,535,(direct),(none),mobile,United States,not available in demo dataset
4310266508515206393,1497649938,20170616,1,774.4,7744.0,25,511,(direct),(none),desktop,United States,Irvine
4348116835097503330,1497623138,20170616,1,40.74,407.40000000000003,27,1620,(direct),(none),desktop,United States,New York
6039611140215041016,1497647349,20170616,1,44.16,441.59999999999997,26,516,(direct),(none),desktop,United States,Chicago
1411452354779781065,1497626786,20170616,1,301.16,3011.6000000000004,33,1283,(direct),(none),desktop,United States,Chicago
9501779440932333497,1497646184,20170616,1,602.84,6028.400000000001,32,2592,(direct),(none),desktop,United States,New York
6929895101672210569,1497651374,20170616,1,31.02,310.2,37,1961,(direct),(none),desktop,United States,San Francisco
4464961438459587947,1497613407,20170616,1,47.81,478.1,40,879,(direct),(none),desktop,United States,Ann Arbor
6995967173645019061,1497633955,20170616,1,62.57,625.7,44,761,(direct),(none),desktop,United States,Boulder
1945823643105525576,1497595973,20170616,1,57.64,576.4,62,2325,(direct),(none),mobile,United States,Mountain View
8740219759835313049,1497652640,20170616,1,101.24,1012.4,52,4554,(direct),(none),desktop,United States,Redwood City
9383567792856137029,1497665011,20170616,1,105.99,1059.8999999999999,4,382,(direct),(none),desktop,United States,Milpitas
3886339117571727204,1497665633,20170616,1,40.98,409.79999999999995,5,204,(direct),(none),mobile,United States,not available in demo dataset
2489008241573550048,1497636922,20170616,1,163.5,1635.0,12,445,(direct),(none),desktop,United States,San Francisco
4697640642260158273,1497636678,20170616,1,35.62,356.2,13,734,(direct),(none),desktop,United States,New York
0921096082578600729,1497671293,20170616,1,44.98,449.79999999999995,13,442,(direct),(none),desktop,United States,not available in demo dataset
3972533149099656083,1497638943,20170616,1,23.78,237.8,20,654,(direct),(none),desktop,United States,not available in demo dataset
0095747507496204221,1497639689,20170616,1,2369.5,23695.0,18,2621,mail.google.com,referral,desktop,United States,not available in demo dataset
2180515369167502520,1497638283,20170616,1,59.99,599.9,17,248,(direct),(none),desktop,United States,not available in demo dataset
4163346623871537279,1491355084,20170404,1,10.99,109.9,10,319,(direct),(none),mobile,United States,not available in demo dataset
650056086385776129,1491339974,20170404,1,1200.5,12005.0,10,359,(direct),(none),desktop,United States,Sunnyvale
8988109274209001218,1491318699,20170404,1,11.99,119.9,11,456,t.co,referral,desktop,United States,not available in demo dataset
4822424580888281003,1491356045,20170404,1,67.97,679.7,13,524,dealspotr.com,referral,desktop,United States,not available in demo dataset
8795588873125044253,1491368550,20170404,1,108.38,1083.8,15,267,(direct),(none),desktop,United States,San Jose
4021545903221768345,1491338879,20170404,1,16.96,169.60000000000002,14,225,google,organic,desktop,United States,not available in demo dataset
4896852909072476432,1491324524,20170404,1,6.99,69.9,14,932,google,organic,mobile,United States,Austin
819367840635364021,1491330776,20170404,1,4.98,49.800000000000004,16,364,google,organic,desktop,United States,not available in demo dataset
0445007965605847225,1491342387,20170404,1,28.19,281.90000000000003,18,751,(direct),(none),desktop,United States,San Francisco
4080275155760695849,1491340738,20170404,1,69.46,694.5999999999999,14,480,google,organic,tablet,United States,not available in demo dataset
9606909032279164243,1491321867,20170404,1,20.5,205.0,16,318,(direct),(none),desktop,United States,not available in demo dataset
8284521095885214097,1491348560,20170404,1,70.68,706.8000000000001,15,564,(direct),(none),desktop,United States,San Bruno
9512194866017738775,1491330694,20170404,1,279.83,2798.2999999999997,15,1872,(direct),(none),desktop,United States,New York
0854188600885318735,1491352009,20170404,1,58.57,585.7,17,419,google,organic,desktop,United States,San Jose
6592883580168014282,1491328479,20170404,1,457.35,4573.5,15,853,(direct),(none),desktop,United States,not available in demo dataset
2380682352462112558,1491291575,20170404,1,23.49,234.89999999999998,23,1480,google,organic,desktop,Russia,not available in demo dataset
8183327679520713401,1491326318,20170404,1,22.99,229.89999999999998,23,834,(direct),(none),desktop,United States,New York
7331519147058730868,1491343517,20170404,1,50.79,507.9,23,665,(direct),(none),desktop,United States,San Antonio
2426082201157703136,1491337495,20170404,1,55.96,559.6,24,1473,google,organic,desktop,United States,not available in demo dataset
1006586895176730194,1491365737,20170404,1,21.59,215.9,25,708,(direct),(none),desktop,United States,not available in demo dataset
853098633014712543,1491362000,20170404,1,168.08,1680.8000000000002,21,826,google,organic,desktop,United States,New York
7266739596439998508,1491351534,20170404,1,50.99,509.90000000000003,21,534,(direct),(none),desktop,United States,Seattle
3508377990231719822,1491350137,20170404,1,143.85,1438.5,26,863,google,cpc,desktop,United States,not available in demo dataset
138687086866157685,1491338400,20170404,1,121.5,1215.0,22,454,google,cpc,desktop,United States,Chicago
0977427077786334196,1491327511,20170404,1,13.31,133.1,24,1236,(direct),(none),desktop,United States,Santa Clara
6197966487555534228,1491311638,20170404,1,116.98,1169.8,22,705,google,organic,mobile,United States,Minneapolis
7545121588966245443,1491321735,20170404,1,21.98,219.8,24,799,(direct),(none),desktop,Canada,Toronto
1646747992905805330,1491343717,20170404,1,365.25,3652.5,27,475,google,organic,desktop,United States,Chicago
8693174288442040841,1491351963,20170404,1,21.99,219.89999999999998,30,1963,google,organic,desktop,Brazil,not available in demo dataset
0617283905493277793,1491315487,20170404,1,18.74,187.39999999999998,20,380,(direct),(none),desktop,United States,not available in demo dataset
5357337729352210856,1491318928,20170404,1,24.38,243.79999999999998,26,1280,(direct),(none),desktop,United States,San Francisco
9372757256015495422,1491333023,20170404,1,43.58,435.79999999999995,21,548,(direct),(none),desktop,United States,Sunnyvale
1023379458007501505,1491335043,20170404,1,17.99,179.89999999999998,31,988,google,organic,desktop,United States,not available in demo dataset
7646951145864334861,1491330707,20170404,1,20.98,209.8,31,1552,google,organic,desktop,United States,not available in demo dataset
3046775714096788273,1491320766,20170404,1,228.79,2287.9,26,507,(direct),(none),desktop,United States,Chicago
0379910820910540808,1491329068,20170404,1,34.49,344.90000000000003,29,653,(direct),(none),desktop,United States,not available in demo dataset
0415608676546432559,1491340648,20170404,1,122.98,1229.8,37,1423,(direct),(none),desktop,United States,San Jose
0102967551018757579,1491370615,20170404,1,61.93,619.3,43,1034,siliconvalley.about.com,referral,desktop,United States,not available in demo dataset
4600436186837518358,1491361567,20170404,1,31.98,319.8,63,2456,(direct),(none),desktop,United States,Sunnyvale
723690431772344547,1498442285,20170625,1,23.19,231.9,9,759,(direct),(none),desktop,United States,Chicago
1916023905118162049,1498401064,20170625,1,19.31,193.1,15,623,(direct),(none),desktop,United States,New York
3741407379008310018,1498428967,20170625,1,70.96,709.5999999999999,16,1408,(direct),(none),desktop,United States,not available in demo dataset
9365923038189145929,1498425922,20170625,1,46.9,469.0,15,424,(direct),(none),desktop,United States,not available in demo dataset
3642532800884850314,1498409811,20170625,1,16.96,169.60000000000002,16,314,(direct),(none),desktop,United States,not available in demo dataset
6332311978539018182,1498413772,20170625,1,30.94,309.40000000000003,20,1510,(direct),(none),desktop,United States,Sunnyvale
7402906360219067209,1498456137,20170625,1,14.97,149.70000000000002,18,728,(direct),(none),desktop,United States,Mountain View
1379238346343753194,1498389183,20170625,1,27.27,272.7,19,546,(direct),(none),desktop,United States,not available in demo dataset
7320316463607490470,1498393624,20170625,1,9.48,94.80000000000001,22,714,(direct),(none),desktop,United States,not available in demo dataset
4575673525064621239,1498409785,20170625,1,37.68,376.8,20,353,(direct),(none),desktop,United States,not available in demo dataset
3905085469709197947,1498420951,20170625,1,31.38,313.8,23,1431,(direct),(none),desktop,United States,not available in demo dataset
4937590539132421841,1498448322,20170625,1,22.95,229.5,23,992,(direct),(none),desktop,United States,Santa Clara
5490718760386524678,1498403781,20170625,1,87.0,870.0,28,386,(direct),(none),desktop,United States,New York
7356046119944247540,1498432663,20170625,1,54.28,542.8,33,1450,(direct),(none),desktop,United States,San Jose
6238089889459333091,1498430245,20170625,1,49.98,499.79999999999995,34,704,(direct),(none),desktop,United States,New York
9226278380512438191,1498422297,20170625,1,153.75,1537.5,35,1026,(direct),(none),desktop,United States,not available in demo dataset
7361963700684002436,1498418945,20170625,1,59.33,593.3,38,1013,(direct),(none),desktop,United States,not available in demo dataset
9077649148974613765,1498434758,20170625,1,53.58,535.8,48,3343,(direct),(none),desktop,United States,New York
0431557134723843230,1498452472,20170625,1,67.98,679.8000000000001,57,1493,(direct),(none),desktop,United States,not available in demo dataset
6615374904571614092,1488695634,20170304,1,18.99,189.89999999999998,16,1305,google,organic,mobile,Kazakhstan,not available in demo dataset
1456483801391424106,1488646405,20170304,1,8.99,89.9,19,1519,google,organic,desktop,United States,Washington
5789628268074280391,1488681619,20170304,1,52.79,527.9,21,1393,google,organic,desktop,United States,Mountain View
0352372860744696733,1488645220,20170304,1,59.87,598.6999999999999,22,519,google,cpc,desktop,United States,not available in demo dataset
4325998729164340055,1488650353,20170304,1,24.99,249.89999999999998,25,466,(direct),(none),desktop,United States,New York
9461228084210317849,1488665742,20170304,1,48.18,481.8,23,1163,(direct),(none),desktop,United States,not available in demo dataset
2176646646506183832,1488687614,20170304,1,10.5,105.0,28,1508,google,organic,desktop,United States,not available in demo dataset
9878983280738866304,1488642359,20170304,1,37.97,379.7,29,1641,google,organic,desktop,United States,not available in demo dataset
5560297984999378584,1488655314,20170304,1,38.97,389.7,31,2111,(direct),(none),desktop,Guatemala,not available in demo dataset
0301972032250850193,1488661720,20170304,1,19.99,199.89999999999998,32,922,google,organic,desktop,United States,not available in demo dataset
0134817585377058947,1488684717,20170304,1,133.58,1335.8000000000002,36,784,(direct),(none),desktop,United States,San Francisco
3448427623331794940,1488669840,20170304,1,22.99,229.89999999999998,37,1188,google,organic,desktop,United States,not available in demo dataset
3293157709434919719,1488665641,20170304,1,63.97,639.7,42,802,google,cpc,desktop,United States,New York
9457104387096900889,1488670491,20170304,1,254.59,2545.9,40,1172,(direct),(none),desktop,United States,Mountain View
7561014297963838461,1488660176,20170304,2,138.95,1389.5,46,1167,google,organic,desktop,Venezuela,not available in demo dataset
0705304092514331716,1488652808,20170304,1,32.15,321.5,45,1467,(direct),(none),desktop,United States,Sunnyvale
2060318762356474784,1488662818,20170304,1,12.98,129.8,53,2609,google,organic,mobile,United States,not available in demo dataset
4359929883683645809,1488657001,20170304,1,198.91,1989.1,65,1787,(direct),(none),desktop,Canada,New York
1058233783721857141,1488664638,20170304,1,54.42,544.2,93,2412,google,organic,desktop,Mexico,not available in demo dataset
2396848817613598114,1488656722,20170304,10,1223.57,12235.699999999999,182,9300,l.facebook.com,referral,desktop,Venezuela,not available in demo dataset
4983264713224875783,1488672213,20170304,21,1576.33,15763.3,358,7435,(direct),(none),desktop,Venezuela,not available in demo dataset
5526675926038480325,1488663704,20170304,25,1938.09,19380.899999999998,466,7013,(direct),(none),desktop,United States,New York
9086408578145100131,1488692437,20170304,1,70.96,709.5999999999999,10,493,(direct),(none),desktop,United States,New York
5317791335633090472,1488699103,20170304,1,8.5,85.0,12,516,google,organic,desktop,United States,New York
517644101045776450,1488658878,20170304,1,28.75,287.5,13,472,(direct),(none),desktop,United States,San Francisco
9310312423239347353,1488647115,20170304,1,24.99,249.89999999999998,15,537,google,organic,desktop,Germany,not available in demo dataset
9578964619917220172,1497841898,20170618,1,22.99,229.89999999999998,11,317,(direct),(none),desktop,United States,Mountain View
0099448207973363509,1497813296,20170618,1,17.99,179.89999999999998,13,225,(direct),(none),desktop,United States,not available in demo dataset
3456917496701100082,1497841995,20170618,1,14.59,145.9,14,436,(direct),(none),desktop,United States,San Francisco
5520985287231906451,1497804967,20170618,1,79.98,799.8000000000001,15,519,(direct),(none),desktop,United States,not available in demo dataset
9652788542912871580,1497827874,20170618,1,54.97,549.7,16,934,(direct),(none),desktop,United States,(not set)
5379904968575020585,1497830750,20170618,1,34.19,341.9,15,360,(direct),(none),desktop,United States,Sunnyvale
2907313716699844462,1497829740,20170618,1,17.19,171.9,20,859,(direct),(none),desktop,United States,Mountain View
2801809770400921777,1497826557,20170618,1,31.19,311.90000000000003,22,582,(direct),(none),desktop,United States,not available in demo dataset
9220624765783417577,1497800147,20170618,1,19.59,195.9,24,747,(direct),(none),desktop,United States,not available in demo dataset
840085197489168186,1497822914,20170618,1,28.78,287.8,21,1026,(direct),(none),desktop,United States,not available in demo dataset
6722355366831429055,1497808648,20170618,1,66.59,665.9000000000001,16,518,(direct),(none),desktop,United States,Sunnyvale
597489337358394308,1497815340,20170618,1,38.98,389.79999999999995,21,687,(direct),(none),desktop,United States,New York
7039798105038339894,1497848429,20170618,1,22.98,229.8,25,554,(direct),(none),desktop,Canada,not available in demo dataset
0306177142313155903,1497839432,20170618,1,33.98,339.79999999999995,22,602,(direct),(none),desktop,United States,New York
0973548621648537135,1497824536,20170618,1,41.49,414.90000000000003,26,1098,(direct),(none),desktop,United States,not available in demo dataset
2573691084209115534,1497819668,20170618,1,44.98,449.79999999999995,23,735,(direct),(none),desktop,United States,New York
2940621972871301246,1497831592,20170618,1,74.75,747.5,26,1040,(direct),(none),desktop,United States,not available in demo dataset
2623046443543317941,1497823002,20170618,1,354.4,3544.0,33,789,(direct),(none),desktop,United States,Santa Clara
924091465796731445,1497819178,20170618,1,54.88,548.8000000000001,36,850,(direct),(none),desktop,United States,New York
0365800323147392278,1497846115,20170618,2,53.36,533.6,38,1306,(direct),(none),desktop,United States,Seattle
9786438806019918915,1497837311,20170618,1,66.54,665.4000000000001,39,902,(direct),(none),desktop,United States,Mountain View
0968815662109493799,1497795826,20170618,1,918.52,9185.2,36,575,(direct),(none),desktop,United States,San Francisco
5341224124331711899,1497812014,20170618,1,103.23,1032.3,34,630,(direct),(none),desktop,United States,San Francisco
7334131787094252765,1497842437,20170618,1,70.35,703.5,55,1704,(direct),(none),desktop,United States,not available in demo dataset
0987573170837695929,1497804470,20170618,3,392.91,3929.1000000000004,74,3869,(direct),(none),desktop,United States,New York
9323069406687793647,1485554450,20170127,1,67.99,679.9,13,610,(direct),(none),desktop,United States,New York
0688527857109237010,1485535462,20170127,1,201.9,2019.0,11,216,(direct),(none),desktop,United States,New York
7813149961404844386,1485535638,20170127,1,49.79,497.9,11,226,(direct),(none),desktop,United States,Salem
2147366385529994830,1485537129,20170127,1,22.99,229.89999999999998,13,385,(direct),(none),desktop,United States,not available in demo dataset
698616970895406010,1485541065,20170127,1,46.79,467.9,13,314,(direct),(none),desktop,United States,not available in demo dataset
7982627573451336069,1485564810,20170127,1,18.99,189.89999999999998,17,780,(direct),(none),tablet,United States,not available in demo dataset
7091796288058306768,1485541395,20170127,1,44.18,441.8,19,558,(direct),(none),desktop,United States,Mountain View
3452334912084453714,1485559969,20170127,2,46.38,463.8,23,737,(direct),(none),desktop,United States,New York
2411322974724385937,1485530972,20170127,1,51.58,515.8,18,291,(direct),(none),desktop,United States,not available in demo dataset
7270080953464199743,1485552658,20170127,1,104.99,1049.8999999999999,21,1034,(direct),(none),desktop,United States,Mountain View
3085716023208993484,1485559765,20170127,1,37.89,378.9,29,1197,(direct),(none),desktop,United States,not available in demo dataset
9378433426283964191,1485559520,20170127,1,131.54,1315.3999999999999,33,909,(direct),(none),desktop,United States,not available in demo dataset
7638336411447332495,1485531717,20170127,1,219.8,2198.0,33,580,(direct),(none),desktop,United States,New York
0047509547902079820,1485544215,20170127,1,29.56,295.59999999999997,39,3152,(direct),(none),desktop,United States,New York
8470869758522183123,1485562664,20170127,1,26.88,268.8,38,1163,(direct),(none),mobile,United States,not available in demo dataset
6417028332559300792,1485547951,20170127,1,33.98,339.79999999999995,52,1027,(direct),(none),desktop,United States,San Francisco
0582559656298634054,1485554158,20170127,1,7.97,79.7,45,1168,(direct),(none),mobile,United States,not available in demo dataset
4655715907193364487,1485573654,20170127,1,807.44,8074.400000000001,41,2179,(direct),(none),desktop,United States,not available in demo dataset
7857488410437380421,1485575531,20170127,1,48.97,489.7,48,2528,(direct),(none),desktop,United States,San Francisco
6676417252598129629,1485529230,20170127,1,206.15,2061.5,55,1280,(direct),(none),desktop,United States,not available in demo dataset
7117209037706583763,1485564412,20170127,1,1535.41,15354.1,62,1510,(direct),(none),desktop,United States,Los Angeles
9249130983722228273,1500921693,20170724,1,28.36,283.6,12,197,(direct),(none),desktop,United States,Ann Arbor
5215840735346366486,1500902634,20170724,1,60.97,609.7,17,389,google,organic,desktop,United States,not available in demo dataset
4073209630928256180,1500952565,20170724,1,83.27,832.6999999999999,17,1054,google,organic,desktop,Canada,Montreal
4871978976437661341,1500904908,20170724,1,23.99,239.89999999999998,21,490,google,organic,mobile,United States,not available in demo dataset
3027900979672030556,1500908090,20170724,1,59.46,594.6,22,1951,(direct),(none),desktop,United States,not available in demo dataset
7487437966424965141,1500921613,20170724,1,131.0,1310.0,24,1828,(direct),(none),desktop,United States,Mountain View
1311682260438379600,1500947431,20170724,1,18.73,187.3,21,552,(direct),(none),desktop,United States,Sunnyvale
3012297793847553299,1500953257,20170724,1,30.46,304.6,24,502,(direct),(none),desktop,United States,Sunnyvale
2779594039917451826,1500919354,20170724,1,29.07,290.7,20,849,(direct),(none),desktop,United States,Sunnyvale
4260968995177655855,1500920072,20170724,3,882.2,8822.0,26,1622,(direct),(none),desktop,United States,Santa Clara
6997260560132631354,1500910051,20170724,1,66.94,669.4,25,1886,(direct),(none),desktop,United States,Sunnyvale
6198200760309203581,1500923666,20170724,1,61.32,613.2,25,449,(direct),(none),desktop,United States,Los Angeles
7285581814755922222,1500896954,20170724,1,100.0,1000.0,25,1131,(direct),(none),desktop,United States,New York
9926655339980503224,1500930573,20170724,1,33.28,332.8,29,1352,(direct),(none),mobile,United States,Barcelona
336251173702144221,1500960439,20170724,1,164.93,1649.3000000000002,31,1781,google,organic,tablet,United States,not available in demo dataset
2979158334748499173,1500906901,20170724,1,406.51,4065.1,29,900,(direct),(none),desktop,United States,New York
8718769444040470230,1500926061,20170724,1,37.63,376.3,28,515,(direct),(none),desktop,United States,not available in demo dataset
1140574847502258865,1500934490,20170724,1,98.98,989.8000000000001,33,759,(direct),(none),desktop,United States,Kirkland
599110551792149234,1500906483,20170724,1,723.2,7232.0,31,1527,(direct),(none),desktop,United States,Ann Arbor
6140447030610096925,1500941640,20170724,1,16.99,169.89999999999998,33,1320,(direct),(none),desktop,United States,Sunnyvale
9973665079624172058,1500930921,20170724,1,79.95,799.5,32,597,(direct),(none),desktop,United States,San Francisco
6414469815060591671,1500927422,20170724,1,61.17,611.7,33,1050,(direct),(none),desktop,United States,Mountain View
2105122376016897629,1500915989,20170724,1,393.19,3931.9,45,3501,(direct),(none),desktop,United States,Chicago
6026865008041115729,1500907610,20170724,1,83.16,831.5999999999999,60,2749,google,organic,mobile,Philippines,not available in demo dataset
4602383891226401804,1500900718,20170724,1,74.47,744.7,56,1951,google,cpc,desktop,United States,not available in demo dataset
4299030824455740972,1500922146,20170724,1,17.63,176.29999999999998,8,160,(direct),(none),desktop,United States,Mountain View
2872390777688988558,1500943165,20170724,1,16.99,169.89999999999998,11,446,google,organic,desktop,United States,Mountain View
3702504149982325265,1500960026,20170724,1,68.19,681.9,12,349,google,organic,desktop,United States,San Bruno
9199984406158134288,1500918294,20170724,1,33.58,335.79999999999995,12,484,google,organic,desktop,United States,Houston
7559458489771407786,1500917900,20170724,1,9.99,99.9,14,1672,google,organic,desktop,United States,not available in demo dataset
302704045753662604,1500920811,20170724,1,14.0,140.0,14,369,google,organic,desktop,United States,not available in demo dataset
5369128368163820088,1500923844,20170724,1,47.99,479.90000000000003,13,816,(direct),(none),desktop,United States,New York
1063109698143249629,1500878442,20170724,1,33.49,334.90000000000003,15,417,google,organic,desktop,United States,San Francisco
2888994662401288163,1500926348,20170724,1,18.99,189.89999999999998,17,1287,google,organic,mobile,United States,not available in demo dataset
446821635919209531,1500950727,20170724,1,18.11,181.1,18,908,(direct),(none),desktop,United States,Sunnyvale
0249659095832018179,1500930585,20170724,1,167.5,1675.0,16,332,(direct),(none),desktop,United States,San Francisco
6885840890081039756,1500952391,20170724,1,157.25,1572.5,19,488,(direct),(none),desktop,United States,not available in demo dataset
5614933090112217012,1500921199,20170724,1,798.08,7980.8,21,700,google,cpc,mobile,United States,Houston
1166512440754294528,1489099772,20170309,1,78.99,789.9,12,218,(direct),(none),desktop,United States,Ann Arbor
8434622228747679141,1489099807,20170309,1,26.99,269.9,12,220,(direct),(none),desktop,United States,Austin
4008726419400228329,1489096497,20170309,1,61.07,610.7,14,768,(direct),(none),desktop,United States,Sunnyvale
4271792018121577582,1489081711,20170309,1,104.95,1049.5,14,558,(direct),(none),desktop,United States,Chicago
6047640651761300200,1489094615,20170309,1,22.19,221.9,15,369,(direct),(none),desktop,United States,Mountain View
4986158717302530099,1489065110,20170309,1,97.58,975.8,17,263,dfa,cpm,desktop,United States,Atlanta
0406062413536161782,1489107835,20170309,1,340.7,3407.0,18,572,(direct),(none),desktop,United States,San Francisco
686323554174622772,1489071168,20170309,1,152.7,1527.0,19,1176,(direct),(none),desktop,United States,Ann Arbor
1680034700682349362,1489092251,20170309,1,43.28,432.8,23,343,(direct),(none),desktop,United States,New York
0860415108038967350,1489113060,20170309,1,54.77,547.7,24,483,(direct),(none),desktop,United States,Los Angeles
3386971566313724300,1489095403,20170309,1,28.99,289.9,26,1045,(direct),(none),desktop,United States,Mountain View
8263279530140831487,1489100265,20170309,1,36.98,369.79999999999995,24,1420,(direct),(none),desktop,United States,Mountain View
481095003060297640,1489100403,20170309,1,724.82,7248.200000000001,21,528,(direct),(none),desktop,United States,Mountain View
7813149961404844386,1489087615,20170309,2,104.18,1041.8000000000002,24,2428,(direct),(none),desktop,United States,Salem
8960419773475040176,1489098573,20170309,1,35.98,359.79999999999995,27,457,google,organic,desktop,United States,not available in demo dataset
6016345222703711048,1489076307,20170309,1,72.16,721.5999999999999,30,1103,(direct),(none),desktop,United States,not available in demo dataset
4984366501121503466,1489074823,20170309,1,1161.33,11613.3,28,961,(direct),(none),desktop,United States,not available in demo dataset
4561223317257088622,1489124002,20170309,2,116.98,1169.8,29,641,(direct),(none),desktop,United States,not available in demo dataset
2616240173389988716,1489122925,20170309,1,22.79,227.89999999999998,30,1828,(direct),(none),desktop,United States,not available in demo dataset
1173816642552637005,1489069609,20170309,1,78.92,789.2,29,528,google,organic,desktop,United States,Chicago
0039541267107154262,1489102120,20170309,1,48.87,488.7,32,441,google,organic,desktop,United States,not available in demo dataset
4223742424126889400,1489104871,20170309,1,91.95,919.5,41,2186,(direct),(none),desktop,United States,New York
1091553726406319989,1489067677,20170309,1,467.8,4678.0,43,1093,(direct),(none),desktop,United States,Atlanta
4910197397595636813,1489102760,20170309,1,14.49,144.9,39,1196,google,organic,desktop,United States,not available in demo dataset
6116213157558708109,1489115760,20170309,1,53.95,539.5,38,2161,google,organic,desktop,United States,New York
1224155758004166426,1489112459,20170309,1,74.14,741.4,39,1860,(direct),(none),desktop,United States,San Jose
2380176250405742516,1489097413,20170309,1,17.97,179.7,56,2884,google,organic,mobile,United States,San Francisco
0611561045307562255,1489126113,20170309,1,137.45,1374.5,104,3011,google,organic,mobile,United States,not available in demo dataset
0858059046468321718,1495648164,20170524,1,59.99,599.9,7,612,(direct),(none),desktop,United States,not available in demo dataset
5818809333488367777,1495650148,20170524,1,13.63,136.3,11,403,google,organic,desktop,United States,Sunnyvale
4674060299220423324,1495648413,20170524,1,69.59,695.9000000000001,10,150,(direct),(none),desktop,United States,Ann Arbor
086102919761743448,1495668283,20170524,1,26.82,268.2,12,391,(direct),(none),desktop,United States,Mountain View
9973195165804180005,1495679833,20170524,1,25.76,257.6,14,236,google,organic,tablet,United States,not available in demo dataset
9452086584507678214,1495656670,20170524,1,23.99,239.89999999999998,14,249,(direct),(none),desktop,United States,Seattle
9187801447162670683,1495636842,20170524,1,15.99,159.9,16,404,(direct),(none),desktop,United States,not available in demo dataset
3039331164214492247,1495650895,20170524,1,15.59,155.9,16,384,(direct),(none),desktop,United States,New York
80317544461352905,1495674690,20170524,1,62.52,625.2,16,372,(direct),(none),desktop,United States,Mountain View
6928471103546165344,1495647058,20170524,1,50.93,509.3,16,642,(direct),(none),desktop,Thailand,not available in demo dataset
4760897960136355250,1495646746,20170524,1,248.45,2484.5,14,325,(direct),(none),desktop,United States,Seattle
8706346863273192844,1495649762,20170524,1,26.99,269.9,17,1231,google,organic,desktop,United States,not available in demo dataset
5165324285263498873,1495650423,20170524,1,44.98,449.79999999999995,18,823,(direct),(none),desktop,United States,Los Angeles
7194697843629533346,1495643380,20170524,1,105.99,1059.8999999999999,17,1407,google,organic,desktop,United States,not available in demo dataset
7971899755212526545,1495653943,20170524,1,21.59,215.9,21,959,(direct),(none),desktop,United States,not available in demo dataset
5112369122544987822,1495672738,20170524,1,191.94,1919.4,20,1248,google,organic,desktop,United States,not available in demo dataset
5216366697860957799,1495646332,20170524,1,31.18,311.8,12,487,(direct),(none),desktop,Guatemala,not available in demo dataset
5555490388614150520,1495652700,20170524,1,40.15,401.5,21,474,(direct),(none),desktop,United States,Sunnyvale
7802787655834834739,1495676587,20170524,1,25.99,259.9,21,1288,google,organic,mobile,United States,Dallas
699221213149021065,1495641191,20170524,1,387.35,3873.5,20,1173,(direct),(none),desktop,United States,New York
5018379661055949961,1495645704,20170524,1,41.42,414.20000000000005,29,670,(direct),(none),desktop,United States,Seattle
7438021961261408453,1495663171,20170524,1,52.0,520.0,22,1836,(direct),(none),desktop,United States,Sunnyvale
4388449500360008950,1495653538,20170524,1,59.95,599.5,22,365,(direct),(none),desktop,United States,San Bruno
0235385155808315096,1495653119,20170524,1,49.97,499.7,28,891,google,cpc,mobile,United States,Washington
6773197737992467786,1495675208,20170524,1,43.42,434.20000000000005,26,1410,google,organic,desktop,United States,Chicago
9026840718082010040,1495653670,20170524,1,215.46,2154.6,28,1206,(direct),(none),desktop,United States,not available in demo dataset
7548511681521037018,1495653688,20170524,1,135.71,1357.1000000000001,27,465,(direct),(none),desktop,United States,San Bruno
9792836485846811388,1495642849,20170524,1,68.97,689.7,26,2144,(direct),(none),desktop,United States,New York
3388045706371865122,1495693722,20170524,1,129.33,1293.3000000000002,36,1362,google,organic,desktop,United States,not available in demo dataset
9661775944684760384,1495653509,20170524,1,2204.0,22040.0,34,1829,(direct),(none),desktop,United States,New York
0188481372919586914,1495636484,20170524,1,113.04,1130.4,32,1215,(direct),(none),desktop,United States,New York
5145672113463736515,1495661894,20170524,1,208.58,2085.8,36,1676,(direct),(none),desktop,United States,not available in demo dataset
5840491569007518848,1495632880,20170524,1,61.44,614.4,36,1514,bing,organic,desktop,Canada,not available in demo dataset
7262804062389318230,1495665850,20170524,1,33.4,334.0,64,2174,(direct),(none),desktop,United States,Mountain View
455718321769006834,1495674571,20170524,1,37.99,379.90000000000003,65,2665,google,organic,desktop,Colombia,Bogota
8848326438758712018,1495644496,20170524,1,70.22,702.2,62,2125,(direct),(none),desktop,United States,Seattle
3122819142651442122,1494799740,20170514,1,40.98,409.79999999999995,11,412,google,organic,desktop,United States,Fremont
8532055883431477965,1494772223,20170514,1,29.19,291.90000000000003,12,274,google,organic,desktop,United States,New York
766993275138882460,1494812444,20170514,1,38.59,385.90000000000003,16,191,(direct),(none),desktop,United States,Mountain View
2123761033073657135,1494823887,20170514,1,52.18,521.8,18,434,(direct),(none),desktop,United States,Mountain View
9020693101547107991,1494792020,20170514,1,30.97,309.7,18,536,google,organic,mobile,United States,not available in demo dataset
5293894557415373112,1494776993,20170514,1,136.48,1364.8,16,799,google,organic,desktop,United States,San Jose
2136452381524374196,1494804845,20170514,1,125.43,1254.3000000000002,35,1235,google,organic,desktop,Canada,Montreal
8757627980689319217,1494814435,20170514,1,52.37,523.6999999999999,69,2090,google,organic,desktop,United States,Atlanta
8136695157497866307,1494796103,20170514,1,88.99,889.9,66,2252,(direct),(none),desktop,United States,Fremont
8997285863534192253,1494809046,20170514,1,117.91,1179.1,74,1591,(direct),(none),desktop,United States,Cupertino
9751902738681438477,1495900868,20170527,1,25.94,259.40000000000003,8,193,(direct),(none),desktop,United States,not available in demo dataset
5646538776794070198,1495929152,20170527,1,5.99,59.900000000000006,13,604,google,organic,mobile,United States,New York
8789089219161512447,1495921426,20170527,1,25.99,259.9,14,942,google,organic,mobile,United States,not available in demo dataset
4488478628973665084,1495937228,20170527,1,27.99,279.9,15,335,google,organic,desktop,United States,Palo Alto
5834989441193256083,1495904213,20170527,1,53.99,539.9,17,430,m.facebook.com,referral,mobile,United States,not available in demo dataset
3303063218833425180,1495892360,20170527,1,57.99,579.9,19,1108,google,cpc,mobile,United States,New York
8889391457640720040,1495938612,20170527,1,114.88,1148.8,17,269,(direct),(none),desktop,United States,not available in demo dataset
8767013027861401709,1495909209,20170527,1,46.87,468.7,18,1571,google,cpc,desktop,United States,Cupertino
7847878753909959497,1495911807,20170527,1,24.19,241.9,19,1623,google,organic,desktop,United States,not available in demo dataset
7947262115800453109,1495946349,20170527,1,76.74,767.4,17,600,(direct),(none),desktop,United States,not available in demo dataset
5985713737634812575,1495915860,20170527,1,15.99,159.9,21,703,google,organic,desktop,United States,not available in demo dataset
1070119518621634705,1495911032,20170527,1,28.48,284.8,21,1078,(direct),(none),desktop,United States,not available in demo dataset
4066745075489690318,1495925193,20170527,1,91.45,914.5,21,1295,(direct),(none),desktop,United States,not available in demo dataset
1425879046045306508,1495891422,20170527,1,81.3,813.0,30,1654,google,organic,desktop,United States,not available in demo dataset
9890182105631590481,1495908931,20170527,1,275.2,2752.0,28,551,(direct),(none),desktop,United States,Atlanta
690857090174893408,1495916523,20170527,1,302.47,3024.7000000000003,58,4718,google,organic,desktop,United States,not available in demo dataset
0640433429877929929,1501111326,20170726,1,37.18,371.8,15,400,(direct),(none),desktop,United States,Mountain View
6642261851584081073,1501130373,20170726,1,18.99,189.89999999999998,16,467,google,organic,desktop,United States,Mountain View
7771380615067157220,1501086064,20170726,1,25.48,254.8,16,354,google,organic,desktop,United States,San Bruno
8421245050853915723,1501084093,20170726,1,76.66,766.5999999999999,16,940,(direct),(none),desktop,United States,Chicago
5584411114546174652,1501097257,20170726,1,20.57,205.7,15,331,(direct),(none),desktop,United States,not available in demo dataset
3092487309701391768,1501118513,20170726,1,24.19,241.9,20,570,google,cpm,desktop,United States,San Francisco
2249724102559347990,1501090325,20170726,1,15.2,152.0,18,768,sites.google.com,referral,desktop,United States,San Bruno
3424918216070852195,1501072460,20170726,1,32.35,323.5,22,618,(direct),(none),desktop,United States,New York
3310309019453934499,1501125539,20170726,1,303.0,3030.0,22,568,(direct),(none),desktop,United States,Atlanta
8375075536798804409,1501108061,20170726,1,86.99,869.9,24,825,(direct),(none),desktop,United States,New York
8308144532481482080,1501091666,20170726,1,38.47,384.7,25,953,google,organic,desktop,United States,not available in demo dataset
0604314853571328266,1501076417,20170726,1,620.15,6201.5,27,1396,google,organic,desktop,United States,not available in demo dataset
3743916662879082495,1501109206,20170726,1,30.26,302.6,26,295,(direct),(none),desktop,United States,not available in demo dataset
9846963060470956023,1501118587,20170726,1,27.98,279.8,26,880,(direct),(none),desktop,United States,not available in demo dataset
5248418277725722133,1501077990,20170726,1,78.0,780.0,25,667,google,organic,desktop,United States,Mountain View
8657427332734176422,1501097660,20170726,1,75.12,751.2,25,559,(direct),(none),desktop,United States,Chicago
397440133393463294,1501095490,20170726,1,907.5,9075.0,26,2368,(direct),(none),desktop,United States,Atlanta
7701571111733834937,1501107511,20170726,1,555.2,5552.0,33,3281,(direct),(none),desktop,United States,Atlanta
4410953563194536742,1501094003,20170726,1,18.7,187.0,17,543,(direct),(none),desktop,United States,not available in demo dataset
1761084588077503545,1501099549,20170726,1,38.19,381.9,29,1073,(direct),(none),desktop,United States,San Francisco
5840295243911523760,1501124762,20170726,1,47.58,475.79999999999995,31,1542,(direct),(none),desktop,United States,Mountain View
4807930160918189094,1501099580,20170726,1,40.98,409.79999999999995,35,1757,google,organic,desktop,United States,not available in demo dataset
1247282406356396417,1501089914,20170726,1,107.76,1077.6000000000001,36,3602,(direct),(none),desktop,United States,San Francisco
4140559214164857738,1501089827,20170726,1,126.4,1264.0,27,523,google,organic,desktop,United States,Austin
3854579461029873656,1501124664,20170726,1,54.27,542.7,36,1326,google,cpc,desktop,United States,Mountain View
8382560140451028355,1501102030,20170726,1,31.82,318.2,44,1267,google,cpm,desktop,United States,not available in demo dataset
4883249725302903151,1501104345,20170726,1,80.56,805.6,34,1076,(direct),(none),desktop,United States,Mountain View
4146222468180363567,1501083583,20170726,2,775.63,7756.3,39,1305,(direct),(none),desktop,United States,New York
0780253600713375371,1501102653,20170726,1,203.22,2032.2,35,705,(direct),(none),desktop,United States,New York
5962830800899970265,1501119483,20170726,1,29.79,297.9,56,2564,sites.google.com,referral,desktop,United States,not available in demo dataset
3210357805056492900,1501122276,20170726,1,82.78,827.8,45,921,(direct),(none),desktop,United States,San Jose
6752966524308578195,1501120635,20170726,1,18.6,186.0,61,2515,(direct),(none),desktop,United States,Mountain View
9613834008182881588,1501101132,20170726,1,59.43,594.3,66,1593,(direct),(none),desktop,United States,Sunnyvale
689318192161645703,1501089947,20170726,1,32.35,323.5,9,277,(direct),(none),desktop,United States,not available in demo dataset
2266837403735683845,1501136533,20170726,1,11.0,110.0,11,269,google,organic,mobile,United States,not available in demo dataset
2522954230696043073,1501093225,20170726,1,23.99,239.89999999999998,11,405,google,organic,desktop,United States,not available in demo dataset
9711893424833628957,1501094861,20170726,1,80.3,803.0,14,573,google,organic,desktop,United States,not available in demo dataset
6752104622110349075,1501098694,20170726,1,13.99,139.9,14,529,(direct),(none),desktop,United States,not available in demo dataset
9530536315613357862,1501104580,20170726,1,424.65,4246.5,15,315,(direct),(none),desktop,United States,not available in demo dataset
2287406421504796570,1501095878,20170726,1,102.08,1020.8,20,465,(direct),(none),desktop,United States,not available in demo dataset
1751309915031023278,1501076479,20170726,1,39.28,392.8,20,666,google,organic,desktop,United States,not available in demo dataset
4833825011669343831,1500132568,20170715,1,44.99,449.90000000000003,16,1015,(direct),(none),desktop,Canada,Vancouver
703628343876693893,1500171165,20170715,1,32.94,329.4,16,873,(direct),(none),mobile,United States,Los Angeles
9007057960603042466,1500183512,20170715,1,35.48,354.79999999999995,25,1630,google,cpc,desktop,United States,not available in demo dataset
1973279275238171732,1500162799,20170715,1,28.89,288.9,20,700,(direct),(none),desktop,United States,not available in demo dataset
9890182105631590481,1500155697,20170715,1,64.05,640.5,21,908,(direct),(none),desktop,United States,Atlanta
4958103240836842867,1500142789,20170715,1,8.99,89.9,26,1010,google,organic,desktop,United States,not available in demo dataset
6526089365203867148,1500138623,20170715,1,114.36,1143.6,20,397,(direct),(none),desktop,United States,Irvine
0014262055593378383,1500139462,20170715,1,24.58,245.79999999999998,26,1294,(direct),(none),desktop,United States,not available in demo dataset
1501922563642798112,1500143929,20170715,1,19.0,190.0,26,727,(direct),(none),mobile,United States,Dallas
120951074287268149,1500139345,20170715,1,59.4,594.0,27,2262,(direct),(none),desktop,United States,Mountain View
049618887282998852,1500176337,20170715,1,41.98,419.79999999999995,34,4123,google,organic,mobile,United States,not available in demo dataset
948321323323223626,1500116803,20170715,1,109.27,1092.7,41,2878,(direct),(none),mobile,United States,not available in demo dataset
7211075105637086382,1500148319,20170715,1,121.39,1213.9,54,3899,google,organic,desktop,United States,Houston
6775926571390989746,1500182001,20170715,1,77.56,775.6,40,1393,(direct),(none),mobile,United States,not available in demo dataset
0236160742740831906,1500177417,20170715,1,23.64,236.4,83,4322,(direct),(none),desktop,United States,New York
1804930412747691262,1500155979,20170715,1,20.2,202.0,11,759,(direct),(none),desktop,United States,Sunnyvale
1496770085953274945,1485194990,20170123,1,35.99,359.90000000000003,8,162,(direct),(none),desktop,United States,not available in demo dataset
7394010699967893588,1485208911,20170123,1,425.85,4258.5,10,373,(direct),(none),desktop,United States,not available in demo dataset
8715196944012266147,1485157896,20170123,1,43.48,434.79999999999995,12,311,(direct),(none),mobile,United States,not available in demo dataset
9201778469825138922,1485225785,20170123,1,26.99,269.9,13,1285,(direct),(none),mobile,United States,not available in demo dataset
7245767536802426368,1485181174,20170123,1,2.99,29.900000000000002,13,172,(direct),(none),mobile,United States,Boston
6056481761819241487,1485192844,20170123,1,23.19,231.9,14,352,(direct),(none),desktop,United States,Ann Arbor
054391506396728030,1485194006,20170123,1,33.9,339.0,16,483,(direct),(none),desktop,United States,not available in demo dataset
8918875846126233398,1485198154,20170123,1,28.18,281.8,13,190,dfa,cpm,desktop,United States,not available in demo dataset
738451259641127092,1485213821,20170123,1,37.78,377.8,14,788,(direct),(none),desktop,United States,not available in demo dataset
7637583730181533171,1485205643,20170123,1,36.97,369.7,19,1868,(direct),(none),desktop,United States,not available in demo dataset
0652686133169550028,1485201894,20170123,1,34.98,349.79999999999995,22,1406,(direct),(none),desktop,United States,Austin
867222691898422653,1485213275,20170123,1,407.6,4076.0,19,1778,(direct),(none),desktop,United States,New York
3976271665375481044,1485188795,20170123,1,50.58,505.79999999999995,20,1009,(direct),(none),desktop,United States,New York
6165745649694489775,1485194137,20170123,1,179.6,1796.0,22,1800,(direct),(none),desktop,United States,not available in demo dataset
7292983953762980102,1485184673,20170123,1,390.7,3907.0,21,712,(direct),(none),desktop,United States,not available in demo dataset
7353302216427585997,1485229585,20170123,1,19.99,199.89999999999998,24,1051,(direct),(none),mobile,United States,not available in demo dataset
0383714650593435379,1485203230,20170123,1,19.95,199.5,27,2440,(direct),(none),desktop,United States,New York
7594157089401877562,1485235715,20170123,1,20.59,205.9,29,1090,(direct),(none),desktop,United States,Palo Alto
3883919079717671978,1485204836,20170123,1,96.58,965.8,26,2401,dfa,cpm,desktop,United States,New York
9737461194458412198,1485199595,20170123,1,8.5,85.0,29,1166,(direct),(none),mobile,United States,not available in demo dataset
6620224985350113488,1485188835,20170123,1,34.98,349.79999999999995,29,1149,(direct),(none),desktop,United States,not available in demo dataset
4734664452187566278,1485222490,20170123,1,50.79,507.9,33,2407,(direct),(none),desktop,United States,Mountain View
3716528607664189498,1485200321,20170123,1,205.95,2059.5,27,584,mg.mail.yahoo.com,referral,desktop,United States,not available in demo dataset
5040013333654434796,1485200004,20170123,1,152.88,1528.8,32,638,(direct),(none),desktop,United States,San Francisco
4154862368078054055,1485224205,20170123,1,110.92,1109.2,37,986,(direct),(none),tablet,United States,not available in demo dataset
6330082810003106267,1485210885,20170123,1,69.91,699.0999999999999,48,1354,(direct),(none),mobile,United States,Atlanta
9122350425856868704,1485196771,20170123,1,366.72,3667.2000000000003,39,401,(direct),(none),desktop,United States,Austin
7196904589011879906,1495562531,20170523,1,49.0,490.0,8,122,(direct),(none),desktop,United States,not available in demo dataset
349780264810210042,1495557153,20170523,1,50.79,507.9,13,1816,(direct),(none),desktop,United States,New York
3399131852074077546,1495559303,20170523,1,26.99,269.9,16,454,google,organic,tablet,United States,not available in demo dataset
7862709801346463450,1495562743,20170523,1,308.5,3085.0,16,531,(direct),(none),desktop,United States,not available in demo dataset
0744194450160663160,1495581116,20170523,1,106.0,1060.0,13,228,google,organic,desktop,United States,Sunnyvale
1327488227980815621,1495566511,20170523,1,75.74,757.4,15,345,(direct),(none),desktop,United States,New York
081556422471965129,1495602541,20170523,1,39.16,391.59999999999997,15,296,(direct),(none),desktop,United States,San Francisco
6948465282529619891,1495549237,20170523,1,37.3,373.0,20,3148,google,organic,desktop,United States,Austin
6820200829240883942,1495571683,20170523,1,49.59,495.90000000000003,19,525,google,cpm,desktop,United States,not available in demo dataset
5989963282036287495,1495575018,20170523,1,483.6,4836.0,20,1553,google,organic,desktop,United States,Mountain View
0824134401948110048,1495547915,20170523,1,25.27,252.7,20,1540,google,cpc,desktop,United States,not available in demo dataset
3490941383536951175,1495530262,20170523,1,29.1,291.0,21,3106,(direct),(none),desktop,Japan,Minato
3028833598226517640,1495563773,20170523,1,207.45,2074.5,23,743,(direct),(none),desktop,United States,Ann Arbor
1364943586489032731,1495553436,20170523,1,216.43,2164.3,23,1544,(direct),(none),desktop,United States,Chicago
7477634267430924328,1495541992,20170523,1,77.27,772.6999999999999,23,1065,google,organic,mobile,United States,Houston
5879037707038281515,1495559720,20170523,1,198.48,1984.8,24,533,(direct),(none),desktop,United States,not available in demo dataset
0097371986665596420,1495568305,20170523,1,430.08,4300.8,23,317,(direct),(none),desktop,United States,not available in demo dataset
4573492063530196162,1495597539,20170523,1,188.48,1884.8,26,1091,(direct),(none),desktop,United States,not available in demo dataset
5509634145014116132,1495562255,20170523,1,27.26,272.6,28,833,(direct),(none),desktop,United States,not available in demo dataset
5013441016621351326,1495571689,20170523,1,150.83,1508.3000000000002,26,924,(direct),(none),desktop,United States,Mountain View
6085954146475273490,1495569689,20170523,1,32.38,323.8,30,2453,(direct),(none),desktop,United States,Seattle
2870963788113068865,1495575527,20170523,1,274.72,2747.2000000000003,26,414,google,organic,desktop,United States,San Francisco
96749416396933823,1495589680,20170523,1,33.62,336.2,30,893,(direct),(none),desktop,United States,New York
9160688801124625042,1495575356,20170523,1,327.91,3279.1000000000004,26,1449,(direct),(none),desktop,United States,not available in demo dataset
2610708601231231422,1495573628,20170523,2,170.89,1708.8999999999999,33,1479,(direct),(none),desktop,United States,Ann Arbor
4793388674495960680,1495573407,20170523,1,24.1,241.0,34,503,google,organic,desktop,United States,not available in demo dataset
3180997796111831124,1495565355,20170523,1,21.94,219.4,45,2169,(direct),(none),desktop,United States,New York
5501735992704421396,1495544101,20170523,1,149.94,1499.4,46,1893,(direct),(none),desktop,United States,Chicago
8323502191714564898,1495569972,20170523,1,38.96,389.6,43,2771,google,organic,desktop,United States,San Francisco
9002364108822836989,1495565336,20170523,1,78.33,783.3,52,2880,google,cpc,desktop,United States,not available in demo dataset
652992594863430909,1495551766,20170523,1,78.13,781.3,59,3267,(direct),(none),desktop,United States,New York
5054967838682156421,1495568841,20170523,1,662.96,6629.6,63,1639,(direct),(none),desktop,United States,San Francisco
4942841314277512023,1486654815,20170209,1,22.99,229.89999999999998,10,280,(direct),(none),desktop,United States,not available in demo dataset
3158455409969332495,1486674574,20170209,1,81.19,811.9,11,1374,(direct),(none),desktop,United States,San Jose
0913559547538948059,1486689343,20170209,1,26.99,269.9,14,292,(direct),(none),desktop,United States,not available in demo dataset
6356814303168580391,1486667069,20170209,1,62.99,629.9,17,342,google,organic,desktop,United States,Mountain View
1429990945500722210,1486710771,20170209,1,100.99,1009.9,13,376,(direct),(none),desktop,United States,San Francisco
1828950887342366657,1486711562,20170209,1,32.99,329.90000000000003,15,1828,google,organic,desktop,United States,not available in demo dataset
7422291256198709098,1486679255,20170209,1,45.77,457.70000000000005,14,374,(direct),(none),desktop,United States,not available in demo dataset
8796179874973851402,1486682022,20170209,1,25.99,259.9,17,799,google,organic,desktop,United States,Phoenix
1900860815673587826,1486651926,20170209,1,344.59,3445.8999999999996,17,613,google,organic,desktop,United States,not available in demo dataset
8539433516671325668,1486651284,20170209,1,2877.0,28770.0,17,1756,(direct),(none),desktop,United States,not available in demo dataset
9138953117283252035,1486676729,20170209,1,53.37,533.6999999999999,20,321,(direct),(none),desktop,United States,Sunnyvale
9574540989591143939,1486661421,20170209,1,33.39,333.9,20,505,(direct),(none),desktop,United States,New York
1193560579647206164,1486654953,20170209,1,64.99,649.9,22,518,google,organic,desktop,United States,Santa Clara
7338051264625149881,1486651923,20170209,1,28.48,284.8,19,304,(direct),(none),desktop,United States,not available in demo dataset
5687667730920600613,1486690942,20170209,1,14.99,149.9,20,822,google,organic,desktop,United States,not available in demo dataset
1093352419037497878,1486662292,20170209,1,49.79,497.9,23,379,(direct),(none),desktop,United States,not available in demo dataset
7266739596439998508,1486680347,20170209,1,120.81,1208.1,21,312,(direct),(none),desktop,United States,Seattle
173863901552294318,1486648197,20170209,1,29.98,299.8,26,1049,dfa,cpm,desktop,United States,New York
8730049851613891578,1486659827,20170209,1,43.91,439.09999999999997,29,1859,(direct),(none),desktop,United States,Los Angeles
9305766004990797685,1486679281,20170209,1,655.55,6555.5,27,764,(direct),(none),desktop,United States,Los Angeles
5969031097251772016,1486653160,20170209,1,54.16,541.5999999999999,32,905,google,organic,desktop,United States,New York
6516417691965742521,1486699736,20170209,1,46.18,461.8,35,761,(direct),(none),desktop,United States,not available in demo dataset
1178664219909406421,1486663266,20170209,1,57.58,575.8,32,1672,google,organic,desktop,United States,San Francisco
470917192636663681,1486675892,20170209,1,116.31,1163.1,36,2899,(direct),(none),desktop,United States,New York
5642185407180731609,1486652356,20170209,1,83.96,839.5999999999999,38,783,(direct),(none),desktop,United States,New York
6343638699706107057,1486656852,20170209,1,49.98,499.79999999999995,42,1284,(direct),(none),desktop,United States,Sunnyvale
6777096292963112230,1486669027,20170209,1,487.58,4875.8,45,2160,google,organic,desktop,Canada,not available in demo dataset
2513134404212328094,1486660323,20170209,2,286.88,2868.8,68,2467,(direct),(none),desktop,United States,not available in demo dataset
5546793669751235607,1501204999,20170727,1,35.79,357.9,11,334,(direct),(none),desktop,United States,Sunnyvale
6014980722805375499,1501205850,20170727,1,52.0,520.0,16,2300,(direct),(none),desktop,United States,Pittsburgh
4570976451995896965,1501175168,20170727,1,29.18,291.8,16,655,(direct),(none),desktop,United States,not available in demo dataset
5960127137243713650,1501138265,20170727,1,107.1,1071.0,13,441,(direct),(none),desktop,Italy,Mountain View
9519825248461982188,1501199434,20170727,1,16.99,169.89999999999998,20,948,(direct),(none),desktop,United States,Sunnyvale
3563510904717248245,1501197828,20170727,1,14.49,144.9,20,1659,google,organic,tablet,United States,not available in demo dataset
9677097503012171995,1501186286,20170727,1,152.9,1529.0,18,1392,google,cpm,desktop,United States,San Francisco
8005996482635469170,1501186044,20170727,1,20.2,202.0,21,2417,(direct),(none),desktop,United States,Mountain View
8122366843389255502,1501215335,20170727,1,54.9,549.0,19,502,google,organic,desktop,United States,San Francisco
4327496999674034617,1501172728,20170727,1,53.38,533.8000000000001,23,844,google,organic,desktop,United States,not available in demo dataset
0779199793341944056,1501210708,20170727,1,17.88,178.79999999999998,21,453,(direct),(none),desktop,United States,Mountain View
2158257269735455737,1501196318,20170727,1,27.49,274.9,20,364,google,organic,desktop,United States,Cambridge
3680244960768233462,1501194302,20170727,2,26.58,265.79999999999995,20,1195,(direct),(none),desktop,United States,not available in demo dataset
5215840735346366486,1501164589,20170727,1,211.7,2117.0,16,1305,google,organic,desktop,United States,not available in demo dataset
449424538549488734,1501167382,20170727,1,74.57,745.6999999999999,19,597,(direct),(none),desktop,United States,New York
4381707062146143113,1501191364,20170727,1,23.4,234.0,22,1550,(direct),(none),desktop,United States,Kirkland
3308953517897542519,1501186791,20170727,1,15.2,152.0,23,518,(direct),(none),desktop,United States,New York
9219609257103359166,1501189590,20170727,1,190.68,1906.8000000000002,23,582,(direct),(none),desktop,United States,Atlanta
8624185886173345427,1501167929,20170727,1,14.19,141.9,23,1680,(direct),(none),desktop,United States,Santa Clara
9001502916626110125,1501163624,20170727,1,29.19,291.90000000000003,28,986,google,cpc,desktop,United States,not available in demo dataset
2966611128426241872,1501182187,20170727,1,50.55,505.5,24,715,(direct),(none),desktop,United States,Seattle
1174647913878447921,1501189031,20170727,1,246.87,2468.7,31,857,(direct),(none),desktop,United States,Sunnyvale
1288317908843556558,1501187528,20170727,1,21.37,213.70000000000002,26,532,google,organic,desktop,United States,not available in demo dataset
6152978475187911748,1501201893,20170727,2,42.77,427.70000000000005,29,843,(direct),(none),desktop,United States,New York
6312194749319574796,1501160088,20170727,1,24.95,249.5,30,1147,google,organic,desktop,Argentina,Buenos Aires
1447257816279888170,1501162897,20170727,1,115.7,1157.0,35,1981,(direct),(none),desktop,Mexico,Mexico City
3830485242574967009,1501191783,20170727,1,32.99,329.90000000000003,35,1119,google,organic,desktop,United States,Mountain View
9602459823241782836,1501180300,20170727,1,31.0,310.0,35,933,(direct),(none),desktop,United States,Mountain View
2797925470043622325,1501203918,20170727,1,31.71,317.1,35,1007,(direct),(none),desktop,United States,Mountain View
6246146960091353412,1501189933,20170727,1,96.36,963.6,32,1810,google,organic,desktop,United States,Cambridge
4284747478619287722,1501214230,20170727,2,144.42,1444.1999999999998,33,1164,google,organic,mobile,United States,(not set)
5135901390896357467,1501188790,20170727,1,109.37,1093.7,27,571,(direct),(none),desktop,United States,not available in demo dataset
3004593292265626624,1501170467,20170727,1,95.7,957.0,33,1472,(direct),(none),desktop,United States,Chicago
9166972626679050152,1501189780,20170727,1,116.65,1166.5,38,1011,(direct),(none),desktop,United States,New York
4984366501121503466,1501196835,20170727,1,1020.19,10201.900000000001,43,1724,(direct),(none),desktop,United States,not available in demo dataset
6987303552830349046,1501179528,20170727,1,400.89,4008.8999999999996,44,1174,google,organic,desktop,United States,Milwaukee
391734717153151205,1501179173,20170727,1,57.97,579.7,41,2532,google,organic,desktop,United States,Houston
7633475394444208361,1501156331,20170727,1,103.78,1037.8,48,1549,google,organic,desktop,United States,not available in demo dataset
9278147896530416985,1501160958,20170727,1,95.69,956.9,79,1869,google,organic,desktop,United States,Cambridge
1468478016521432136,1501157488,20170727,1,14.59,145.9,10,318,(direct),(none),desktop,United States,not available in demo dataset
8836497360273825933,1501173416,20170727,1,24.08,240.79999999999998,13,501,(direct),(none),desktop,United States,not available in demo dataset
3346631104336405882,1501167890,20170727,1,29.99,299.9,13,418,google,organic,mobile,United States,not available in demo dataset
4545152794461452964,1501184330,20170727,1,232.84,2328.4,14,318,(direct),(none),desktop,United States,not available in demo dataset
9954291757269899812,1501198550,20170727,1,16.63,166.29999999999998,17,773,(direct),(none),desktop,United States,San Francisco
7105031024714443566,1501209906,20170727,1,78.68,786.8000000000001,14,625,(direct),(none),desktop,United States,Sunnyvale
6644273643966013405,1501171464,20170727,1,114.61,1146.1,16,962,(direct),(none),desktop,United States,not available in demo dataset
6390628371128313999,1501166268,20170727,1,103.54,1035.4,17,574,google,cpc,desktop,United States,not available in demo dataset
7404717158530100525,1501202185,20170727,1,40.97,409.7,14,523,(direct),(none),desktop,United States,Mountain View
6373394558572820546,1501212319,20170727,1,10.99,109.9,16,323,google,organic,desktop,United States,not available in demo dataset
2024172620398136134,1498937541,20170701,1,15.99,159.9,16,904,google,organic,desktop,United States,San Jose
4855673784399652593,1498965158,20170701,1,49.97,499.7,31,2312,google,organic,desktop,United States,not available in demo dataset
3641847080616677863,1498945586,20170701,1,34.58,345.79999999999995,40,1851,google,organic,desktop,United States,not available in demo dataset
0602865033633296199,1491835677,20170410,1,21.99,219.89999999999998,6,97,google,organic,desktop,United States,New York
1150575182630321443,1491880844,20170410,1,13.99,139.9,12,341,(direct),(none),mobile,United States,San Francisco
0556556488234585145,1491853418,20170410,1,42.19,421.9,14,539,(direct),(none),desktop,United States,Santa Clara
341723817943217505,1491877819,20170410,1,24.59,245.9,13,325,(direct),(none),desktop,United States,Cambridge
6622161244934752871,1491878844,20170410,1,40.85,408.5,12,584,(direct),(none),desktop,United States,Mountain View
9241394751815106636,1491855323,20170410,1,32.78,327.8,12,335,(direct),(none),desktop,Canada,Montreal
175784634919851322,1491871284,20170410,1,148.8,1488.0,16,661,(direct),(none),desktop,United States,not available in demo dataset
5088165134523935332,1491856434,20170410,1,327.6,3276.0,15,547,(direct),(none),desktop,United States,San Francisco
0370457166717871813,1491859062,20170410,1,20.19,201.9,17,653,(direct),(none),desktop,United States,not available in demo dataset
3877662166463811188,1491868638,20170410,1,70.75,707.5,14,293,(direct),(none),desktop,United States,Mountain View
4688701882146101937,1491892305,20170410,1,422.36,4223.6,17,758,(direct),(none),desktop,United States,Los Angeles
0052757360225662149,1491855737,20170410,1,72.15,721.5,21,1504,google,organic,desktop,United States,not available in demo dataset
7813186643472514760,1491832537,20170410,1,68.09,680.9000000000001,19,500,(direct),(none),desktop,United States,New York
1187855968690092966,1491837517,20170410,1,106.99,1069.8999999999999,21,725,google,organic,desktop,United States,not available in demo dataset
0199826286790923643,1491829254,20170410,1,33.42,334.20000000000005,18,716,(direct),(none),desktop,United States,New York
3322842320727852756,1491850108,20170410,1,40.98,409.79999999999995,22,1458,google,organic,mobile,Colombia,not available in demo dataset
6048454076257067950,1491860253,20170410,1,495.4,4954.0,21,891,(direct),(none),desktop,United States,not available in demo dataset
3570610366124089261,1491845888,20170410,1,25.98,259.8,20,909,google,organic,desktop,United States,not available in demo dataset
9412019855771301758,1491859405,20170410,1,168.23,1682.3,21,823,(direct),(none),desktop,United States,Palo Alto
1733632650779554771,1491835678,20170410,1,48.82,488.2,22,917,mail.google.com,referral,desktop,United States,not available in demo dataset
791462951878788065,1491842709,20170410,2,185.15,1851.5,25,1408,(direct),(none),desktop,United States,San Jose
5633631220777079493,1491853366,20170410,1,53.58,535.8,26,723,(direct),(none),desktop,United States,New York
6915949574314968921,1491838039,20170410,1,134.51,1345.1,22,1001,(direct),(none),desktop,United States,not available in demo dataset
475993971295433883,1491851820,20170410,1,35.78,357.8,28,1423,(direct),(none),desktop,United States,Chicago
9234695430775481788,1491872347,20170410,1,110.97,1109.7,28,844,google,organic,tablet,United States,not available in demo dataset
1491231904139719866,1491851688,20170410,1,157.27,1572.7,27,712,(direct),(none),desktop,United States,San Diego
5292816814095907387,1491858066,20170410,1,43.37,433.7,37,663,google,organic,desktop,United States,not available in demo dataset
2919195515906143823,1491882592,20170410,1,337.67,3376.7000000000003,31,648,(direct),(none),desktop,United States,not available in demo dataset
3520716110085025698,1491868868,20170410,1,96.09,960.9000000000001,44,1780,(direct),(none),desktop,United States,Mountain View
2086918960702630134,1491861235,20170410,1,299.24,2992.4,37,1528,(direct),(none),desktop,United States,Mountain View
9573045056982336984,1491864482,20170410,1,299.63,2996.3,42,1392,google,organic,desktop,United States,not available in demo dataset
4984366501121503466,1491864249,20170410,1,46.97,469.7,43,2195,(direct),(none),desktop,United States,not available in demo dataset
9319442569262055147,1491859114,20170410,1,29.88,298.8,80,4712,google,organic,desktop,United States,Chicago
7228304059983177365,1491858690,20170410,1,119.83,1198.3,85,5747,(direct),(none),desktop,United States,not available in demo dataset
728168523838298915,1491840574,20170410,1,906.11,9061.1,66,3434,google,organic,desktop,United States,not available in demo dataset
7426824311652962659,1491853233,20170410,1,169.57,1695.6999999999998,75,1452,google,organic,desktop,United States,not available in demo dataset
0861119374856945605,1494465151,20170510,1,77.41,774.0999999999999,8,149,(direct),(none),desktop,United States,not available in demo dataset
9078321444578002385,1494432033,20170510,1,51.79,517.9,10,248,groups.google.com,referral,desktop,United States,not available in demo dataset
1468765833487358103,1494455686,20170510,1,58.94,589.4,12,645,(direct),(none),desktop,United States,Mountain View
0625087577271634600,1494436921,20170510,1,15.98,159.8,10,151,(direct),(none),desktop,United States,Kirkland
7770933674059715179,1494442411,20170510,1,45.01,450.09999999999997,10,415,(direct),(none),desktop,United States,Austin
1828339986405784308,1494465697,20170510,1,231.18,2311.8,13,1058,(direct),(none),desktop,United States,not available in demo dataset
944996758495906062,1494441282,20170510,1,66.7,667.0,12,898,google,organic,desktop,Canada,not available in demo dataset
8573185463089844920,1494445851,20170510,1,25.19,251.9,12,304,google,organic,desktop,United States,San Francisco
7956245656986449961,1494461689,20170510,1,433.48,4334.8,13,562,(direct),(none),desktop,United States,San Francisco
3008692530676970793,1494475539,20170510,1,75.18,751.8000000000001,15,762,(direct),(none),desktop,United States,Seattle
547013638763660090,1494454768,20170510,1,109.77,1097.7,16,288,mail.google.com,referral,desktop,United States,New York
656429934624637021,1494463908,20170510,1,25.99,259.9,16,689,(direct),(none),desktop,United States,not available in demo dataset
158490408567482105,1494434746,20170510,1,89.95,899.5,17,1180,(direct),(none),desktop,United States,not available in demo dataset
1160655632139723710,1494454375,20170510,1,20.94,209.4,14,1443,(direct),(none),desktop,United States,not available in demo dataset
6467955684042708036,1494459007,20170510,1,38.99,389.90000000000003,18,521,(direct),(none),desktop,United States,Los Angeles
7463172420271311409,1494400075,20170510,1,280.66,2806.6000000000004,16,460,(direct),(none),desktop,United States,not available in demo dataset
939020494867094014,1494450918,20170510,1,57.58,575.8,17,270,(direct),(none),desktop,United States,San Francisco
3722870758995966573,1494414177,20170510,1,28.99,289.9,21,1039,google,organic,mobile,United States,not available in demo dataset
8983751556062713329,1494421993,20170510,1,301.06,3010.6,18,1028,google,organic,desktop,United States,not available in demo dataset
515770511624914543,1494428047,20170510,1,487.0,4870.0,21,863,(direct),(none),desktop,United States,New York
2172673240713669509,1494459029,20170510,1,29.28,292.8,24,821,google,organic,desktop,United States,not available in demo dataset
0502079743101647640,1494462749,20170510,1,51.37,513.6999999999999,24,850,google,organic,desktop,United States,not available in demo dataset
0439226753637545757,1494442083,20170510,1,185.66,1856.6,17,486,google,organic,desktop,United States,not available in demo dataset
5632994425337545327,1494447948,20170510,1,516.55,5165.5,19,882,google,cpc,desktop,United States,not available in demo dataset
0593564601992081966,1494431742,20170510,1,99.34,993.4000000000001,22,674,google,organic,desktop,United States,not available in demo dataset
41938820295489339,1494440337,20170510,1,248.96,2489.6,22,759,google,organic,desktop,United States,not available in demo dataset
0770704534881133670,1494426113,20170510,1,82.09,820.9000000000001,18,544,(direct),(none),desktop,United States,New York
5306924012372478603,1494455406,20170510,1,32.78,327.8,27,1945,google,organic,desktop,United States,Santa Clara
8761401299376451102,1494459317,20170510,1,34.38,343.8,20,477,(direct),(none),desktop,United States,Los Angeles
9276023667336827655,1494442543,20170510,1,47.06,470.6,26,1155,(direct),(none),desktop,United States,Seattle
2349699258952144857,1494425119,20170510,1,55.84,558.4000000000001,30,1768,google,organic,desktop,United States,Houston
1395211458092919776,1494474032,20170510,1,18.63,186.29999999999998,31,890,(direct),(none),desktop,United States,not available in demo dataset
7873937527041182412,1494436622,20170510,1,127.4,1274.0,29,3198,(direct),(none),desktop,United States,New York
6630027914163180636,1494475182,20170510,1,42.66,426.59999999999997,28,3282,(direct),(none),desktop,United States,San Francisco
387849079599046538,1494442888,20170510,1,79.0,790.0,32,2138,(direct),(none),desktop,United States,Mountain View
2790290625227220214,1494451048,20170510,1,1042.6,10426.0,27,772,(direct),(none),desktop,United States,not available in demo dataset
8151896772745241193,1494449146,20170510,1,137.2,1372.0,36,1318,google,organic,mobile,United States,San Jose
856463513443144738,1494465439,20170510,1,53.79,537.9,32,928,(direct),(none),desktop,United States,New York
7787440954328108933,1494427425,20170510,1,91.48,914.8000000000001,39,3291,google,organic,desktop,United States,not available in demo dataset
2662857964839381819,1494452383,20170510,1,333.01,3330.1,42,992,google,organic,desktop,United States,not available in demo dataset
9083435306748007208,1498334767,20170624,1,25.98,259.8,21,507,(direct),(none),mobile,United States,not available in demo dataset
4394657957253741368,1498353077,20170624,1,50.95,509.5,26,1091,(direct),(none),desktop,United States,not available in demo dataset
9356220375344128149,1498349589,20170624,1,98.46,984.5999999999999,20,367,(direct),(none),desktop,United States,not available in demo dataset
9422501587775170340,1498353417,20170624,1,30.88,308.8,25,4528,(direct),(none),mobile,United States,not available in demo dataset
628121127521169790,1498327319,20170624,1,65.73,657.3000000000001,36,1009,(direct),(none),desktop,United States,not available in demo dataset
8793581808559142208,1498299839,20170624,1,35.58,355.79999999999995,26,611,(direct),(none),desktop,United States,not available in demo dataset
8391920835379946793,1498331741,20170624,1,53.56,535.6,27,807,(direct),(none),desktop,United States,not available in demo dataset
7499829957338497070,1498338515,20170624,1,38.41,384.09999999999997,35,2248,(direct),(none),desktop,United States,Sunnyvale
4856298179013995726,1498351853,20170624,1,30.38,303.8,50,1800,(direct),(none),desktop,United States,not available in demo dataset
3858877675940046816,1498345990,20170624,1,9.99,99.9,25,965,(direct),(none),mobile,United States,San Francisco
0709049510464090446,1492793425,20170421,1,84.99,849.9,10,143,(direct),(none),desktop,United States,Cambridge
012559495913113852,1492827308,20170421,1,23.99,239.89999999999998,12,305,google,organic,desktop,United States,not available in demo dataset
0405613301455395523,1492785924,20170421,1,53.07,530.7,13,394,google,organic,desktop,United States,New York
8131817196837005031,1492802883,20170421,1,28.99,289.9,13,240,google,organic,desktop,United States,not available in demo dataset
7032925674295119702,1492790662,20170421,1,62.56,625.6,12,308,(direct),(none),desktop,United States,Atlanta
8031999310239628131,1492805024,20170421,1,317.76,3177.6,14,467,google,organic,desktop,United States,not available in demo dataset
5492367789301420845,1492814441,20170421,1,82.99,829.9,14,339,(direct),(none),desktop,United States,Seattle
4116720743881459837,1492825107,20170421,1,1054.5,10545.0,14,1036,(direct),(none),desktop,United States,San Jose
9356454171454557820,1492789073,20170421,1,45.59,455.90000000000003,14,314,(direct),(none),desktop,United States,New York
7642599988772992308,1492801992,20170421,1,35.38,353.8,13,584,(direct),(none),desktop,United States,not available in demo dataset
9612120883044802142,1492802464,20170421,1,53.6,536.0,15,205,(direct),(none),desktop,United States,Boulder
1054368481850016599,1492798609,20170421,1,223.38,2233.8,13,310,google,organic,desktop,United States,Mountain View
3850630971135697760,1492797717,20170421,1,77.19,771.9,16,1130,(direct),(none),desktop,United States,Sunnyvale
2606909581831356927,1492779366,20170421,1,20.42,204.20000000000002,14,2252,(direct),(none),desktop,United States,Chicago
6584758329159438416,1492803636,20170421,1,185.67,1856.6999999999998,13,411,(direct),(none),desktop,United States,not available in demo dataset
7488526074421709685,1492782990,20170421,1,36.18,361.8,12,211,(direct),(none),desktop,United States,New York
769814198037419822,1492818487,20170421,1,16.43,164.3,16,417,(direct),(none),desktop,United States,Mountain View
6428878966962078899,1492789222,20170421,1,16.19,161.9,17,606,(direct),(none),desktop,United States,Mountain View
5250499107867802403,1492804523,20170421,1,185.92,1859.1999999999998,16,466,(direct),(none),desktop,United States,not available in demo dataset
0426743790293007914,1492806520,20170421,1,97.78,977.8,19,1149,(direct),(none),desktop,United States,not available in demo dataset
1419312945460679931,1492809502,20170421,1,24.99,249.89999999999998,20,432,google,organic,desktop,United States,not available in demo dataset
9061352849805143725,1492818462,20170421,1,43.47,434.7,19,547,(direct),(none),desktop,United States,Tempe
6100819790518372241,1492792991,20170421,1,106.98,1069.8,19,372,(direct),(none),desktop,United States,Chicago
0013296981549010416,1492824193,20170421,1,25.99,259.9,21,651,google,organic,desktop,United States,not available in demo dataset
2191273326752335760,1492816439,20170421,1,15.59,155.9,20,655,(direct),(none),desktop,United States,Mountain View
867893765969479440,1492807847,20170421,1,68.97,689.7,22,611,(direct),(none),desktop,United States,not available in demo dataset
05879659021728039,1492787727,20170421,1,80.99,809.9,22,633,google,organic,desktop,United States,not available in demo dataset
9732382276114221984,1492792642,20170421,1,69.74,697.4,25,1390,(direct),(none),desktop,United States,Mountain View
9467619663210756890,1492786317,20170421,1,302.6,3026.0,31,2965,(direct),(none),desktop,United States,not available in demo dataset
4031786889496632722,1492819958,20170421,1,27.98,279.8,30,902,google,organic,desktop,United States,not available in demo dataset
1205811658742251528,1492792834,20170421,1,66.99,669.9,26,786,(direct),(none),desktop,United States,Ann Arbor
7864177582545842880,1492789013,20170421,1,219.06,2190.6,28,527,google,organic,desktop,United States,not available in demo dataset
1066481935929752638,1492786421,20170421,1,15.69,156.9,30,1265,google,organic,desktop,United States,Seattle
9990797196896345494,1492781919,20170421,1,47.25,472.5,26,756,google,organic,desktop,United States,not available in demo dataset
9208589398581305030,1492802260,20170421,1,33.37,333.7,36,1287,(direct),(none),desktop,United States,Cambridge
2951565306014197668,1492801719,20170421,1,167.13,1671.3,43,1621,(direct),(none),desktop,United States,San Bruno
6204487607814883092,1492823573,20170421,1,111.13,1111.3,34,1292,(direct),(none),desktop,United States,Mountain View
0220695720492664721,1492807838,20170421,2,485.49,4854.9,41,2688,(direct),(none),desktop,United States,not available in demo dataset
8612048345358957540,1492779945,20170421,1,116.9,1169.0,34,2885,(direct),(none),desktop,United States,New York
0886303544270908488,1492813422,20170421,1,206.27,2062.7000000000003,58,1693,(direct),(none),desktop,United States,Denver
5542844395633027147,1492824863,20170421,1,35.22,352.2,66,2285,(direct),(none),desktop,United States,not available in demo dataset
6226617329849661943,1492779203,20170421,2,6969.7,69697.0,66,1593,(direct),(none),desktop,United States,Ann Arbor
7876109297899909726,1490588794,20170326,1,33.98,339.79999999999995,16,600,(direct),(none),desktop,United States,Mountain View
862891200036094346,1490571224,20170326,1,83.99,839.9,21,987,google,organic,mobile,United States,not available in demo dataset
705638791185080238,1490546454,20170326,1,43.92,439.20000000000005,20,394,(direct),(none),desktop,United States,not available in demo dataset
8835738429285274387,1490581503,20170326,1,48.79,487.9,22,1369,(direct),(none),desktop,United States,Mountain View
5084937502712749611,1490577665,20170326,1,35.98,359.79999999999995,25,1085,google,organic,desktop,United States,not available in demo dataset
8008212076718860277,1490524979,20170326,1,122.28,1222.8,28,3903,(direct),(none),desktop,Kuwait,not available in demo dataset
1944748031744566172,1490574965,20170326,1,174.17,1741.6999999999998,27,839,(direct),(none),desktop,United States,New York
4928384463163013533,1490554460,20170326,1,57.07,570.7,40,1253,(direct),(none),desktop,United States,not available in demo dataset
8046340312937401767,1490579983,20170326,1,28.97,289.7,41,2171,google,organic,desktop,United States,not available in demo dataset
5235512449832105588,1490535087,20170326,1,41.98,419.79999999999995,45,2395,google,organic,desktop,United States,not available in demo dataset
4129136216098489024,1490574767,20170326,1,121.57,1215.6999999999998,39,1137,(direct),(none),desktop,United States,San Francisco
4053729275950379466,1490573639,20170326,1,508.03,5080.299999999999,33,1783,(direct),(none),desktop,United States,not available in demo dataset
8100631432407926233,1490583261,20170326,1,222.05,2220.5,47,2034,(direct),(none),desktop,United States,not available in demo dataset
1859987569807691827,1490592264,20170326,1,19.99,199.89999999999998,12,976,(direct),(none),desktop,United States,Mountain View
4374634500110118515,1493239455,20170426,1,44.37,443.7,7,384,(direct),(none),desktop,Puerto Rico,not available in demo dataset
6904415728032094280,1493226850,20170426,1,37.6,376.0,9,142,(direct),(none),desktop,United States,Los Angeles
4688701882146101937,1493214206,20170426,1,420.36,4203.6,10,339,(direct),(none),desktop,United States,Los Angeles
9804901099323555269,1493229226,20170426,1,18.99,189.89999999999998,11,162,(direct),(none),desktop,United States,New York
5646360372391287672,1493251539,20170426,1,47.78,477.8,14,292,(direct),(none),desktop,United States,Sunnyvale
0822495892296986655,1493226989,20170426,1,45.99,459.90000000000003,14,355,(direct),(none),desktop,United States,not available in demo dataset
0197640110870848557,1493257547,20170426,1,113.37,1133.7,12,428,google,cpc,desktop,United States,Sunnyvale
1036690457275487671,1493243910,20170426,1,30.98,309.8,12,283,google,organic,desktop,United States,not available in demo dataset
9280768891345910775,1493262652,20170426,1,27.78,277.8,14,586,(direct),(none),desktop,United States,Pleasanton
5905742207313149106,1493239434,20170426,1,50.79,507.9,16,2105,google,organic,desktop,United States,Los Angeles
5088165134523935332,1493242059,20170426,1,598.44,5984.400000000001,15,279,(direct),(none),desktop,United States,San Francisco
2969957690756250633,1493240211,20170426,1,539.48,5394.8,13,250,google,organic,desktop,United States,San Francisco
9441031549900042682,1493246420,20170426,1,413.97,4139.700000000001,16,320,(direct),(none),desktop,United States,New York
5864660038605471307,1493236385,20170426,1,26.94,269.40000000000003,20,882,google,organic,desktop,United States,Mountain View
410486793212449872,1493226123,20170426,1,44.99,449.90000000000003,17,686,(direct),(none),desktop,United States,not available in demo dataset
9964295350119415430,1493270652,20170426,1,421.0,4210.0,19,536,(direct),(none),desktop,United States,Palo Alto
3228241194785096593,1493236744,20170426,1,65.38,653.8,18,868,(direct),(none),desktop,United States,Ann Arbor
5106751521300969299,1493237591,20170426,1,61.85,618.5,16,557,(direct),(none),desktop,United States,not available in demo dataset
3968491800779817451,1493256166,20170426,1,25.99,259.9,19,1360,google,organic,desktop,United States,not available in demo dataset
7886298582663945846,1493263780,20170426,1,27.18,271.8,20,564,google,organic,desktop,United States,Denver
9450483833307402164,1493248908,20170426,1,27.98,279.8,25,556,(direct),(none),desktop,United States,(not set)
1459034960484063296,1493243624,20170426,1,68.19,681.9,23,824,(direct),(none),desktop,United States,Mountain View
0412089515434398683,1493209975,20170426,1,90.99,909.9,22,557,(direct),(none),desktop,United States,New York
9841406679261096518,1493253336,20170426,1,53.95,539.5,24,1102,(direct),(none),desktop,United States,Los Angeles
9263433725589070912,1493251956,20170426,1,85.38,853.8,28,3234,(direct),(none),desktop,United States,Mountain View
1441816679922276355,1493231141,20170426,1,118.91,1189.1,23,952,(direct),(none),desktop,United States,not available in demo dataset
1202230602124911940,1493241892,20170426,1,45.17,451.70000000000005,20,509,(direct),(none),desktop,United States,not available in demo dataset
8235813332821262003,1493241659,20170426,1,15.98,159.8,28,1108,google,organic,mobile,United States,not available in demo dataset
9280768891345910775,1493219374,20170426,1,62.86,628.6,31,1451,(direct),(none),desktop,United States,Pleasanton
7541330018561344090,1493234106,20170426,1,88.99,889.9,27,692,(direct),(none),desktop,United States,Mountain View
8835920502090073411,1493202812,20170426,2,71.94,719.4,30,1564,(direct),(none),mobile,Canada,Ottawa
4141333459906653821,1493266984,20170426,1,140.8,1408.0,30,1073,(direct),(none),desktop,United States,San Jose
4097726222333390216,1493225464,20170426,1,53.98,539.8,29,976,google,organic,desktop,United States,Mountain View
7548511681521037018,1493227734,20170426,1,271.88,2718.8,38,2478,(direct),(none),desktop,United States,San Bruno
4903884643114924879,1493253322,20170426,1,34.04,340.4,33,1685,google,organic,mobile,United States,not available in demo dataset
7900214462329441890,1493234589,20170426,1,55.39,553.9,39,2352,google,organic,desktop,United States,not available in demo dataset
1436571442090178657,1493217384,20170426,1,29.97,299.7,36,892,google,organic,desktop,United States,not available in demo dataset
9067286853388783670,1493233845,20170426,1,97.93,979.3000000000001,41,3435,google,organic,desktop,United States,not available in demo dataset
5612437440954478769,1493217575,20170426,1,93.97,939.7,49,1623,google,organic,desktop,United States,not available in demo dataset
8197879643797712877,1493234356,20170426,1,685.58,6855.8,40,1797,google,organic,desktop,United States,Charlotte
1852649172317720042,1493232610,20170426,1,46.44,464.4,47,1110,(direct),(none),desktop,United States,Chicago
5286140759452921849,1493234547,20170426,1,67.69,676.9,34,1790,google,organic,mobile,United States,not available in demo dataset
3072906415117777345,1488040204,20170225,1,28.19,281.90000000000003,16,389,(direct),(none),desktop,United States,New York
039355803762628039,1488093378,20170225,1,29.58,295.79999999999995,16,442,(direct),(none),desktop,United States,not available in demo dataset
1560871818070295812,1488062443,20170225,1,11.99,119.9,21,424,(direct),(none),desktop,United States,not available in demo dataset
3973742615068285577,1488052296,20170225,1,106.99,1069.8999999999999,26,629,dealspotr.com,referral,tablet,United States,not available in demo dataset
8401094161048767375,1488078174,20170225,1,24.99,249.89999999999998,24,509,(direct),(none),desktop,United States,not available in demo dataset
6030141817614722657,1488041566,20170225,1,15.0,150.0,25,533,(direct),(none),desktop,United States,Sunnyvale
1315772786660606104,1488035075,20170225,1,78.56,785.6,30,1031,(direct),(none),desktop,United States,Mountain View
054635571205456448,1488061786,20170225,1,7.99,79.9,36,916,google,organic,desktop,United States,Indianapolis
9372618001980854712,1488036352,20170225,1,524.87,5248.7,51,762,dealspotr.com,referral,desktop,United States,not available in demo dataset
3022392995706412545,1488086697,20170225,1,28.19,281.90000000000003,9,289,(direct),(none),desktop,United States,San Francisco
6036371568698072634,1488090289,20170225,1,27.99,279.9,13,417,(direct),(none),desktop,United States,not available in demo dataset
7697599973738347494,1488083103,20170225,1,10.98,109.80000000000001,17,1127,google,organic,desktop,United States,not available in demo dataset
0220695720492664721,1487520984,20170219,1,54.37,543.6999999999999,7,97,dfa,cpm,desktop,United States,not available in demo dataset
6627479815076599911,1487510406,20170219,1,107.0,1070.0,14,621,google,cpc,desktop,United States,not available in demo dataset
0014253006455543633,1487545280,20170219,1,64.99,649.9,18,449,google,organic,desktop,United States,not available in demo dataset
3874062777339116474,1487572601,20170219,1,27.98,279.8,21,842,facebook.com,referral,desktop,United States,not available in demo dataset
2037170738057013329,1487562829,20170219,1,12.98,129.8,23,1716,m.facebook.com,referral,mobile,United States,not available in demo dataset
0887453642354701418,1487570448,20170219,1,26.97,269.7,28,1904,google,organic,mobile,Canada,not available in demo dataset
9031259776223970026,1487555854,20170219,1,58.96,589.6,39,1234,google,organic,mobile,Egypt,not available in demo dataset
0211475535612871703,1487556434,20170219,1,85.42,854.2,39,737,google,organic,desktop,United States,not available in demo dataset
6014637285460170276,1487538762,20170219,1,74.77,747.6999999999999,32,1214,(direct),(none),desktop,United States,Los Angeles
8354297261063065972,1487555133,20170219,1,50.95,509.5,39,865,facebook.com,referral,desktop,United States,not available in demo dataset
5621966103011693855,1487514219,20170219,1,67.96,679.5999999999999,48,974,(direct),(none),desktop,United States,not available in demo dataset
577700480509527611,1487540732,20170219,1,39.95,399.5,39,2670,(direct),(none),mobile,Canada,not available in demo dataset
6777096292963112230,1487571884,20170219,1,276.48,2764.8,57,1424,google,organic,desktop,Canada,not available in demo dataset
6736342148988696892,1487567179,20170219,7,951.7,9517.0,87,1743,(direct),(none),desktop,Venezuela,not available in demo dataset
4301995352469947007,1487492554,20170219,1,43.97,439.7,104,2141,google,cpc,desktop,United States,not available in demo dataset
3871891696772635172,1483925723,20170108,1,65.36,653.6,12,179,(direct),(none),desktop,United States,New York
9535165767399175841,1483923585,20170108,1,38.38,383.8,16,465,google,organic,desktop,United States,not available in demo dataset
6311424614094967654,1483909843,20170108,1,16.98,169.8,20,417,(direct),(none),desktop,United States,not available in demo dataset
6103994353866186506,1483922671,20170108,1,22.99,229.89999999999998,23,688,google,organic,desktop,United States,not available in demo dataset
0239598330790272854,1483927668,20170108,1,88.99,889.9,25,702,(direct),(none),desktop,United States,San Jose
4527632410179600927,1483893503,20170108,1,507.3,5073.0,27,514,google,cpc,desktop,United States,not available in demo dataset
0718076753301188235,1483893162,20170108,1,160.92,1609.1999999999998,30,1513,google,organic,desktop,United States,not available in demo dataset
8635761956186400931,1483906872,20170108,1,64.99,649.9,28,352,(direct),(none),desktop,United States,not available in demo dataset
0880816614925318447,1483928251,20170108,1,14.98,149.8,43,5972,google,organic,desktop,United States,not available in demo dataset
7035655888631728269,1483918447,20170108,1,66.56,665.6,48,898,(direct),(none),desktop,United States,San Francisco
1774756696067199606,1483925055,20170108,1,567.85,5678.5,43,604,google,organic,desktop,United States,Seattle
1997283608635698919,1484627685,20170116,1,26.59,265.9,13,227,(direct),(none),desktop,United States,not available in demo dataset
4237702059099095460,1484609628,20170116,1,24.99,249.89999999999998,19,522,(direct),(none),desktop,United States,not available in demo dataset
8496471110769354816,1484589338,20170116,1,21.93,219.3,18,926,(direct),(none),desktop,United States,not available in demo dataset
9918252406090832709,1484613002,20170116,1,17.99,179.89999999999998,25,221,(direct),(none),mobile,United States,New York
5592426380056165387,1484602901,20170116,1,25.18,251.8,33,1297,(direct),(none),desktop,United States,Austin
8280304533450595822,1484569563,20170116,1,23.97,239.7,29,600,(direct),(none),desktop,Taiwan,not available in demo dataset
5414778440969335716,1484592272,20170116,1,68.99,689.9,35,866,(direct),(none),desktop,United States,New York
5192466598452489380,1484627305,20170116,1,113.97,1139.7,39,890,(direct),(none),mobile,United States,Los Angeles
2499407186380266291,1484633704,20170116,1,175.15,1751.5,48,1400,(direct),(none),desktop,United States,not available in demo dataset
9029794295932939024,1484559404,20170116,1,895.57,8955.7,54,1014,mail.google.com,referral,desktop,United States,not available in demo dataset
4776430236860680101,1484553729,20170116,1,378.25,3782.5,65,2724,(direct),(none),desktop,South Korea,Seoul
7311242886083854158,1484605745,20170116,1,925.16,9251.6,66,1399,(direct),(none),desktop,United States,Chicago
6462196953273318864,1484620371,20170116,1,94.9,949.0,88,1725,(direct),(none),desktop,United States,not available in demo dataset
6468324397294207967,1486615488,20170208,1,23.99,239.89999999999998,12,400,(direct),(none),mobile,United States,Los Angeles
6042992012557557168,1486561437,20170208,1,21.99,219.89999999999998,12,226,(direct),(none),desktop,Switzerland,Mountain View
9050594579750010296,1486590002,20170208,1,18.99,189.89999999999998,14,325,(direct),(none),desktop,United States,Nashville
1882187047309796513,1486571256,20170208,1,17.99,179.89999999999998,14,445,(direct),(none),mobile,United States,Los Angeles
1059009151425872003,1486576094,20170208,1,13.79,137.89999999999998,14,381,mail.google.com,referral,desktop,United States,New York
0405613301455395523,1486577500,20170208,1,81.99,819.9,15,934,(direct),(none),desktop,United States,New York
0403377724115575972,1486571908,20170208,1,19.99,199.89999999999998,15,257,(direct),(none),mobile,Anguilla,(not set)
8504210729882302627,1486570721,20170208,1,134.35,1343.5,16,669,(direct),(none),desktop,United States,not available in demo dataset
2660015528957444012,1486574455,20170208,1,32.58,325.79999999999995,15,450,(direct),(none),desktop,United States,not available in demo dataset
9340462929584208347,1486606351,20170208,1,616.5,6165.0,15,179,(direct),(none),desktop,United States,not available in demo dataset
8845114678141238765,1486586601,20170208,1,18.19,181.9,18,1290,(direct),(none),desktop,United States,Kansas City
6366738125554594213,1486603049,20170208,1,68.9,689.0,17,475,(direct),(none),desktop,United States,San Francisco
9039546167108792600,1486618960,20170208,1,9.5,95.0,18,1026,(direct),(none),mobile,United States,Los Angeles
9424559988281477207,1486581621,20170208,1,11.98,119.80000000000001,19,360,(direct),(none),desktop,United States,not available in demo dataset
4237702059099095460,1486605196,20170208,1,28.99,289.9,24,837,(direct),(none),desktop,United States,not available in demo dataset
5149388872089992993,1486567782,20170208,1,48.18,481.8,23,1041,(direct),(none),desktop,United States,not available in demo dataset
1895007641407662784,1486593402,20170208,1,9.75,97.5,25,543,(direct),(none),desktop,United States,Chicago
8771334811414684214,1486564303,20170208,1,26.99,269.9,26,1290,(direct),(none),desktop,United States,Chicago
7127403930925257863,1486589843,20170208,1,57.37,573.6999999999999,28,848,(direct),(none),desktop,United States,New York
5618988196982024867,1486597885,20170208,1,30.58,305.79999999999995,31,582,(direct),(none),desktop,United States,Sunnyvale
8754452884191338331,1486566267,20170208,1,200.18,2001.8000000000002,35,1554,(direct),(none),desktop,United States,not available in demo dataset
9535515835082372493,1486583282,20170208,1,778.59,7785.900000000001,56,4944,(direct),(none),desktop,United States,not available in demo dataset
7695578750853411684,1486573698,20170208,1,488.03,4880.299999999999,58,1602,(direct),(none),desktop,United States,New York
5074309045799746366,1486593327,20170208,1,100.99,1009.9,53,5296,(direct),(none),desktop,United States,San Francisco
0405484788554421584,1494947667,20170516,1,19.63,196.29999999999998,15,791,(direct),(none),desktop,United States,Sunnyvale
6221432242012964365,1494947437,20170516,1,30.19,301.90000000000003,13,407,google,organic,desktop,United States,Chicago
6208916346647925082,1494977013,20170516,1,19.99,199.89999999999998,17,387,google,organic,desktop,United States,Mountain View
4371806327295062454,1494968905,20170516,1,27.7,277.0,17,448,(direct),(none),desktop,United States,San Francisco
2584193106113702734,1494951073,20170516,1,39.28,392.8,15,1101,google,organic,desktop,United States,not available in demo dataset
1122339375048872606,1494955763,20170516,1,123.52,1235.2,19,488,(direct),(none),desktop,United States,New York
1203061370275636446,1494956774,20170516,1,40.0,400.0,18,1228,(direct),(none),desktop,United States,not available in demo dataset
2846265945939289063,1494944694,20170516,1,13.98,139.8,18,959,google,organic,mobile,United States,New York
8108485834336096648,1494977048,20170516,1,27.69,276.90000000000003,20,420,(direct),(none),desktop,United States,Los Angeles
0829309562527965711,1494963277,20170516,1,60.43,604.3,19,435,google,organic,desktop,United States,Palo Alto
6521559462592776000,1494960135,20170516,1,24.37,243.70000000000002,22,521,(direct),(none),desktop,United States,New York
5811368078800551365,1495002715,20170516,1,33.28,332.8,24,775,google,organic,desktop,United States,San Jose
1220988755233243362,1494948635,20170516,1,161.5,1615.0,25,1489,(direct),(none),desktop,United States,not available in demo dataset
2577400805525289502,1494966563,20170516,1,107.9,1079.0,20,772,(direct),(none),desktop,United States,New York
7576412479791634134,1494950118,20170516,1,35.47,354.7,22,458,google,organic,desktop,United States,not available in demo dataset
6384329866495516492,1494964448,20170516,1,56.64,566.4,23,956,(direct),(none),desktop,United States,New York
4998040848366401198,1494965470,20170516,1,21.99,219.89999999999998,23,354,google,organic,desktop,United States,Mountain View
8482358096465271237,1494964972,20170516,1,53.18,531.8,26,1428,google,organic,desktop,United States,Ann Arbor
5112369122544987822,1494967536,20170516,1,438.55,4385.5,22,1094,google,organic,desktop,United States,not available in demo dataset
267020882885435601,1494957767,20170516,1,102.3,1023.0,21,745,(direct),(none),desktop,United States,New York
6674833621031160897,1494967860,20170516,1,33.22,332.2,26,502,(direct),(none),desktop,United States,Mountain View
2275632617171622582,1494975201,20170516,1,235.61,2356.1000000000004,25,537,(direct),(none),desktop,United States,New York
7046459416249489564,1494941004,20170516,1,856.4,8564.0,23,402,(direct),(none),desktop,United States,Ann Arbor
0464364196228560484,1494977741,20170516,1,67.37,673.7,27,1007,google,organic,desktop,United States,San Bruno
0220695720492664721,1494960605,20170516,1,911.95,9119.5,25,524,(direct),(none),desktop,United States,not available in demo dataset
7043500834350642684,1494980058,20170516,1,49.98,499.79999999999995,37,1421,google,organic,desktop,United States,not available in demo dataset
7729298327600931364,1494954589,20170516,1,119.45,1194.5,30,2180,google,organic,desktop,United States,Cambridge
3526518783380311774,1494952366,20170516,1,310.67,3106.7000000000003,30,1538,(direct),(none),desktop,United States,New York
5260253601763943122,1494960788,20170516,1,144.64,1446.3999999999999,38,1947,(direct),(none),desktop,United States,New York
8286582297172880189,1494962749,20170516,1,53.7,537.0,38,1101,(direct),(none),desktop,United States,New York
8122301832779303001,1494967300,20170516,2,358.84,3588.3999999999996,32,987,(direct),(none),desktop,United States,not available in demo dataset
8147175075790536758,1494991821,20170516,1,64.93,649.3000000000001,40,1434,google,organic,desktop,United States,Sunnyvale
2230990908213053321,1494965483,20170516,1,467.1,4671.0,33,944,google,organic,desktop,United States,Chicago
3774621747521479544,1494944724,20170516,2,53.44,534.4,42,1359,(direct),(none),desktop,United States,Boulder
6155038552130877136,1494959353,20170516,1,146.57,1465.6999999999998,38,1655,(direct),(none),desktop,United States,San Francisco
8737836949525079223,1494982863,20170516,1,120.85,1208.5,43,1023,google,organic,desktop,United States,not available in demo dataset
7879290112537608883,1494958272,20170516,1,28.17,281.70000000000005,9,135,(direct),(none),desktop,United States,Chicago
3568066398889653649,1494977984,20170516,1,22.99,229.89999999999998,12,252,(direct),(none),desktop,United States,San Jose
5961512277421237379,1494979981,20170516,1,16.99,169.89999999999998,10,174,google,organic,desktop,United States,Mountain View
0194729737445123123,1494958078,20170516,1,17.29,172.89999999999998,13,570,(direct),(none),desktop,United States,not available in demo dataset
4350312433518754361,1494948827,20170516,1,33.38,333.8,14,331,(direct),(none),desktop,United States,New York
7947697374901279912,1494933655,20170516,1,17.29,172.89999999999998,13,552,google,organic,mobile,Canada,not available in demo dataset
5577094187209955353,1494973341,20170516,1,140.37,1403.7,13,753,mail.google.com,referral,desktop,United States,Mountain View
2951565306014197668,1494977984,20170516,1,100.37,1003.7,14,436,(direct),(none),desktop,United States,San Bruno
512988788718016553,1494940948,20170516,1,368.0,3680.0,13,397,(direct),(none),desktop,United States,not available in demo dataset
7473469688253258626,1494984551,20170516,1,39.98,399.79999999999995,15,368,google,organic,desktop,United States,Sunnyvale
9804085499377106175,1494969732,20170516,1,16.99,169.89999999999998,16,870,(direct),(none),desktop,United States,Chicago
7836922432734266850,1494984572,20170516,1,16.29,162.89999999999998,15,371,google,organic,desktop,United States,not available in demo dataset
6396061240253387986,1494971860,20170516,1,16.99,169.89999999999998,16,377,(direct),(none),desktop,United States,Mountain View
6689703929781725667,1494964188,20170516,1,18.99,189.89999999999998,16,379,google,organic,desktop,United States,not available in demo dataset
9923410478294660642,1494977277,20170516,1,18.29,182.89999999999998,16,353,(direct),(none),desktop,United States,not available in demo dataset
1383687428379664179,1496867125,20170607,1,69.96,699.5999999999999,10,218,(direct),(none),desktop,United States,Austin
9361412188151560825,1496877624,20170607,1,16.29,162.89999999999998,11,220,(direct),(none),desktop,United States,not available in demo dataset
4598717407161618263,1496879712,20170607,1,15.63,156.3,12,534,(direct),(none),desktop,United States,San Francisco
4119784958324215138,1496850507,20170607,1,177.0,1770.0,10,414,(direct),(none),desktop,United States,Chicago
4163967138563839128,1496864951,20170607,1,6.99,69.9,14,1015,(direct),(none),desktop,United States,Salem
9755261936668961758,1496876449,20170607,1,52.01,520.1,17,1716,(direct),(none),desktop,United States,not available in demo dataset
7697210138804043868,1496862775,20170607,1,27.5,275.0,16,554,(direct),(none),desktop,United States,Mountain View
3196293108485281495,1496897103,20170607,1,82.99,829.9,16,403,(direct),(none),desktop,United States,Mountain View
9673854839473677147,1496867210,20170607,1,45.61,456.1,16,1936,(direct),(none),desktop,United States,Austin
2354405029601095288,1496871399,20170607,1,66.59,665.9000000000001,14,614,(direct),(none),desktop,United States,Mountain View
9463806441056350498,1496863626,20170607,1,62.56,625.6,16,795,(direct),(none),desktop,United States,New York
3783478137758293911,1496881893,20170607,1,26.19,261.90000000000003,16,542,(direct),(none),desktop,United States,San Francisco
0710632165228073636,1496864302,20170607,1,271.4,2714.0,17,594,(direct),(none),desktop,Canada,Toronto
2799516265543613982,1496850805,20170607,1,14.79,147.89999999999998,18,226,(direct),(none),desktop,United States,Seattle
0560278389700464572,1496883974,20170607,1,34.5,345.0,20,1131,(direct),(none),desktop,United States,Mountain View
0037806222406366969,1496863540,20170607,1,23.99,239.89999999999998,21,504,(direct),(none),desktop,United States,Chicago
9953956744551076841,1496851647,20170607,1,191.28,1912.8,15,439,(direct),(none),desktop,United States,not available in demo dataset
7003280874744810220,1496866366,20170607,1,15.42,154.2,21,471,(direct),(none),desktop,United States,not available in demo dataset
6068102071010648164,1496865133,20170607,1,31.99,319.9,26,1406,(direct),(none),desktop,United States,New York
6152978475187911748,1496871282,20170607,1,32.82,328.2,24,555,(direct),(none),desktop,United States,New York
0102527091741838919,1496854266,20170607,1,124.16,1241.6,24,625,(direct),(none),desktop,United States,not available in demo dataset
601161405716299904,1496870453,20170607,1,53.99,539.9,27,1169,(direct),(none),desktop,United States,not available in demo dataset
3941152611510143066,1496876026,20170607,1,201.99,2019.9,29,2508,(direct),(none),desktop,United States,not available in demo dataset
2250505681169209683,1496842274,20170607,1,106.92,1069.2,31,1709,(direct),(none),desktop,Malaysia,Kuala Lumpur
8209858673242465448,1496843601,20170607,1,121.63,1216.3,24,759,(direct),(none),desktop,United States,not available in demo dataset
237543228088148288,1496854740,20170607,2,82.0,820.0,32,1594,(direct),(none),desktop,United States,Sunnyvale
6177485445701283368,1496855064,20170607,1,29.98,299.8,36,1307,(direct),(none),desktop,United States,Mountain View
3060859705659472596,1496859906,20170607,1,193.25,1932.5,32,1250,(direct),(none),desktop,United States,not available in demo dataset
0415088391126514183,1496831742,20170607,1,59.38,593.8000000000001,39,1562,(direct),(none),desktop,United States,not available in demo dataset
0904822552053046827,1496881303,20170607,1,25.04,250.39999999999998,53,1300,(direct),(none),desktop,United States,New York
924091465796731445,1496881834,20170607,1,187.16,1871.6,56,3483,(direct),(none),desktop,United States,New York
0883480197021534726,1496854466,20170607,1,253.43,2534.3,44,1648,(direct),(none),desktop,United States,New York
0898438411847166329,1496895230,20170607,1,329.75,3297.5,74,2830,(direct),(none),desktop,United States,San Francisco
5341995419456035142,1496844139,20170607,1,161.96,1619.6000000000001,15,431,dfa,cpm,mobile,United States,not available in demo dataset
3718967472555843952,1496860553,20170607,1,34.98,349.79999999999995,14,250,(direct),(none),mobile,United States,not available in demo dataset
2377197803125206851,1496857407,20170607,1,25.99,259.9,16,515,(direct),(none),mobile,Spain,New York
6367005961240877024,1496863034,20170607,1,7.98,79.80000000000001,26,647,(direct),(none),mobile,United States,not available in demo dataset
0092787485928461155,1494620536,20170512,1,80.9,809.0,15,465,(direct),(none),desktop,United States,New York
7576412479791634134,1494616408,20170512,1,42.87,428.7,20,747,google,organic,desktop,United States,not available in demo dataset
2139876223551151337,1494648434,20170512,1,23.02,230.2,19,356,(direct),(none),desktop,United States,Mountain View
1368203961991998767,1494608774,20170512,1,46.17,461.70000000000005,17,222,google,organic,desktop,United States,Austin
1727189977391865279,1494631449,20170512,1,61.28,612.8,24,965,google,organic,desktop,United States,Sunnyvale
4974690847354957751,1494629815,20170512,1,593.84,5938.400000000001,22,846,(direct),(none),desktop,United States,Mountain View
6030141817614722657,1494603132,20170512,1,31.19,311.90000000000003,16,956,(direct),(none),desktop,United States,Sunnyvale
8487665150986176710,1494596183,20170512,1,22.99,229.89999999999998,21,1229,google,organic,mobile,United States,New York
6824018129168937782,1494631433,20170512,1,225.81,2258.1,23,893,(direct),(none),desktop,United States,New York
5124287655575518739,1494643064,20170512,1,56.78,567.8,21,544,(direct),(none),desktop,United States,Palo Alto
3949362954057733036,1494600055,20170512,1,18.77,187.7,24,963,(direct),(none),desktop,United States,Mountain View
7545946848283492417,1494610324,20170512,1,38.59,385.90000000000003,23,1237,(direct),(none),desktop,United States,Mountain View
6734483584623295408,1494627268,20170512,1,19.39,193.9,22,2114,google,cpc,desktop,United States,not available in demo dataset
7633401264222322898,1494614595,20170512,1,84.99,849.9,22,433,(direct),(none),desktop,United States,Mountain View
2972255044152209123,1494625374,20170512,1,36.98,369.79999999999995,30,1115,google,organic,desktop,United States,Mountain View
7103110735556041594,1494605703,20170512,1,43.24,432.40000000000003,24,1217,google,organic,desktop,United States,not available in demo dataset
8341750475034482580,1494637000,20170512,1,21.99,219.89999999999998,28,751,google,organic,desktop,United States,not available in demo dataset
0820978656614964451,1494638980,20170512,1,100.01,1000.1,28,865,(direct),(none),desktop,United States,New York
2204190854181564278,1494615293,20170512,1,144.75,1447.5,28,563,(direct),(none),desktop,United States,Ann Arbor
3594748537350114699,1494598558,20170512,1,172.08,1720.8000000000002,26,496,(direct),(none),desktop,United States,Ann Arbor
3607433621534632946,1494611837,20170512,1,152.5,1525.0,29,2681,(direct),(none),desktop,Mexico,not available in demo dataset
5952403374581782630,1494643053,20170512,1,43.98,439.79999999999995,34,1103,(direct),(none),desktop,United States,Mountain View
6915770645189353635,1494621167,20170512,1,31.98,319.8,36,1261,(direct),(none),desktop,United States,Austin
1885392946834138494,1494616590,20170512,1,162.75,1627.5,40,2428,(direct),(none),desktop,United States,not available in demo dataset
7040970537292451675,1494646052,20170512,1,48.06,480.6,41,1918,google,organic,desktop,United States,San Francisco
62301548425288744,1494617581,20170512,1,211.68,2116.8,46,1392,(direct),(none),desktop,United States,Washington
9170450146722277059,1494626800,20170512,1,735.12,7351.2,40,1565,(direct),(none),desktop,United States,not available in demo dataset
1965269945643678897,1494620143,20170512,1,75.96,759.5999999999999,39,2229,google,organic,desktop,Canada,not available in demo dataset
9374455635799053074,1494616000,20170512,1,85.33,853.3,5,249,(direct),(none),desktop,United States,Mountain View
4182504636922812318,1494625318,20170512,1,76.19,761.9,9,174,(direct),(none),desktop,United States,San Francisco
9292934245619777169,1494618160,20170512,1,42.09,420.90000000000003,10,287,(direct),(none),desktop,United States,Mountain View
5671719199907401698,1494622534,20170512,1,22.99,229.89999999999998,11,441,google,organic,mobile,United States,not available in demo dataset
9478703665192320614,1494585192,20170512,1,40.98,409.79999999999995,11,512,google,organic,desktop,United States,not available in demo dataset
6448832262240591897,1494612092,20170512,1,36.59,365.90000000000003,11,326,(direct),(none),desktop,United States,Mountain View
0348641465070077039,1494612925,20170512,1,462.4,4624.0,12,292,(direct),(none),desktop,United States,Atlanta
1194645338506308474,1494619899,20170512,1,342.6,3426.0,11,588,(direct),(none),mobile,United States,not available in demo dataset
0348842070964414318,1494618681,20170512,1,71.19,711.9,13,197,google,organic,desktop,United States,Mountain View
9982700667464896535,1494607165,20170512,1,34.59,345.90000000000003,12,414,(direct),(none),desktop,United States,not available in demo dataset
2252031469260108936,1494601591,20170512,1,38.59,385.90000000000003,12,213,(direct),(none),desktop,United States,San Jose
8049218142229066555,1494591162,20170512,1,39.59,395.90000000000003,12,442,(direct),(none),desktop,United States,New York
6023796381284015578,1494600519,20170512,1,40.59,405.90000000000003,12,372,(direct),(none),desktop,United States,New York
3440377768269728737,1494597737,20170512,1,10.98,109.80000000000001,14,442,(direct),(none),desktop,United States,not available in demo dataset
5524449021244950311,1494578258,20170512,1,35.59,355.90000000000003,13,356,(direct),(none),desktop,United States,San Francisco
2678202602250260805,1494587162,20170512,1,16.99,169.89999999999998,14,586,(direct),(none),desktop,Switzerland,Zurich
0753451278230201437,1494619060,20170512,1,42.59,425.90000000000003,13,1468,(direct),(none),desktop,United States,Sunnyvale
4068234234266916182,1494615041,20170512,1,47.57,475.7,13,858,google,organic,desktop,Argentina,not available in demo dataset
5082563130101167793,1494630344,20170512,1,1750.82,17508.2,12,462,(direct),(none),desktop,United States,New York
4053729275950379466,1494608463,20170512,1,112.6,1126.0,12,271,(direct),(none),desktop,United States,not available in demo dataset
8184421504690024643,1494601105,20170512,1,34.59,345.90000000000003,17,1111,(direct),(none),desktop,United States,New York
9054221017020554281,1494602529,20170512,1,39.59,395.90000000000003,17,330,(direct),(none),desktop,United States,not available in demo dataset
8645618706223786939,1494613832,20170512,1,8.98,89.80000000000001,15,261,(direct),(none),desktop,United States,Mountain View
8206950109524998366,1494637329,20170512,1,106.78,1067.8,17,487,(direct),(none),desktop,United States,San Jose
4167885024965256381,1494647525,20170512,1,25.99,259.9,18,451,(direct),(none),desktop,United States,not available in demo dataset
2925179999316963442,1494595966,20170512,1,35.59,355.90000000000003,19,470,groups.google.com,referral,desktop,United States,New York
6944288019130180719,1488992100,20170308,1,148.99,1489.9,11,506,(direct),(none),desktop,United States,not available in demo dataset
0290663072707523580,1489017566,20170308,1,156.5,1565.0,14,433,google,organic,desktop,United States,Chicago
7813149961404844386,1489003233,20170308,1,21.99,219.89999999999998,12,171,(direct),(none),desktop,United States,Salem
8806276575158015292,1489036844,20170308,1,6.99,69.9,14,505,google,organic,desktop,United States,not available in demo dataset
0018386080117189534,1489028491,20170308,1,18.99,189.89999999999998,17,2212,google,organic,mobile,United States,Sunnyvale
8258605994436403442,1488988770,20170308,1,1306.35,13063.5,18,610,(direct),(none),desktop,United States,Mountain View
5523134434912624925,1488993347,20170308,1,40.68,406.8,20,1994,google,organic,desktop,United States,Miami
7000708126985064854,1489001696,20170308,1,180.6,1806.0,19,406,google,organic,desktop,United States,New York
6095240958469403590,1489023672,20170308,1,23.99,239.89999999999998,20,785,(direct),(none),desktop,United States,not available in demo dataset
070749496194697211,1488998307,20170308,1,162.91,1629.1,20,433,(direct),(none),desktop,United States,Chicago
3346636018535038432,1489000988,20170308,1,125.9,1259.0,21,497,(direct),(none),desktop,United States,Los Angeles
1447936115749284814,1489000019,20170308,1,92.96,929.5999999999999,25,1382,google,organic,desktop,United States,Austin
7288253836631073413,1489012387,20170308,1,82.57,825.6999999999999,23,1012,(direct),(none),desktop,United States,Seattle
5888035730986809120,1488973326,20170308,1,180.97,1809.7,31,1845,google,organic,desktop,Japan,not available in demo dataset
1099238864070902116,1489022991,20170308,1,58.96,589.6,36,750,(direct),(none),desktop,United States,New York
5107254786255889019,1489001627,20170308,2,173.55,1735.5,36,1455,(direct),(none),desktop,United States,not available in demo dataset
8753403136686920665,1489002698,20170308,1,373.04,3730.4,31,1195,google,organic,desktop,United States,not available in demo dataset
2913067759054132692,1489020391,20170308,1,68.37,683.7,39,2015,google,organic,desktop,United States,not available in demo dataset
5263059809967138936,1488989760,20170308,1,93.94,939.4,34,730,(direct),(none),desktop,United States,Washington
3247160344848434520,1489032472,20170308,1,33.97,339.7,32,1172,google,organic,tablet,United States,not available in demo dataset
2936634930290678437,1488962917,20170308,1,38.18,381.8,34,377,(direct),(none),desktop,United States,not available in demo dataset
4389061038717475365,1489015373,20170308,1,21.49,214.89999999999998,45,878,(direct),(none),desktop,United States,not available in demo dataset
0123242859437730802,1489028084,20170308,2,447.61,4476.1,51,1927,(direct),(none),desktop,United States,New York
1267576619278838235,1489034196,20170308,1,179.77,1797.7,59,2265,google,organic,desktop,United States,not available in demo dataset
0658019277799848735,1499497039,20170708,1,50.62,506.2,4,56,(direct),(none),desktop,United States,San Francisco
0193361951439999580,1499523509,20170708,1,26.99,269.9,9,162,(direct),(none),desktop,United States,not available in demo dataset
354395446181773550,1499551796,20170708,1,5.99,59.900000000000006,10,439,m.facebook.com,referral,mobile,United States,not available in demo dataset
1383949428914741700,1499575804,20170708,1,19.99,199.89999999999998,13,301,google,organic,mobile,United States,Houston
5700698092270325485,1499575593,20170708,1,14.99,149.9,13,544,google,organic,mobile,United States,Houston
9745349280610704454,1499528402,20170708,1,19.99,199.89999999999998,15,321,google,organic,mobile,United States,not available in demo dataset
9583683554162057560,1499535262,20170708,1,20.99,209.89999999999998,15,844,google,organic,desktop,United States,New York
7704158452522194564,1499528257,20170708,1,16.99,169.89999999999998,19,1386,google,organic,desktop,United States,Denver
8910769516525628891,1499533496,20170708,1,36.99,369.90000000000003,16,1890,(direct),(none),desktop,United States,Atlanta
8838657285552913253,1499548702,20170708,1,113.07,1130.6999999999998,17,400,(direct),(none),desktop,United States,Sunnyvale
3575773830913742237,1499575490,20170708,1,40.68,406.8,38,1283,google,organic,desktop,United States,not available in demo dataset
5691228855195017010,1499542396,20170708,1,85.92,859.2,35,874,google,organic,desktop,United States,Mountain View
2158257269735455737,1499543041,20170708,1,30.49,304.9,39,1040,google,organic,desktop,United States,not available in demo dataset
3865564441178018664,1499546638,20170708,1,44.26,442.59999999999997,45,1688,(direct),(none),desktop,United States,San Jose
8242635814734201197,1491230901,20170403,1,41.18,411.8,9,308,(direct),(none),desktop,United States,New York
939020494867094014,1491237874,20170403,1,65.99,659.9,10,167,(direct),(none),desktop,United States,San Francisco
3598720718130713222,1491231112,20170403,1,39.99,399.90000000000003,11,484,google,cpc,desktop,United States,not available in demo dataset
8651862803150633528,1491246497,20170403,1,427.0,4270.0,15,481,google,organic,desktop,United States,New York
7445164027729340348,1491227788,20170403,1,21.19,211.9,14,237,(direct),(none),desktop,United States,not available in demo dataset
6020712706224683224,1491233041,20170403,1,47.0,470.0,14,136,google,organic,desktop,United States,not available in demo dataset
1440541984553829835,1491236146,20170403,1,248.88,2488.8,15,474,google,organic,desktop,United States,San Francisco
9863787389438412366,1491284030,20170403,1,45.99,459.90000000000003,15,362,(direct),(none),desktop,United States,Mountain View
3623082378035847520,1491237171,20170403,1,175.98,1759.8,14,161,google,organic,desktop,United States,not available in demo dataset
1959133989198624732,1491245259,20170403,1,50.74,507.40000000000003,14,468,(direct),(none),desktop,United States,San Francisco
1266146580677289366,1491251762,20170403,1,71.19,711.9,16,203,(direct),(none),desktop,United States,New York
7493980643592684383,1491245424,20170403,1,18.49,184.89999999999998,16,800,google,organic,desktop,United States,not available in demo dataset
8205269849536680674,1491260547,20170403,1,42.38,423.8,15,326,(direct),(none),desktop,United States,not available in demo dataset
1872757799140819375,1491250737,20170403,1,14.5,145.0,15,280,google,cpc,desktop,United States,New York
0128830210468179660,1491251527,20170403,1,28.99,289.9,18,1673,dfa,cpm,desktop,United States,New York
2409376965099588298,1491246721,20170403,1,6.99,69.9,20,2551,google,organic,mobile,United States,not available in demo dataset
7276513137825380307,1491254241,20170403,1,18.79,187.89999999999998,22,949,(direct),(none),desktop,United States,Mountain View
7227600795388913830,1491236883,20170403,1,227.8,2278.0,22,628,google,organic,desktop,United States,Chicago
0353184725767379430,1491277899,20170403,1,35.37,353.7,19,668,google,organic,mobile,United States,not available in demo dataset
6528937376460090929,1491252181,20170403,1,45.08,450.79999999999995,19,613,(direct),(none),desktop,United States,Sunnyvale
6254480260491626923,1491243259,20170403,1,19.95,199.5,21,669,google,organic,mobile,United States,not available in demo dataset
4267667384999270973,1491251310,20170403,1,86.0,860.0,19,796,(direct),(none),desktop,United States,Los Angeles
45695832453548364,1491284513,20170403,1,78.77,787.6999999999999,25,1082,(direct),(none),desktop,United States,not available in demo dataset
6104963094502152821,1491239025,20170403,1,546.04,5460.4,24,2132,(direct),(none),desktop,United States,Chicago
1178180340846951402,1491245610,20170403,1,22.99,229.89999999999998,28,1029,(direct),(none),desktop,United States,not available in demo dataset
9002522655121012194,1491265126,20170403,1,75.46,754.5999999999999,30,1260,google,organic,desktop,United States,not available in demo dataset
1270157374832429985,1491277678,20170403,1,15.98,159.8,16,615,google,organic,mobile,United States,not available in demo dataset
9369594665112316825,1491256244,20170403,1,92.2,922.0,31,1059,(direct),(none),desktop,United States,San Francisco
4441729183468485984,1491260116,20170403,1,32.98,329.79999999999995,35,2837,(direct),(none),desktop,United States,Sunnyvale
8404908998499788213,1491249067,20170403,1,154.76,1547.6,35,865,google,organic,desktop,United States,New York
3499601290584440755,1491257378,20170403,1,213.16,2131.6,32,1179,(direct),(none),desktop,United States,New York
3219091521774688787,1491223012,20170403,1,334.3,3343.0,39,653,(direct),(none),desktop,United States,New York
5498699578432669706,1491284196,20170403,1,24.44,244.4,69,1570,google,organic,desktop,United States,not available in demo dataset
1814166460229302850,1491229504,20170403,1,1198.04,11980.4,72,4555,google,cpc,desktop,United States,not available in demo dataset
1614961404175770147,1491269737,20170403,1,23.99,239.89999999999998,42,3816,google,organic,desktop,United States,not available in demo dataset
0968874458654116846,1491231365,20170403,1,126.84,1268.4,120,6865,google,organic,desktop,United States,not available in demo dataset
7234178212893913418,1488849218,20170306,1,67.04,670.4000000000001,16,1344,google,organic,desktop,United States,San Francisco
253776212101014141,1488832562,20170306,1,608.87,6088.7,18,900,google,organic,desktop,United States,Cambridge
5264845021855252769,1488842093,20170306,1,53.07,530.7,18,791,(direct),(none),desktop,United States,San Bruno
8612048345358957540,1488826633,20170306,1,14.58,145.8,21,364,dfa,cpm,desktop,United States,New York
1900860815673587826,1488831098,20170306,1,239.22,2392.2,23,557,google,organic,desktop,United States,not available in demo dataset
645993360426050019,1488820314,20170306,1,38.98,389.79999999999995,24,521,google,organic,mobile,United States,Atlanta
3637738484583635278,1488831949,20170306,1,88.97,889.7,28,478,google,organic,desktop,United States,not available in demo dataset
4068723733086898628,1488830994,20170306,1,22.47,224.7,24,832,google,organic,desktop,United States,not available in demo dataset
3072906415117777345,1488809674,20170306,1,77.97,779.7,31,819,(direct),(none),desktop,United States,New York
4178920875112145091,1488848507,20170306,1,78.9,789.0,28,1974,google,organic,desktop,United States,not available in demo dataset
1510974355479295771,1488850890,20170306,1,22.46,224.60000000000002,28,1294,google,organic,mobile,United States,not available in demo dataset
2021467453921061473,1488814682,20170306,1,54.74,547.4,26,1240,(direct),(none),desktop,United States,Chicago
560045648140089234,1488836359,20170306,1,122.93,1229.3000000000002,31,2248,(direct),(none),desktop,United States,Mountain View
0509637927726464785,1488819464,20170306,1,49.97,499.7,18,732,(direct),(none),desktop,United States,Seattle
5263059809967138936,1488833181,20170306,2,159.36,1593.6000000000001,34,851,(direct),(none),desktop,United States,not available in demo dataset
531638978305910082,1488859728,20170306,1,25.99,259.9,40,1216,google,organic,desktop,United States,not available in demo dataset
5041110715755196949,1488829973,20170306,1,219.55,2195.5,39,1189,dfa,cpm,desktop,United States,not available in demo dataset
0442021180879108839,1488835020,20170306,1,281.1,2811.0,38,1460,(direct),(none),desktop,United States,New York
3021223849614284256,1488838169,20170306,1,171.94,1719.4,65,4010,(direct),(none),desktop,United States,not available in demo dataset
7561014297963838461,1488857509,20170306,1,279.84,2798.3999999999996,95,5350,mail.google.com,referral,desktop,Indonesia,Jakarta
7561014297963838461,1488821175,20170306,4,480.85,4808.5,112,4052,google,organic,desktop,Venezuela,Jakarta
9697633748020539508,1488783581,20170306,1,45.97,459.7,6,284,(direct),(none),desktop,China,not available in demo dataset
9179681626908443847,1488826067,20170306,1,124.5,1245.0,11,305,(direct),(none),desktop,United States,New York
8100515448851904856,1488825091,20170306,1,41.17,411.70000000000005,14,267,(direct),(none),desktop,United States,New York
6385756990016578225,1488841865,20170306,1,422.5,4225.0,15,939,(direct),(none),desktop,United States,San Jose
7414253814451398004,1488838799,20170306,1,44.99,449.90000000000003,16,357,(direct),(none),desktop,United States,San Francisco
0608132583314752466,1488848631,20170306,1,14.98,149.8,16,372,google,organic,desktop,United States,Pittsburgh
3584235737298895551,1488826081,20170306,1,24.79,247.89999999999998,18,782,(direct),(none),desktop,United States,Mountain View
8542066801226157721,1488857045,20170306,1,61.99,619.9,14,206,google,organic,mobile,United States,San Diego
5881420815591584294,1488820195,20170306,1,34.37,343.7,18,322,(direct),(none),desktop,United States,San Francisco
574546672447624856,1486492036,20170207,1,102.99,1029.8999999999999,12,220,(direct),(none),desktop,United States,Mountain View
3129654954472515724,1486489846,20170207,1,28.99,289.9,13,1423,(direct),(none),mobile,United States,not available in demo dataset
8764312739486524799,1486503969,20170207,1,27.19,271.90000000000003,14,647,(direct),(none),desktop,United States,Ann Arbor
6321703139771704283,1486506381,20170207,1,21.98,219.8,16,340,(direct),(none),desktop,United States,Mountain View
0036194035121102485,1486494742,20170207,1,249.78,2497.8,18,1085,(direct),(none),desktop,United States,San Francisco
1563728423937786678,1486527147,20170207,1,84.99,849.9,18,1192,(direct),(none),desktop,United States,Santa Clara
1012363918031449847,1486510446,20170207,1,1101.0,11010.0,16,1522,(direct),(none),desktop,United States,Los Angeles
0459959187480356493,1486508356,20170207,1,35.97,359.7,19,760,(direct),(none),tablet,United States,not available in demo dataset
9017249703406411169,1486504620,20170207,1,301.85,3018.5,18,1598,(direct),(none),desktop,United States,San Francisco
7813149961404844386,1486494651,20170207,1,39.98,399.79999999999995,18,441,(direct),(none),desktop,United States,Salem
2709295266531200360,1486506475,20170207,1,423.24,4232.4,21,953,(direct),(none),desktop,United States,Chicago
0264439262506145643,1486482905,20170207,1,42.98,429.79999999999995,21,565,(direct),(none),desktop,United States,not available in demo dataset
1297718838071700682,1486500585,20170207,1,36.95,369.5,18,215,(direct),(none),mobile,United States,not available in demo dataset
0617283905493277793,1486496627,20170207,1,630.4,6304.0,23,1057,(direct),(none),desktop,United States,not available in demo dataset
7966024019355321644,1486513294,20170207,1,115.33,1153.3,29,633,(direct),(none),desktop,United States,Los Angeles
1323131540348895975,1486488631,20170207,1,25.99,259.9,29,530,(direct),(none),desktop,United States,Chicago
7855520906498401439,1486506278,20170207,1,118.98,1189.8,33,947,(direct),(none),mobile,United States,not available in demo dataset
3916484417528358536,1486510480,20170207,1,75.97,759.7,41,2124,groups.google.com,referral,desktop,United States,not available in demo dataset
1925633389522225305,1486490366,20170207,1,117.36,1173.6,43,1193,(direct),(none),desktop,United States,Mountain View
3143111598793306337,1486477527,20170207,1,81.17,811.7,39,612,(direct),(none),desktop,United States,not available in demo dataset
5546743631344765720,1486535745,20170207,1,46.98,469.79999999999995,37,2335,(direct),(none),desktop,United States,Los Angeles
6432276692657258286,1486481897,20170207,1,197.84,1978.4,46,1291,(direct),(none),desktop,United States,New York
5590886832095311283,1486496695,20170207,1,87.96,879.5999999999999,46,1075,bing,organic,desktop,United States,not available in demo dataset
6822760560564314761,1496337697,20170601,1,46.99,469.90000000000003,10,343,(direct),(none),desktop,United States,San Francisco
5310174210774227909,1496348009,20170601,1,63.99,639.9,14,611,(direct),(none),desktop,United States,Seattle
8101107214208089371,1496330803,20170601,1,111.98,1119.8,11,264,(direct),(none),mobile,United States,San Diego
3197533100947860058,1496317574,20170601,1,21.99,219.89999999999998,15,398,google,organic,desktop,United States,not available in demo dataset
0520805520579177810,1496336798,20170601,1,106.48,1064.8,14,1331,(direct),(none),desktop,United States,New York
535271430252634961,1496363825,20170601,1,54.57,545.7,14,667,(direct),(none),desktop,United States,not available in demo dataset
570123615296033261,1496340660,20170601,1,124.38,1243.8,13,1111,(direct),(none),desktop,United States,New York
6849883907378511530,1496344985,20170601,1,410.15,4101.5,15,786,google,organic,desktop,United States,New York
276483305236391136,1496344282,20170601,1,125.5,1255.0,14,977,(direct),(none),desktop,United States,New York
3222681460709008330,1496341079,20170601,1,70.81,708.1,16,2047,google,organic,desktop,United States,San Francisco
8641796138378982634,1496351621,20170601,1,108.0,1080.0,18,927,(direct),(none),desktop,United States,not available in demo dataset
4329684992044034266,1496352661,20170601,1,15.99,159.9,20,934,google,cpc,desktop,United States,not available in demo dataset
8552849490437440861,1496328758,20170601,1,12.39,123.9,19,1618,(direct),(none),desktop,United States,New York
2667298817344312615,1496334429,20170601,1,32.98,329.79999999999995,19,1158,google,organic,tablet,United States,Dundalk
1206924775112167365,1496336486,20170601,1,96.47,964.7,22,1459,(direct),(none),desktop,United States,New York
952212470728454329,1496341968,20170601,1,45.59,455.90000000000003,19,401,(direct),(none),desktop,United States,Mountain View
9102765564604864805,1496347399,20170601,1,41.99,419.90000000000003,18,846,google,organic,desktop,United States,Mountain View
8003711571072690789,1496330629,20170601,1,46.38,463.8,20,469,(direct),(none),desktop,United States,Cambridge
2757346803050165711,1496343286,20170601,1,48.97,489.7,26,1087,(direct),(none),desktop,United States,Sunnyvale
9810394160327877765,1496381328,20170601,1,48.86,488.6,25,1358,google,organic,desktop,United States,not available in demo dataset
0843277149527855905,1496354721,20170601,1,112.17,1121.7,23,516,(direct),(none),desktop,United States,San Francisco
2316712182271385122,1496327997,20170601,1,88.98,889.8000000000001,23,510,(direct),(none),desktop,United States,New York
4241593452068990292,1496317173,20170601,1,25.99,259.9,28,2558,google,organic,mobile,Canada,Toronto
557041874411922739,1496359168,20170601,1,106.97,1069.7,25,202,(direct),(none),desktop,United States,not available in demo dataset
1957458976293878100,1496342143,20170601,1,242.4,2424.0,24,482,dfa,cpm,desktop,United States,not available in demo dataset
7834245291980769625,1496312642,20170601,1,38.39,383.9,16,613,(direct),(none),desktop,United States,not available in demo dataset
7623467057602509357,1496346322,20170601,1,86.53,865.3,30,3126,(direct),(none),desktop,United States,Kirkland
9908993706216463889,1496331073,20170601,1,9.99,99.9,32,568,(direct),(none),mobile,United States,not available in demo dataset
0896209330500207582,1496351302,20170601,1,13.98,139.8,29,841,google,organic,mobile,United States,Seattle
2076204015500549342,1496343001,20170601,1,28.48,284.8,32,1270,google,organic,desktop,United States,not available in demo dataset
3660362924082650418,1496337267,20170601,1,30.82,308.2,23,790,(direct),(none),desktop,United States,Austin
713731982901764318,1496342214,20170601,1,316.31,3163.1,31,865,(direct),(none),desktop,United States,New York
2376144863648346076,1496328947,20170601,1,112.64,1126.4,38,1347,(direct),(none),desktop,United States,Bellevue
417374407421467352,1496351858,20170601,1,36.78,367.8,49,1195,(direct),(none),desktop,United States,New York
7946697392929480488,1496326897,20170601,1,189.84,1898.4,50,1474,(direct),(none),desktop,United States,not available in demo dataset
2137863904587206285,1492871442,20170422,1,15.99,159.9,19,349,google,organic,desktop,United States,not available in demo dataset
5883817071899386172,1492881759,20170422,1,6.99,69.9,18,740,google,organic,mobile,United States,Los Angeles
6999322279714294474,1492910791,20170422,1,18.29,182.89999999999998,22,642,google,organic,tablet,United States,not available in demo dataset
874039896692941691,1492901536,20170422,1,47.54,475.4,21,677,(direct),(none),desktop,United States,not available in demo dataset
9162804834377040364,1492924256,20170422,1,30.98,309.8,26,825,google,organic,desktop,United States,not available in demo dataset
9901114469536551008,1492884312,20170422,1,103.39,1033.9,26,1480,mg.mail.yahoo.com,referral,desktop,Puerto Rico,not available in demo dataset
1618182564447890733,1492897037,20170422,1,76.48,764.8000000000001,27,2917,google,organic,mobile,United States,Seattle
0309385525240537775,1492862230,20170422,1,64.17,641.7,28,575,(direct),(none),desktop,Poland,Warsaw
7964990028393230257,1492904694,20170422,1,26.98,269.8,32,2504,google,organic,tablet,United States,not available in demo dataset
153202739036956642,1492889249,20170422,1,72.47,724.7,39,3097,(direct),(none),desktop,United States,Santa Clara
1614193653421769557,1492905732,20170422,1,64.91,649.0999999999999,42,1359,(direct),(none),desktop,United States,not available in demo dataset
8983752580423023317,1492879429,20170422,1,216.95,2169.5,67,1190,(direct),(none),desktop,United States,Chicago
7822178141511453911,1492903531,20170422,1,576.8,5768.0,4,36,(direct),(none),desktop,United States,New York
8889391457640720040,1492858313,20170422,1,42.97,429.7,9,372,(direct),(none),desktop,United States,not available in demo dataset
7822178141511453911,1492901455,20170422,1,578.8,5788.0,12,250,(direct),(none),desktop,United States,New York
992812962494074450,1483573230,20170104,1,46.79,467.9,13,328,(direct),(none),desktop,United States,Mountain View
2272979836636092591,1483567448,20170104,1,176.8,1768.0,14,445,(direct),(none),desktop,United States,Mountain View
4123860234327657457,1483559313,20170104,1,94.99,949.9,16,500,(direct),(none),desktop,United States,not available in demo dataset
9710480501909231921,1483562473,20170104,1,161.97,1619.7,17,459,(direct),(none),desktop,United States,Mountain View
0159084910202112487,1483552413,20170104,1,22.37,223.70000000000002,14,354,(direct),(none),desktop,United States,Mountain View
3554960621245001989,1483588653,20170104,1,82.18,821.8000000000001,18,450,(direct),(none),desktop,United States,not available in demo dataset
3826933837621771483,1483539782,20170104,1,352.0,3520.0,22,1262,(direct),(none),desktop,United States,not available in demo dataset
2591017631506070831,1483561743,20170104,1,139.92,1399.1999999999998,17,328,(direct),(none),desktop,United States,not available in demo dataset
9670996124580137796,1483578939,20170104,1,166.98,1669.8,22,557,(direct),(none),desktop,United States,not available in demo dataset
6726478899201625475,1483541553,20170104,1,28.18,281.8,21,575,(direct),(none),desktop,United States,Mountain View
3301001176863952275,1483599074,20170104,1,29.97,299.7,24,1213,(direct),(none),desktop,United States,not available in demo dataset
7199611745811583535,1483554305,20170104,1,467.6,4676.0,27,710,(direct),(none),desktop,United States,Boulder
4967676136502125585,1483538959,20170104,1,81.99,819.9,21,825,(direct),(none),desktop,United States,not available in demo dataset
7742753003683875687,1483554567,20170104,1,81.78,817.8,26,617,(direct),(none),desktop,United States,Boulder
8406359927975063956,1483577933,20170104,1,18.99,189.89999999999998,26,910,(direct),(none),desktop,United States,not available in demo dataset
9961713390620821018,1483534225,20170104,1,42.97,429.7,27,693,(direct),(none),mobile,United States,not available in demo dataset
3347706947631375795,1483538832,20170104,1,100.08,1000.8,26,863,(direct),(none),desktop,United States,not available in demo dataset
6908387488019906910,1483559226,20170104,1,49.11,491.1,28,782,(direct),(none),desktop,United States,not available in demo dataset
3243512505311500350,1483546378,20170104,1,86.98,869.8000000000001,28,2620,(direct),(none),tablet,United States,not available in demo dataset
0839560865423027275,1483559151,20170104,1,62.16,621.5999999999999,30,512,(direct),(none),desktop,United States,New York
4301598633370091052,1483550577,20170104,1,59.89,598.9,34,1059,(direct),(none),desktop,United States,Mountain View
0081840705529000272,1483557886,20170104,1,127.96,1279.6,35,1289,(direct),(none),desktop,United States,not available in demo dataset
2411322974724385937,1483546325,20170104,2,41.38,413.8,36,1040,(direct),(none),desktop,United States,not available in demo dataset
5414778440969335716,1483574146,20170104,1,113.98,1139.8,43,962,(direct),(none),desktop,United States,New York
6849604863010168468,1483566314,20170104,1,336.26,3362.6,48,2454,(direct),(none),desktop,United States,New York
0211986650009953276,1483568879,20170104,1,606.95,6069.5,30,1375,(direct),(none),desktop,United States,Austin
9981562221973608723,1483576938,20170104,1,35.75,357.5,90,5381,(direct),(none),desktop,South Korea,Seoul
963126344221316701,1483552674,20170104,1,72.39,723.9,90,8811,(direct),(none),desktop,United States,New York
9771437221362506189,1483538997,20170104,2,1088.77,10887.7,169,4037,(direct),(none),mobile,United States,not available in demo dataset
2286438402554934622,1484847404,20170119,1,18.99,189.89999999999998,10,409,(direct),(none),desktop,United States,San Francisco
2591017631506070831,1484842971,20170119,1,22.99,229.89999999999998,10,83,(direct),(none),desktop,United States,not available in demo dataset
1853598182868352688,1484846506,20170119,1,20.19,201.9,13,564,(direct),(none),desktop,United States,Mountain View
9944482549138933048,1484842504,20170119,1,122.85,1228.5,14,361,(direct),(none),desktop,United States,New York
9974461982959135812,1484842221,20170119,1,23.99,239.89999999999998,15,484,(direct),(none),desktop,United States,Sunnyvale
3307727541454538037,1484840089,20170119,1,20.99,209.89999999999998,15,402,(direct),(none),desktop,United States,New York
3246079438339709804,1484848918,20170119,1,15.38,153.8,16,461,(direct),(none),desktop,United States,New York
7638200261989402480,1484849588,20170119,1,433.1,4331.0,16,721,(direct),(none),desktop,United States,New York
4888401942405274345,1484863651,20170119,1,74.97,749.7,17,439,dfa,cpm,desktop,United States,Chicago
7477203212403257765,1484856263,20170119,1,10.98,109.80000000000001,21,683,(direct),(none),desktop,United States,not available in demo dataset
9866199972997605138,1484856896,20170119,1,16.19,161.9,19,1430,(direct),(none),desktop,United States,Ann Arbor
6958136256460936943,1484864697,20170119,1,257.65,2576.5,22,318,(direct),(none),desktop,United States,not available in demo dataset
0579326161967924544,1484846267,20170119,1,25.19,251.9,24,547,(direct),(none),desktop,United States,Mountain View
0134817585377058947,1484860279,20170119,1,152.45,1524.5,23,621,(direct),(none),desktop,United States,San Francisco
7263427657913895507,1484861545,20170119,1,159.97,1599.7,24,475,(direct),(none),mobile,United States,not available in demo dataset
8376588599505232518,1484891409,20170119,1,83.35,833.5,25,531,(direct),(none),desktop,United States,New York
1758403603414007957,1484861448,20170119,1,39.49,394.90000000000003,30,1039,(direct),(none),desktop,United States,Mountain View
2936634930290678437,1484883045,20170119,1,25.99,259.9,32,690,(direct),(none),desktop,United States,not available in demo dataset
2499318985403227459,1484892136,20170119,1,183.9,1839.0,35,1787,(direct),(none),tablet,United States,Sacramento
0950533423538162266,1484855373,20170119,1,26.99,269.9,31,1249,(direct),(none),desktop,United States,Los Angeles
5483011806347502134,1484857128,20170119,1,31.38,313.8,41,747,(direct),(none),desktop,United States,Palo Alto
7908882748835077246,1484865190,20170119,1,37.18,371.8,49,1033,(direct),(none),desktop,United States,New York
8343235523660453315,1484834745,20170119,1,65.35,653.5,43,620,(direct),(none),desktop,United States,not available in demo dataset
0308396243566145332,1484843363,20170119,1,45.96,459.6,48,2095,(direct),(none),desktop,United States,not available in demo dataset
3765491629047320813,1484885557,20170119,1,23.99,239.89999999999998,46,2672,(direct),(none),desktop,United States,not available in demo dataset
9096520761663761535,1484846550,20170119,1,1036.55,10365.5,66,4178,(direct),(none),mobile,United States,not available in demo dataset
5309710556175093157,1484836978,20170119,1,80.96,809.5999999999999,67,1767,(direct),(none),desktop,United States,New York
8345665415010586104,1492192891,20170414,1,652.5,6525.0,8,190,(direct),(none),desktop,United States,San Francisco
4661880463561390701,1492219059,20170414,1,27.4,274.0,10,208,(direct),(none),desktop,United States,not available in demo dataset
0818860449344258953,1492198486,20170414,1,154.97,1549.7,11,274,(direct),(none),desktop,United States,San Jose
8895070637038003269,1492183646,20170414,1,19.59,195.9,10,214,(direct),(none),desktop,United States,New York
6904415728032094280,1492176755,20170414,1,37.39,373.9,10,196,(direct),(none),desktop,United States,Los Angeles
5375879042397621838,1492195324,20170414,1,36.19,361.9,13,1269,(direct),(none),desktop,United States,not available in demo dataset
8314880454483296591,1492182372,20170414,1,31.19,311.90000000000003,13,333,(direct),(none),desktop,United States,New York
8866035740350491393,1492188375,20170414,1,83.99,839.9,11,500,(direct),(none),desktop,United States,Sunnyvale
9366737913025963076,1492211756,20170414,1,4.99,49.900000000000006,14,794,(direct),(none),mobile,United States,not available in demo dataset
8617743471212010127,1492229034,20170414,1,44.99,449.90000000000003,12,329,(direct),(none),desktop,United States,not available in demo dataset
3264354418157735832,1492187200,20170414,1,88.41,884.0999999999999,12,563,(direct),(none),desktop,United States,Mountain View
4022281232635226320,1492209007,20170414,1,76.19,761.9,13,1142,(direct),(none),desktop,United States,San Francisco
9220403459070771293,1492215904,20170414,1,20.96,209.60000000000002,13,400,t.co,referral,desktop,United States,not available in demo dataset
7207269090239542768,1492212337,20170414,1,19.19,191.9,16,901,(direct),(none),desktop,United States,Mountain View
0271850397437998021,1492189611,20170414,1,23.99,239.89999999999998,16,822,google,organic,mobile,Canada,Toronto
7878351670032839098,1492196712,20170414,1,12.99,129.9,16,495,google,organic,desktop,United States,not available in demo dataset
553274180487420287,1492233591,20170414,1,82.96,829.5999999999999,15,397,(direct),(none),desktop,United States,not available in demo dataset
1453691519754231663,1492197231,20170414,1,68.6,686.0,15,1647,(direct),(none),desktop,United States,New York
6295250003347725316,1492214025,20170414,1,33.78,337.8,15,1381,(direct),(none),desktop,United States,not available in demo dataset
0533462479025888957,1492195009,20170414,1,36.62,366.2,17,565,(direct),(none),desktop,United States,Mountain View
8762203686823311307,1492225509,20170414,1,16.99,169.89999999999998,19,495,google,organic,mobile,United States,not available in demo dataset
6099980464352288562,1492212868,20170414,1,46.48,464.79999999999995,23,689,(direct),(none),desktop,United States,San Jose
5050263480914174678,1492195384,20170414,2,164.98,1649.8,22,538,(direct),(none),desktop,United States,New York
7813149961404844386,1492192900,20170414,1,63.59,635.9000000000001,23,1946,(direct),(none),desktop,United States,not available in demo dataset
2792057465919995145,1492205159,20170414,1,41.98,419.79999999999995,25,917,google,organic,desktop,United States,not available in demo dataset
4531247843823782323,1492187661,20170414,1,528.05,5280.5,22,1520,google,organic,desktop,United States,not available in demo dataset
781232080470154469,1492191710,20170414,1,24.99,249.89999999999998,26,847,(direct),(none),desktop,United States,Santa Clara
2110584778013739100,1492185805,20170414,1,161.0,1610.0,21,426,(direct),(none),desktop,United States,Goose Creek
5762152296727527902,1492190865,20170414,2,51.98,519.8,25,745,google,organic,desktop,United States,Seattle
5013441016621351326,1492198690,20170414,1,98.36,983.6,25,1124,(direct),(none),desktop,United States,Mountain View
4125169582093788540,1492195574,20170414,1,17.99,179.89999999999998,30,2783,google,organic,mobile,United States,San Francisco
5846746370544767584,1492173720,20170414,1,38.28,382.8,31,1166,google,organic,desktop,United States,not available in demo dataset
7624531134410931401,1492223915,20170414,1,127.97,1279.7,33,2024,google,cpc,mobile,United States,San Jose
9381613889924165775,1492192832,20170414,1,20.0,200.0,31,851,google,organic,desktop,United States,not available in demo dataset
0110237584337011595,1492186586,20170414,1,1960.55,19605.5,36,1261,(direct),(none),desktop,United States,Seattle
9441031549900042682,1492196546,20170414,1,71.31,713.1,43,1300,(direct),(none),desktop,United States,New York
3374717573841647831,1492221796,20170414,1,32.67,326.70000000000005,43,2314,yahoo,organic,desktop,United States,Los Angeles
7314335149820317906,1492206436,20170414,1,101.78,1017.8,48,1014,(direct),(none),desktop,United States,Seattle
1997401331704594416,1492189054,20170414,1,138.88,1388.8,114,3390,siliconvalley.about.com,referral,desktop,United States,San Jose
403789659645595849,1498688885,20170628,1,41.98,419.79999999999995,13,236,google,organic,desktop,United States,Austin
9940848760323603762,1498695679,20170628,1,20.19,201.9,16,360,google,organic,desktop,United States,San Francisco
8819842572136871109,1498694642,20170628,1,77.46,774.5999999999999,21,1747,google,cpc,desktop,United States,Los Angeles
7786496751068018925,1498681995,20170628,1,34.05,340.5,26,766,(direct),(none),desktop,United States,Mountain View
582129409932854437,1498700834,20170628,1,23.99,239.89999999999998,26,1370,google,organic,desktop,United States,New York
8410353231365247459,1498656697,20170628,1,73.76,737.6,24,992,(direct),(none),desktop,United States,Mountain View
0744210830143973631,1498714507,20170628,1,23.02,230.2,25,756,google,cpc,desktop,United States,Mountain View
277630796350055956,1498711811,20170628,1,67.07,670.6999999999999,24,1698,(direct),(none),desktop,United States,Mountain View
8005660040592987731,1498651340,20170628,1,29.78,297.8,26,842,(direct),(none),desktop,United States,not available in demo dataset
8693462511450231969,1498692809,20170628,1,105.59,1055.9,34,3170,google,organic,desktop,United States,not available in demo dataset
0126511061239826414,1498704129,20170628,1,356.11,3561.1000000000004,36,2269,google,organic,desktop,United States,not available in demo dataset
0304674693006681857,1498670149,20170628,1,39.56,395.6,29,668,(direct),(none),desktop,United States,Mountain View
8673797451868502971,1498695486,20170628,1,69.79,697.9000000000001,38,1345,(direct),(none),desktop,United States,Seattle
0774513448429124063,1498678549,20170628,1,457.63,4576.3,37,777,(direct),(none),mobile,United States,not available in demo dataset
4604965471651937146,1498684104,20170628,1,4289.7,42897.0,38,1168,(direct),(none),desktop,United States,San Francisco
8202388090302209552,1498668393,20170628,1,153.91,1539.1,45,1285,(direct),(none),desktop,United States,not available in demo dataset
3811054203560571366,1498694656,20170628,1,64.53,645.3,57,2308,(direct),(none),desktop,United States,San Jose
7933171750259720017,1498669115,20170628,1,167.74,1677.4,99,6957,google,organic,desktop,United States,not available in demo dataset
1957458976293878100,1498670564,20170628,1,2499.0,24990.0,11,118,dfa,cpm,desktop,United States,not available in demo dataset
8185162201902372556,1498686949,20170628,1,24.38,243.79999999999998,12,517,google,organic,desktop,United States,Kansas City
3130936952600859212,1498678530,20170628,1,87.85,878.5,11,211,(direct),(none),desktop,United States,Chicago
5610138388014426399,1498663309,20170628,1,20.0,200.0,13,714,google,organic,desktop,United States,not available in demo dataset
9546428836895358892,1498663008,20170628,1,14.99,149.9,15,299,(direct),(none),desktop,United States,not available in demo dataset
331726548434689533,1498683271,20170628,1,21.99,219.89999999999998,15,1392,(direct),(none),tablet,United States,Los Angeles
958836049624560006,1498659027,20170628,1,31.19,311.90000000000003,14,365,(direct),(none),desktop,United States,Ann Arbor
2180515369167502520,1498663407,20170628,1,21.99,219.89999999999998,14,457,(direct),(none),desktop,United States,not available in demo dataset
0969777692857274703,1498689572,20170628,1,42.41,424.09999999999997,16,528,(direct),(none),desktop,United States,Washington
8481119688738735207,1498693912,20170628,1,43.99,439.90000000000003,15,807,(direct),(none),desktop,United States,not available in demo dataset
9171091809243293607,1498671468,20170628,1,18.29,182.89999999999998,15,589,google,organic,desktop,United States,San Diego
667466244691499033,1498673289,20170628,1,87.64,876.4,14,461,(direct),(none),desktop,United States,Los Angeles
377447207002641791,1498657633,20170628,1,32.99,329.90000000000003,16,468,google,organic,desktop,United States,not available in demo dataset
8452979952112356529,1484398743,20170114,1,51.97,519.7,21,470,(direct),(none),desktop,Hong Kong,not available in demo dataset
9505279375401532282,1484443678,20170114,1,14.99,149.9,27,1297,(direct),(none),mobile,United States,not available in demo dataset
512376512516526849,1484413414,20170114,1,14.99,149.9,25,1685,(direct),(none),mobile,United States,not available in demo dataset
0117006987850476291,1484462565,20170114,1,6.98,69.80000000000001,27,472,(direct),(none),mobile,United States,San Francisco
2478354346693137452,1484462123,20170114,1,20.18,201.8,26,896,(direct),(none),desktop,United States,New York
5811515226534313470,1484406696,20170114,1,98.97,989.7,35,790,(direct),(none),desktop,United States,not available in demo dataset
5847645820531531550,1484407885,20170114,1,27.98,279.8,40,3193,(direct),(none),desktop,United States,not available in demo dataset
7703634562564929325,1484404138,20170114,1,199.93,1999.3000000000002,42,1140,dfa,cpm,mobile,United States,New York
173863901552294318,1484399835,20170114,1,114.16,1141.6,53,1243,dfa,cpm,desktop,United States,New York
0932061680533450083,1484424982,20170114,1,19.99,199.89999999999998,14,250,(direct),(none),desktop,United States,not available in demo dataset
1201830545807654637,1484453948,20170114,1,17.99,179.89999999999998,18,367,(direct),(none),desktop,United States,Sunnyvale
3519741939483828661,1487262855,20170216,1,36.59,365.90000000000003,8,299,(direct),(none),desktop,United States,Mountain View
5543720275163396146,1487279645,20170216,1,13.9,139.0,10,281,google,organic,desktop,United States,San Francisco
0457069299190177448,1487270537,20170216,1,48.99,489.90000000000003,11,371,(direct),(none),desktop,United States,Sunnyvale
3632156005952506969,1487296297,20170216,1,25.99,259.9,13,498,l.facebook.com,referral,desktop,United States,Mountain View
4812300528361483779,1487305910,20170216,1,495.93,4959.3,14,245,(direct),(none),desktop,United States,not available in demo dataset
8241534264339644155,1487257625,20170216,1,43.99,439.90000000000003,15,352,(direct),(none),tablet,United States,not available in demo dataset
5189398404527635970,1487285487,20170216,1,29.18,291.8,12,898,(direct),(none),desktop,United States,Los Angeles
3939381864309559028,1487263689,20170216,1,107.78,1077.8,15,238,google,organic,desktop,United States,Mountain View
6997840417339284915,1487271998,20170216,1,28.99,289.9,15,281,google,organic,mobile,United States,not available in demo dataset
3312961883012111762,1487278635,20170216,1,38.59,385.90000000000003,15,369,groups.google.com,referral,desktop,United States,Mountain View
2627365926426456189,1487267852,20170216,1,92.98,929.8000000000001,17,295,(direct),(none),desktop,United States,San Francisco
3190679366721791608,1487258444,20170216,1,28.73,287.3,20,356,(direct),(none),desktop,United States,Cambridge
2371906231211457127,1487282469,20170216,1,453.43,4534.3,21,1333,dfa,cpm,desktop,United States,Los Angeles
0156140817362296281,1487265657,20170216,1,17.99,179.89999999999998,21,500,google,organic,desktop,United States,not available in demo dataset
8154924519171024692,1487260001,20170216,1,84.19,841.9,25,1058,(direct),(none),desktop,United States,Mountain View
7420043202908382961,1487283108,20170216,1,20.99,209.89999999999998,25,922,google,organic,desktop,United States,not available in demo dataset
575603546892390824,1487301728,20170216,1,61.99,619.9,24,2021,(direct),(none),desktop,United States,New York
2517364798811740879,1487267605,20170216,1,470.79,4707.900000000001,26,981,(direct),(none),desktop,United States,not available in demo dataset
260404193548201384,1487262799,20170216,1,28.98,289.8,31,2909,google,cpc,mobile,United States,San Francisco
5835418306887672621,1487261706,20170216,1,27.49,274.9,36,2602,google,organic,desktop,Canada,not available in demo dataset
364162594599982277,1487261845,20170216,1,613.6,6136.0,33,1092,(direct),(none),desktop,United States,not available in demo dataset
8434622228747679141,1487288239,20170216,2,59.17,591.7,37,726,google,organic,desktop,United States,Austin
5016991063952873642,1487249221,20170216,1,47.48,474.79999999999995,20,600,google,organic,mobile,United States,Houston
52868681653220057,1487247308,20170216,1,48.97,489.7,42,2040,(direct),(none),mobile,United States,not available in demo dataset
8607094794616630053,1487300363,20170216,1,30.96,309.6,36,871,google,organic,tablet,United States,not available in demo dataset
0405613301455395523,1487268763,20170216,2,138.38,1383.8,42,1012,google,organic,desktop,United States,New York
7077546092404787998,1487264656,20170216,1,103.9,1039.0,36,753,google,organic,desktop,United States,not available in demo dataset
1783799156295580451,1487271351,20170216,1,137.97,1379.7,42,1500,google,organic,desktop,United States,not available in demo dataset
2341873268573140480,1487278130,20170216,1,13.98,139.8,43,1284,(direct),(none),desktop,United States,not available in demo dataset
3835134197841326255,1487265868,20170216,1,1221.75,12217.5,42,673,(direct),(none),desktop,United States,Cambridge
5349155616428631188,1487273493,20170216,1,1268.4,12684.0,47,1311,(direct),(none),desktop,United States,New York
3329734681034119907,1487267457,20170216,1,76.93,769.3000000000001,72,1299,google,organic,desktop,United States,not available in demo dataset
0509972280802528263,1501621191,20170801,1,40.29,402.9,5,56,(direct),(none),desktop,United States,Mountain View
7771285007340524144,1501612542,20170801,1,30.43,304.3,11,212,(direct),(none),desktop,United States,Mountain View
4417987816137194149,1501599317,20170801,1,2.99,29.900000000000002,14,559,(direct),(none),desktop,United States,not available in demo dataset
5835011534221003810,1501620679,20170801,1,22.29,222.89999999999998,14,237,(direct),(none),desktop,United States,not available in demo dataset
024507252193437459,1501595478,20170801,1,17.96,179.60000000000002,16,1474,mail.google.com,referral,desktop,United States,New York
1311003026247678016,1501623509,20170801,1,41.5,415.0,14,1721,(direct),(none),desktop,United States,New York
454845221896711463,1501608216,20170801,1,209.0,2090.0,13,713,(direct),(none),desktop,United States,not available in demo dataset
8730493892218660083,1501625561,20170801,1,49.67,496.70000000000005,16,1114,(direct),(none),desktop,United States,Mountain View
1685335291483410828,1501613798,20170801,1,5.99,59.900000000000006,18,1145,(direct),(none),mobile,Finland,not available in demo dataset
9591202457292182670,1501605135,20170801,1,32.79,327.9,18,966,(direct),(none),desktop,United States,Ann Arbor
1996186587769697436,1501599524,20170801,1,50.64,506.4,15,401,(direct),(none),desktop,United States,Seattle
698297406423033664,1501615059,20170801,1,58.0,580.0,16,647,(direct),(none),desktop,United States,Santa Clara
0815047945706399620,1501612980,20170801,1,51.77,517.7,16,662,(direct),(none),desktop,United States,Chicago
4871061239735971842,1501604340,20170801,1,354.14,3541.3999999999996,18,950,(direct),(none),desktop,United States,New York
7311242886083854158,1501623886,20170801,1,985.73,9857.3,17,627,(direct),(none),desktop,United States,Chicago
0377506370870345639,1501608387,20170801,1,46.0,460.0,24,628,(direct),(none),desktop,United States,Mountain View
3891707253957252733,1501608622,20170801,1,30.4,304.0,20,278,(direct),(none),desktop,United States,Washington
7420300501523012460,1501640730,20170801,1,173.9,1739.0,21,2011,(direct),(none),desktop,United States,New York
654736404761929369,1501608543,20170801,1,34.0,340.0,22,936,(direct),(none),desktop,United States,Mountain View
3614707430894059857,1501625621,20170801,1,83.48,834.8000000000001,20,1133,(direct),(none),desktop,United States,not available in demo dataset
5371617068925994598,1501631449,20170801,1,238.53,2385.3,23,1414,(direct),(none),desktop,United States,Atlanta
1255368394012652243,1501600612,20170801,1,71.19,711.9,20,336,(direct),(none),desktop,United States,Redmond
2008785002910996057,1501614663,20170801,1,165.14,1651.3999999999999,20,846,(direct),(none),desktop,United States,New York
2284555599203977570,1501605244,20170801,1,49.22,492.2,23,794,(direct),(none),desktop,United States,not available in demo dataset
8841197329105123740,1501620486,20170801,1,54.54,545.4,25,761,(direct),(none),desktop,United States,Mountain View
03717831825503026,1501641303,20170801,1,19.29,192.89999999999998,29,1005,(direct),(none),mobile,United States,not available in demo dataset
6403816382362616234,1501609268,20170801,1,137.07,1370.6999999999998,31,3156,(direct),(none),desktop,United States,Austin
9800325346437826374,1501641559,20170801,1,35.58,355.79999999999995,27,693,(direct),(none),desktop,United States,Sunnyvale
8719058463049309640,1501602101,20170801,1,315.38,3153.8,27,840,(direct),(none),desktop,United States,New York
8726813153683135107,1501597062,20170801,1,50.79,507.9,28,2171,(direct),(none),desktop,United States,Cambridge
0843143557737586340,1501614315,20170801,1,32.76,327.59999999999997,28,639,(direct),(none),desktop,United States,San Francisco
0126612099954375841,1501606687,20170801,1,1006.78,10067.8,32,1222,(direct),(none),desktop,United States,not available in demo dataset
9008243837280281377,1501624252,20170801,1,178.39,1783.8999999999999,34,852,(direct),(none),desktop,United States,Sunnyvale
0188308435688462855,1501651868,20170801,1,34.79,347.9,40,1546,(direct),(none),desktop,United States,Sunnyvale
3424918216070852195,1501596661,20170801,1,41.31,413.1,43,4345,(direct),(none),desktop,United States,New York
891256389600004515,1501646467,20170801,1,150.69,1506.9,42,1689,(direct),(none),desktop,United States,New York
351681171177883933,1501598702,20170801,1,57.0,570.0,45,4885,(direct),(none),desktop,United States,New York
720378073621403524,1501603468,20170801,1,48.85,488.5,52,2025,(direct),(none),desktop,United States,not available in demo dataset
5772921781547143127,1501628356,20170801,2,400.96,4009.6,48,1827,(direct),(none),desktop,United States,Chicago
3101662058536674321,1501647149,20170801,1,6.99,69.9,58,1685,(direct),(none),desktop,United States,not available in demo dataset
9308310352918219134,1501608078,20170801,1,2935.61,29356.100000000002,55,1572,(direct),(none),desktop,United States,San Francisco
7420300501523012460,1501627131,20170801,1,406.21,4062.1,112,4444,(direct),(none),desktop,United States,New York
8016003971239765913,1501623575,20170801,2,131.96,1319.6000000000001,106,3316,(direct),(none),desktop,United States,Sunnyvale
2618320847776659905,1493950456,20170504,1,17.63,176.29999999999998,8,159,(direct),(none),desktop,United States,New York
6720643639676411949,1493933177,20170504,1,27.19,271.90000000000003,8,97,(direct),(none),desktop,United States,Mountain View
7412836405745272778,1493926152,20170504,1,96.95,969.5,8,451,(direct),(none),desktop,United States,San Francisco
372706149688864468,1493903754,20170504,1,236.13,2361.3,10,434,(direct),(none),desktop,United States,not available in demo dataset
8444517007698550437,1493924823,20170504,1,37.59,375.90000000000003,10,205,(direct),(none),desktop,United States,San Francisco
8160051185492681700,1493917740,20170504,1,48.19,481.9,10,179,(direct),(none),desktop,United States,Ann Arbor
6545782400458878065,1493903893,20170504,1,44.99,449.90000000000003,11,311,(direct),(none),desktop,United States,not available in demo dataset
0211027870956680579,1493918570,20170504,1,43.99,439.90000000000003,12,394,(direct),(none),desktop,United States,Sunnyvale
487776113418404925,1493911336,20170504,1,40.59,405.90000000000003,12,236,(direct),(none),desktop,United States,New York
4924351208637717738,1493909267,20170504,1,34.59,345.90000000000003,12,291,groups.google.com,referral,desktop,United States,New York
4536077373458123773,1493923864,20170504,1,49.99,499.90000000000003,13,232,(direct),(none),desktop,United States,Boulder
631883605401031518,1493936896,20170504,1,38.28,382.8,13,479,google,organic,desktop,United States,not available in demo dataset
8200024559872067967,1493912932,20170504,1,38.59,385.90000000000003,14,297,groups.google.com,referral,desktop,Ireland,Dublin
3439925516647058668,1493959865,20170504,1,127.14,1271.4,14,582,(direct),(none),desktop,United States,San Jose
1915695559996088119,1493954654,20170504,1,56.97,569.7,14,496,google,organic,desktop,United States,not available in demo dataset
9550705733723196313,1493924376,20170504,1,39.59,395.90000000000003,14,337,(direct),(none),desktop,United States,not available in demo dataset
405641263394677056,1493926959,20170504,1,128.98,1289.8,12,389,(direct),(none),desktop,United States,not available in demo dataset
1685152054831161722,1493947909,20170504,1,48.99,489.90000000000003,15,439,(direct),(none),mobile,United States,San Francisco
6776660125553091121,1493947852,20170504,1,41.59,415.90000000000003,15,967,(direct),(none),desktop,United States,Mountain View
7522971304903482159,1493926074,20170504,1,39.59,395.90000000000003,15,638,(direct),(none),desktop,United States,Mountain View
8777961928768827238,1493929024,20170504,1,102.77,1027.7,15,402,groups.google.com,referral,desktop,United States,not available in demo dataset
9791901930361310595,1493930822,20170504,1,19.98,199.8,12,412,google,organic,mobile,United States,not available in demo dataset
8855872305889653694,1493930916,20170504,1,17.99,179.89999999999998,16,545,google,organic,mobile,United States,Phoenix
4704759198904427269,1493917553,20170504,1,51.38,513.8000000000001,14,412,(direct),(none),desktop,United States,Los Angeles
942937642907387316,1493924603,20170504,1,39.59,395.90000000000003,17,297,(direct),(none),desktop,United States,Boulder
8720828592415489216,1493935827,20170504,1,41.59,415.90000000000003,17,536,groups.google.com,referral,desktop,United States,Boulder
3616107560595202774,1493926365,20170504,1,187.72,1877.2,14,659,(direct),(none),desktop,United States,Palo Alto
1667607933860052004,1493938228,20170504,1,88.99,889.9,19,1412,(direct),(none),desktop,United States,not available in demo dataset
5130874190869518139,1493920891,20170504,1,103.77,1037.7,15,695,groups.google.com,referral,desktop,United States,Boulder
5735801117087440751,1493918051,20170504,1,98.35,983.5,20,915,(direct),(none),desktop,United States,Cambridge
7855520906498401439,1493916581,20170504,1,36.98,369.79999999999995,24,1725,(direct),(none),mobile,United States,Cupertino
8072259894939566931,1493934959,20170504,1,18.38,183.79999999999998,19,466,(direct),(none),desktop,United States,Seattle
5993570178392052498,1493908783,20170504,1,44.99,449.90000000000003,19,3463,(direct),(none),desktop,United States,New York
8852490676110541015,1493938769,20170504,1,46.98,469.79999999999995,20,655,(direct),(none),desktop,United States,San Bruno
9503612993189278427,1493916464,20170504,2,83.32,833.1999999999999,21,843,(direct),(none),desktop,United States,Mountain View
9389853808320852799,1493923674,20170504,1,107.47,1074.7,23,1118,google,organic,desktop,United States,Irvine
6527572324759944346,1493914448,20170504,1,116.42,1164.2,24,464,(direct),(none),desktop,United States,Seattle
1939626548556560921,1493913483,20170504,1,50.28,502.8,21,1052,(direct),(none),desktop,United States,not available in demo dataset
878092537405225336,1493949034,20170504,1,41.98,419.79999999999995,22,589,google,organic,desktop,United States,New York
191473448043211052,1493912060,20170504,1,95.97,959.7,28,556,google,organic,desktop,United States,not available in demo dataset
8482358096465271237,1493922491,20170504,1,74.36,743.6,24,488,google,organic,desktop,United States,Ann Arbor
9067286853388783670,1493907766,20170504,1,93.77,937.6999999999999,31,3767,google,organic,desktop,United States,not available in demo dataset
7495862194798259656,1493944105,20170504,1,67.38,673.8,29,810,(direct),(none),desktop,United States,New York
4556039598367991486,1493963686,20170504,1,116.51,1165.1000000000001,34,2141,(direct),(none),desktop,United States,San Jose
1071398867043685120,1493943431,20170504,1,53.18,531.8,36,1479,(direct),(none),desktop,United States,Sunnyvale
029617802319560280,1493928580,20170504,1,70.84,708.4000000000001,40,2427,t.co,referral,desktop,United States,not available in demo dataset
9541996968314639199,1493883584,20170504,1,63.21,632.1,45,1556,google,organic,desktop,United States,Sunnyvale
0364393857133608210,1493947629,20170504,1,169.7,1697.0,57,1529,(direct),(none),desktop,United States,not available in demo dataset
6587875124073983247,1485366233,20170125,1,24.99,249.89999999999998,15,324,(direct),(none),desktop,United States,not available in demo dataset
0869298894715045644,1485391219,20170125,1,62.99,629.9,18,325,(direct),(none),desktop,United States,not available in demo dataset
514517908760071241,1485384182,20170125,1,80.95,809.5,17,496,(direct),(none),desktop,United States,New York
4181284744732666111,1485382779,20170125,1,51.18,511.8,18,418,(direct),(none),desktop,United States,Mountain View
1270881807221511963,1485356334,20170125,1,113.98,1139.8,25,918,(direct),(none),desktop,United States,San Francisco
5779647444057786360,1485373505,20170125,1,51.37,513.6999999999999,19,1720,(direct),(none),desktop,United States,Cambridge
1555076387153706787,1485359576,20170125,1,22.49,224.89999999999998,26,807,(direct),(none),mobile,United States,Boston
0846909178011312417,1485382443,20170125,1,2.99,29.900000000000002,26,1494,(direct),(none),desktop,United States,not available in demo dataset
176005021706950083,1485386572,20170125,1,15.99,159.9,26,374,(direct),(none),desktop,United States,not available in demo dataset
5920338215143617287,1485361941,20170125,1,203.8,2038.0,26,665,(direct),(none),desktop,United States,Chicago
6578016208706520145,1485403264,20170125,1,10.98,109.80000000000001,35,1793,(direct),(none),desktop,United States,San Jose
6022725401734649731,1485389814,20170125,1,136.96,1369.6000000000001,30,1224,(direct),(none),desktop,United States,New York
8204948786772799314,1485358707,20170125,1,407.07,4070.7,37,881,(direct),(none),desktop,United States,New York
032685444859747984,1485389275,20170125,1,471.87,4718.7,39,1212,(direct),(none),desktop,United States,Phoenix
9894656893993782511,1485404785,20170125,1,26.95,269.5,51,1359,(direct),(none),desktop,United States,Mountain View
4659137506040378751,1485334784,20170125,1,19.48,194.8,36,657,(direct),(none),tablet,United States,not available in demo dataset
5136575351603788061,1485396658,20170125,1,31.47,314.7,47,992,(direct),(none),desktop,United States,not available in demo dataset
7001424081538361044,1485377315,20170125,1,414.49,4144.9,114,2610,(direct),(none),desktop,United States,(not set)
565056780083615308,1485347524,20170125,1,18.99,189.89999999999998,8,214,(direct),(none),desktop,United States,Philadelphia
9090173644074015025,1485402328,20170125,1,11.99,119.9,10,173,(direct),(none),mobile,United States,not available in demo dataset
5818907015155531907,1485398248,20170125,1,102.8,1028.0,9,160,(direct),(none),desktop,United States,Chicago
5818907015155531907,1485363477,20170125,1,85.8,858.0,9,578,(direct),(none),desktop,United States,Chicago
9591183428141040621,1485338720,20170125,1,15.98,159.8,11,480,(direct),(none),mobile,United States,not available in demo dataset
4353270075467470044,1485364853,20170125,1,51.79,517.9,11,140,(direct),(none),desktop,United States,not available in demo dataset
6897167392084877746,1485383389,20170125,1,60.99,609.9,11,881,(direct),(none),desktop,Canada,not available in demo dataset
8002426910576120967,1485365822,20170125,1,18.99,189.89999999999998,11,258,(direct),(none),mobile,United States,New York
5110726428801714241,1485355484,20170125,1,15.99,159.9,13,324,(direct),(none),mobile,United States,Chicago
2017847299139936256,1485381477,20170125,1,46.0,460.0,12,415,dfa,cpm,desktop,United States,not available in demo dataset
806304580282256912,1485392403,20170125,1,24.99,249.89999999999998,14,387,(direct),(none),desktop,United States,Mountain View
2754641781550794681,1485379628,20170125,1,22.97,229.7,14,271,(direct),(none),desktop,United States,not available in demo dataset
2087880022078046202,1485379213,20170125,1,24.99,249.89999999999998,14,699,bing,organic,desktop,United States,New York
5888716568893996188,1485374097,20170125,1,51.79,517.9,17,597,(direct),(none),desktop,United States,Mountain View
308402457029592335,1485369774,20170125,1,81.98,819.8000000000001,17,1237,(direct),(none),mobile,United States,Seattle
8092136662808852323,1485377642,20170125,1,69.38,693.8,15,428,(direct),(none),desktop,United States,Chicago
0395012696484203225,1484964281,20170120,1,120.98,1209.8,16,325,dfa,cpm,desktop,United States,Sunnyvale
8986179509991315962,1484943301,20170120,1,31.37,313.7,16,266,(direct),(none),desktop,United States,Cambridge
9293575840819435961,1484925366,20170120,1,28.99,289.9,17,652,(direct),(none),desktop,United States,not available in demo dataset
6759210140407313473,1484926947,20170120,1,33.99,339.90000000000003,19,1220,(direct),(none),desktop,United States,not available in demo dataset
1940236239352027930,1484980553,20170120,1,94.98,949.8000000000001,20,993,(direct),(none),mobile,United States,not available in demo dataset
6136082397319101415,1484964400,20170120,1,43.59,435.90000000000003,22,1073,(direct),(none),desktop,United States,Mountain View
2678017605977262322,1484937964,20170120,1,106.78,1067.8,24,507,(direct),(none),desktop,United States,Seattle
2002941584451367020,1484944068,20170120,2,76.39,763.9,28,603,(direct),(none),desktop,United States,not available in demo dataset
372706149688864468,1484942330,20170120,2,892.8,8928.0,28,4573,(direct),(none),desktop,United States,not available in demo dataset
3769216008640439142,1484958560,20170120,1,6.48,64.80000000000001,26,655,(direct),(none),desktop,United States,San Francisco
2564270479700333184,1484919605,20170120,1,82.17,821.7,25,240,(direct),(none),desktop,United States,not available in demo dataset
3500249170758628509,1484973095,20170120,1,132.76,1327.6,30,793,(direct),(none),desktop,United States,not available in demo dataset
5037208788065339806,1484958567,20170120,1,22.34,223.4,32,1114,(direct),(none),desktop,United States,Mountain View
5426533618446479401,1484957767,20170120,1,37.18,371.8,35,1136,(direct),(none),desktop,United States,New York
5857188717292018913,1484958180,20170120,1,81.99,819.9,31,1784,(direct),(none),desktop,United States,not available in demo dataset
9884208408379950496,1484977699,20170120,1,198.91,1989.1,45,461,(direct),(none),desktop,United States,(not set)
2443130648849063586,1484930136,20170120,1,44.77,447.70000000000005,71,2405,(direct),(none),desktop,United States,Mountain View
4677742971872821654,1484927958,20170120,1,802.7,8027.0,110,4649,(direct),(none),desktop,United States,not available in demo dataset
9263921253881961615,1486225887,20170204,1,13.39,133.9,9,163,(direct),(none),desktop,United States,not available in demo dataset
1224675976671171079,1486233245,20170204,1,58.99,589.9,10,289,(direct),(none),desktop,United States,not available in demo dataset
8099100389239339471,1486249583,20170204,1,62.97,629.7,23,867,(direct),(none),desktop,United States,not available in demo dataset
9218407649546437318,1486231965,20170204,1,113.99,1139.8999999999999,30,1347,(direct),(none),mobile,United States,not available in demo dataset
160507326253742421,1486231286,20170204,1,29.97,299.7,31,1285,(direct),(none),mobile,United States,not available in demo dataset
1714224568602115388,1486231827,20170204,1,48.98,489.79999999999995,31,1246,(direct),(none),mobile,United States,not available in demo dataset
2636295502284881140,1486233879,20170204,1,15.97,159.70000000000002,29,535,(direct),(none),desktop,United States,not available in demo dataset
4263101733222626989,1486236129,20170204,1,44.57,445.7,30,891,(direct),(none),desktop,United States,not available in demo dataset
0596169222611729599,1486248782,20170204,1,24.99,249.89999999999998,30,2047,(direct),(none),mobile,United States,not available in demo dataset
4148567392230462153,1486257997,20170204,1,11.97,119.7,33,1970,(direct),(none),desktop,Canada,not available in demo dataset
9156564036943742267,1486231764,20170204,1,18.97,189.7,33,637,(direct),(none),desktop,United States,San Jose
8305810804832778221,1486242223,20170204,1,279.91,2799.1000000000004,39,668,(direct),(none),desktop,United States,San Francisco
3022821826736981569,1486268237,20170204,1,157.76,1577.6,37,1188,(direct),(none),desktop,United States,not available in demo dataset
8214456767333378973,1486241717,20170204,1,146.9,1469.0,65,1287,(direct),(none),desktop,United States,San Jose
2801499422088453532,1489136757,20170310,1,1054.0,10540.0,2,139,google,organic,desktop,Japan,not available in demo dataset
1646747992905805330,1489183762,20170310,1,36.57,365.7,11,162,google,organic,desktop,United States,Chicago
9238627988469145785,1489182188,20170310,1,25.59,255.9,12,189,(direct),(none),desktop,United States,San Francisco
2536748109553034322,1489164550,20170310,1,12.98,129.8,11,361,(direct),(none),mobile,United States,Los Angeles
759913108523269841,1489183475,20170310,1,72.19,721.9,15,369,(direct),(none),desktop,United States,Santa Clara
6766852274145624203,1489176873,20170310,1,36.98,369.79999999999995,14,358,(direct),(none),desktop,United States,Chicago
9846359776693659031,1489165850,20170310,1,23.59,235.9,17,903,(direct),(none),desktop,United States,New York
3764170977560568314,1489165590,20170310,1,36.18,361.8,14,956,(direct),(none),desktop,United States,Cambridge
4066299647455540337,1489169777,20170310,1,13.39,133.9,16,222,(direct),(none),desktop,United States,Cambridge
6803371393192136951,1489175553,20170310,1,4.49,44.900000000000006,15,265,google,organic,desktop,United States,not available in demo dataset
7813149961404844386,1489172289,20170310,1,139.97,1399.7,18,429,(direct),(none),desktop,United States,Salem
0377374830135310453,1489197879,20170310,1,30.99,309.9,19,1133,google,organic,desktop,United States,not available in demo dataset
1091802616723319272,1489175939,20170310,1,530.55,5305.5,16,595,(direct),(none),desktop,United States,New York
4774637035965571033,1489178839,20170310,1,23.99,239.89999999999998,19,261,(direct),(none),desktop,United States,New York
6006657047016577071,1489160281,20170310,1,98.14,981.4,19,540,(direct),(none),desktop,United States,not available in demo dataset
1492792022571405239,1489210577,20170310,1,118.8,1188.0,21,392,(direct),(none),desktop,United States,New York
7256273857089897633,1489182131,20170310,1,20.59,205.9,23,1882,(direct),(none),desktop,United States,Santa Clara
8726963264231955599,1489175374,20170310,1,28.19,281.90000000000003,22,1750,(direct),(none),desktop,United States,New York
4100254762425335988,1489164958,20170310,1,49.53,495.3,23,531,(direct),(none),desktop,United States,not available in demo dataset
4100254762425335988,1489160019,20170310,1,41.74,417.40000000000003,25,786,(direct),(none),desktop,United States,not available in demo dataset
057216119262557235,1489156601,20170310,1,326.25,3262.5,31,1111,(direct),(none),desktop,United States,New York
1721806610766296421,1489187190,20170310,1,48.19,481.9,28,1411,(direct),(none),desktop,United States,Kirkland
7976621551830058686,1489190595,20170310,1,51.97,519.7,35,1613,yahoo,organic,desktop,United States,not available in demo dataset
3529021574881130911,1489133639,20170310,1,80.38,803.8,29,873,(direct),(none),desktop,United States,Kirkland
773808986747306437,1489182816,20170310,1,30.98,309.8,41,1639,google,organic,desktop,United States,not available in demo dataset
0752227123296140158,1489174751,20170310,1,22.45,224.5,44,1379,google,organic,desktop,United States,not available in demo dataset
9127648314670892401,1489182024,20170310,1,1106.0,11060.0,49,811,(direct),(none),desktop,United States,Los Angeles
3133737594655532095,1489209327,20170310,1,95.94,959.4,42,668,(direct),(none),desktop,United States,New York
8894186086393552891,1489195765,20170310,1,11.96,119.60000000000001,34,1235,(direct),(none),mobile,United States,not available in demo dataset
2689318104904444038,1489205662,20170310,1,263.9,2639.0,61,1494,(direct),(none),desktop,United States,Mountain View
1618884882553763938,1489204968,20170310,1,148.9,1489.0,53,1824,(direct),(none),desktop,United States,San Francisco
1709922121501026166,1489149223,20170310,1,257.0,2570.0,81,4335,google.com,referral,mobile,United States,not available in demo dataset
875793319247047495,1496071663,20170529,1,16.59,165.9,13,327,(direct),(none),desktop,Canada,San Francisco
8043915706646697572,1496091621,20170529,1,55.97,559.7,13,214,(direct),(none),desktop,United States,Mountain View
5826166060122171191,1496105892,20170529,1,103.7,1037.0,14,1182,(direct),(none),desktop,United States,not available in demo dataset
4458329221243726234,1496087028,20170529,1,50.38,503.8,13,255,(direct),(none),desktop,United States,not available in demo dataset
0994272213284505294,1496120385,20170529,1,49.99,499.90000000000003,14,431,facebook.com,referral,desktop,Canada,not available in demo dataset
4199946232412788468,1496118015,20170529,1,69.96,699.5999999999999,15,962,google,organic,desktop,United States,not available in demo dataset
3171569265705804808,1496105590,20170529,1,31.82,318.2,16,808,google,organic,desktop,United States,not available in demo dataset
472971982753353098,1496084992,20170529,1,34.18,341.8,17,447,(direct),(none),desktop,United States,New York
4068234234266916182,1496065279,20170529,1,65.06,650.6,14,1415,google,organic,desktop,Argentina,not available in demo dataset
4757786080947166229,1496083358,20170529,1,34.79,347.9,17,498,(direct),(none),mobile,United States,not available in demo dataset
9525538709571335494,1496079243,20170529,1,22.39,223.9,27,511,google,organic,desktop,United States,not available in demo dataset
1135520399480349729,1496124292,20170529,1,25.98,259.8,27,424,(direct),(none),desktop,United States,Mountain View
0854188600885318735,1496095219,20170529,1,64.2,642.0,24,952,google,cpc,desktop,United States,San Jose
2535119751950226175,1496094188,20170529,1,48.77,487.70000000000005,28,1164,(direct),(none),desktop,United States,not available in demo dataset
9341891163458549514,1496082862,20170529,1,338.11,3381.1000000000004,34,907,(direct),(none),desktop,United States,not available in demo dataset
4876602137205445870,1496079580,20170529,1,110.56,1105.6,73,1421,google,organic,desktop,United States,Jersey City
9820981713611818804,1496109097,20170529,1,64.52,645.1999999999999,77,1198,(direct),(none),desktop,United States,not available in demo dataset
3855473804472998317,1496085413,20170529,1,134.37,1343.7,118,4389,(direct),(none),desktop,United States,Los Angeles
6679257213449754553,1492267246,20170415,1,13.96,139.60000000000002,14,639,(direct),(none),tablet,United States,not available in demo dataset
6722355366831429055,1492308136,20170415,1,53.79,537.9,15,912,(direct),(none),desktop,United States,Sunnyvale
0538316939897477687,1492301942,20170415,1,9.99,99.9,23,881,google,organic,desktop,United States,not available in demo dataset
3700684409504471842,1492291220,20170415,1,45.97,459.7,29,777,(direct),(none),desktop,United States,New York
9549544476728099943,1492284690,20170415,1,27.77,277.7,37,728,google,organic,desktop,United States,not available in demo dataset
1304842977479208896,1492321102,20170415,1,23.98,239.8,38,955,google,organic,desktop,United States,not available in demo dataset
9697396763466620407,1492314406,20170415,1,147.82,1478.1999999999998,48,2246,google,organic,desktop,United States,San Francisco
9971923779409622764,1495307157,20170520,1,27.97,279.7,9,622,(direct),(none),desktop,United States,not available in demo dataset
0886237172305079846,1495323674,20170520,1,7.99,79.9,10,284,(direct),(none),desktop,United States,not available in demo dataset
8021466760366947417,1495314081,20170520,1,11.99,119.9,11,791,(direct),(none),tablet,United States,not available in demo dataset
8265320001557604227,1495319301,20170520,1,13.99,139.9,11,595,(direct),(none),desktop,United States,Los Angeles
7839731383337024710,1495327322,20170520,1,10.99,109.9,11,248,(direct),(none),mobile,United States,not available in demo dataset
3009119663550878482,1495299435,20170520,1,9.99,99.9,11,489,(direct),(none),desktop,United States,not available in demo dataset
9556948295824706209,1495337539,20170520,1,7.99,79.9,12,252,(direct),(none),desktop,United States,not available in demo dataset
7955265300701242032,1495298424,20170520,1,17.98,179.8,12,612,(direct),(none),mobile,United States,not available in demo dataset
3061282390735516569,1495306450,20170520,1,22.98,229.8,12,773,(direct),(none),desktop,United States,San Jose
8764063470465485753,1495296937,20170520,1,14.99,149.9,13,392,(direct),(none),mobile,United States,not available in demo dataset
0859273880459089429,1495341784,20170520,1,26.28,262.8,13,399,(direct),(none),desktop,United States,Sunnyvale
0148919186298580226,1495312812,20170520,1,8.99,89.9,14,173,(direct),(none),desktop,United States,not available in demo dataset
0858059046468321718,1495291437,20170520,1,60.99,609.9,13,383,(direct),(none),desktop,United States,not available in demo dataset
2619633492044211273,1495292376,20170520,1,7.96,79.6,12,326,ask,organic,desktop,United States,not available in demo dataset
0409393961827380777,1495302606,20170520,1,13.99,139.9,16,675,(direct),(none),mobile,United States,not available in demo dataset
7392395871123801400,1495296476,20170520,1,14.97,149.70000000000002,18,384,(direct),(none),desktop,United States,not available in demo dataset
0975975497732415345,1495327600,20170520,1,63.98,639.8,16,296,(direct),(none),desktop,United States,not available in demo dataset
5336619974419440479,1495304918,20170520,1,13.99,139.9,20,669,google,cpc,mobile,United States,not available in demo dataset
1316642940221663736,1495326597,20170520,1,108.74,1087.3999999999999,19,503,google,organic,desktop,United States,not available in demo dataset
2166644959604649352,1495301410,20170520,1,15.98,159.8,19,372,bing,organic,mobile,United States,Sunnyvale
1049873581883188913,1495294148,20170520,1,12.98,129.8,17,425,google,organic,mobile,United States,New York
6132407713411411052,1495298095,20170520,1,24.98,249.8,22,1203,m.facebook.com,referral,mobile,United States,not available in demo dataset
061548717459564263,1495313366,20170520,1,65.77,657.6999999999999,18,518,(direct),(none),desktop,United States,not available in demo dataset
4081895043014351508,1495333130,20170520,1,18.98,189.8,26,869,google,cpc,desktop,United States,Houston
6925331235673331081,1495340124,20170520,1,58.96,589.6,27,660,google,cpc,desktop,United States,Sunnyvale
4339698568683618436,1495299909,20170520,1,11.96,119.60000000000001,18,319,(direct),(none),desktop,United States,not available in demo dataset
6984664807825476732,1495294015,20170520,1,31.19,311.90000000000003,32,2389,(direct),(none),desktop,United States,San Francisco
6085227967956663557,1495303617,20170520,1,21.79,217.89999999999998,37,1322,(direct),(none),desktop,United States,not available in demo dataset
6546857129496008623,1495324659,20170520,1,27.27,272.7,49,3797,(direct),(none),desktop,United States,not available in demo dataset
8197879643797712877,1495281036,20170520,1,312.78,3127.7999999999997,47,2410,(direct),(none),desktop,United States,not available in demo dataset
2420397679231012493,1490280153,20170323,1,30.98,309.8,8,369,google,organic,desktop,Ukraine,not available in demo dataset
1672614276054120363,1490321651,20170323,1,166.68,1666.8000000000002,13,299,(direct),(none),desktop,United States,not available in demo dataset
2936976853577355487,1490310829,20170323,1,85.19,851.9,15,411,(direct),(none),desktop,United States,Mountain View
5971687779393280751,1490330744,20170323,1,36.98,369.79999999999995,13,695,(direct),(none),desktop,United States,San Francisco
2969957690756250633,1490305208,20170323,1,4200.5,42005.0,14,1126,google,organic,desktop,United States,San Francisco
4137166370863238915,1490297481,20170323,1,64.96,649.5999999999999,21,1418,google,organic,desktop,United States,Mountain View
8274321599109591674,1490291975,20170323,1,1455.0,14550.0,17,2105,(direct),(none),desktop,United States,not available in demo dataset
1238913964603377291,1490302173,20170323,1,22.19,221.9,21,546,google,organic,desktop,United States,New York
0738493091551467122,1490300245,20170323,1,350.28,3502.7999999999997,22,656,(direct),(none),desktop,United States,Sunnyvale
9236937732573035200,1490284398,20170323,1,536.55,5365.5,25,733,(direct),(none),desktop,United States,Cambridge
1704063406667441937,1490289742,20170323,1,22.99,229.89999999999998,28,1724,google,organic,desktop,United States,not available in demo dataset
822991725683805208,1490298704,20170323,1,123.93,1239.3000000000002,22,375,(direct),(none),desktop,United States,San Francisco
4928792811032177502,1490320163,20170323,1,79.16,791.5999999999999,29,757,(direct),(none),desktop,United States,Atlanta
7704838802929652478,1490291809,20170323,1,105.57,1055.6999999999998,25,507,google,organic,desktop,United States,San Jose
3689455923152943810,1490277980,20170323,1,104.54,1045.4,30,640,(direct),(none),desktop,United States,not available in demo dataset
034988778973749269,1490297576,20170323,1,33.98,339.79999999999995,39,2474,google,organic,desktop,United States,New York
5535488940465065287,1490281798,20170323,1,69.57,695.6999999999999,33,830,(direct),(none),desktop,United States,(not set)
0554657701286789547,1490277871,20170323,1,66.95,669.5,35,982,(direct),(none),desktop,United States,New York
6645347207310315044,1490309317,20170323,1,50.96,509.6,45,1491,google,organic,mobile,United States,not available in demo dataset
9106581677989439015,1490289237,20170323,1,17.19,171.9,49,1214,(direct),(none),desktop,United States,not available in demo dataset
3981877997953574579,1490297477,20170323,1,157.7,1577.0,50,1283,(direct),(none),desktop,United States,Austin
9672097680372886188,1490301170,20170323,1,142.78,1427.8,50,1471,(direct),(none),desktop,United States,Mountain View
2245682803169114905,1490292420,20170323,2,480.26,4802.6,51,3009,(direct),(none),desktop,United States,New York
7463172420271311409,1490324465,20170323,1,1104.69,11046.900000000001,65,1506,(direct),(none),desktop,United States,not available in demo dataset
6820200829240883942,1497713553,20170617,1,66.99,669.9,11,116,(direct),(none),desktop,United States,not available in demo dataset
543133542685191215,1497752780,20170617,1,21.95,219.5,12,418,(direct),(none),desktop,United States,not available in demo dataset
8155859003876028076,1497750718,20170617,1,22.99,229.89999999999998,14,614,(direct),(none),desktop,United States,New York
9717690429113938490,1497733039,20170617,1,11.5,115.0,13,349,(direct),(none),desktop,United States,not available in demo dataset
6616892388883131353,1497745554,20170617,1,38.39,383.9,14,361,(direct),(none),desktop,United States,not available in demo dataset
8403870234646174771,1497710763,20170617,1,18.59,185.9,16,966,(direct),(none),desktop,United States,New York
2805355288930230044,1497752264,20170617,1,51.79,517.9,15,1713,(direct),(none),desktop,United States,San Francisco
2376144863648346076,1497764532,20170617,1,47.41,474.09999999999997,18,2103,(direct),(none),desktop,United States,not available in demo dataset
4712475837504946789,1497709418,20170617,1,61.94,619.4,19,927,(direct),(none),desktop,United States,not available in demo dataset
8135224127864726768,1497698178,20170617,1,40.99,409.90000000000003,20,1813,(direct),(none),tablet,United States,not available in demo dataset
2584325239090818797,1497745953,20170617,1,14.99,149.9,18,488,(direct),(none),mobile,United States,not available in demo dataset
5438973470974624883,1497742145,20170617,1,78.46,784.5999999999999,21,1786,(direct),(none),desktop,United States,Redmond
9610282033684440542,1497734009,20170617,1,25.28,252.8,22,1183,(direct),(none),desktop,United States,not available in demo dataset
7697210138804043868,1497725812,20170617,1,71.43,714.3000000000001,19,850,(direct),(none),desktop,United States,Mountain View
1401438949602297317,1497726713,20170617,1,72.95,729.5,27,1463,dealspotr.com,referral,desktop,Canada,not available in demo dataset
9801630253390309535,1497766462,20170617,1,47.81,478.1,36,777,(direct),(none),desktop,United States,San Jose
3948936105865802619,1497737383,20170617,1,1272.19,12721.900000000001,47,3385,(direct),(none),desktop,United States,New York
9226278380512438191,1497707352,20170617,1,32.93,329.3,39,1193,(direct),(none),desktop,United States,not available in demo dataset
6247025136768010466,1496697338,20170605,1,102.97,1029.7,9,340,(direct),(none),desktop,United States,Chicago
3407395331246980159,1496686475,20170605,1,75.29,752.9000000000001,11,373,google,organic,desktop,United States,not available in demo dataset
2219304947112530029,1496682898,20170605,1,27.78,277.8,12,412,(direct),(none),desktop,United States,New York
1139019058919826253,1496684170,20170605,1,199.4,1994.0,12,749,(direct),(none),desktop,United States,not available in demo dataset
655649189295800064,1496672753,20170605,1,51.37,513.6999999999999,13,420,(direct),(none),desktop,United States,Palo Alto
6404614194766697184,1496725238,20170605,1,22.99,229.89999999999998,14,859,google,organic,desktop,United States,San Jose
4869304818683909994,1496692230,20170605,1,20.11,201.1,12,301,(direct),(none),desktop,United States,Mountain View
8788548305613954215,1496684028,20170605,1,117.46,1174.6,15,430,(direct),(none),desktop,United States,Los Angeles
3051157493054148385,1496669302,20170605,1,7.99,79.9,12,149,(direct),(none),desktop,United States,not available in demo dataset
5201418842615044194,1496679022,20170605,1,9.5,95.0,14,1324,google,organic,mobile,United States,not available in demo dataset
4863941202505455588,1496678042,20170605,1,190.0,1900.0,11,757,(direct),(none),desktop,United States,New York
2767837775025125681,1496706756,20170605,1,13.97,139.70000000000002,15,405,google,organic,desktop,United States,Mountain View
1368203961991998767,1496687232,20170605,1,16.29,162.89999999999998,14,979,google,organic,desktop,United States,Austin
1543258820368301539,1496694970,20170605,1,306.75,3067.5,15,342,(direct),(none),desktop,United States,Irvine
2299755480895547316,1496712404,20170605,1,16.19,161.9,19,483,(direct),(none),desktop,United States,Sunnyvale
9712244099278864842,1496674423,20170605,1,10.99,109.9,17,421,(direct),(none),mobile,United States,not available in demo dataset
8458146080792747296,1496671910,20170605,1,221.7,2217.0,19,642,(direct),(none),desktop,United States,New York
8910230714986920649,1496667182,20170605,1,5.99,59.900000000000006,21,548,google,organic,desktop,United States,not available in demo dataset
5251862372013388986,1496722507,20170605,1,14.59,145.9,20,346,(direct),(none),desktop,United States,San Francisco
9764549242376534173,1496677378,20170605,1,109.58,1095.8,22,381,(direct),(none),desktop,United States,New York
1869599090210681270,1496702365,20170605,1,657.75,6577.5,23,3221,(direct),(none),desktop,United States,Mountain View
5196691607031491991,1496701429,20170605,1,27.9,279.0,24,674,google,organic,desktop,United States,not available in demo dataset
8839065493642053324,1496683872,20170605,1,105.94,1059.4,22,705,search.myway.com,referral,desktop,United States,not available in demo dataset
2507783848201963394,1496704540,20170605,1,39.92,399.20000000000005,23,925,google,organic,desktop,United States,New York
9668596499730980627,1496712685,20170605,1,33.97,339.7,20,630,(direct),(none),desktop,United States,Kirkland
3179753420864580633,1496705835,20170605,1,34.98,349.79999999999995,27,799,google,organic,mobile,United States,not available in demo dataset
5696607948314871944,1496692659,20170605,1,74.03,740.3,29,874,chat.google.com,referral,desktop,United States,not available in demo dataset
2577400805525289502,1496669301,20170605,1,60.58,605.8,25,765,(direct),(none),desktop,United States,New York
2702625863287953735,1496713697,20170605,1,60.19,601.9,37,1356,(direct),(none),desktop,United States,Mountain View
9067286853388783670,1496671572,20170605,1,114.54,1145.4,33,718,google,organic,desktop,United States,not available in demo dataset
8007564628670829915,1496715739,20170605,1,296.5,2965.0,32,818,(direct),(none),desktop,United States,New York
3400412339480337298,1496730286,20170605,1,85.99,859.9,32,633,(direct),(none),desktop,United States,San Francisco
8953846772945325755,1496695884,20170605,1,278.44,2784.4,37,1755,(direct),(none),desktop,United States,not available in demo dataset
6814131569143407041,1496666754,20170605,1,722.58,7225.8,41,1209,google,organic,desktop,United States,not available in demo dataset
5041110715755196949,1496711416,20170605,1,140.43,1404.3000000000002,50,4528,(direct),(none),desktop,United States,not available in demo dataset
2128287929750116366,1498621240,20170627,1,13.31,133.1,10,324,(direct),(none),desktop,United States,Sunnyvale
1160204963389257110,1498616092,20170627,1,16.19,161.9,11,274,(direct),(none),desktop,United States,not available in demo dataset
0014262055593378383,1498605303,20170627,1,15.51,155.1,11,309,(direct),(none),desktop,United States,not available in demo dataset
7308095176976751222,1498567062,20170627,1,324.24,3242.4,11,255,(direct),(none),desktop,United States,Ann Arbor
7606335731603327424,1498594415,20170627,1,15.59,155.9,12,281,(direct),(none),desktop,United States,not available in demo dataset
2885242437093283542,1498602990,20170627,1,17.99,179.89999999999998,12,211,(direct),(none),desktop,United States,Mountain View
6253727679164041606,1498595816,20170627,1,172.08,1720.8000000000002,11,245,(direct),(none),desktop,United States,New York
3859230004341473722,1498595336,20170627,1,50.58,505.79999999999995,10,381,(direct),(none),desktop,United States,Chicago
5357834743142863382,1498590533,20170627,1,21.99,219.89999999999998,15,1410,google,organic,desktop,United States,Irvine
1028027052924107685,1498576584,20170627,1,69.18,691.8000000000001,17,2068,(direct),(none),desktop,United States,Mountain View
4358918846442674981,1498590929,20170627,1,48.57,485.7,17,550,(direct),(none),desktop,United States,not available in demo dataset
1024805847071570490,1498570932,20170627,1,351.12,3511.2,13,403,google,organic,desktop,United States,not available in demo dataset
6139991270179769936,1498616969,20170627,1,107.48,1074.8,19,809,google,organic,desktop,United States,not available in demo dataset
0074650632244292633,1498576489,20170627,1,18.39,183.9,18,640,google,organic,desktop,United States,Mountain View
1056847391398046523,1498573651,20170627,1,184.94,1849.4,18,1199,(direct),(none),desktop,United States,New York
0413580391899416331,1498592936,20170627,1,34.19,341.9,20,521,(direct),(none),desktop,United States,New York
2548981301373576027,1498594507,20170627,1,30.58,305.79999999999995,17,433,google,organic,mobile,Greece,Athens
1922068803710051901,1498601550,20170627,1,36.99,369.90000000000003,22,1520,(direct),(none),desktop,United States,not available in demo dataset
0852801263780322,1498594489,20170627,1,80.0,800.0,22,675,(direct),(none),desktop,United States,Sunnyvale
5185645869012304658,1498596075,20170627,1,479.75,4797.5,22,1051,(direct),(none),desktop,United States,not available in demo dataset
5601331232035413778,1498549692,20170627,1,111.93,1119.3000000000002,24,987,google,organic,mobile,Taiwan,(not set)
9018439696824607924,1498620102,20170627,1,71.34,713.4000000000001,23,447,(direct),(none),desktop,United States,San Francisco
213465488216513322,1498583314,20170627,1,111.41,1114.1,24,753,(direct),(none),desktop,United States,Los Angeles
3257459878780605999,1498619561,20170627,1,86.84,868.4000000000001,21,576,google,organic,tablet,United States,San Antonio
6713105550821330971,1498588648,20170627,1,176.61,1766.1000000000001,29,1446,(direct),(none),desktop,United States,not available in demo dataset
5707589491690970706,1498574070,20170627,1,116.93,1169.3000000000002,29,1013,google,organic,desktop,United States,Washington
3818907842286090895,1498588698,20170627,1,9.97,99.7,35,928,(direct),(none),desktop,United States,Mountain View
9575515287846808484,1498616783,20170627,1,90.78,907.8,33,731,(direct),(none),desktop,United States,Mountain View
2689556653800639103,1498611522,20170627,1,162.23,1622.3,34,1138,(direct),(none),desktop,United States,San Bruno
8878494571203388231,1498586895,20170627,1,29.99,299.9,31,630,(direct),(none),desktop,United States,Cambridge
7610360596308606,1498575982,20170627,1,24.47,244.7,35,1014,(direct),(none),desktop,United States,not available in demo dataset
693079538830911094,1498588760,20170627,1,108.85,1088.5,33,2062,(direct),(none),desktop,United States,Seattle
3121391428402721372,1498588440,20170627,1,508.46,5084.599999999999,45,1834,google,organic,desktop,United States,not available in demo dataset
0220293028121038519,1498586733,20170627,1,26.98,269.8,45,1088,google,cpc,desktop,United States,not available in demo dataset
6413810286769822051,1498601077,20170627,1,75.38,753.8,38,644,(direct),(none),desktop,United States,not available in demo dataset
5858408190498927717,1498601399,20170627,1,26.89,268.9,45,1294,(direct),(none),desktop,United States,New York
3459203598537329972,1498608049,20170627,1,41.96,419.6,47,1162,google,organic,mobile,United States,San Jose
8021812938751479108,1498586957,20170627,1,76.07,760.6999999999999,60,3072,(direct),(none),desktop,United States,Sunnyvale
230415850493745117,1498610676,20170627,1,53.58,535.8,67,1430,(direct),(none),desktop,United States,San Francisco
2290248185384827567,1498620613,20170627,1,16.97,169.7,84,1706,google,organic,desktop,United States,not available in demo dataset
6539518527897980356,1484000332,20170109,1,20.99,209.89999999999998,8,308,(direct),(none),mobile,United States,not available in demo dataset
803888563485194008,1483989737,20170109,1,68.99,689.9,10,156,(direct),(none),desktop,United States,not available in demo dataset
4758916657085060917,1484002795,20170109,1,196.7,1967.0,11,262,(direct),(none),desktop,United States,Seattle
7818622582367990484,1483968781,20170109,1,108.99,1089.8999999999999,12,238,(direct),(none),desktop,United States,Chicago
4058506374393507952,1483998361,20170109,1,82.99,829.9,13,162,(direct),(none),desktop,United States,Austin
4391159742781809610,1484034947,20170109,1,56.99,569.9,14,221,(direct),(none),desktop,Singapore,(not set)
8056549664540866656,1484000273,20170109,1,50.79,507.9,16,470,(direct),(none),desktop,United States,Sunnyvale
4365809776716151144,1483988529,20170109,1,106.0,1060.0,13,275,dfa,cpm,desktop,United States,San Bruno
2332536676601903155,1483992301,20170109,1,35.98,359.79999999999995,20,1881,(direct),(none),desktop,United States,Houston
19814677684676098,1484015270,20170109,1,55.39,553.9,16,275,(direct),(none),desktop,United States,New York
1596912606849218999,1483974967,20170109,1,8.5,85.0,21,1096,(direct),(none),desktop,United States,New York
8022178122812724446,1483973961,20170109,1,47.1,471.0,17,484,(direct),(none),desktop,United States,not available in demo dataset
7788388085759905895,1483990544,20170109,1,243.6,2436.0,16,183,sites.google.com,referral,desktop,United States,not available in demo dataset
1336922403988607259,1483989371,20170109,1,33.18,331.8,21,341,(direct),(none),desktop,United States,New York
5017076577058711324,1483978646,20170109,1,338.4,3384.0,21,491,(direct),(none),desktop,United States,Chicago
0592466522618439413,1484027155,20170109,1,28.99,289.9,24,1053,(direct),(none),mobile,United States,not available in demo dataset
2814872551544320279,1483999908,20170109,1,111.99,1119.8999999999999,19,788,yahoo,organic,desktop,United States,not available in demo dataset
9619365002104387449,1483995410,20170109,1,120.92,1209.2,26,884,(direct),(none),desktop,United States,New York
155711517942843047,1484012596,20170109,1,1248.6,12486.0,24,859,(direct),(none),desktop,United States,Seattle
589243891238071459,1484021765,20170109,1,47.48,474.79999999999995,29,1559,(direct),(none),desktop,United States,New York
7804796494256061450,1484025649,20170109,1,27.45,274.5,29,444,dfa,cpm,mobile,United States,New York
9471810254016440991,1483984836,20170109,1,117.31,1173.1,29,748,(direct),(none),desktop,United States,not available in demo dataset
6381379755303153849,1484008342,20170109,1,36.98,369.79999999999995,30,2109,(direct),(none),mobile,United States,not available in demo dataset
2829963874275041366,1483986968,20170109,1,26.98,269.8,32,617,(direct),(none),desktop,United States,San Francisco
6379051489407304771,1484010104,20170109,1,26.98,269.8,31,814,(direct),(none),mobile,United States,not available in demo dataset
7266506425665550772,1483985944,20170109,1,1310.59,13105.9,31,1010,(direct),(none),desktop,United States,San Francisco
8010924216301401271,1484025720,20170109,1,96.38,963.8,31,752,(direct),(none),desktop,United States,San Francisco
320170113964429981,1483989876,20170109,1,148.82,1488.1999999999998,36,1092,(direct),(none),desktop,United States,not available in demo dataset
3322420343273401546,1483986560,20170109,1,79.09,790.9000000000001,35,1251,(direct),(none),desktop,United States,New York
2090714886530233895,1483981412,20170109,1,88.98,889.8000000000001,34,3398,(direct),(none),desktop,United States,not available in demo dataset
2170187207466627823,1484028859,20170109,1,292.92,2929.2000000000003,32,2172,(direct),(none),desktop,United States,not available in demo dataset
6005846941999724552,1483951382,20170109,1,40.18,401.8,38,985,(direct),(none),desktop,United States,San Bruno
0883217425810297944,1484004166,20170109,2,142.97,1429.7,35,1572,(direct),(none),desktop,United States,not available in demo dataset
6288725097585538705,1483984289,20170109,1,238.03,2380.3,37,585,(direct),(none),desktop,Canada,Toronto
6701329268278625221,1483978416,20170109,1,45.16,451.59999999999997,47,952,(direct),(none),desktop,United States,Ann Arbor
4738075153873011166,1483990416,20170109,1,53.79,537.9,47,1559,(direct),(none),desktop,United States,Ann Arbor
5949169854058758957,1484019497,20170109,1,275.42,2754.2000000000003,49,963,(direct),(none),desktop,United States,not available in demo dataset
9725941383382274621,1484000933,20170109,1,1109.9,11099.0,69,2168,(direct),(none),mobile,United States,Seattle
1735733574864942932,1486161876,20170203,1,114.72,1147.2,58,2176,(direct),(none),desktop,United States,not available in demo dataset
1029323150011228171,1486152691,20170203,1,95.13,951.3,14,797,(direct),(none),desktop,United States,New York
4262513756531099314,1486156183,20170203,1,7.98,79.80000000000001,20,417,(direct),(none),desktop,United States,Mountain View
8708692061686223002,1486151676,20170203,1,23.99,239.89999999999998,24,1350,(direct),(none),desktop,United States,not available in demo dataset
9228091811246318377,1486155118,20170203,1,312.49,3124.9,25,416,(direct),(none),desktop,United States,not available in demo dataset
8092136662808852323,1486139748,20170203,1,540.82,5408.200000000001,22,535,(direct),(none),desktop,United States,Chicago
2840155464434051520,1486141246,20170203,1,31.78,317.8,20,297,(direct),(none),desktop,United States,Mountain View
9013296840842675812,1486193195,20170203,1,71.98,719.8000000000001,22,571,(direct),(none),mobile,United States,not available in demo dataset
9393064695401243962,1486175439,20170203,1,29.99,299.9,27,2124,(direct),(none),desktop,United States,San Diego
4995924842281653133,1486131356,20170203,1,128.97,1289.7,24,360,(direct),(none),desktop,United States,New York
6954387213546558639,1486153141,20170203,1,28.19,281.90000000000003,26,2492,(direct),(none),desktop,United States,Chicago
3087800167641443127,1486160821,20170203,1,63.32,633.2,32,1611,(direct),(none),desktop,United States,Chicago
914215065327707355,1486163826,20170203,1,20.97,209.7,30,1860,(direct),(none),desktop,United States,Irvine
0175318834283875506,1486157107,20170203,1,469.8,4698.0,36,364,(direct),(none),desktop,United States,New York
3346100016851964940,1486148158,20170203,1,35.11,351.1,43,869,(direct),(none),desktop,United States,New York
3746316960999614032,1486165316,20170203,1,399.7,3997.0,41,1174,(direct),(none),desktop,United States,San Francisco
1814166460229302850,1486135601,20170203,1,1180.47,11804.7,40,935,(direct),(none),desktop,United States,not available in demo dataset
8287144117447582539,1486150779,20170203,1,115.45,1154.5,44,896,(direct),(none),desktop,United States,San Francisco
5828638042083405599,1486163196,20170203,1,69.95,699.5,48,1573,(direct),(none),mobile,United States,(not set)
28714765282885780,1486185884,20170203,1,92.31,923.1,42,835,(direct),(none),desktop,United States,Mountain View
7365317501077088080,1486147875,20170203,1,86.56,865.6,59,3067,(direct),(none),desktop,United States,San Francisco
088808220383842202,1486121492,20170203,1,198.42,1984.1999999999998,165,5553,(direct),(none),desktop,Taiwan,not available in demo dataset
4664319107970739921,1486137196,20170203,1,21.99,219.89999999999998,11,1429,(direct),(none),desktop,United States,not available in demo dataset
4033167138991049828,1486147243,20170203,1,19.99,199.89999999999998,10,282,(direct),(none),mobile,United States,not available in demo dataset
3831723766212483216,1486163738,20170203,1,65.99,659.9,13,256,(direct),(none),desktop,United States,Mountain View
3798576854040953242,1486150295,20170203,1,187.97,1879.7,16,368,(direct),(none),desktop,United States,Mountain View
1271739936649587420,1486155144,20170203,1,245.96,2459.6,19,964,(direct),(none),desktop,United States,New York
9562948220302753056,1486137202,20170203,1,59.99,599.9,20,588,(direct),(none),desktop,United States,San Jose
689752308200679975,1486182517,20170203,1,22.99,229.89999999999998,17,375,(direct),(none),desktop,United States,not available in demo dataset
7589140490994660050,1491543013,20170406,1,65.59,655.9000000000001,9,212,(direct),(none),desktop,United States,Los Angeles
665197592745084056,1491461759,20170406,1,15.99,159.9,11,141,google,organic,desktop,United States,Los Angeles
0717343852152056082,1491500580,20170406,1,173.65,1736.5,10,1343,(direct),(none),desktop,United States,San Francisco
5863375721947621054,1491493419,20170406,1,29.0,290.0,11,2250,(direct),(none),desktop,United States,not available in demo dataset
120266359617148298,1491518618,20170406,1,31.5,315.0,13,445,(direct),(none),desktop,United States,San Francisco
7018780780971706346,1491541750,20170406,1,20.19,201.9,13,223,(direct),(none),desktop,United States,Irvine
9207350605949288880,1491486746,20170406,1,163.91,1639.1,16,425,(direct),(none),desktop,United States,New York
6679426098761347973,1491529545,20170406,1,41.98,419.79999999999995,16,748,google,organic,desktop,Japan,(not set)
170075213753657012,1491531862,20170406,1,27.19,271.90000000000003,16,247,(direct),(none),desktop,United States,New York
0172081148860791358,1491485698,20170406,1,32.82,328.2,14,272,(direct),(none),desktop,United States,Washington
4427381882720196561,1491536225,20170406,1,19.99,199.89999999999998,17,333,google,organic,desktop,United States,Ann Arbor
1091802616723319272,1491507642,20170406,1,1242.38,12423.800000000001,16,3278,(direct),(none),desktop,United States,New York
6298030765010140996,1491546666,20170406,1,31.98,319.8,16,525,google,organic,mobile,United States,Washington
7589140490994660050,1491543261,20170406,1,80.99,809.9,19,572,mail.google.com,referral,desktop,United States,Los Angeles
4359929883683645809,1491535821,20170406,1,84.99,849.9,19,1241,(direct),(none),desktop,Canada,New York
6687800400075558056,1491532040,20170406,1,38.78,387.8,21,651,(direct),(none),desktop,United States,not available in demo dataset
5712421789817906030,1491506482,20170406,1,10.95,109.5,22,1266,(direct),(none),desktop,United States,Mountain View
2035309554670535987,1491490471,20170406,1,53.76,537.6,21,2823,google,organic,desktop,United States,New York
2761824185690808203,1491513840,20170406,1,25.49,254.89999999999998,23,666,google,organic,desktop,United States,not available in demo dataset
279519454681566557,1491492444,20170406,1,193.89,1938.8999999999999,21,1242,(direct),(none),desktop,United States,not available in demo dataset
3215774541013275282,1491507275,20170406,1,28.96,289.6,19,562,google,organic,mobile,United States,not available in demo dataset
5395170919790371071,1491504282,20170406,1,70.25,702.5,23,609,google,organic,desktop,United States,Austin
8160051185492681700,1491492110,20170406,1,35.77,357.70000000000005,21,528,(direct),(none),desktop,United States,Ann Arbor
5891082663141859878,1491496149,20170406,1,201.9,2019.0,22,409,(direct),(none),desktop,United States,Ann Arbor
832152661091318994,1491495853,20170406,1,25.78,257.8,24,787,(direct),(none),desktop,United States,New York
2560606622677775482,1491530724,20170406,1,24.78,247.8,20,677,(direct),(none),desktop,United States,New York
1889119833894765206,1491515476,20170406,1,700.6,7006.0,24,2243,(direct),(none),desktop,United States,San Francisco
5844499585021930653,1491496287,20170406,1,67.96,679.5999999999999,22,336,(direct),(none),desktop,United States,Boulder
9620467764501266748,1491529276,20170406,1,95.66,956.5999999999999,30,1330,google,organic,desktop,United States,not available in demo dataset
9702922854313747953,1491518143,20170406,1,144.8,1448.0,26,395,(direct),(none),desktop,United States,Seattle
3755781472166364485,1491505030,20170406,1,37.15,371.5,27,2277,(direct),(none),desktop,United States,Los Angeles
6574777397664744469,1491506081,20170406,1,20.19,201.9,29,2338,(direct),(none),desktop,United States,New York
8443643406410739523,1491516320,20170406,1,177.41,1774.1,28,1539,google,organic,desktop,United States,not available in demo dataset
3635819362671246004,1491502689,20170406,1,8.98,89.80000000000001,34,713,sites.google.com,referral,desktop,United States,not available in demo dataset
5418879524729998284,1491516078,20170406,1,161.17,1611.6999999999998,35,907,(direct),(none),desktop,United States,Sunnyvale
6398718864839297879,1491539642,20170406,1,28.47,284.7,33,531,(direct),(none),desktop,United States,San Mateo
9389394020676013822,1491539362,20170406,1,54.28,542.8,41,1817,bing,organic,tablet,United States,San Mateo
9359260991266226539,1491509387,20170406,1,64.75,647.5,37,1982,(direct),(none),desktop,United States,San Jose
3499601290584440755,1491525930,20170406,2,325.47,3254.7000000000003,51,1598,(direct),(none),desktop,United States,New York
9089132392240687728,1491491130,20170406,1,1526.18,15261.800000000001,48,1588,google,cpc,desktop,United States,not available in demo dataset
3053688223431493183,1491499361,20170406,1,167.08,1670.8000000000002,30,728,(direct),(none),desktop,United States,not available in demo dataset
3706266616666362685,1486713192,20170210,1,42.98,429.79999999999995,2,,(direct),(none),desktop,United Kingdom,London
6755488962103472751,1486744677,20170210,1,82.19,821.9,12,707,(direct),(none),desktop,United States,Austin
1501789786482785393,1486777519,20170210,1,56.99,569.9,15,518,google,cpc,mobile,United States,San Francisco
6495428628706870090,1486749987,20170210,1,620.7,6207.0,16,667,(direct),(none),desktop,United States,not available in demo dataset
6946322182542883504,1486738299,20170210,1,30.99,309.9,17,262,Partners,affiliate,desktop,United States,not available in demo dataset
2928427849127448830,1486768971,20170210,1,22.99,229.89999999999998,19,617,(direct),(none),desktop,United States,Mountain View
5549135228417306285,1486755607,20170210,1,38.94,389.4,23,651,google,organic,desktop,United States,not available in demo dataset
664885127935747173,1486724882,20170210,1,62.97,629.7,19,609,google,organic,desktop,Hong Kong,Hong Kong
8322693232285500367,1486769443,20170210,1,65.85,658.5,19,3294,(direct),(none),desktop,United States,San Francisco
5623565277433732918,1486754458,20170210,1,8.99,89.9,21,597,google,organic,desktop,United States,not available in demo dataset
5826737021779185298,1486761497,20170210,1,26.99,269.9,25,3874,(direct),(none),desktop,United States,Los Angeles
1639589047263376521,1486796102,20170210,1,46.79,467.9,25,991,(direct),(none),desktop,United States,not available in demo dataset
8219922685567782284,1486761532,20170210,1,35.18,351.8,21,376,(direct),(none),desktop,United States,Mountain View
1381431420028484439,1486760380,20170210,1,168.55,1685.5,19,185,(direct),(none),desktop,United States,New York
8943826077363330152,1486787010,20170210,1,21.99,219.89999999999998,25,855,google,organic,tablet,United States,not available in demo dataset
286670465887517107,1486749591,20170210,1,40.99,409.90000000000003,24,844,(direct),(none),desktop,United States,Mountain View
3523546723004050529,1486741960,20170210,1,338.5,3385.0,26,494,(direct),(none),desktop,United States,Austin
7813149961404844386,1486744738,20170210,1,821.28,8212.8,27,1561,(direct),(none),desktop,United States,Salem
5480664730921696819,1486754061,20170210,1,628.0,6280.0,42,720,(direct),(none),desktop,United States,San Francisco
1490558553818530030,1486760080,20170210,1,172.34,1723.4,52,1682,(direct),(none),desktop,United States,San Francisco
9259412484953197672,1486753691,20170210,1,576.84,5768.400000000001,57,1374,(direct),(none),desktop,United States,San Bruno
9642698057695067786,1486751439,20170210,1,907.19,9071.900000000001,58,2767,(direct),(none),desktop,United States,not available in demo dataset
611556253076247456,1486715541,20170210,1,149.29,1492.8999999999999,63,1510,(direct),(none),desktop,United States,Los Angeles
9113512902535723065,1486756265,20170210,1,32.55,325.5,74,1849,(direct),(none),desktop,United States,Mountain View
6717912372557632494,1490231276,20170322,1,87.2,872.0,19,388,google,organic,desktop,United States,not available in demo dataset
4774637035965571033,1490211720,20170322,1,43.98,439.79999999999995,19,279,(direct),(none),desktop,United States,New York
7179047375171047997,1490242227,20170322,1,85.99,859.9,10,196,(direct),(none),desktop,United States,New York
1244643584936507645,1490243093,20170322,1,28.99,289.9,22,1205,google,organic,desktop,Canada,not available in demo dataset
7642599988772992308,1490228744,20170322,1,56.16,561.5999999999999,23,753,(direct),(none),desktop,United States,not available in demo dataset
9952985751740974556,1490205320,20170322,1,62.36,623.6,26,611,(direct),(none),desktop,United States,not available in demo dataset
9204558610482507007,1490204283,20170322,1,187.0,1870.0,22,464,google,organic,desktop,United States,Mountain View
6697182263056162374,1490210468,20170322,1,65.36,653.6,24,759,(direct),(none),desktop,United States,not available in demo dataset
9917525450459164301,1490220924,20170322,1,75.96,759.5999999999999,25,508,(direct),(none),desktop,United States,Seattle
3909763381289527043,1490201964,20170322,1,24.78,247.8,24,385,(direct),(none),desktop,United States,Mountain View
1852474862116270404,1490239970,20170322,1,91.18,911.8000000000001,30,1186,google,organic,desktop,United States,Mountain View
2460550300835928816,1490193630,20170322,1,24.99,249.89999999999998,30,2449,google,organic,desktop,United States,not available in demo dataset
3742368203315546493,1490213173,20170322,1,1468.8,14688.0,25,929,(direct),(none),desktop,United States,not available in demo dataset
4180788491858098466,1490215223,20170322,1,611.15,6111.5,30,301,google,organic,desktop,United States,not available in demo dataset
1907624706752111002,1490225983,20170322,1,46.79,467.9,37,1199,(direct),(none),desktop,United States,Sunnyvale
8010010692264835422,1490199294,20170322,1,21.99,219.89999999999998,36,1178,google,organic,desktop,United States,New York
6001085697453639910,1490223159,20170322,1,22.97,229.7,39,807,google,organic,desktop,United States,not available in demo dataset
9179926875035453581,1490212708,20170322,1,215.76,2157.6,39,1516,(direct),(none),desktop,United States,Washington
5674996555424761668,1490224988,20170322,1,84.58,845.8,51,1801,(direct),(none),desktop,United States,Mountain View
1500993811020181335,1490194439,20170322,1,727.92,7279.2,48,1869,(direct),(none),desktop,United States,New York
689078233091142252,1490215933,20170322,2,756.84,7568.400000000001,59,2651,(direct),(none),desktop,United States,Austin
6559285755206861388,1490192832,20170322,4,106.0,1060.0,65,1171,(direct),(none),desktop,United States,Philadelphia
7377189671853263468,1490186868,20170322,2,136.86,1368.6000000000001,83,3342,google,organic,desktop,United States,not available in demo dataset
9029794295932939024,1490215541,20170322,1,1223.12,12231.199999999999,82,2212,mail.google.com,referral,desktop,United States,not available in demo dataset
5626083810340068803,1490211904,20170322,1,34.99,349.90000000000003,8,141,(direct),(none),desktop,United States,Ann Arbor
3844370939009340218,1490226592,20170322,1,64.59,645.9000000000001,10,384,(direct),(none),desktop,United States,Mountain View
8921985008327806368,1490232440,20170322,1,193.6,1936.0,10,193,(direct),(none),desktop,United States,not available in demo dataset
1680034700682349362,1490217470,20170322,1,41.28,412.8,12,309,(direct),(none),desktop,United States,New York
7813149961404844386,1490196640,20170322,1,103.99,1039.8999999999999,12,319,(direct),(none),desktop,United States,Salem
4430452910179443591,1490172859,20170322,1,36.18,361.8,14,2009,(direct),(none),desktop,Taiwan,not available in demo dataset
9530011325522794445,1490206650,20170322,1,9.97,99.7,16,4183,(direct),(none),desktop,United States,New York
7813149961404844386,1490215547,20170322,1,81.98,819.8000000000001,15,322,(direct),(none),desktop,United States,Salem
7131967515028010125,1490209773,20170322,1,13.98,139.8,18,449,google,organic,desktop,United States,not available in demo dataset
1163445611219743080,1490221562,20170322,1,34.98,349.79999999999995,23,458,(direct),(none),mobile,United States,San Francisco
5062455429781775081,1490230836,20170322,1,14.98,149.8,40,1500,google,organic,mobile,United States,not available in demo dataset
8342494724781210773,1490206990,20170322,1,10.99,109.9,11,387,(direct),(none),mobile,United States,not available in demo dataset
9161805961313922627,1490230761,20170322,1,10.99,109.9,14,489,google,organic,mobile,United States,not available in demo dataset
9229825766007048797,1487907362,20170223,1,29.99,299.9,17,625,google,organic,desktop,United States,not available in demo dataset
5825968802963452704,1487894203,20170223,1,24.99,249.89999999999998,16,323,google,organic,mobile,Canada,Toronto
8489033194414810248,1487869219,20170223,1,22.99,229.89999999999998,18,362,google,organic,desktop,Chile,not available in demo dataset
4727798162657055121,1487868237,20170223,1,22.19,221.9,17,2376,(direct),(none),desktop,United States,New York
3890449304271518800,1487868164,20170223,1,485.6,4856.0,18,1185,(direct),(none),desktop,United States,Ann Arbor
7409109542465794166,1487882624,20170223,1,49.91,499.09999999999997,20,746,(direct),(none),desktop,United States,not available in demo dataset
4511547826484000719,1487859796,20170223,1,150.7,1507.0,21,577,google,organic,desktop,Brazil,Sao Paulo
848056005472327761,1487882381,20170223,1,97.17,971.7,24,994,(direct),(none),desktop,United States,New York
0211475535612871703,1487859702,20170223,1,17.0,170.0,26,681,google,organic,desktop,United States,not available in demo dataset
9720544232071502970,1487843143,20170223,1,36.98,369.79999999999995,25,1642,google,organic,mobile,United States,Atlanta
6007444138968758475,1487881797,20170223,1,36.98,369.79999999999995,28,841,(direct),(none),mobile,United States,not available in demo dataset
5028300438174569492,1487879671,20170223,1,48.37,483.7,27,675,(direct),(none),desktop,United States,not available in demo dataset
203503895549680791,1487915941,20170223,1,30.97,309.7,38,3075,google,organic,desktop,United States,not available in demo dataset
6241521427679714135,1487885865,20170223,1,24.87,248.70000000000002,39,1340,google,organic,desktop,United States,not available in demo dataset
4003369181946392612,1487889399,20170223,1,83.57,835.6999999999999,34,651,(direct),(none),desktop,United States,Sunnyvale
6782547242974334702,1487871565,20170223,1,50.86,508.6,41,688,google,organic,desktop,United States,not available in demo dataset
8674967480469977880,1487873404,20170223,2,50.98,509.79999999999995,51,2935,google,organic,desktop,United States,not available in demo dataset
6877088021237631458,1487866464,20170223,1,143.72,1437.2,50,936,google,cpc,desktop,United States,not available in demo dataset
9804471949887866440,1487875784,20170223,1,31.96,319.6,63,2509,google,organic,desktop,United States,not available in demo dataset
4988517937139937145,1487866306,20170223,1,145.79,1457.8999999999999,56,2481,google,organic,desktop,United States,not available in demo dataset
4863941202505455588,1487890577,20170223,1,748.19,7481.900000000001,62,960,(direct),(none),desktop,United States,New York
4698134628151668241,1487875422,20170223,2,206.9,2069.0,84,1732,(direct),(none),desktop,United States,not available in demo dataset
1285137808569536764,1487880533,20170223,1,22.19,221.9,10,115,(direct),(none),desktop,United States,not available in demo dataset
0906961330340669974,1487871792,20170223,1,2.2,22.0,11,163,(direct),(none),desktop,United States,Chicago
853098633014712543,1487885450,20170223,1,51.8,518.0,11,323,google,organic,desktop,United States,New York
8163699947659294653,1487900381,20170223,1,62.99,629.9,13,772,(direct),(none),desktop,United States,not available in demo dataset
2135877003098860196,1487889241,20170223,1,16.99,169.89999999999998,15,1512,(direct),(none),desktop,United States,Mountain View
9275740735751035515,1487913589,20170223,1,647.9,6479.0,13,657,(direct),(none),desktop,Taiwan,not available in demo dataset
5238919505234478700,1487911487,20170223,1,51.54,515.4,25,968,(direct),(none),desktop,United States,not available in demo dataset
0957655625649355657,1487845288,20170223,1,19.99,199.89999999999998,24,523,google,organic,desktop,United States,not available in demo dataset
2727750796868650668,1490635070,20170327,1,460.85,4608.5,9,282,(direct),(none),desktop,United States,Chicago
4644372853613585003,1490662251,20170327,1,25.99,259.9,10,1040,google,organic,desktop,Canada,not available in demo dataset
3287424336851494398,1490624703,20170327,1,47.98,479.79999999999995,11,416,google,organic,desktop,Canada,Toronto
8832229039690729204,1490656399,20170327,1,42.99,429.90000000000003,10,144,(direct),(none),desktop,United States,Mountain View
4504720902999431932,1490634959,20170327,1,27.99,279.9,11,417,google,organic,desktop,United States,Philadelphia
3088956989442559269,1490635565,20170327,1,170.65,1706.5,12,265,(direct),(none),desktop,United States,Sunnyvale
3055210275041063750,1490625510,20170327,1,206.98,2069.7999999999997,13,1352,google,organic,desktop,United States,Cambridge
7108454213160487838,1490629291,20170327,1,87.19,871.9,15,671,(direct),(none),desktop,United States,Mountain View
2295240953686921101,1490636519,20170327,1,101.38,1013.8,13,237,(direct),(none),desktop,United States,Kirkland
3545109447122075336,1490638820,20170327,1,61.99,619.9,14,1594,google,organic,desktop,United States,not available in demo dataset
1144189395052969889,1490624125,20170327,1,15.59,155.9,14,367,(direct),(none),desktop,United States,Irvine
6049426563900129061,1490667937,20170327,1,22.96,229.60000000000002,15,303,google,organic,desktop,United States,Irvine
4090254339243061472,1490667986,20170327,1,16.99,169.89999999999998,12,203,(direct),(none),desktop,United States,San Francisco
2903698319711886789,1490669061,20170327,1,49.98,499.79999999999995,15,368,(direct),(none),desktop,Canada,not available in demo dataset
6889995809478638827,1490636118,20170327,1,41.99,419.90000000000003,16,2137,(direct),(none),desktop,United States,Washington
6413819377788473042,1490661436,20170327,1,18.58,185.79999999999998,14,315,(direct),(none),desktop,United States,not available in demo dataset
6698595814877741268,1490649437,20170327,1,18.59,185.9,17,576,(direct),(none),desktop,United States,not available in demo dataset
7038697118498459952,1490658847,20170327,1,22.99,229.89999999999998,20,1487,google,organic,desktop,United States,not available in demo dataset
7404450717900707917,1490648308,20170327,1,24.99,249.89999999999998,18,1855,(direct),(none),desktop,United States,New York
7316352846759466679,1490660174,20170327,1,6.99,69.9,18,1139,google,organic,desktop,United States,Los Angeles
4071242449941776840,1490601087,20170327,1,11.99,119.9,17,754,google,organic,desktop,United States,not available in demo dataset
5602367908405796576,1490631180,20170327,1,168.95,1689.5,18,540,google,organic,desktop,Canada,not available in demo dataset
0863564667130884283,1490672009,20170327,1,77.4,774.0,20,544,google,organic,desktop,United States,Mountain View
6970205212674699450,1490679857,20170327,1,27.18,271.8,20,1563,(direct),(none),desktop,United States,Los Angeles
7813186643472514760,1490641982,20170327,1,110.78,1107.8,20,343,(direct),(none),desktop,United States,New York
9968035159703740191,1490608941,20170327,1,59.89,598.9,19,1477,google,organic,desktop,United States,Ann Arbor
079656074413776629,1490626165,20170327,1,23.78,237.8,21,425,(direct),(none),desktop,United States,not available in demo dataset
2217355463780107340,1490681306,20170327,1,63.97,639.7,18,938,google,organic,mobile,United States,not available in demo dataset
1048387524675825671,1490657486,20170327,1,108.95,1089.5,18,1606,(direct),(none),desktop,United States,Sunnyvale
9269048191224173747,1490634973,20170327,1,43.99,439.90000000000003,22,643,(direct),(none),desktop,United States,not available in demo dataset
5106751521300969299,1490642097,20170327,1,85.94,859.4,21,404,(direct),(none),desktop,United States,not available in demo dataset
0553368558009293652,1490647358,20170327,1,72.18,721.8000000000001,20,1822,(direct),(none),desktop,United States,Sunnyvale
9053359699050904883,1490683182,20170327,1,37.78,377.8,22,557,(direct),(none),desktop,United States,not available in demo dataset
9207818451392214469,1490634831,20170327,1,155.65,1556.5,20,632,(direct),(none),desktop,United States,Ann Arbor
7539934390050787857,1490637090,20170327,1,25.48,254.8,23,440,google,organic,mobile,United States,not available in demo dataset
371943164406822128,1490653297,20170327,1,131.98,1319.8,28,702,(direct),(none),desktop,United States,Mountain View
7845967413109542320,1490629703,20170327,1,205.77,2057.7000000000003,24,472,(direct),(none),desktop,United States,Cambridge
1852474862116270404,1490673713,20170327,1,137.38,1373.8,31,1065,google,organic,desktop,United States,Mountain View
2349461252171876066,1490658012,20170327,1,155.25,1552.5,30,811,(direct),(none),desktop,United States,Seattle
0167578525300211228,1490628503,20170327,1,23.19,231.9,31,1466,(direct),(none),desktop,United States,Austin
1578983142002266044,1490645007,20170327,1,34.78,347.8,42,4413,(direct),(none),desktop,United States,Chicago
1478676114594382999,1490659344,20170327,1,16.99,169.89999999999998,45,1379,google,organic,desktop,United States,Mountain View
5727689295522031666,1490652895,20170327,1,74.96,749.5999999999999,41,1402,(direct),(none),desktop,United States,New York
2505213816959087958,1490663495,20170327,1,54.54,545.4,42,1537,(direct),(none),desktop,United States,Sunnyvale
253940903586003186,1490654157,20170327,1,998.8,9988.0,49,1860,google,organic,desktop,United States,not available in demo dataset
7284466025557220497,1490626273,20170327,1,2092.81,20928.1,52,1203,(direct),(none),desktop,United States,not available in demo dataset
2796082769378041079,1497128328,20170610,1,18.19,181.9,12,313,(direct),(none),desktop,United States,Mountain View
1514012509293129940,1497113000,20170610,1,19.19,191.9,15,489,(direct),(none),desktop,United States,not available in demo dataset
6933058408282272884,1497138884,20170610,1,110.69,1106.9,17,704,(direct),(none),desktop,United States,not available in demo dataset
7939552270525180888,1497118291,20170610,2,22.86,228.6,18,741,(direct),(none),desktop,United States,not available in demo dataset
5001626019499127935,1497150615,20170610,1,124.98,1249.8,21,1452,(direct),(none),desktop,Canada,Toronto
633090494027651510,1497120419,20170610,1,57.97,579.7,24,793,(direct),(none),mobile,United States,not available in demo dataset
6095240958469403590,1497124949,20170610,1,33.22,332.2,20,512,(direct),(none),desktop,United States,not available in demo dataset
1758112154920698235,1497132089,20170610,1,65.15,651.5,19,524,(direct),(none),desktop,United States,not available in demo dataset
9692965964258784311,1497099132,20170610,1,95.15,951.5,26,1197,(direct),(none),desktop,United States,not available in demo dataset
0207758697026045863,1497086709,20170610,1,73.24,732.4,40,1103,(direct),(none),desktop,United States,San Jose
1350238261946976509,1497116687,20170610,1,18.97,189.7,40,877,(direct),(none),desktop,United States,not available in demo dataset
6188341189468203455,1497078309,20170610,1,134.12,1341.2,61,4850,(direct),(none),desktop,Singapore,Singapore
8133234491242505022,1499888231,20170712,1,33.22,332.2,11,484,(direct),(none),desktop,United States,not available in demo dataset
0531829155524217247,1499902905,20170712,1,59.85,598.5,12,632,google,organic,desktop,United States,Washington
6822029585974279558,1499869951,20170712,1,54.76,547.6,13,1604,(direct),(none),desktop,United States,New York
6979205517954044794,1499879049,20170712,1,22.99,229.89999999999998,14,642,google,cpm,desktop,United States,Ann Arbor
5402571042001627330,1499895629,20170712,1,47.79,477.9,12,299,(direct),(none),desktop,United States,Mountain View
2440774884535248016,1499869913,20170712,1,24.68,246.8,11,791,yahoo,organic,desktop,United States,not available in demo dataset
4938796308846198678,1499881868,20170712,1,14.68,146.8,12,687,(direct),(none),desktop,United States,San Francisco
9213584705844626996,1499922066,20170712,1,9.2,92.0,14,892,(direct),(none),desktop,United States,Mountain View
4531918958295106898,1499892251,20170712,1,19.78,197.8,16,604,google,cpc,desktop,United States,not available in demo dataset
8040137666683755877,1499926024,20170712,1,43.79,437.9,17,501,(direct),(none),desktop,United States,not available in demo dataset
5355878105237295955,1499874541,20170712,1,17.99,179.89999999999998,17,1628,google,organic,desktop,United States,not available in demo dataset
0097563825178820508,1499923628,20170712,1,34.78,347.8,15,1352,google,cpm,desktop,United States,Sunnyvale
1152177248793735167,1499893633,20170712,1,106.49,1064.8999999999999,18,925,(direct),(none),desktop,United States,Santa Clara
0663614479606200802,1499905404,20170712,1,138.85,1388.5,17,503,(direct),(none),desktop,United States,Seattle
5823529938186171963,1499885113,20170712,1,18.43,184.3,19,1367,(direct),(none),desktop,United States,Mountain View
2352548628524812063,1499894454,20170712,1,84.8,848.0,14,239,(direct),(none),desktop,United States,not available in demo dataset
7517029078565627714,1499863237,20170712,1,18.99,189.89999999999998,20,643,google,organic,desktop,United States,not available in demo dataset
2610708601231231422,1499902267,20170712,1,79.05,790.5,21,581,(direct),(none),desktop,United States,Ann Arbor
972856631604465767,1499875351,20170712,1,128.7,1287.0,19,721,google,cpc,desktop,United States,Sunnyvale
2364782563241908647,1499923136,20170712,1,29.28,292.8,24,2803,google,organic,desktop,United States,not available in demo dataset
6215579195601546611,1499873601,20170712,1,27.03,270.3,18,327,(direct),(none),desktop,United States,Chicago
4154041461958944095,1499911426,20170712,1,859.0,8590.0,18,768,(direct),(none),desktop,United States,New York
6189137290295727859,1499885682,20170712,1,22.18,221.8,20,287,(direct),(none),desktop,United States,New York
5976867149100083641,1499878105,20170712,1,20.7,207.0,18,568,(direct),(none),desktop,United States,Sunnyvale
0294093638755103061,1499872389,20170712,1,53.34,533.4000000000001,20,790,(direct),(none),desktop,United States,New York
4795790370118359645,1499893750,20170712,1,46.38,463.8,22,2145,google,organic,desktop,United States,New York
9858575902161625282,1499903965,20170712,1,58.8,588.0,27,1489,(direct),(none),desktop,United States,Mountain View
0972673302515080474,1499871173,20170712,1,28.48,284.8,29,1707,google,organic,desktop,United States,not available in demo dataset
5975789416845370133,1499882715,20170712,1,18.99,189.89999999999998,27,532,google,organic,desktop,United States,not available in demo dataset
525470181967108180,1499908430,20170712,1,14.0,140.0,29,1425,Partners,affiliate,mobile,United States,San Jose
5369585818624352954,1499875301,20170712,1,126.14,1261.4,26,1287,(direct),(none),desktop,United States,New York
6338909403180350961,1499863233,20170712,1,23.99,239.89999999999998,18,776,google,cpc,desktop,United States,New York
3061154222126395175,1499873979,20170712,1,32.58,325.79999999999995,28,2615,google,organic,desktop,United States,not available in demo dataset
6335554848851534266,1499894895,20170712,1,50.96,509.6,28,1574,(direct),(none),desktop,United States,Mountain View
1442612237985610717,1499876470,20170712,1,107.48,1074.8,34,1038,google,organic,desktop,United States,Boston
953713676730854570,1499896870,20170712,1,21.03,210.3,18,373,google,organic,desktop,United States,not available in demo dataset
6005829572969771144,1499880557,20170712,1,46.57,465.7,37,945,google,organic,desktop,United States,Cambridge
2624131748689653933,1499883656,20170712,1,52.65,526.5,37,2046,google,organic,desktop,United States,San Bruno
107029174520648874,1499879566,20170712,1,18.59,185.9,39,5450,(direct),(none),desktop,United States,Los Angeles
6803256328892941875,1499894755,20170712,1,74.97,749.7,42,1567,(direct),(none),desktop,United States,Sunnyvale
8180992226439641389,1499919451,20170712,1,24.94,249.4,36,781,(direct),(none),desktop,Canada,not available in demo dataset
1338601940113408411,1499867751,20170712,1,145.4,1454.0,42,1487,(direct),(none),desktop,United States,New York
5441957633456467994,1499918217,20170712,1,166.97,1669.7,53,2237,(direct),(none),desktop,United States,Mountain View
0456807427403774085,1499896760,20170712,1,155.98,1559.8,43,916,(direct),(none),desktop,United States,Mountain View
947967641100341579,1499906980,20170712,1,33.07,330.7,52,2899,google,organic,mobile,United States,Phoenix
22078954710203778,1499886932,20170712,1,46.98,469.79999999999995,64,1713,(direct),(none),desktop,United States,Seattle
0376394056092189113,1499875829,20170712,2,132.04,1320.3999999999999,59,1448,(direct),(none),desktop,United States,Mountain View
0376394056092189113,1499886763,20170712,1,65.02,650.1999999999999,61,879,(direct),(none),desktop,United States,Mountain View
2854340718680170523,1491573588,20170407,1,21.99,219.89999999999998,8,2044,(direct),(none),desktop,United States,Ann Arbor
0045204488424585972,1491591083,20170407,1,67.97,679.7,8,110,(direct),(none),desktop,United States,not available in demo dataset
6187652750765797994,1491593638,20170407,1,511.5,5115.0,11,922,(direct),(none),desktop,United States,Cambridge
1791403729056755993,1491591668,20170407,1,75.98,759.8000000000001,12,600,google,organic,mobile,United States,not available in demo dataset
6446257332258577906,1491589278,20170407,1,68.99,689.9,14,366,(direct),(none),desktop,United States,Sunnyvale
8242635814734201197,1491593135,20170407,1,20.59,205.9,13,229,(direct),(none),desktop,United States,New York
9791969825416528969,1491591454,20170407,1,207.92,2079.2,12,260,google,organic,desktop,United States,not available in demo dataset
8101107214208089371,1491593538,20170407,1,110.98,1109.8,11,139,(direct),(none),mobile,United States,not available in demo dataset
5205547777184804145,1491607867,20170407,1,56.96,569.6,13,273,(direct),(none),desktop,United States,Sunnyvale
7275146492710079917,1491619294,20170407,1,25.99,259.9,13,1008,google,organic,desktop,United States,not available in demo dataset
8657427332734176422,1491591621,20170407,1,34.99,349.90000000000003,13,325,google,organic,desktop,United States,Chicago
8361920675798597013,1491626330,20170407,1,112.14,1121.4,15,688,google,organic,desktop,United States,Mountain View
8361920675798597013,1491620046,20170407,1,52.72,527.2,15,721,google,organic,desktop,United States,Mountain View
1957458976293878100,1491597358,20170407,1,3030.2,30302.0,16,280,dfa,cpm,desktop,United States,not available in demo dataset
5236490570989867908,1491557292,20170407,1,23.99,239.89999999999998,15,387,google,organic,mobile,Georgia,not available in demo dataset
4267667384999270973,1491589361,20170407,1,55.17,551.7,13,237,(direct),(none),desktop,United States,Los Angeles
8495435396140444674,1491591821,20170407,1,25.62,256.2,19,1469,(direct),(none),desktop,United States,Chicago
9936519501163153285,1491578557,20170407,1,57.95,579.5,16,333,(direct),(none),desktop,Canada,not available in demo dataset
8442346211640991096,1491596943,20170407,1,20.99,209.89999999999998,18,925,google,organic,desktop,United States,not available in demo dataset
6250076658796836800,1491604095,20170407,1,58.58,585.8,18,375,(direct),(none),desktop,United States,Seattle
8657427332734176422,1491585605,20170407,1,241.3,2413.0,18,483,google,organic,desktop,United States,Chicago
3724344539154169107,1491608976,20170407,1,90.36,903.6,17,521,(direct),(none),desktop,United States,Chicago
070622933908011467,1491593906,20170407,1,91.58,915.8,20,1696,(direct),(none),desktop,United States,not available in demo dataset
3276164298112463079,1491604947,20170407,1,23.39,233.9,18,457,google,organic,desktop,United States,not available in demo dataset
7013028488637904040,1491589158,20170407,1,130.75,1307.5,22,824,google,organic,mobile,United States,San Francisco
9106626115494639878,1491602985,20170407,1,59.07,590.7,22,411,(direct),(none),desktop,United States,New York
7717237857998968115,1491620025,20170407,1,158.97,1589.7,22,442,google,organic,desktop,United States,not available in demo dataset
7296264109687715813,1491547105,20170407,1,125.8,1258.0,20,386,(direct),(none),desktop,United States,not available in demo dataset
68337214858488115,1491578214,20170407,1,42.18,421.8,29,708,(direct),(none),desktop,United States,not available in demo dataset
4391647281645962679,1491589173,20170407,2,285.76,2857.6,30,902,(direct),(none),desktop,United States,not available in demo dataset
4358918846442674981,1491578200,20170407,1,46.57,465.7,25,667,(direct),(none),desktop,United States,not available in demo dataset
7417299995109631513,1491591506,20170407,1,35.58,355.79999999999995,31,580,google,organic,desktop,United States,Chicago
0356092515832769251,1491606892,20170407,1,106.94,1069.4,25,380,(direct),(none),desktop,United States,Los Angeles
4623397335807191742,1491605027,20170407,1,14.99,149.9,35,1273,google,organic,mobile,United States,not available in demo dataset
3053950714909876467,1491575659,20170407,1,60.85,608.5,30,800,(direct),(none),desktop,United States,Mountain View
4242949576061124500,1491599092,20170407,1,173.68,1736.8000000000002,29,829,(direct),(none),desktop,United States,Seattle
9908750318118847909,1491606178,20170407,1,28.2,282.0,35,1293,(direct),(none),desktop,United States,not available in demo dataset
3015499115013703694,1491608316,20170407,1,68.94,689.4,45,1366,(direct),(none),desktop,United States,San Francisco
5263059809967138936,1491587620,20170407,1,259.52,2595.2,37,1415,(direct),(none),desktop,United States,not available in demo dataset
2127135078661762281,1491581313,20170407,1,218.83,2188.3,53,2984,(direct),(none),desktop,United States,not available in demo dataset
8558475151840397703,1491588819,20170407,1,121.4,1214.0,60,4371,(direct),(none),desktop,United States,San Francisco
8520669029121182420,1491599048,20170407,1,209.95,2099.5,92,4200,google,organic,desktop,United States,not available in demo dataset
1957458976293878100,1491578402,20170407,1,6831.96,68319.6,151,5466,dfa,cpm,desktop,United States,not available in demo dataset
2234644290294742127,1487704789,20170221,1,40.99,409.90000000000003,18,295,google,organic,desktop,United States,not available in demo dataset
8039691484832064792,1487736139,20170221,1,30.78,307.8,17,407,(direct),(none),desktop,United States,New York
7908892250153476680,1487725303,20170221,1,26.59,265.9,20,400,google,cpc,desktop,United States,Sunnyvale
6983400713632965044,1487714240,20170221,1,154.9,1549.0,19,348,(direct),(none),desktop,United States,New York
8767345170065465322,1487665232,20170221,1,100.99,1009.9,22,1893,google,organic,desktop,United States,San Jose
4432170800264031771,1487726655,20170221,1,1123.4,11234.0,24,770,google,organic,desktop,United States,New York
7266739596439998508,1487725158,20170221,1,148.0,1480.0,22,265,(direct),(none),desktop,United States,Seattle
8759765163513556904,1487730029,20170221,1,41.95,419.5,28,792,(direct),(none),desktop,United States,Ann Arbor
1765448131945417161,1487725841,20170221,1,81.34,813.4000000000001,25,469,(direct),(none),desktop,United States,Mountain View
7412139697907599868,1487701176,20170221,1,34.39,343.9,29,451,google,organic,desktop,United States,not available in demo dataset
6453984951886442160,1487711032,20170221,1,28.18,281.8,27,639,(direct),(none),desktop,United States,San Francisco
4271792018121577582,1487705695,20170221,1,222.99,2229.9,38,1503,(direct),(none),desktop,United States,Chicago
3386971884403473366,1487732320,20170221,1,40.97,409.7,37,2928,google,organic,mobile,United States,Los Angeles
6423525167201014646,1487723108,20170221,1,66.99,669.9,20,343,(direct),(none),desktop,United States,Mountain View
3921649958751416379,1487695647,20170221,1,572.36,5723.6,40,1342,(direct),(none),desktop,United States,not available in demo dataset
5263059809967138936,1487693438,20170221,1,166.68,1666.8000000000002,42,1707,(direct),(none),desktop,United States,Washington
9029794295932939024,1487722284,20170221,1,893.41,8934.1,43,1162,mail.google.com,referral,desktop,United States,not available in demo dataset
2785285614162305625,1487734517,20170221,1,12.99,129.9,45,848,google,organic,desktop,United States,not available in demo dataset
5341271361784611942,1487720606,20170221,1,1364.51,13645.1,46,2319,(direct),(none),desktop,United States,Chicago
0092577710025173656,1487700602,20170221,1,664.86,6648.6,45,1170,google,cpc,desktop,United States,not available in demo dataset
0509637927726464785,1487709652,20170221,1,60.36,603.6,35,910,(direct),(none),desktop,United States,Seattle
5039735999524157292,1487705690,20170221,1,506.75,5067.5,11,512,(direct),(none),desktop,United States,Salem
1285137808569536764,1487684690,20170221,1,21.59,215.9,11,532,(direct),(none),desktop,United States,not available in demo dataset
9962134079133468457,1487694703,20170221,1,22.98,229.8,12,344,(direct),(none),mobile,United States,Los Angeles
9459521664420901303,1487690862,20170221,1,37.95,379.5,14,315,(direct),(none),desktop,United States,New York
1937147720930640984,1496250741,20170531,1,13.98,139.8,5,189,google,organic,desktop,United States,San Jose
7806950251446529341,1496260565,20170531,1,105.21,1052.1,7,307,groups.google.com,referral,desktop,United States,Sunnyvale
6114533554915949070,1496249437,20170531,1,36.19,361.9,11,338,(direct),(none),desktop,United States,New York
5554031903314376393,1496242274,20170531,1,12.63,126.30000000000001,11,188,(direct),(none),desktop,United States,not available in demo dataset
6349916551056809056,1496254583,20170531,1,95.5,955.0,10,206,(direct),(none),desktop,United States,San Francisco
5805078807561705608,1496248261,20170531,1,19.89,198.9,15,1663,google,organic,desktop,United States,Los Angeles
6381866992087813472,1496260306,20170531,1,39.08,390.79999999999995,13,717,(direct),(none),desktop,United States,Mountain View
3939899383128026273,1496277912,20170531,1,31.5,315.0,15,599,(direct),(none),desktop,United States,not available in demo dataset
6721455376185973949,1496274693,20170531,1,7.98,79.80000000000001,17,355,google,organic,desktop,United States,not available in demo dataset
0328080880890336475,1496267119,20170531,1,53.19,531.9,15,361,(direct),(none),desktop,United States,Mountain View
5341165345511566974,1496242777,20170531,1,388.8,3888.0,16,497,(direct),(none),desktop,United States,New York
6766597568771975772,1496280058,20170531,1,53.57,535.7,17,1118,google,organic,desktop,Taiwan,not available in demo dataset
0947035350589071135,1496253537,20170531,1,44.99,449.90000000000003,19,491,(direct),(none),desktop,United States,Irvine
5950002807583748415,1496256262,20170531,1,20.99,209.89999999999998,19,911,google,organic,desktop,United States,not available in demo dataset
2718217150934290475,1496253917,20170531,1,32.88,328.8,18,860,(direct),(none),desktop,United States,Los Angeles
3525421750426916634,1496250074,20170531,1,56.42,564.2,19,408,(direct),(none),desktop,United States,Cambridge
4961305064447921198,1496216221,20170531,1,22.57,225.7,22,391,(direct),(none),desktop,United States,San Francisco
2811370791608339081,1496254595,20170531,1,331.16,3311.6000000000004,18,501,(direct),(none),desktop,United States,not available in demo dataset
4704759198904427269,1496283856,20170531,1,580.15,5801.5,17,862,(direct),(none),desktop,United States,Los Angeles
0767090408793298602,1496236789,20170531,1,29.9,299.0,25,1714,(direct),(none),desktop,United States,Sunnyvale
5627236441803896511,1496264434,20170531,1,53.78,537.8,26,974,(direct),(none),desktop,United States,Mountain View
4793028201432208577,1496271994,20170531,1,176.75,1767.5,22,775,(direct),(none),desktop,United States,San Francisco
2755803596302366482,1496269901,20170531,1,142.04,1420.3999999999999,23,1212,dealspotr.com,referral,desktop,United States,not available in demo dataset
2419083783587438310,1496252919,20170531,1,222.01,2220.1,25,1205,(direct),(none),desktop,United States,not available in demo dataset
5834707574158732098,1496262798,20170531,1,31.14,311.4,33,2501,(direct),(none),desktop,United States,Phoenix
5713958052491086700,1496264431,20170531,1,493.2,4932.0,27,522,google,organic,desktop,United States,Austin
5703962423814396269,1496266933,20170531,1,46.12,461.2,35,1955,(direct),(none),desktop,United States,Los Angeles
8119248827866217059,1496254027,20170531,1,27.88,278.8,34,1025,(direct),(none),desktop,United States,not available in demo dataset
4664485260834992023,1496256488,20170531,1,384.67,3846.7000000000003,26,704,(direct),(none),desktop,United States,Chicago
426890790154936586,1496286149,20170531,1,68.59,685.9000000000001,33,960,google,organic,desktop,United States,Mountain View
3130936952600859212,1496238382,20170531,1,198.22,1982.2,27,580,(direct),(none),desktop,United States,Chicago
0406190417919854320,1496263519,20170531,1,30.29,302.9,35,664,(direct),(none),desktop,United States,Mountain View
9880387215496431637,1496283287,20170531,1,456.45,4564.5,32,736,(direct),(none),desktop,United States,not available in demo dataset
4863941202505455588,1496285473,20170531,1,423.26,4232.6,40,1610,(direct),(none),desktop,United States,New York
8637158932301658318,1496250783,20170531,15,382.0,3820.0,139,3595,(direct),(none),desktop,United States,San Jose
2545566579978382892,1496261542,20170531,1,40.93,409.3,39,683,(direct),(none),desktop,United States,Mountain View
0191633990580866366,1496292018,20170531,1,79.97,799.7,37,607,(direct),(none),desktop,United States,Sunnyvale
5469079519715865124,1496261286,20170531,1,5608.4,56084.0,52,1898,(direct),(none),desktop,United States,not available in demo dataset
4988517937139937145,1496230436,20170531,2,228.68,2286.8,59,1341,google,organic,desktop,United States,not available in demo dataset
0123644124068077489,1488504151,20170302,1,46.98,469.79999999999995,17,458,google,organic,mobile,United States,not available in demo dataset
773808986747306437,1488484203,20170302,1,22.99,229.89999999999998,18,1003,google,organic,desktop,United States,not available in demo dataset
3004372961374540128,1488441982,20170302,1,14.99,149.9,20,467,google,organic,desktop,United States,New York
2282347297061009421,1488494826,20170302,2,75.98,759.8000000000001,21,1730,google,organic,mobile,United States,San Francisco
1255802320193690482,1488502150,20170302,1,15.46,154.60000000000002,18,381,google,organic,desktop,United States,not available in demo dataset
2938490191342735172,1488473355,20170302,1,411.94,4119.4,19,523,(direct),(none),desktop,United States,Chicago
8855684563900497413,1488479044,20170302,1,71.75,717.5,24,335,(direct),(none),desktop,United States,not available in demo dataset
067586620214837441,1488483586,20170302,1,16.98,169.8,26,833,google,cpc,desktop,United States,not available in demo dataset
6986536761307654836,1488484895,20170302,1,64.96,649.5999999999999,26,480,google,organic,desktop,United States,not available in demo dataset
6366382357860597,1488491353,20170302,1,47.96,479.6,30,721,google,organic,desktop,Canada,Toronto
8057866608589119200,1488482798,20170302,1,17.78,177.8,28,1138,(direct),(none),desktop,United States,not available in demo dataset
3532463620992915742,1488496344,20170302,1,69.56,695.6,27,463,(direct),(none),desktop,United States,Mountain View
2167603248081396951,1488520688,20170302,1,47.97,479.7,30,845,google,organic,desktop,United States,not available in demo dataset
1122839061330453830,1488484677,20170302,1,122.13,1221.3,37,1452,(direct),(none),desktop,United States,not available in demo dataset
6722620376499258929,1488511939,20170302,1,86.97,869.7,36,1411,google,organic,mobile,United States,Kirkland
0238421727680250617,1488525051,20170302,1,24.98,249.8,36,1585,google,organic,desktop,United States,not available in demo dataset
9569453499465889655,1488474642,20170302,1,373.8,3738.0,39,2690,(direct),(none),desktop,Spain,Barcelona
0291161766415927075,1488506831,20170302,1,69.45,694.5,37,1094,google,organic,desktop,United States,not available in demo dataset
8209866700423757600,1488495519,20170302,1,122.59,1225.9,54,982,(direct),(none),desktop,United States,not available in demo dataset
7311242886083854158,1488471042,20170302,1,1221.01,12210.1,75,2092,(direct),(none),desktop,United States,Chicago
7713012430069756739,1488524534,20170302,12,1319.63,13196.300000000001,176,3465,google,organic,desktop,United States,New York
502027330594674519,1488479930,20170302,1,25.99,259.9,10,157,google,organic,desktop,United States,not available in demo dataset
7813149961404844386,1488465781,20170302,1,23.99,239.89999999999998,11,247,(direct),(none),desktop,United States,Salem
6383227990844000158,1488499195,20170302,1,106.99,1069.8999999999999,11,174,(direct),(none),desktop,United States,not available in demo dataset
8601291069934991536,1488473447,20170302,1,16.79,167.89999999999998,12,545,(direct),(none),desktop,United States,New York
7581944643988473648,1488499138,20170302,1,36.99,369.90000000000003,13,299,google,organic,desktop,United States,not available in demo dataset
3783357047189991250,1488477008,20170302,1,19.59,195.9,14,350,google,organic,desktop,United States,not available in demo dataset
6599797229931004781,1492466947,20170417,1,30.18,301.8,5,276,(direct),(none),desktop,United States,Mountain View
5213317945757949613,1492473571,20170417,1,134.82,1348.1999999999998,9,246,(direct),(none),desktop,United States,San Francisco
7344091753437822948,1492484273,20170417,1,78.9,789.0,12,334,(direct),(none),desktop,United States,Sunnyvale
5348778605970675529,1492490092,20170417,1,28.98,289.8,12,248,(direct),(none),desktop,United States,Los Angeles
9791048489281287821,1492456594,20170417,1,60.99,609.9,11,552,(direct),(none),desktop,United States,Sunnyvale
308001535433955546,1492435244,20170417,1,436.5,4365.0,13,460,(direct),(none),desktop,United States,not available in demo dataset
2409362637274898406,1492461950,20170417,1,2694.4,26944.0,14,259,(direct),(none),desktop,United States,Mountain View
934503934783544332,1492459987,20170417,1,43.98,439.79999999999995,14,357,(direct),(none),desktop,United States,Mountain View
8362006336780022993,1492483278,20170417,1,50.79,507.9,17,367,(direct),(none),desktop,United States,Chicago
3351204506101423400,1492461542,20170417,1,28.14,281.4,15,177,(direct),(none),desktop,United States,not available in demo dataset
0744898282188245890,1492443994,20170417,1,146.75,1467.5,18,693,google,organic,desktop,United States,not available in demo dataset
4324036367604282346,1492483461,20170417,1,21.19,211.9,22,1305,google,organic,desktop,United States,not available in demo dataset
303733040875070154,1492481908,20170417,1,17.69,176.9,23,568,google,organic,desktop,United States,Sunnyvale
428377751227330617,1492453109,20170417,1,19.29,192.89999999999998,19,496,(direct),(none),desktop,United States,Mountain View
741020852959030881,1492464384,20170417,1,320.52,3205.2,18,747,(direct),(none),desktop,United States,Chicago
3590767994555565324,1492485988,20170417,1,47.79,477.9,24,444,(direct),(none),desktop,United States,not available in demo dataset
2349461252171876066,1492457426,20170417,1,466.2,4662.0,21,1132,(direct),(none),desktop,United States,Seattle
7311242886083854158,1492465643,20170417,1,180.44,1804.4,18,567,(direct),(none),desktop,United States,Chicago
2350369757684691618,1492455036,20170417,1,50.55,505.5,27,1881,google,organic,desktop,United States,not available in demo dataset
7441074498173829277,1492466267,20170417,1,974.77,9747.7,23,1199,google,organic,desktop,United States,Chicago
7412384587534122484,1492474734,20170417,1,127.23,1272.3,24,1549,google,organic,desktop,United States,San Francisco
4140173886122763982,1492478637,20170417,1,138.75,1387.5,22,728,(direct),(none),desktop,United States,Santa Clara
6668081558564900297,1492453977,20170417,1,428.5,4285.0,20,1073,(direct),(none),desktop,United States,New York
6942073616379910924,1492470126,20170417,1,49.37,493.7,27,883,(direct),(none),desktop,United States,Mountain View
0717343852152056082,1492457532,20170417,1,278.0,2780.0,24,552,(direct),(none),desktop,United States,San Francisco
5566679994266805984,1492476096,20170417,1,70.7,707.0,29,653,(direct),(none),desktop,United States,Sunnyvale
7970882488065232755,1492458224,20170417,1,90.02,900.1999999999999,32,1871,(direct),(none),desktop,United States,Mountain View
6243045099615309942,1492452712,20170417,1,400.86,4008.6000000000004,33,706,google,organic,desktop,United States,not available in demo dataset
7671938929886422316,1492479271,20170417,1,76.03,760.3,37,1745,(direct),(none),desktop,United States,Mountain View
2090316602240305671,1492457195,20170417,1,146.7,1467.0,42,1590,(direct),(none),desktop,United States,New York
4070877498378566349,1492449875,20170417,1,724.3,7243.0,28,900,(direct),(none),desktop,United States,Ann Arbor
2402527199731150932,1492432387,20170417,2,394.9,3949.0,48,1940,(direct),(none),desktop,United States,Chicago
3774530641509474688,1492435857,20170417,1,55.36,553.6,49,755,(direct),(none),desktop,United States,not available in demo dataset
5564610750564086192,1492459965,20170417,1,91.34,913.4000000000001,83,9564,google,organic,desktop,United States,Sunnyvale
6779452888201593499,1492449129,20170417,1,16.98,169.8,17,559,(direct),(none),mobile,United States,not available in demo dataset
412554141248368974,1492441565,20170417,1,33.99,339.90000000000003,16,485,(direct),(none),mobile,United States,not available in demo dataset
9400788889925375458,1492488341,20170417,1,21.99,219.89999999999998,17,649,google,organic,tablet,United States,not available in demo dataset
5944473218831449800,1484518851,20170115,1,18.94,189.4,16,459,(direct),(none),mobile,United States,not available in demo dataset
0802037866085868199,1484528341,20170115,1,20.99,209.89999999999998,22,614,(direct),(none),mobile,United States,San Francisco
2698909979431470269,1484540759,20170115,1,25.99,259.9,20,630,(direct),(none),mobile,United States,not available in demo dataset
9631155213272957768,1484515591,20170115,1,13.99,139.9,38,1031,(direct),(none),mobile,United States,Boston
1590294463633434388,1484518570,20170115,1,22.98,229.8,8,386,(direct),(none),tablet,United States,not available in demo dataset
8696957377453802990,1484530269,20170115,1,24.99,249.89999999999998,14,510,(direct),(none),desktop,United States,not available in demo dataset
2289346231388937684,1487362504,20170217,1,90.97,909.7,9,953,dealspotr.com,referral,desktop,United States,not available in demo dataset
307884915539160890,1487373008,20170217,1,44.99,449.90000000000003,8,155,(direct),(none),desktop,United States,Mountain View
0491316713136054865,1487369131,20170217,1,37.59,375.90000000000003,9,133,mail.google.com,referral,desktop,United States,Irvine
3663326827740515016,1487372970,20170217,1,35.59,355.90000000000003,9,226,groups.google.com,referral,desktop,United States,Mountain View
3733830588871650226,1487369658,20170217,1,39.59,395.90000000000003,9,285,(direct),(none),desktop,United States,New York
9787338107687829305,1487369982,20170217,1,40.59,405.90000000000003,9,203,(direct),(none),desktop,United States,New York
0906961330340669974,1487344663,20170217,1,80.9,809.0,10,239,(direct),(none),desktop,United States,Chicago
2747620686251351645,1487394636,20170217,1,17.19,171.9,12,207,(direct),(none),desktop,United States,Irvine
0273584168531981189,1487370924,20170217,1,40.59,405.90000000000003,11,211,(direct),(none),desktop,Hungary,not available in demo dataset
4993519711854402788,1487369367,20170217,1,34.59,345.90000000000003,11,297,(direct),(none),desktop,United States,not available in demo dataset
937994839279902527,1487370292,20170217,1,41.59,415.90000000000003,11,709,google,organic,desktop,United States,not available in demo dataset
5686997736111090309,1487370281,20170217,1,40.59,405.90000000000003,13,232,(direct),(none),desktop,United States,Mountain View
5623116547642226257,1487364940,20170217,1,38.39,383.9,11,1626,(direct),(none),desktop,United States,Nashville
0105953259825061684,1487371091,20170217,1,36.59,365.90000000000003,12,276,(direct),(none),desktop,United States,Oakland
2026637372991465466,1487370470,20170217,1,41.59,415.90000000000003,12,225,(direct),(none),desktop,United States,New York
9429313791879453897,1487370647,20170217,1,36.59,365.90000000000003,13,331,(direct),(none),desktop,United States,Seattle
0914648928520608804,1487370001,20170217,1,35.59,355.90000000000003,12,401,(direct),(none),desktop,United States,San Francisco
8516882506529991379,1487369255,20170217,1,40.59,405.90000000000003,13,515,(direct),(none),desktop,United States,Mountain View
8725233109591668563,1487370008,20170217,1,40.59,405.90000000000003,13,180,plus.google.com,referral,desktop,United States,Seattle
317257995730740367,1487371367,20170217,1,73.18,731.8000000000001,15,706,(direct),(none),desktop,United States,Austin
1738165466373863553,1487357549,20170217,1,20.99,209.89999999999998,14,253,(direct),(none),desktop,United States,not available in demo dataset
3135132394776964687,1487345914,20170217,1,22.19,221.9,14,586,(direct),(none),desktop,United States,New York
584233587428145418,1487371548,20170217,1,35.59,355.90000000000003,13,201,(direct),(none),desktop,United States,San Bruno
2857205495437639716,1487371535,20170217,1,37.59,375.90000000000003,15,969,(direct),(none),desktop,United States,San Francisco
1120023251501467003,1487370963,20170217,1,38.59,385.90000000000003,15,504,(direct),(none),desktop,United States,San Francisco
1892415796758956218,1487380108,20170217,1,130.75,1307.5,17,284,(direct),(none),desktop,United States,Seattle
6786029887137297772,1487370764,20170217,1,86.99,869.9,15,548,(direct),(none),desktop,United States,Chicago
0473815800118504130,1487369950,20170217,1,37.59,375.90000000000003,16,370,mail.google.com,referral,desktop,United States,Kirkland
7284829827483975901,1487369210,20170217,1,41.59,415.90000000000003,16,711,(direct),(none),desktop,United States,Mountain View
2293938890799916112,1487372365,20170217,1,39.59,395.90000000000003,16,356,(direct),(none),desktop,United States,Sunnyvale
9991633376050115277,1487376773,20170217,1,35.59,355.90000000000003,16,386,plus.google.com,referral,desktop,United States,Cambridge
4859844656224235412,1487373098,20170217,1,85.98,859.8000000000001,17,385,google,cpc,mobile,United States,Houston
1833474884498014374,1487372328,20170217,1,76.18,761.8000000000001,15,564,(direct),(none),desktop,United States,Kirkland
7594157089401877562,1487369608,20170217,1,36.59,365.90000000000003,15,631,(direct),(none),desktop,United States,Palo Alto
3725072130314093392,1487376962,20170217,1,39.59,395.90000000000003,17,436,(direct),(none),desktop,United States,Ann Arbor
2667042982185975310,1487351541,20170217,1,40.99,409.90000000000003,16,245,google,cpc,desktop,United States,not available in demo dataset
2390837948124103582,1487370502,20170217,1,38.59,385.90000000000003,19,400,(direct),(none),desktop,United States,New York
3488988288066583080,1487369350,20170217,1,35.59,355.90000000000003,18,658,(direct),(none),desktop,United States,Sunnyvale
9085889099907936864,1487370446,20170217,1,41.59,415.90000000000003,18,458,(direct),(none),desktop,United States,New York
8312034469464405386,1487350848,20170217,1,87.54,875.4000000000001,16,524,(direct),(none),desktop,United States,New York
8008641986881155629,1487357370,20170217,1,51.79,517.9,17,242,(direct),(none),desktop,United States,San Francisco
3474268755825175033,1487371802,20170217,1,36.59,365.90000000000003,18,533,(direct),(none),desktop,United States,Sunnyvale
1906926996764473743,1487366573,20170217,1,253.29,2532.9,17,1662,(direct),(none),desktop,United States,San Francisco
8867871460130530179,1487370130,20170217,1,72.18,721.8000000000001,18,461,(direct),(none),desktop,United States,San Francisco
8434433458217392549,1487369272,20170217,2,88.98,889.8000000000001,21,787,(direct),(none),desktop,United States,Seattle
6564152786656423279,1487343456,20170217,1,45.98,459.79999999999995,18,716,google,cpc,desktop,United States,New York
9679444214215496163,1487369189,20170217,1,106.77,1067.7,12,507,(direct),(none),desktop,United States,Sunnyvale
6926784689598695134,1487370622,20170217,1,171.95,1719.5,14,417,(direct),(none),desktop,United States,Mountain View
7345128727363764298,1487370461,20170217,1,70.18,701.8000000000001,18,397,(direct),(none),desktop,United States,not available in demo dataset
8501985399565493808,1487370058,20170217,1,103.77,1037.7,21,936,google,cpc,desktop,United States,Ann Arbor
2948331056122711323,1487371405,20170217,1,75.18,751.8000000000001,24,1796,plus.google.com,referral,desktop,United States,Sunnyvale
3170422263023415862,1487359551,20170217,1,37.59,375.90000000000003,27,612,(direct),(none),desktop,United States,Mountain View
9195681118622809806,1487375443,20170217,1,40.59,405.90000000000003,25,525,(direct),(none),desktop,United States,San Jose
6470814882136589176,1487364628,20170217,1,22.99,229.89999999999998,26,730,google,organic,desktop,United States,not available in demo dataset
9816583667217814097,1487394936,20170217,1,38.98,389.79999999999995,27,584,google,organic,mobile,United States,Cambridge
6016345222703711048,1487354901,20170217,1,51.56,515.6,30,621,(direct),(none),desktop,United States,not available in demo dataset
32080452871669006,1487369870,20170217,1,183.36,1833.6000000000001,29,383,(direct),(none),desktop,United States,not available in demo dataset
5324726013788395323,1487379093,20170217,1,42.98,429.79999999999995,28,851,google,organic,desktop,United States,not available in demo dataset
1151339450407656012,1487353418,20170217,1,105.36,1053.6,27,1339,(direct),(none),desktop,United States,Mountain View
6546307978179496414,1487356112,20170217,1,87.86,878.6,29,1892,(direct),(none),desktop,United States,New York
7139467536826793752,1487362730,20170217,1,165.55,1655.5,37,1939,(direct),(none),desktop,United States,Kirkland
7278514590734130730,1487341741,20170217,1,100.67,1006.7,33,726,(direct),(none),desktop,United States,Ann Arbor
8202495144218667422,1487358048,20170217,1,42.94,429.4,34,769,groups.google.com,referral,desktop,United States,not available in demo dataset
8192111433963330892,1487375809,20170217,1,60.73,607.3,34,1709,(direct),(none),desktop,United States,Oakland
3862093055992617004,1487374954,20170217,1,41.59,415.90000000000003,36,1130,(direct),(none),desktop,United States,Mountain View
9687331249457582509,1487369532,20170217,2,164.94,1649.4,45,1900,(direct),(none),desktop,United States,Irvine
1634896680671589410,1487368698,20170217,1,293.9,2939.0,48,999,(direct),(none),desktop,United States,not available in demo dataset
8281062230897695095,1495252935,20170519,1,38.77,387.70000000000005,7,468,(direct),(none),desktop,United States,not available in demo dataset
3055210275041063750,1495206993,20170519,1,203.98,2039.8,10,200,google,organic,desktop,United States,Cambridge
4955635156977445979,1495208948,20170519,1,21.39,213.9,13,453,google,organic,desktop,United States,not available in demo dataset
4343338159400542614,1495221764,20170519,1,43.68,436.8,11,216,(direct),(none),mobile,United States,Los Angeles
653069947099114599,1495227973,20170519,1,29.64,296.4,16,2537,(direct),(none),desktop,United States,Sunnyvale
1489909135644077602,1495262082,20170519,1,285.3,2853.0,14,409,(direct),(none),desktop,United States,Mountain View
0450212169679268027,1495208044,20170519,1,34.98,349.79999999999995,18,324,google,organic,desktop,United States,Mountain View
8574963214851619381,1495248070,20170519,1,10.98,109.80000000000001,16,530,google,cpc,desktop,United States,not available in demo dataset
9505488127999299537,1495228439,20170519,1,39.97,399.7,16,346,(direct),(none),desktop,United States,New York
8820042908642083525,1495242947,20170519,1,197.19,1971.9,17,977,(direct),(none),desktop,United States,not available in demo dataset
6565636910376220215,1495209879,20170519,1,20.29,202.89999999999998,16,357,google,organic,desktop,United States,not available in demo dataset
9076167061423470043,1495224970,20170519,1,56.28,562.8,17,295,(direct),(none),desktop,United States,Sunnyvale
7691826110185211654,1495216390,20170519,1,47.52,475.20000000000005,21,2494,google,organic,desktop,United States,not available in demo dataset
4075624190371781954,1495206625,20170519,1,27.99,279.9,19,4114,google,organic,mobile,United States,Washington
9359260991266226539,1495232917,20170519,1,26.76,267.6,20,1531,(direct),(none),desktop,United States,San Jose
6816536410771579463,1495226334,20170519,1,71.27,712.6999999999999,21,1170,(direct),(none),desktop,United States,Austin
0640433429877929929,1495225896,20170519,1,44.39,443.9,19,368,(direct),(none),desktop,United States,Mountain View
1383687428379664179,1495214310,20170519,1,158.65,1586.5,20,434,(direct),(none),desktop,United States,Austin
2832884882260579085,1495220876,20170519,1,35.38,353.8,23,1008,google,organic,desktop,United States,not available in demo dataset
1509207029214764906,1495216589,20170519,1,103.35,1033.5,21,496,(direct),(none),desktop,United States,Austin
8355761719753398617,1495205776,20170519,1,840.05,8400.5,19,1392,google,organic,desktop,United States,New York
8704055191873808093,1495216736,20170519,1,182.9,1829.0,24,1353,(direct),(none),desktop,United States,not available in demo dataset
6318500377157429030,1495249364,20170519,1,52.27,522.7,24,626,google,organic,desktop,United States,not available in demo dataset
7441074498173829277,1495209755,20170519,1,236.95,2369.5,23,334,(direct),(none),desktop,United States,Chicago
1840851331130609869,1495207936,20170519,1,80.99,809.9,29,605,(direct),(none),desktop,United States,Mountain View
3800542336363535033,1495224769,20170519,1,53.27,532.7,28,1013,google,organic,mobile,United States,not available in demo dataset
681345956743814792,1495206721,20170519,1,9.79,97.89999999999999,30,626,(direct),(none),desktop,United States,Austin
6633599178417941458,1495241739,20170519,1,32.98,329.79999999999995,35,1004,(direct),(none),desktop,United States,Seattle
5522900869566252601,1495249699,20170519,1,89.07,890.6999999999999,32,1564,duckduckgo.com,referral,desktop,United States,San Jose
4222446458749632858,1495227086,20170519,1,80.96,809.5999999999999,36,2680,(direct),(none),desktop,United States,not available in demo dataset
2962662746296004840,1495197634,20170519,1,80.4,804.0,34,3061,(direct),(none),desktop,United States,not available in demo dataset
9956296141985415749,1495234677,20170519,1,365.0,3650.0,39,2490,google,organic,desktop,United States,Los Angeles
7054908618767753222,1495245934,20170519,1,214.94,2149.4,39,1418,(direct),(none),desktop,United States,San Francisco
7113011772090059658,1495224792,20170519,1,52.0,520.0,38,1558,(direct),(none),desktop,United States,not available in demo dataset
1366491597789783868,1495211697,20170519,1,30.97,309.7,45,1635,(direct),(none),desktop,United States,not available in demo dataset
9344661624535255277,1495229591,20170519,1,256.05,2560.5,41,1069,(direct),(none),desktop,United States,New York
9026840718082010040,1495199725,20170519,3,2298.6,22986.0,51,2222,(direct),(none),desktop,United States,not available in demo dataset
3237848165870949181,1495198354,20170519,1,111.31,1113.1,46,1459,(direct),(none),desktop,United States,New York
0376116041887932016,1495250954,20170519,1,25.77,257.7,64,1310,google,organic,desktop,United States,not available in demo dataset
4274511861314211339,1500015203,20170714,1,36.0,360.0,6,113,(direct),(none),desktop,United States,Denver
6310913035223827948,1500045889,20170714,1,28.36,283.6,11,2021,(direct),(none),desktop,United States,Mountain View
7783483124481840961,1500046137,20170714,1,321.0,3210.0,11,515,(direct),(none),desktop,United States,Ann Arbor
4119448635627172848,1500066098,20170714,1,64.98,649.8000000000001,13,356,(direct),(none),desktop,United States,Los Angeles
5185645869012304658,1500054624,20170714,1,328.0,3280.0,13,322,(direct),(none),desktop,United States,not available in demo dataset
6800222720402902812,1500052337,20170714,1,22.48,224.8,14,484,(direct),(none),mobile,United States,San Francisco
5612807768965191337,1500042118,20170714,1,52.79,527.9,12,490,(direct),(none),desktop,United States,New York
3023987141192180181,1500051119,20170714,1,11.2,112.0,17,407,(direct),(none),desktop,United States,Los Angeles
0794644147217997845,1500063343,20170714,1,78.33,783.3,19,2404,google,cpm,desktop,United States,Mountain View
2302897932992284309,1500042444,20170714,1,35.38,353.8,18,608,(direct),(none),desktop,United States,Mountain View
7303793848128238288,1500053859,20170714,1,25.99,259.9,18,453,(direct),(none),desktop,United States,New York
9104901150360487546,1500043639,20170714,1,110.99,1109.8999999999999,19,1520,google,cpc,desktop,United States,not available in demo dataset
7063315126654210750,1500073970,20170714,1,36.94,369.4,20,882,google,organic,desktop,United States,Sunnyvale
1766574900434071803,1500063050,20170714,1,88.99,889.9,17,331,(direct),(none),desktop,United States,San Francisco
7547701694662050330,1500091886,20170714,1,54.27,542.7,17,1035,google,organic,desktop,United States,not available in demo dataset
0747495245317338179,1500084200,20170714,1,14.99,149.9,23,2108,(direct),(none),desktop,United States,not available in demo dataset
3968161907727043413,1500066186,20170714,1,86.99,869.9,24,367,google,cpm,desktop,United States,Los Angeles
6704364789762409859,1500068044,20170714,1,99.41,994.0999999999999,24,1496,(direct),(none),desktop,United States,not available in demo dataset
950676259034422019,1500070057,20170714,1,423.76,4237.6,23,555,google,organic,desktop,United States,not available in demo dataset
7741904137426649634,1500054222,20170714,1,32.3,323.0,28,783,(direct),(none),desktop,United States,San Jose
9519477824585169413,1500064206,20170714,1,55.68,556.8,21,573,(direct),(none),desktop,United States,New York
733935141047180090,1500075851,20170714,1,39.97,399.7,20,2228,google,organic,mobile,United States,not available in demo dataset
395878510909861453,1500049319,20170714,1,36.14,361.4,28,1440,(direct),(none),desktop,United States,Sunnyvale
5714578235466782917,1500057577,20170714,1,86.99,869.9,25,1136,(direct),(none),desktop,United States,Mountain View
9469111554165256569,1500068458,20170714,1,109.18,1091.8000000000002,22,643,(direct),(none),desktop,United States,not available in demo dataset
2439011587487738686,1500055600,20170714,1,39.38,393.8,21,511,(direct),(none),desktop,United States,San Francisco
4737716055104076300,1500062238,20170714,1,21.4,214.0,25,426,(direct),(none),desktop,United States,Sunnyvale
5296297372596099151,1500013691,20170714,1,70.76,707.6,31,1302,(direct),(none),desktop,United States,Sunnyvale
2433182968898386515,1500049336,20170714,1,23.99,239.89999999999998,31,1455,(direct),(none),desktop,United States,Mountain View
806992249032686650,1500043689,20170714,1,56.63,566.3000000000001,25,1373,(direct),(none),desktop,United States,Cambridge
4558105233287956143,1500054399,20170714,1,41.82,418.2,32,867,(direct),(none),desktop,United States,Chicago
4136548162519732667,1500044904,20170714,1,251.6,2516.0,28,1247,(direct),(none),desktop,United States,Ann Arbor
7866268239897048336,1500062273,20170714,2,120.38,1203.8,31,1566,(direct),(none),desktop,United States,Cambridge
0344842538233543056,1500064472,20170714,1,23.99,239.89999999999998,37,1112,google,organic,mobile,United States,not available in demo dataset
8915655068975271461,1500070846,20170714,1,32.58,325.79999999999995,35,1291,(direct),(none),desktop,United States,Fremont
9784853758319873850,1500057141,20170714,1,439.12,4391.2,32,1487,(direct),(none),desktop,United States,Austin
7567817112637547239,1500033101,20170714,2,107.2,1072.0,36,2304,google,organic,desktop,United States,Mountain View
2341448488539470965,1500094917,20170714,1,71.17,711.7,33,1687,google,organic,desktop,Canada,not available in demo dataset
1996186587769697436,1500050406,20170714,1,299.24,2992.4,32,736,(direct),(none),desktop,United States,Seattle
0163532416839889055,1500079714,20170714,2,69.38,693.8,47,1015,(direct),(none),desktop,United States,New York
4572473880059546924,1500070515,20170714,1,421.4,4214.0,48,1686,(direct),(none),desktop,United States,San Francisco
0600237702497948707,1500079238,20170714,1,81.78,817.8,49,1140,(direct),(none),desktop,United States,San Francisco
8639551625314218823,1500073072,20170714,1,50.31,503.1,55,1615,(direct),(none),desktop,United States,Ann Arbor
806992249032686650,1500062362,20170714,1,84.98,849.8000000000001,74,3648,mail.google.com,referral,desktop,United States,Cambridge
3259618435947707207,1489446074,20170313,1,20.97,209.7,21,892,(direct),(none),desktop,United States,Seattle
7229994429253580812,1489431679,20170313,1,24.99,249.89999999999998,18,1293,(direct),(none),mobile,United States,not available in demo dataset
6359573214811680534,1489439694,20170313,1,32.98,329.79999999999995,20,283,google,organic,desktop,United States,not available in demo dataset
047507722101025881,1489451739,20170313,1,59.99,599.9,20,483,google,organic,desktop,United States,San Francisco
6983400713632965044,1489426087,20170313,1,62.36,623.6,18,897,(direct),(none),desktop,United States,New York
1646747992905805330,1489432478,20170313,1,169.9,1699.0,24,1446,google,organic,desktop,United States,Chicago
0608915197735218105,1489433189,20170313,1,201.28,2012.8,26,3050,(direct),(none),desktop,United States,not available in demo dataset
2402527199731150932,1489455011,20170313,1,255.9,2559.0,21,320,(direct),(none),desktop,United States,Chicago
0860415108038967350,1489442988,20170313,1,90.38,903.8,23,489,(direct),(none),desktop,United States,Los Angeles
2743010540143714020,1489462702,20170313,1,39.37,393.7,23,1014,(direct),(none),desktop,United States,New York
1638979583737081570,1489401532,20170313,1,25.46,254.60000000000002,26,802,google,organic,desktop,Turkey,Istanbul
0091725120799498455,1489451493,20170313,1,21.19,211.9,20,1458,(direct),(none),desktop,United States,San Francisco
8616482225109152227,1489438475,20170313,1,170.16,1701.6,25,596,(direct),(none),desktop,United States,New York
5590743844926892757,1489417235,20170313,1,388.38,3883.8,35,1459,(direct),(none),desktop,United States,not available in demo dataset
6051565234057723830,1489434244,20170313,1,129.7,1297.0,41,766,google,organic,desktop,United States,Atlanta
8436822453341818983,1489417704,20170313,1,69.98,699.8000000000001,35,732,(direct),(none),desktop,United States,New York
7750057450092176618,1489416355,20170313,1,201.56,2015.6,40,3370,(direct),(none),desktop,United States,Mountain View
7093542318581071543,1489442191,20170313,1,91.33,913.3,37,823,(direct),(none),desktop,United States,Mountain View
5592881072764401031,1489415247,20170313,1,857.1,8571.0,49,2035,google,organic,desktop,Canada,Calgary
822220356335302003,1489435322,20170313,1,62.44,624.4,46,2091,(direct),(none),desktop,United States,San Jose
2419083783587438310,1489468539,20170313,1,291.35,2913.5,59,1995,(direct),(none),desktop,United States,not available in demo dataset
6130248785422352959,1489434324,20170313,2,646.13,6461.3,48,975,(direct),(none),desktop,United States,New York
8666574866065841577,1489404831,20170313,1,120.96,1209.6,51,1211,google,organic,desktop,Saudi Arabia,not available in demo dataset
8051330666155148777,1489465259,20170313,1,905.3,9053.0,59,1913,(direct),(none),desktop,United States,Los Angeles
6576129990528649726,1489468716,20170313,1,55.96,559.6,79,4201,google,organic,desktop,United States,not available in demo dataset
6056987916550791423,1489442777,20170313,1,15.0,150.0,10,178,(direct),(none),desktop,United States,Mountain View
068301324269312205,1489440484,20170313,1,89.98,899.8000000000001,11,294,google,organic,desktop,United States,San Francisco
1463636140819732503,1489454292,20170313,1,24.99,249.89999999999998,9,117,(direct),(none),desktop,United States,New York
0349098195293316395,1489440057,20170313,1,68.19,681.9,11,214,(direct),(none),desktop,United States,New York
2345055969142696624,1489430446,20170313,1,31.39,313.9,12,405,(direct),(none),desktop,United States,New York
7658192084720685827,1489433753,20170313,1,22.99,229.89999999999998,13,344,(direct),(none),desktop,United States,Oakland
2469327075513689553,1489429046,20170313,1,20.19,201.9,13,245,(direct),(none),desktop,United States,New York
3024362751507085867,1489434208,20170313,1,19.19,191.9,13,470,(direct),(none),desktop,United States,Mountain View
3504024407215071221,1489389395,20170313,1,28.95,289.5,13,221,(direct),(none),desktop,Ireland,Dublin
0191382203292370318,1489439273,20170313,1,17.99,179.89999999999998,18,428,google,organic,desktop,United States,not available in demo dataset
859169837119660000,1499927321,20170713,1,9.49,94.9,4,34,google,organic,mobile,United States,not available in demo dataset
3741029495705540856,1499948870,20170713,1,55.91,559.0999999999999,7,327,(direct),(none),desktop,United States,not available in demo dataset
339334311045885434,1499966663,20170713,1,36.04,360.4,10,576,(direct),(none),desktop,United States,Austin
9363207205094761073,1499967456,20170713,1,21.55,215.5,11,797,(direct),(none),desktop,United States,Mountain View
3346631104336405882,1499958768,20170713,1,42.98,429.79999999999995,11,819,google,organic,mobile,United States,not available in demo dataset
9484234336257707179,1499984115,20170713,1,13.6,136.0,12,618,(direct),(none),desktop,United States,Cambridge
1647919038367422597,1499981228,20170713,1,23.19,231.9,13,424,google,organic,desktop,United States,New York
9014580000597240539,1499952056,20170713,1,26.87,268.7,12,396,(direct),(none),desktop,United States,Mountain View
3550517741801560701,1499974599,20170713,1,9.99,99.9,12,288,google,cpc,mobile,United States,Washington
4577377706293036618,1499971967,20170713,1,19.99,199.89999999999998,14,1967,(direct),(none),desktop,Israel,Tel Aviv-Yafo
9249130983722228273,1499968322,20170713,1,111.49,1114.8999999999999,12,490,(direct),(none),desktop,United States,Ann Arbor
5753687412615654863,1499966967,20170713,1,228.0,2280.0,14,734,(direct),(none),desktop,United States,Mountain View
7308330363798605080,1499953410,20170713,1,52.78,527.8,15,2456,google,organic,desktop,United States,Lake Oswego
6125563692107396483,1499995677,20170713,1,14.6,146.0,14,689,(direct),(none),desktop,United States,Sunnyvale
8010758488625619131,1499928366,20170713,1,19.29,192.89999999999998,15,1847,(direct),(none),mobile,United States,not available in demo dataset
1470956649294061383,1499976775,20170713,1,35.0,350.0,13,293,(direct),(none),desktop,United States,not available in demo dataset
1383687428379664179,1499966198,20170713,1,53.27,532.7,17,721,mail.google.com,referral,desktop,United States,Austin
543368443296403226,1499962728,20170713,1,63.18,631.8,15,344,(direct),(none),desktop,United States,not available in demo dataset
644407009401848542,1499970562,20170713,1,58.96,589.6,17,474,(direct),(none),desktop,United States,Mountain View
7567817112637547239,1499926881,20170713,2,185.96,1859.6000000000001,16,562,google,cpc,desktop,United States,Mountain View
2817453656935743519,1499962207,20170713,1,18.99,189.89999999999998,16,2041,google,organic,desktop,United States,not available in demo dataset
5807278314451544984,1499961383,20170713,1,12.79,127.89999999999999,17,613,(direct),(none),desktop,United States,Mountain View
9587233052829072755,1499959877,20170713,1,103.38,1033.8,16,607,(direct),(none),desktop,United States,not available in demo dataset
262902792123089700,1499975569,20170713,1,56.28,562.8,19,1145,google,organic,desktop,United States,not available in demo dataset
2966465528641096132,1499984473,20170713,1,26.19,261.90000000000003,14,323,(direct),(none),desktop,United States,San Francisco
9824524325763367768,1499986283,20170713,1,20.2,202.0,15,330,(direct),(none),desktop,United States,Mountain View
6361412319872992079,1499978219,20170713,1,27.78,277.8,19,450,google,cpc,desktop,United States,not available in demo dataset
7183166419038940327,1499974578,20170713,1,251.31,2513.1,18,641,(direct),(none),desktop,United States,Austin
3551066677390608620,1499963374,20170713,1,84.99,849.9,19,969,(direct),(none),desktop,United States,Sunnyvale
6560066529199965530,1499980904,20170713,1,78.67,786.7,18,994,google,cpc,desktop,United States,not available in demo dataset
036131108463384213,1499970202,20170713,1,26.79,267.9,18,312,google,organic,desktop,United States,Kirkland
1210036509049986390,1499956481,20170713,1,51.8,518.0,20,389,(direct),(none),desktop,United States,Oakland
1842106171508051051,1499981652,20170713,1,31.98,319.8,21,1996,bing,organic,desktop,United States,not available in demo dataset
403789659645595849,1499976213,20170713,1,21.99,219.89999999999998,23,1597,google,organic,desktop,United States,Austin
0112712853580593351,1499960261,20170713,1,24.27,242.7,18,1582,(direct),(none),desktop,United States,Fremont
0507664246019057034,1499986350,20170713,1,25.99,259.9,20,312,(direct),(none),desktop,United States,not available in demo dataset
3891707253957252733,1499961277,20170713,1,17.2,172.0,17,1864,(direct),(none),desktop,United States,Washington
2122547835443026286,1499971856,20170713,1,52.78,527.8,20,381,google,organic,desktop,United States,Lake Oswego
9376652341885109410,1499966699,20170713,1,87.19,871.9,21,1052,(direct),(none),desktop,United States,Mountain View
8303950448649190197,1499986872,20170713,1,30.93,309.3,29,1641,google,organic,desktop,Canada,not available in demo dataset
235352179583924900,1499965272,20170713,1,45.17,451.70000000000005,32,1010,google,organic,desktop,United States,Lake Oswego
5615435557331654733,1499967376,20170713,1,49.07,490.7,22,456,(direct),(none),desktop,United States,Mountain View
7454160401328902482,1499983900,20170713,1,46.55,465.5,31,1582,google,organic,desktop,United States,not available in demo dataset
6817073554026572260,1499966251,20170713,1,94.44,944.4,33,1658,google,organic,mobile,United States,not available in demo dataset
9541996968314639199,1499932516,20170713,1,59.19,591.9,32,1112,google,organic,desktop,United States,Sunnyvale
6861967258484656845,1499970249,20170713,1,69.66,696.5999999999999,29,938,(direct),(none),desktop,United States,Sunnyvale
616813475440297008,1499965421,20170713,1,44.17,441.70000000000005,24,428,(direct),(none),desktop,United States,Ann Arbor
69932627935135372,1499975619,20170713,1,31.15,311.5,29,1525,(direct),(none),desktop,United States,Chicago
5980795059692822710,1499979470,20170713,1,22.5,225.0,32,644,(direct),(none),desktop,United States,not available in demo dataset
7109365960506850158,1499990039,20170713,1,33.25,332.5,29,694,google,organic,desktop,United States,not available in demo dataset
8903811163323410238,1499991975,20170713,1,25.22,252.2,32,1151,google,organic,desktop,United States,not available in demo dataset
6397329721784535287,1500002733,20170713,1,43.99,439.90000000000003,31,762,google,organic,desktop,United States,not available in demo dataset
4381707062146143113,1499966032,20170713,1,19.46,194.60000000000002,31,576,(direct),(none),desktop,United States,Kirkland
9680451704023510043,1499947090,20170713,1,257.2,2572.0,31,1517,(direct),(none),desktop,Germany,Berlin
120951074287268149,1499974113,20170713,1,65.08,650.8,36,757,(direct),(none),desktop,United States,Mountain View
410236987316567002,1499969294,20170713,1,58.91,589.0999999999999,38,978,(direct),(none),desktop,United States,Mountain View
7701613595320832147,1500009713,20170713,1,434.1,4341.0,57,1266,google,organic,desktop,United States,Sunnyvale
0509537543362594682,1499967735,20170713,1,49.18,491.8,51,2907,(direct),(none),desktop,United States,Mountain View
2034812653909210223,1499930327,20170713,1,230.87,2308.7,42,1169,Partners,affiliate,desktop,United States,Redwood City
5292294760335216459,1499993284,20170713,2,148.73,1487.3,45,1217,(direct),(none),desktop,United States,Kirkland
806992249032686650,1499969354,20170713,1,48.34,483.40000000000003,57,1665,(direct),(none),desktop,United States,Cambridge
9417857471295131045,1499951313,20170713,2,14060.31,140603.1,109,3880,(direct),(none),desktop,United States,not available in demo dataset
9669933764937008223,1490483332,20170325,1,106.99,1069.8999999999999,20,722,google,organic,mobile,United States,not available in demo dataset
1481084267519588690,1490460476,20170325,1,16.99,169.89999999999998,20,881,google,organic,desktop,United States,not available in demo dataset
9216546597638935577,1490464424,20170325,1,40.98,409.79999999999995,19,413,google,organic,desktop,Hong Kong,Hong Kong
1860043119343068169,1490447121,20170325,1,34.98,349.79999999999995,20,602,google,organic,desktop,United States,not available in demo dataset
0355692456617973868,1490465298,20170325,1,142.54,1425.3999999999999,25,1222,(direct),(none),desktop,United States,not available in demo dataset
3283030329692495258,1490477313,20170325,1,36.98,369.79999999999995,27,986,(direct),(none),mobile,United States,San Francisco
079656074413776629,1490453989,20170325,1,19.79,197.89999999999998,29,734,(direct),(none),desktop,United States,not available in demo dataset
0436308854548495165,1490484756,20170325,2,36.98,369.79999999999995,28,596,google,organic,desktop,United States,Nashville
9982117639715718754,1490489974,20170325,1,30.98,309.8,60,2277,google,organic,tablet,United States,Seattle
5045635710262870815,1490478223,20170325,1,156.9,1569.0,51,1745,google,organic,desktop,Ecuador,not available in demo dataset
5041110715755196949,1490451308,20170325,1,216.63,2166.3,70,3611,(direct),(none),desktop,United States,not available in demo dataset
1120792726285615297,1490491185,20170325,1,16.59,165.9,12,441,(direct),(none),desktop,United States,not available in demo dataset
253197226133513839,1490491871,20170325,1,87.99,879.9,17,341,google,organic,desktop,United States,not available in demo dataset
7445235885559107095,1495135916,20170518,1,22.99,229.89999999999998,10,860,google,organic,desktop,United States,Salem
5610034740726325654,1495124199,20170518,1,21.99,219.89999999999998,11,369,google,organic,desktop,United States,not available in demo dataset
7025060806675934744,1495153008,20170518,1,38.98,389.79999999999995,12,558,(direct),(none),desktop,United States,not available in demo dataset
4921413806940784676,1495146926,20170518,1,71.19,711.9,14,527,google,organic,desktop,United States,Santa Clara
094901025743788716,1495131491,20170518,1,82.63,826.3,13,277,(direct),(none),desktop,United States,Seattle
4099954209864807255,1495165871,20170518,1,38.58,385.79999999999995,16,631,(direct),(none),desktop,United States,Mountain View
8981902739255325984,1495132961,20170518,1,19.99,199.89999999999998,15,1120,google,organic,desktop,United States,not available in demo dataset
8274198779829884845,1495116333,20170518,1,27.58,275.79999999999995,13,278,(direct),(none),desktop,United States,New York
2909210793431796442,1495154261,20170518,1,24.79,247.89999999999998,16,1271,google,organic,desktop,United States,not available in demo dataset
2693283748640225828,1495111870,20170518,1,32.99,329.90000000000003,14,195,(direct),(none),desktop,United States,not available in demo dataset
3658091589289896549,1495135919,20170518,1,123.75,1237.5,14,439,(direct),(none),desktop,United States,Atlanta
7338727505204882646,1495141017,20170518,1,266.75,2667.5,15,541,(direct),(none),desktop,United States,Chicago
3693780642505402534,1495126343,20170518,1,493.4,4934.0,14,515,(direct),(none),desktop,United States,New York
4959410280892365122,1495139539,20170518,1,107.34,1073.4,15,204,(direct),(none),desktop,United States,Washington
7585321373986269779,1495109235,20170518,1,58.98,589.8,20,658,google,organic,desktop,Brazil,Sao Paulo
8201898397843285921,1495172858,20170518,1,41.57,415.7,20,754,google,organic,desktop,United States,Kirkland
6285049606450722008,1495121446,20170518,1,42.19,421.9,22,627,(direct),(none),desktop,United States,Kirkland
397096195399292263,1495133544,20170518,1,34.0,340.0,21,995,(direct),(none),desktop,United States,not available in demo dataset
6932676135236054351,1495135018,20170518,1,26.99,269.9,25,2740,google,organic,desktop,United States,not available in demo dataset
0281952976428623195,1495128240,20170518,1,116.93,1169.3000000000002,21,504,(direct),(none),desktop,United States,Kirkland
4380984667405798973,1495140630,20170518,1,412.98,4129.8,26,1060,(direct),(none),desktop,United States,Chicago
848832409381195628,1495122019,20170518,1,344.66,3446.6000000000004,24,969,(direct),(none),desktop,United States,Sunnyvale
1708063999877429517,1495123932,20170518,2,335.33,3353.2999999999997,28,1477,(direct),(none),desktop,United States,San Francisco
0158994139683228392,1495127188,20170518,1,463.55,4635.5,27,976,google,organic,desktop,United States,New York
5412295266438507399,1495118172,20170518,1,84.33,843.3,34,1157,google,organic,desktop,United States,not available in demo dataset
349934101169965198,1495140600,20170518,1,327.04,3270.4,34,859,google,organic,desktop,United States,Chicago
8710915219052042502,1495095607,20170518,1,67.06,670.6,43,2291,(direct),(none),desktop,United States,San Francisco
9301277772206384773,1495106131,20170518,1,12.99,129.9,38,1281,google,organic,desktop,United States,not available in demo dataset
9024790933657280533,1495143299,20170518,1,61.96,619.6,51,1269,google,organic,desktop,United States,Los Angeles
6894660104034700303,1495162183,20170518,1,24.99,249.89999999999998,15,313,google,organic,mobile,United States,San Francisco
4744957427444301476,1495140704,20170518,1,21.99,219.89999999999998,16,681,google,organic,mobile,United States,Houston
5872995235410179138,1495117087,20170518,1,17.28,172.8,15,342,google,cpc,mobile,United States,not available in demo dataset
1725664254318126808,1495141083,20170518,1,15.99,159.9,16,726,google,organic,mobile,United States,Washington
0117526410729664708,1495138311,20170518,1,20.99,209.89999999999998,24,1062,google,cpc,mobile,United States,not available in demo dataset
5453814942218700103,1490150619,20170321,1,47.98,479.79999999999995,14,758,google,organic,mobile,United States,San Francisco
1930306935121258634,1490122854,20170321,1,196.3,1963.0,15,478,(direct),(none),desktop,United States,Fremont
2091423130577972797,1490106820,20170321,1,38.98,389.79999999999995,14,246,(direct),(none),desktop,United States,not available in demo dataset
6563130963865137516,1490112959,20170321,1,17.19,171.9,13,344,l.messenger.com,referral,desktop,United States,Seattle
89893008278013433,1490135431,20170321,1,14.97,149.70000000000002,15,386,google,organic,desktop,United States,not available in demo dataset
2020115174591875878,1490100026,20170321,1,61.3,613.0,17,1039,(direct),(none),desktop,United States,Cambridge
3473394703672890486,1490114242,20170321,1,18.99,189.89999999999998,16,1141,(direct),(none),desktop,United States,New York
938988824374966310,1490117722,20170321,1,105.99,1059.8999999999999,17,1039,yahoo,organic,desktop,United States,not available in demo dataset
5625987302621131886,1490119836,20170321,1,36.48,364.79999999999995,17,644,google,organic,desktop,Russia,not available in demo dataset
8013949568772685376,1490125831,20170321,1,31.98,319.8,17,830,google,organic,desktop,United States,not available in demo dataset
0164339786303841762,1490121370,20170321,1,81.99,819.9,16,280,(direct),(none),desktop,United States,not available in demo dataset
6176203092937961614,1490122722,20170321,1,216.75,2167.5,18,853,(direct),(none),desktop,United States,Atlanta
4019489288484601437,1490128648,20170321,1,31.99,319.9,19,259,google,organic,desktop,United States,New York
9329980237636889950,1490144634,20170321,1,16.99,169.89999999999998,23,456,google,organic,desktop,United States,not available in demo dataset
6764771330832517063,1490132424,20170321,1,69.36,693.6,21,1067,google,organic,desktop,United States,Mountain View
9658647957470838961,1490162504,20170321,1,132.78,1327.8,22,898,(direct),(none),desktop,United States,not available in demo dataset
3438471796886087,1490148213,20170321,1,20.99,209.89999999999998,22,853,(direct),(none),desktop,South Korea,not available in demo dataset
5560738691178582099,1490110173,20170321,1,11.99,119.9,27,1225,(direct),(none),desktop,United States,not available in demo dataset
8423222760928681011,1490135155,20170321,1,26.99,269.9,26,701,(direct),(none),desktop,United States,Mountain View
7872935762023823952,1490140079,20170321,1,234.87,2348.7,28,826,google,organic,desktop,United States,not available in demo dataset
0461226362137454102,1490145897,20170321,1,59.35,593.5,26,795,(direct),(none),desktop,United States,Chicago
30596413607230095,1490112998,20170321,1,30.56,305.59999999999997,27,1237,(direct),(none),desktop,United States,Austin
8519577869545508855,1490150072,20170321,1,26.99,269.9,26,641,(direct),(none),desktop,United States,not available in demo dataset
5224582846346969715,1490127819,20170321,1,559.5,5595.0,38,629,(direct),(none),desktop,United States,New York
7023410125494623482,1490108481,20170321,1,130.94,1309.4,37,609,(direct),(none),desktop,United States,New York
119870259714905967,1490152268,20170321,1,801.56,8015.599999999999,46,2625,(direct),(none),desktop,United States,Fort Collins
0441066271285731501,1490120676,20170321,1,403.06,4030.6,45,690,(direct),(none),desktop,United States,New York
5106751521300969299,1490146079,20170321,1,259.7,2597.0,45,956,(direct),(none),desktop,United States,not available in demo dataset
0342282266188517272,1490118174,20170321,1,108.85,1088.5,51,1745,(direct),(none),desktop,United States,Chicago
0342282266188517272,1490125689,20170321,1,178.19,1781.9,49,657,(direct),(none),desktop,United States,Chicago
6039302517821251225,1490109475,20170321,1,272.7,2727.0,58,908,google,organic,desktop,United States,not available in demo dataset
3329885141648806984,1490116319,20170321,1,730.77,7307.7,66,2058,(direct),(none),desktop,United States,not available in demo dataset
0068590151265795437,1490128502,20170321,1,627.75,6277.5,82,2514,(direct),(none),desktop,United States,New York
6494204056900967959,1500271437,20170717,1,32.86,328.6,3,514,(direct),(none),desktop,United States,Los Angeles
9398183614127015265,1500327526,20170717,1,51.1,511.0,8,1787,(direct),(none),desktop,United States,Mountain View
8619176562727195197,1500336796,20170717,1,55.27,552.7,9,462,(direct),(none),desktop,United States,Sunnyvale
8718443071348965186,1500317651,20170717,1,62.17,621.7,8,254,google,organic,desktop,United States,New York
2863616485775419102,1500315139,20170717,1,77.42,774.2,12,584,google,organic,desktop,United States,Austin
5922545727078253740,1500317033,20170717,1,122.99,1229.8999999999999,13,218,(direct),(none),desktop,United States,Mountain View
9433517997046669782,1500306181,20170717,1,39.2,392.0,13,260,google,organic,desktop,United States,Seattle
7183243391284715656,1500324862,20170717,1,24.7,247.0,14,500,(direct),(none),desktop,United States,Austin
2426971819031028277,1500346069,20170717,1,23.59,235.9,14,497,(direct),(none),desktop,United States,Atlanta
4735021838862063499,1500319524,20170717,1,16.6,166.0,15,1823,(direct),(none),desktop,United States,Mountain View
7232030663207265797,1500322133,20170717,1,33.4,334.0,17,1375,(direct),(none),desktop,United States,Ann Arbor
6513685604083648974,1500341049,20170717,1,485.3,4853.0,15,748,(direct),(none),desktop,United States,Mountain View
2837725284997269762,1500345384,20170717,1,86.99,869.9,14,398,google,organic,desktop,United States,Chicago
8698140093733128307,1500339941,20170717,1,17.99,179.89999999999998,17,330,google,organic,desktop,United States,not available in demo dataset
163910434575936100,1500341669,20170717,1,19.9,199.0,16,319,google,cpc,tablet,United States,not available in demo dataset
6110519761832647760,1500329691,20170717,1,36.5,365.0,16,287,(direct),(none),desktop,United States,not available in demo dataset
3700543276431412713,1500330964,20170717,1,23.07,230.7,20,518,google,organic,desktop,United States,not available in demo dataset
8261368202596858055,1500313024,20170717,1,29.15,291.5,16,143,(direct),(none),desktop,United States,Mountain View
0128830210468179660,1500311886,20170717,1,39.38,393.8,16,345,google,organic,desktop,United States,New York
4845279744517849233,1500338085,20170717,1,43.19,431.9,21,380,google,organic,desktop,United States,Austin
2687747268928070384,1500324022,20170717,1,139.47,1394.7,18,1359,google,organic,desktop,United States,Chicago
9849207490494234255,1500321018,20170717,1,49.38,493.8,19,708,(direct),(none),desktop,United States,Dallas
1785770568670204175,1500327837,20170717,1,209.51,2095.1,17,391,(direct),(none),desktop,United States,Chicago
8780445498294202074,1500318402,20170717,1,41.18,411.8,26,1319,(direct),(none),desktop,United States,New York
7478106734160303595,1500351502,20170717,1,82.99,829.9,23,775,(direct),(none),desktop,United States,Mountain View
9475000972333610150,1500337040,20170717,1,17.59,175.9,24,539,(direct),(none),desktop,United States,New York
0214776722271775969,1500314051,20170717,1,186.0,1860.0,22,1362,(direct),(none),desktop,United States,Atlanta
4656286722064696063,1500337533,20170717,1,14.57,145.7,25,486,(direct),(none),desktop,United States,not available in demo dataset
6245962080386953755,1500332295,20170717,1,87.52,875.1999999999999,25,949,(direct),(none),desktop,United States,San Francisco
3221924345288041502,1500331229,20170717,1,13.8,138.0,24,415,sites.google.com,referral,desktop,United States,Mountain View
9784853758319873850,1500325319,20170717,1,112.15,1121.5,26,752,(direct),(none),desktop,United States,Austin
135731445166621856,1500329583,20170717,1,47.4,474.0,33,1688,(direct),(none),desktop,United States,Sunnyvale
0893919105830368772,1500312487,20170717,1,81.35,813.5,25,843,(direct),(none),desktop,United States,Ann Arbor
5853503812958964619,1500337084,20170717,1,30.46,304.6,35,1265,(direct),(none),desktop,United States,not available in demo dataset
5001293816565919651,1500319046,20170717,2,13.99,139.9,40,2416,dfa,cpm,mobile,United States,not available in demo dataset
3972481072101395162,1500342439,20170717,1,50.8,508.0,33,1015,(direct),(none),desktop,United States,Sunnyvale
9974351919673138742,1500276722,20170717,1,57.6,576.0,40,2412,google,organic,desktop,United States,Mountain View
9417857471295131045,1500332130,20170717,1,288.88,2888.8,36,545,(direct),(none),desktop,United States,not available in demo dataset
5584411114546174652,1500321920,20170717,4,95.12,951.2,51,1107,(direct),(none),desktop,United States,Ann Arbor
9746124619174084370,1500341097,20170717,1,233.0,2330.0,39,842,(direct),(none),desktop,United States,not available in demo dataset
3945002194355797350,1500309174,20170717,1,75.84,758.4000000000001,43,1037,(direct),(none),desktop,United States,Los Angeles
8636734210084365159,1500319356,20170717,1,468.96,4689.599999999999,45,3828,(direct),(none),desktop,United States,New York
039400440658825933,1500307465,20170717,1,77.44,774.4,50,1755,(direct),(none),desktop,United States,Chicago
6361004934465135812,1500326642,20170717,1,109.57,1095.6999999999998,49,2547,(direct),(none),desktop,United States,Ann Arbor
1342741603893289943,1500341252,20170717,1,18.19,181.9,56,1671,google,organic,desktop,United States,not available in demo dataset
1280993661204347450,1500349462,20170717,1,232.55,2325.5,63,3752,(direct),(none),desktop,United States,San Francisco
682241557361742402,1500317605,20170717,1,642.22,6422.200000000001,65,3245,google,organic,desktop,United States,Boston
1656927552400476520,1500356571,20170717,1,50.87,508.7,92,3639,(direct),(none),desktop,United States,Santa Clara
5286653810282194817,1500320481,20170717,1,101.94,1019.4,108,6711,google,organic,desktop,United States,not available in demo dataset
0633547848089854806,1499644071,20170709,1,18.99,189.89999999999998,13,211,google,organic,desktop,United States,not available in demo dataset
1693439860882386132,1499605874,20170709,1,36.28,362.8,15,787,google,organic,desktop,United States,not available in demo dataset
5923041114491111329,1499604654,20170709,1,20.59,205.9,16,516,google,organic,desktop,United States,not available in demo dataset
2256968435490294758,1499606767,20170709,1,21.0,210.0,19,571,google,organic,tablet,United States,not available in demo dataset
746147040518715564,1499645868,20170709,1,24.99,249.89999999999998,21,1366,google,organic,desktop,Canada,not available in demo dataset
3931961473816782577,1499630680,20170709,1,43.38,433.8,21,605,(direct),(none),desktop,United States,New York
3916248033880457849,1499631056,20170709,1,25.39,253.9,25,1246,(direct),(none),desktop,United States,San Francisco
7853124250162225215,1499629704,20170709,1,59.99,599.9,30,571,google,organic,desktop,United States,not available in demo dataset
4143932736586919766,1499645584,20170709,1,32.95,329.5,23,910,google,organic,desktop,United States,Sunnyvale
1677668617700674850,1499647144,20170709,1,73.73,737.3000000000001,26,991,(direct),(none),desktop,United States,Mountain View
0884726487864103521,1499615957,20170709,1,47.81,478.1,26,2100,(direct),(none),desktop,United States,Sunnyvale
0878293552935562825,1499650037,20170709,1,31.78,317.8,25,409,(direct),(none),desktop,United States,Mountain View
4143932736586919766,1499641759,20170709,1,26.24,262.4,25,679,google,organic,desktop,United States,Sunnyvale
3954784642722657723,1499643994,20170709,1,19.39,193.9,39,1320,(direct),(none),desktop,United States,not available in demo dataset
2158257269735455737,1499593880,20170709,1,17.49,174.89999999999998,51,1740,google,organic,desktop,United States,not available in demo dataset
8076506950151787875,1499613756,20170709,1,41.38,413.8,61,3560,(direct),(none),desktop,United States,not available in demo dataset
947193476266502800,1499634356,20170709,1,164.03,1640.3,61,1454,google,cpc,desktop,United States,not available in demo dataset
8972388387130785286,1499654554,20170709,1,108.26,1082.6000000000001,71,3112,google,organic,desktop,St. Lucia,(not set)
7451284399359627657,1499614228,20170709,1,45.43,454.3,68,3498,google,organic,desktop,Canada,not available in demo dataset
9102474086699884011,1500502054,20170719,1,8.2,82.0,13,471,(direct),(none),desktop,United States,Mountain View
2271817805906914184,1500488286,20170719,1,24.99,249.89999999999998,12,607,google,cpc,mobile,United States,not available in demo dataset
7238649130733042064,1500466655,20170719,1,295.4,2954.0,12,288,(direct),(none),desktop,United States,New York
9263852900501117129,1500462398,20170719,1,19.0,190.0,13,242,google,cpc,mobile,United States,not available in demo dataset
606735064258270722,1500477508,20170719,1,338.0,3380.0,16,544,(direct),(none),desktop,United States,not available in demo dataset
4260968995177655855,1500482145,20170719,1,549.4,5494.0,14,518,(direct),(none),desktop,United States,Santa Clara
5125140299363465569,1500495617,20170719,1,43.2,432.0,18,3560,(direct),(none),desktop,United States,San Jose
0608915197735218105,1500480430,20170719,1,69.96,699.5999999999999,15,700,(direct),(none),desktop,United States,not available in demo dataset
1452613891025216774,1500487827,20170719,1,123.71,1237.1,17,2082,(direct),(none),desktop,United States,New York
4260968995177655855,1500485087,20170719,1,607.8,6078.0,13,335,(direct),(none),desktop,United States,Santa Clara
2367296881084974931,1500485469,20170719,1,293.74,2937.4,16,532,(direct),(none),desktop,United States,New York
0316080058721038988,1500504446,20170719,1,123.99,1239.8999999999999,18,1108,google,organic,desktop,United States,Sunnyvale
4613547766859466698,1500479071,20170719,1,11.49,114.9,19,1907,(direct),(none),desktop,United States,not available in demo dataset
5021888768610000663,1500477606,20170719,1,37.67,376.70000000000005,18,300,(direct),(none),desktop,United States,Kirkland
7395718173947720444,1500521230,20170719,1,29.75,297.5,20,1511,(direct),(none),desktop,United States,Sunnyvale
5402622110310553851,1500476351,20170719,1,11.57,115.7,18,828,(direct),(none),desktop,United States,New York
4574431826625163321,1500504196,20170719,1,29.99,299.9,19,865,Partners,affiliate,desktop,United States,not available in demo dataset
4376572204985925602,1500521673,20170719,1,14.99,149.9,22,360,google,organic,mobile,United States,not available in demo dataset
9293223521534878892,1500498141,20170719,1,61.99,619.9,18,615,(direct),(none),desktop,United States,San Francisco
1762540039573649288,1500493055,20170719,1,48.0,480.0,19,876,(direct),(none),desktop,United States,Mountain View
5006795078292798707,1500467292,20170719,1,16.29,162.89999999999998,22,845,google,organic,desktop,Canada,not available in demo dataset
9509348681300444250,1500525905,20170719,1,98.46,984.5999999999999,24,1888,google,organic,mobile,United States,San Francisco
7194598190853071809,1500501908,20170719,1,17.59,175.9,23,454,(direct),(none),desktop,United States,Mountain View
2366243354794689639,1500476164,20170719,1,289.0,2890.0,20,1198,google,cpm,desktop,United States,San Bruno
1413421667450087159,1500499073,20170719,1,8.49,84.9,26,1302,youtube.com,referral,desktop,United States,not available in demo dataset
8478498564954638951,1500481324,20170719,1,72.15,721.5,25,794,(direct),(none),desktop,United States,Austin
0169854884741652554,1500491700,20170719,1,223.89,2238.8999999999996,22,932,(direct),(none),desktop,United States,Mountain View
3708624609955414339,1500506395,20170719,1,350.4,3504.0,21,1175,(direct),(none),desktop,United States,Atlanta
1835132804289989526,1500523395,20170719,1,32.67,326.70000000000005,21,902,(direct),(none),desktop,United States,Mountain View
344338099914658416,1500525782,20170719,1,215.87,2158.7,25,668,google,cpc,desktop,United States,not available in demo dataset
8800304863528971642,1500468898,20170719,1,25.99,259.9,26,860,google,organic,mobile,United States,San Diego
195434588004709231,1500474996,20170719,1,79.74,797.4,30,2522,google,organic,desktop,United States,San Jose
854434256389492978,1500495965,20170719,1,44.35,443.5,29,680,google,organic,desktop,United States,New York
3131378609982399583,1500494126,20170719,1,45.98,459.79999999999995,27,721,(direct),(none),desktop,United States,Sunnyvale
2533769468325451038,1500520058,20170719,1,29.26,292.6,24,1144,(direct),(none),desktop,United States,not available in demo dataset
9076419614508247108,1500498722,20170719,1,65.1,651.0,27,957,google,organic,desktop,United States,Mountain View
2348681849763325965,1500502528,20170719,1,244.42,2444.2,25,1159,(direct),(none),desktop,United States,not available in demo dataset
2134229956335427014,1500496384,20170719,1,24.0,240.0,30,1536,(direct),(none),tablet,United States,Mountain View
7282058185499112847,1500484577,20170719,1,40.38,403.8,31,1314,(direct),(none),desktop,United States,Kirkland
7169974092956652971,1500479519,20170719,1,44.2,442.0,26,2311,google,organic,desktop,United States,New York
9530536315613357862,1500522276,20170719,1,28.32,283.2,22,406,(direct),(none),desktop,United States,not available in demo dataset
4376572204985925602,1500484069,20170719,1,11.99,119.9,35,1175,google,organic,mobile,United States,not available in demo dataset
8579647481420425960,1500484945,20170719,1,221.75,2217.5,29,611,(direct),(none),desktop,United States,San Francisco
444821471625212420,1500523118,20170719,1,104.99,1049.8999999999999,31,855,google,cpc,mobile,United States,not available in demo dataset
1999942187402858600,1500485274,20170719,1,47.38,473.8,30,633,mail.google.com,referral,desktop,United States,Sunnyvale
3700714855829972615,1500507377,20170719,1,268.79,2687.9,31,585,(direct),(none),desktop,United States,Irvine
597489337358394308,1500495200,20170719,2,41.49,414.90000000000003,32,844,google,organic,desktop,United States,New York
7012131705583674177,1500527100,20170719,1,95.54,955.4000000000001,37,1918,(direct),(none),desktop,United States,Santa Clara
6448510043360208590,1500481740,20170719,1,37.67,376.70000000000005,32,670,google,organic,desktop,United States,Minneapolis
0668741043882663600,1500521313,20170719,1,27.38,273.8,43,1613,google,cpc,desktop,United States,Seattle
2377126524987232945,1500477989,20170719,1,83.55,835.5,42,2616,google,organic,desktop,United States,Irvine
96843987855909025,1500475957,20170719,1,97.02,970.1999999999999,45,4586,(direct),(none),desktop,United States,Minneapolis
3538189268879245816,1500468919,20170719,1,53.4,534.0,44,2122,(direct),(none),desktop,United States,not available in demo dataset
3140693833607536032,1500488381,20170719,1,333.1,3331.0,46,1208,google,organic,desktop,United States,not available in demo dataset
5481081028229796179,1500512275,20170719,1,21.59,215.9,42,2202,(direct),(none),desktop,United States,Atlanta
4901167500019826035,1500448732,20170719,1,166.76,1667.6,52,833,sites.google.com,referral,desktop,United States,Mountain View
491427743200379908,1494214934,20170507,1,175.95,1759.5,14,572,(direct),(none),desktop,United States,San Francisco
235594707904808624,1494204341,20170507,1,39.98,399.79999999999995,14,465,google,cpc,tablet,United States,not available in demo dataset
5864660038605471307,1494189188,20170507,1,52.79,527.9,15,469,google,organic,desktop,United States,Mountain View
0510399340773152452,1494220447,20170507,1,17.99,179.89999999999998,19,1011,google,organic,desktop,United States,not available in demo dataset
2386169796638986389,1494212913,20170507,1,205.54,2055.4,18,1294,(direct),(none),desktop,United States,Mountain View
9801270104963945292,1494178716,20170507,1,25.27,252.7,27,1465,google,organic,mobile,United States,not available in demo dataset
20941213751022444,1494217262,20170507,1,43.96,439.6,30,2542,google,organic,desktop,United States,Chicago
5949575431286593178,1494220670,20170507,1,148.98,1489.8,31,790,google,organic,desktop,Mexico,not available in demo dataset
6430571014112609987,1494179313,20170507,1,98.83,988.3,43,1703,(direct),(none),desktop,United States,Mountain View
2404730522088263435,1494209353,20170507,1,489.6,4896.0,84,3770,(direct),(none),desktop,United States,Oakland
7350727860294658830,1494145087,20170507,1,15.63,156.3,15,444,(direct),(none),desktop,United States,not available in demo dataset
8609096969354600531,1493411447,20170428,1,21.99,219.89999999999998,16,415,google,cpc,mobile,United States,not available in demo dataset
4625952167494304032,1493419483,20170428,1,41.59,415.90000000000003,18,424,groups.google.com,referral,desktop,United States,Sunnyvale
2694580801646104350,1493381054,20170428,1,52.99,529.9,15,461,(direct),(none),desktop,United States,New York
6384329866495516492,1493409275,20170428,1,31.19,311.90000000000003,17,335,(direct),(none),desktop,United States,New York
4024901454245358856,1493418692,20170428,1,42.59,425.90000000000003,16,339,(direct),(none),desktop,United States,Sunnyvale
4633732335432230842,1493384830,20170428,1,33.78,337.8,18,330,google,organic,desktop,United States,New York
9352955759477478024,1493419890,20170428,1,75.18,751.8000000000001,17,1293,(direct),(none),desktop,United States,New York
8188622413153223313,1493421371,20170428,1,36.59,365.90000000000003,18,1010,groups.google.com,referral,desktop,United States,Mountain View
1841706161179042539,1493418986,20170428,1,39.59,395.90000000000003,19,397,(direct),(none),desktop,United States,Mountain View
0347855419861857256,1493418926,20170428,1,47.34,473.40000000000003,16,370,(direct),(none),desktop,United States,New York
2420756541858063826,1493419604,20170428,1,35.59,355.90000000000003,20,1410,(direct),(none),desktop,United States,Seattle
7109067475137212038,1493429452,20170428,1,36.59,365.90000000000003,20,1856,(direct),(none),desktop,United States,New York
4489469345873839091,1493421026,20170428,1,70.18,701.8000000000001,20,622,(direct),(none),desktop,United States,San Jose
1520345374762824294,1493418721,20170428,1,135.36,1353.6000000000001,19,3363,(direct),(none),desktop,United States,Los Angeles
3637274724338240822,1493421845,20170428,1,35.59,355.90000000000003,18,685,groups.google.com,referral,desktop,United States,San Bruno
3993902620417433296,1493396522,20170428,1,32.57,325.7,15,344,(direct),(none),desktop,United States,not available in demo dataset
0205723721674321991,1493433632,20170428,1,40.59,405.90000000000003,24,1177,(direct),(none),desktop,United States,Mountain View
202488139684365954,1493422034,20170428,1,40.59,405.90000000000003,24,1002,groups.google.com,referral,desktop,United States,Mountain View
1524133766699540447,1493415242,20170428,1,102.99,1029.8999999999999,24,606,google,cpc,mobile,United States,San Francisco
439352190837086995,1493418693,20170428,1,41.59,415.90000000000003,21,439,(direct),(none),desktop,United States,Mountain View
9890182105631590481,1493418844,20170428,2,70.18,701.8000000000001,23,1066,(direct),(none),desktop,United States,Atlanta
11012202755429691,1493435922,20170428,1,41.59,415.90000000000003,13,330,(direct),(none),desktop,United States,New York
2510791568842983077,1493421869,20170428,1,72.18,721.8000000000001,26,611,(direct),(none),desktop,United States,Oakland
6797720832813064736,1493418506,20170428,1,65.66,656.5999999999999,25,929,google,organic,desktop,United States,San Francisco
7241918462963988042,1493419089,20170428,2,68.18,681.8000000000001,27,1179,(direct),(none),desktop,United States,Sunnyvale
0402324876089509346,1493390876,20170428,1,32.98,329.79999999999995,24,478,(direct),(none),desktop,United States,Chicago
0685890158319889343,1493423978,20170428,1,76.96,769.5999999999999,25,2253,(direct),(none),desktop,United States,San Jose
1084191101294648051,1493419443,20170428,1,83.77,837.6999999999999,30,2688,(direct),(none),desktop,United States,not available in demo dataset
2570270404850350503,1493401645,20170428,1,782.52,7825.2,26,684,(direct),(none),desktop,United States,not available in demo dataset
683463694449296647,1493432171,20170428,1,30.99,309.9,31,2195,(direct),(none),mobile,United States,San Francisco
3671103606125826887,1493421000,20170428,1,69.18,691.8000000000001,33,742,(direct),(none),desktop,United States,Sunnyvale
9333802179902056601,1493399210,20170428,1,68.74,687.4,32,919,google,organic,desktop,United States,San Diego
9447628234251166900,1493397837,20170428,3,104.77,1047.7,43,3994,(direct),(none),desktop,United States,Ann Arbor
5542844395633027147,1493407918,20170428,1,115.69,1156.9,34,1793,(direct),(none),desktop,United States,not available in demo dataset
451272146698301239,1493415683,20170428,1,35.99,359.90000000000003,34,888,(direct),(none),desktop,United States,New York
1759779356678951325,1493396619,20170428,1,575.2,5752.0,30,1686,(direct),(none),desktop,United States,Chicago
9418009854931436193,1493432997,20170428,1,36.59,365.90000000000003,43,1109,(direct),(none),desktop,United States,not available in demo dataset
7268732315672412988,1493424127,20170428,1,156.3,1563.0,51,2487,google,organic,desktop,United States,Cupertino
9375786706418760163,1493419565,20170428,1,74.18,741.8000000000001,10,192,(direct),(none),desktop,United States,San Jose
2935403605807774309,1493429301,20170428,1,69.18,691.8000000000001,11,355,(direct),(none),desktop,United States,San Jose
1121666835600584671,1493419996,20170428,1,68.18,681.8000000000001,11,302,(direct),(none),desktop,United States,Sunnyvale
0947990207270764241,1493418648,20170428,1,39.59,395.90000000000003,12,325,(direct),(none),desktop,United States,Oakland
4258400920909579017,1493421014,20170428,1,36.59,365.90000000000003,12,315,(direct),(none),desktop,United States,San Bruno
8471635860223602848,1493416506,20170428,1,39.39,393.9,14,378,(direct),(none),desktop,United States,Sunnyvale
0456995923783583208,1493392022,20170428,1,21.93,219.3,14,1141,google,organic,desktop,United States,not available in demo dataset
0000213131142648941,1493419318,20170428,1,39.59,395.90000000000003,13,272,(direct),(none),desktop,United States,San Francisco
0348759248625736228,1493421054,20170428,1,34.59,345.90000000000003,12,250,(direct),(none),desktop,United States,Mountain View
4022089387600233552,1493424340,20170428,1,174.95,1749.5,14,544,(direct),(none),desktop,United States,Washington
0127755228974756313,1493420502,20170428,1,103.77,1037.7,14,318,(direct),(none),desktop,United States,San Bruno
9153398667901840439,1493426419,20170428,1,40.59,405.90000000000003,12,154,(direct),(none),desktop,United States,Seattle
9364595610986559397,1493419703,20170428,1,36.59,365.90000000000003,15,497,(direct),(none),desktop,United States,Mountain View
5422490769973828124,1493418628,20170428,1,74.18,741.8000000000001,13,621,(direct),(none),desktop,United States,San Francisco
9654830487352643520,1493419640,20170428,1,69.18,691.8000000000001,14,246,(direct),(none),desktop,United States,not available in demo dataset
5169652935694684763,1493408842,20170428,1,69.59,695.9000000000001,14,338,(direct),(none),desktop,United States,Mountain View
1028353611615398657,1493431583,20170428,1,37.59,375.90000000000003,15,418,(direct),(none),desktop,United States,New York
589822830087218823,1493418636,20170428,1,37.59,375.90000000000003,15,342,(direct),(none),desktop,United States,Mountain View
0328080880890336475,1493409625,20170428,1,69.59,695.9000000000001,15,577,(direct),(none),desktop,United States,Mountain View
4744180009883384959,1493419649,20170428,1,69.18,691.8000000000001,16,307,(direct),(none),desktop,United States,Seattle
7065813466220804656,1493419011,20170428,1,37.59,375.90000000000003,16,273,(direct),(none),desktop,United States,Irvine
38212114833888799,1496942122,20170608,1,50.98,509.79999999999995,10,232,(direct),(none),desktop,United States,Dallas
9229542996504034507,1496941091,20170608,1,72.86,728.6,13,319,(direct),(none),desktop,United States,not available in demo dataset
7939722678554181163,1496965844,20170608,1,28.25,282.5,14,491,(direct),(none),desktop,United States,Mountain View
5411864857395220243,1496943201,20170608,1,56.97,569.7,15,1075,(direct),(none),desktop,United States,Sunnyvale
7048142789651941273,1496948285,20170608,1,26.19,261.90000000000003,12,1406,(direct),(none),desktop,United States,Chicago
4846202545890415172,1496954091,20170608,1,18.99,189.89999999999998,16,369,(direct),(none),desktop,United States,Mountain View
2345845626331322279,1496940150,20170608,1,17.59,175.9,15,310,(direct),(none),desktop,United States,San Francisco
1258025464074687360,1496956005,20170608,1,91.57,915.6999999999999,15,421,(direct),(none),desktop,United States,New York
6854625627420702012,1496980642,20170608,1,13.96,139.60000000000002,12,185,(direct),(none),desktop,United States,not available in demo dataset
1869599090210681270,1496948487,20170608,1,655.75,6557.5,17,412,(direct),(none),desktop,United States,Mountain View
5696877921911680957,1496976922,20170608,1,28.9,289.0,19,495,(direct),(none),desktop,United States,Cupertino
1957458976293878100,1496945814,20170608,1,27.96,279.6,18,171,dfa,cpm,desktop,United States,not available in demo dataset
7422368085041338652,1496941090,20170608,1,15.29,152.89999999999998,20,803,(direct),(none),desktop,United States,not available in demo dataset
7311242886083854158,1496964147,20170608,1,523.54,5235.4,15,414,(direct),(none),desktop,United States,Chicago
3524313174087826052,1496966183,20170608,1,25.99,259.9,18,1154,(direct),(none),desktop,United States,Charlotte
4069497283751295817,1496928108,20170608,1,55.12,551.1999999999999,20,662,(direct),(none),desktop,United States,not available in demo dataset
8837556108431981384,1496937404,20170608,1,22.16,221.6,19,2145,(direct),(none),desktop,United States,Los Angeles
9585355996663809959,1496929733,20170608,1,33.19,331.9,23,953,(direct),(none),desktop,United States,Ann Arbor
8743830704801425537,1496959519,20170608,1,19.99,199.89999999999998,28,1600,(direct),(none),mobile,United States,San Jose
6151192297026203838,1496942662,20170608,1,462.1,4621.0,26,850,(direct),(none),desktop,United States,Mountain View
5956945994743265463,1496961085,20170608,1,76.62,766.2,29,869,(direct),(none),desktop,United States,Mountain View
4749611555735686064,1496961686,20170608,1,16.99,169.89999999999998,39,1263,youtube.com,referral,desktop,United States,not available in demo dataset
2278010146232311473,1496970450,20170608,1,103.44,1034.4,50,1598,(direct),(none),desktop,United States,San Francisco
1957458976293878100,1496938888,20170608,3,882.77,8827.7,104,4538,dfa,cpm,desktop,United States,not available in demo dataset
0923541731542437040,1494526454,20170511,1,32.19,321.9,12,272,(direct),(none),desktop,United States,San Francisco
7921241728788576695,1494517739,20170511,1,45.97,459.7,15,456,(direct),(none),desktop,United States,not available in demo dataset
6784942703599802835,1494541635,20170511,1,53.79,537.9,16,601,(direct),(none),desktop,United States,New York
5003419571069818890,1494526604,20170511,1,47.79,477.9,17,948,google,organic,desktop,United States,Los Angeles
7061795919044528167,1494535719,20170511,1,71.18,711.8000000000001,17,1038,(direct),(none),desktop,United States,New York
2722991619040333092,1494533872,20170511,1,71.55,715.5,19,2351,(direct),(none),desktop,United States,not available in demo dataset
2498790727245138194,1494495230,20170511,1,31.63,316.3,18,1600,(direct),(none),desktop,United States,San Francisco
6546372456580324872,1494539365,20170511,1,39.59,395.90000000000003,16,471,(direct),(none),desktop,United States,New York
1561221900766291424,1494516378,20170511,2,47.38,473.8,22,750,(direct),(none),desktop,United States,Ann Arbor
5857676743018965961,1494539603,20170511,1,403.0,4030.0,19,317,(direct),(none),desktop,United States,Mountain View
7727831218148659507,1494540770,20170511,1,260.94,2609.4,22,1340,(direct),(none),desktop,United States,Sunnyvale
393641314117635386,1494519616,20170511,1,168.5,1685.0,20,558,google,organic,desktop,United States,Chicago
1794290733386551396,1494553823,20170511,1,76.75,767.5,21,463,(direct),(none),desktop,United States,not available in demo dataset
8396381914798990516,1494551385,20170511,1,27.99,279.9,22,890,(direct),(none),desktop,United States,not available in demo dataset
9893747990452034103,1494537094,20170511,1,70.18,701.8000000000001,21,484,(direct),(none),desktop,United States,New York
7559237002238167612,1494535177,20170511,1,40.59,405.90000000000003,23,2703,(direct),(none),desktop,United States,New York
8459417204266603118,1494521919,20170511,1,76.99,769.9,21,896,(direct),(none),desktop,United States,not available in demo dataset
779994217986978664,1494512827,20170511,1,26.82,268.2,24,870,google,organic,desktop,United States,Austin
9594765739832160882,1494531542,20170511,1,28.66,286.6,24,571,google,organic,desktop,United States,not available in demo dataset
3753158727494093380,1494525216,20170511,1,528.3,5283.0,21,1958,(direct),(none),desktop,United States,not available in demo dataset
5377821611338556054,1494541139,20170511,1,97.55,975.5,28,2220,google,organic,desktop,United States,not available in demo dataset
8955721323152136358,1494551772,20170511,1,78.41,784.0999999999999,24,905,(direct),(none),desktop,United States,Seattle
5394117793906112034,1494535789,20170511,1,19.79,197.89999999999998,27,1361,(direct),(none),desktop,United States,New York
9674294764861018259,1494551182,20170511,1,21.37,213.70000000000002,31,1593,(direct),(none),desktop,Canada,Toronto
4120018273259568255,1494526551,20170511,1,116.39,1163.9,21,1283,google,cpm,desktop,United States,Los Angeles
8615021998775763953,1494558248,20170511,1,64.76,647.6,31,754,(direct),(none),desktop,United States,Sunnyvale
7141139312225559597,1494531479,20170511,1,222.3,2223.0,33,513,(direct),(none),desktop,United States,San Bruno
6942919918740453716,1494522549,20170511,1,128.91,1289.1,42,1809,(direct),(none),desktop,United States,New York
7867882247088163383,1494539436,20170511,2,156.82,1568.1999999999998,50,1553,(direct),(none),desktop,Sweden,Stockholm
9722351659146132815,1494556136,20170511,1,55.0,550.0,55,1610,(direct),(none),desktop,United States,Fresno
8197879643797712877,1494522440,20170511,1,466.67,4666.7,66,3154,(direct),(none),desktop,United States,not available in demo dataset
0758186940251087967,1494538950,20170511,1,106.77,1067.7,8,133,(direct),(none),desktop,United States,not available in demo dataset
7259906781649779181,1494540288,20170511,1,392.89,3928.8999999999996,8,126,google,organic,desktop,United States,Mountain View
1460451526173244694,1494531549,20170511,1,32.35,323.5,11,369,(direct),(none),desktop,United States,Mountain View
779994217986978664,1494515844,20170511,1,21.99,219.89999999999998,11,294,google,organic,desktop,United States,Austin
7496201674620418944,1494543846,20170511,1,35.59,355.90000000000003,10,135,sites.google.com,referral,desktop,United States,New York
6008548099452961352,1494550361,20170511,1,19.99,199.89999999999998,11,218,(direct),(none),desktop,United States,not available in demo dataset
9130367396705369382,1494543271,20170511,1,18.99,189.89999999999998,12,259,google,organic,desktop,United States,Houston
7725691113815221366,1494559388,20170511,1,18.63,186.29999999999998,12,251,(direct),(none),desktop,United States,Mountain View
782614754453902695,1494557094,20170511,1,13.89,138.9,15,566,google,organic,desktop,United States,San Jose
2543896097453171324,1494566139,20170511,1,11.99,119.9,15,244,google,organic,mobile,United States,not available in demo dataset
3857043812510146001,1494514119,20170511,1,48.9,489.0,13,281,google,organic,desktop,United States,not available in demo dataset
8844888920708607331,1494514560,20170511,1,128.98,1289.8,14,1581,(direct),(none),desktop,United States,New York
6820200829240883942,1494524613,20170511,1,59.19,591.9,15,379,google,organic,desktop,United States,not available in demo dataset
7843562488071473206,1485878506,20170131,1,117.8,1178.0,9,231,(direct),(none),desktop,United States,Chicago
2077293997030984346,1485904887,20170131,1,13.99,139.9,9,268,(direct),(none),mobile,United States,not available in demo dataset
7292983953762980102,1485893759,20170131,1,562.0,5620.0,14,191,(direct),(none),desktop,United States,not available in demo dataset
8485421393652582878,1485886991,20170131,1,553.39,5533.9,17,1535,(direct),(none),desktop,United States,San Francisco
925490504455490197,1485895836,20170131,1,49.9,499.0,16,1019,(direct),(none),desktop,United States,San Francisco
4174008402411981050,1485903800,20170131,1,59.99,599.9,14,521,(direct),(none),mobile,Germany,not available in demo dataset
3404435547562826616,1485894835,20170131,1,33.98,339.79999999999995,16,1197,youtube.com,referral,desktop,United States,not available in demo dataset
5915583521852915302,1485898588,20170131,1,9.98,99.80000000000001,18,305,(direct),(none),desktop,United States,not available in demo dataset
3674071642665354067,1485910988,20170131,1,71.77,717.6999999999999,17,391,sites.google.com,referral,desktop,United States,Mountain View
6841461972455474576,1485892514,20170131,1,60.0,600.0,21,718,(direct),(none),desktop,United States,not available in demo dataset
61892085087294527,1485884382,20170131,1,31.99,319.9,21,339,(direct),(none),desktop,Brazil,Sao Paulo
527903113421923907,1485891169,20170131,1,165.68,1656.8000000000002,20,368,(direct),(none),desktop,United States,Ann Arbor
8580690454272378006,1485907349,20170131,1,59.99,599.9,23,697,(direct),(none),desktop,United States,Mountain View
9478362596934369742,1485883654,20170131,1,32.98,329.79999999999995,22,882,(direct),(none),mobile,United States,not available in demo dataset
1442096132173976146,1485930160,20170131,1,11.59,115.9,23,890,(direct),(none),desktop,United States,not available in demo dataset
1029323150011228171,1485903008,20170131,1,47.28,472.8,25,817,(direct),(none),desktop,United States,New York
6415113611963925053,1485896708,20170131,1,11.97,119.7,21,846,(direct),(none),desktop,United States,not available in demo dataset
9898247421236738052,1485905514,20170131,1,159.36,1593.6000000000001,22,579,(direct),(none),desktop,United States,Sunnyvale
9433643728318784543,1485914202,20170131,1,89.16,891.5999999999999,23,814,(direct),(none),desktop,United States,Seattle
9002953633143515508,1485891964,20170131,1,43.97,439.7,29,625,dfa,cpm,desktop,United States,San Jose
9541870086630790426,1485882505,20170131,1,19.97,199.7,27,1020,(direct),(none),desktop,United States,not available in demo dataset
5609577776870095596,1485914727,20170131,1,77.98,779.8000000000001,29,941,(direct),(none),mobile,United States,Chicago
5480128586099490735,1485922833,20170131,1,63.99,639.9,25,710,(direct),(none),desktop,United States,not available in demo dataset
4166421942719145577,1485885179,20170131,1,120.96,1209.6,28,832,(direct),(none),desktop,United States,not available in demo dataset
2020115174591875878,1485900459,20170131,1,414.3,4143.0,26,519,(direct),(none),desktop,United States,Cambridge
480683872448243932,1485881531,20170131,1,74.77,747.6999999999999,24,523,(direct),(none),desktop,United States,not available in demo dataset
5368975563333608262,1485868344,20170131,1,27.97,279.7,27,1170,groups.google.com,referral,desktop,United States,not available in demo dataset
870106544594907327,1485917307,20170131,1,200.14,2001.3999999999999,30,630,(direct),(none),desktop,United States,San Francisco
6824514473807635978,1485897475,20170131,1,80.96,809.5999999999999,29,508,(direct),(none),desktop,United States,Seattle
4647505914839180188,1485917091,20170131,1,36.39,363.9,29,1087,(direct),(none),desktop,United States,New York
9519453598438934808,1485897066,20170131,1,183.55,1835.5,32,493,(direct),(none),desktop,United States,not available in demo dataset
6514103813474537949,1485906172,20170131,1,64.78,647.8,34,1232,(direct),(none),desktop,United States,San Francisco
6569964390858147530,1485909879,20170131,1,503.9,5039.0,23,574,(direct),(none),desktop,United States,Mountain View
4821028877021679125,1485878576,20170131,1,48.98,489.79999999999995,42,1817,(direct),(none),desktop,United States,Austin
6525565523346061607,1485912456,20170131,1,21.58,215.79999999999998,46,768,(direct),(none),desktop,United States,Mountain View
820434232211333013,1485894064,20170131,1,19.39,193.9,54,1262,(direct),(none),desktop,United States,Sunnyvale
6147396474895233852,1485879620,20170131,1,900.62,9006.2,47,2062,(direct),(none),desktop,United States,not available in demo dataset
8436426603099391262,1485890093,20170131,2,821.14,8211.4,56,2599,(direct),(none),desktop,United States,Ann Arbor
4132432278764632576,1485880579,20170131,2,3013.64,30136.399999999998,114,3730,(direct),(none),desktop,Canada,Toronto
0440818788755263058,1494672915,20170513,1,50.0,500.0,15,591,(direct),(none),desktop,Canada,not available in demo dataset
539181992389988672,1494732319,20170513,1,68.78,687.8,19,611,(direct),(none),desktop,United States,Sunnyvale
5100429835111560658,1494717988,20170513,1,14.99,149.9,19,625,google,organic,desktop,United States,not available in demo dataset
9824651586153580201,1494716172,20170513,1,107.04,1070.4,21,663,(direct),(none),desktop,United States,Chicago
7348166856129864850,1494697166,20170513,1,10.98,109.80000000000001,23,521,google,cpc,desktop,United States,not available in demo dataset
8652257213131315139,1494688329,20170513,1,87.15,871.5,23,813,google,organic,desktop,Saudi Arabia,not available in demo dataset
8361920675798597013,1494729066,20170513,1,101.26,1012.6,19,746,google,organic,desktop,United States,Mountain View
1295206490988113981,1494712820,20170513,1,105.31,1053.1,26,867,(direct),(none),desktop,United States,Mountain View
2986044800448176384,1494721338,20170513,1,76.57,765.6999999999999,31,1313,(direct),(none),desktop,United States,not available in demo dataset
703967290140600051,1494705575,20170513,1,128.27,1282.7,28,1156,(direct),(none),desktop,United States,Sunnyvale
4609567165020263168,1494726135,20170513,1,183.28,1832.8,28,619,(direct),(none),desktop,United States,not available in demo dataset
4624790961997446284,1494707570,20170513,1,64.1,641.0,30,1285,google,cpc,desktop,United States,Los Angeles
6010250598436085923,1494681787,20170513,1,484.46,4844.599999999999,31,1569,(direct),(none),desktop,United States,not available in demo dataset
2320391139447280387,1494720838,20170513,1,90.93,909.3000000000001,36,1119,(direct),(none),desktop,United States,not available in demo dataset
7647458799254065971,1494694929,20170513,1,42.58,425.79999999999995,41,1382,(direct),(none),desktop,United States,New York
4860407976965173412,1494722827,20170513,1,75.55,755.5,47,1539,google,organic,desktop,United States,not available in demo dataset
7804796494256061450,1494716739,20170513,1,26.93,269.3,60,3264,google,organic,mobile,United States,New York
2348463054063969994,1494713884,20170513,1,150.99,1509.9,8,203,google,organic,mobile,United States,not available in demo dataset
324425236836309886,1494710088,20170513,1,16.79,167.89999999999998,13,311,(direct),(none),desktop,United States,not available in demo dataset
8050215728371627574,1494692521,20170513,1,106.99,1069.8999999999999,16,648,(direct),(none),desktop,United States,not available in demo dataset
306638466008157195,1494697698,20170513,1,74.7,747.0,15,544,(direct),(none),desktop,United States,not available in demo dataset
4812856323349906835,1494715774,20170513,1,135.92,1359.1999999999998,16,460,(direct),(none),desktop,United States,New York
9433517997046669782,1494699536,20170513,1,109.5,1095.0,18,824,(direct),(none),desktop,United States,Seattle
6622305862930947973,1491797192,20170409,1,21.99,219.89999999999998,12,504,google,organic,desktop,United States,San Francisco
2390264830975639479,1491749950,20170409,1,17.99,179.89999999999998,14,468,google,organic,desktop,United States,not available in demo dataset
9160012321913348805,1491784810,20170409,1,148.97,1489.7,12,316,(direct),(none),desktop,Puerto Rico,not available in demo dataset
8389503850023713567,1491770359,20170409,1,454.5,4545.0,16,2411,google,organic,desktop,United States,New York
875793319247047495,1491790882,20170409,1,34.98,349.79999999999995,18,631,(direct),(none),desktop,United States,San Francisco
7045327197067164006,1491782620,20170409,1,30.98,309.8,22,1073,google,organic,mobile,United States,not available in demo dataset
4191549815940169115,1491776632,20170409,1,162.18,1621.8000000000002,21,862,(direct),(none),desktop,United States,New York
2419083783587438310,1491764031,20170409,1,392.65,3926.5,23,1541,(direct),(none),desktop,United States,not available in demo dataset
5205547777184804145,1491785727,20170409,1,65.16,651.5999999999999,37,768,(direct),(none),desktop,United States,Sunnyvale
1338352704338181437,1491742602,20170409,1,196.36,1963.6000000000001,46,1233,(direct),(none),desktop,United States,not available in demo dataset
565287882698874437,1496025824,20170528,1,95.62,956.2,11,2303,(direct),(none),desktop,United States,Mountain View
7545000103569508809,1495991535,20170528,1,17.35,173.5,13,399,sites.google.com,referral,desktop,United States,Mountain View
7709616629393983673,1495962117,20170528,1,5.5,55.0,19,603,google,organic,mobile,United States,not available in demo dataset
3940793418850616637,1495993793,20170528,1,48.35,483.5,27,1166,(direct),(none),desktop,United States,New York
7086888380462447340,1496020392,20170528,1,23.99,239.89999999999998,32,996,google,organic,mobile,United States,not available in demo dataset
8505849671977452585,1496002722,20170528,1,20.47,204.7,32,914,(direct),(none),desktop,United States,not available in demo dataset
1303409560162240263,1496023530,20170528,1,31.49,314.9,32,2987,(direct),(none),mobile,United States,not available in demo dataset
7545000103569508809,1496018608,20170528,1,46.7,467.0,26,484,sites.google.com,referral,desktop,United States,Mountain View
582674888457699636,1496010080,20170528,1,44.52,445.20000000000005,49,2292,(direct),(none),desktop,United States,New York
3978330627656387084,1501480523,20170730,1,72.99,729.9,10,992,(direct),(none),desktop,United States,Mountain View
8009185599443907717,1501451486,20170730,1,21.29,212.89999999999998,13,540,google,organic,desktop,United States,not available in demo dataset
3004433257206076818,1501471071,20170730,1,14.59,145.9,12,146,(direct),(none),desktop,United States,not available in demo dataset
713731982901764318,1501459755,20170730,1,400.8,4008.0,13,498,(direct),(none),desktop,United States,New York
0951967559171152344,1501464266,20170730,1,31.59,315.9,18,759,(direct),(none),desktop,United States,Santa Clara
1051896220301954151,1501456268,20170730,1,63.99,639.9,18,979,(direct),(none),desktop,United States,Sunnyvale
557267724728292293,1501451904,20170730,1,12.7,127.0,24,1003,(direct),(none),mobile,United States,not available in demo dataset
2199373686188473715,1501402144,20170730,1,12.99,129.9,22,566,google,organic,desktop,United States,not available in demo dataset
873320659256976904,1501480779,20170730,1,30.6,306.0,23,1308,google,cpc,mobile,United States,not available in demo dataset
8239546374178075911,1501475086,20170730,1,31.82,318.2,19,456,google,organic,desktop,United States,not available in demo dataset
9391607314160932483,1501450021,20170730,1,115.75,1157.5,29,1645,(direct),(none),desktop,United States,not available in demo dataset
3898563466459211162,1501440171,20170730,1,18.0,180.0,27,850,google,organic,mobile,United States,not available in demo dataset
8540688286241364465,1501454901,20170730,1,29.29,292.9,34,997,google,cpc,mobile,United States,not available in demo dataset
4895430552956512702,1501425622,20170730,1,40.79,407.9,33,1122,google,cpc,desktop,Poland,Seattle
8825602309761363794,1501428286,20170730,1,79.54,795.4000000000001,38,2112,(direct),(none),desktop,United States,Denver
1673188218512892503,1501425876,20170730,1,82.99,829.9,34,2114,(direct),(none),desktop,United States,not available in demo dataset
5816514381907176001,1501451104,20170730,1,50.38,503.8,45,1906,google,organic,mobile,United States,Los Angeles
4981679382824177253,1501437710,20170730,1,93.89,938.9,43,1645,(direct),(none),desktop,United States,San Francisco
7757589561918883331,1501434657,20170730,1,100.99,1009.9,47,3486,google,organic,desktop,United States,not available in demo dataset
15618322761092379,1501468003,20170730,1,48.35,483.5,64,1531,(direct),(none),desktop,United States,not available in demo dataset
1727715375435944327,1501451230,20170730,1,914.36,9143.6,63,2038,(direct),(none),mobile,United States,not available in demo dataset
2422865366235727605,1501474532,20170730,1,89.47,894.7,73,2113,google,organic,mobile,Canada,not available in demo dataset
7137675061715531940,1495483961,20170522,1,12.63,126.30000000000001,9,517,(direct),(none),desktop,United States,Kirkland
7039433056529738996,1495475594,20170522,1,24.59,245.9,13,1972,(direct),(none),desktop,United States,Mountain View
1502922485907270332,1495465089,20170522,1,67.99,679.9,14,389,(direct),(none),desktop,United States,New York
5018379661055949961,1495493441,20170522,1,16.63,166.29999999999998,14,2215,(direct),(none),desktop,United States,Seattle
3774481916858545483,1495462087,20170522,1,22.99,229.89999999999998,15,1445,(direct),(none),desktop,United States,Sunnyvale
1034854340187473312,1495454472,20170522,1,29.18,291.8,15,654,(direct),(none),desktop,United States,Pittsburgh
6177876105515217779,1495469243,20170522,1,25.99,259.9,16,266,google,organic,desktop,United States,not available in demo dataset
459251814254391578,1495486991,20170522,1,23.19,231.9,17,354,(direct),(none),desktop,United States,not available in demo dataset
9422760889084118921,1495501869,20170522,1,30.82,308.2,15,591,(direct),(none),desktop,United States,Cupertino
449754892287493650,1495461812,20170522,1,7.99,79.9,19,868,(direct),(none),desktop,United States,New York
8683067250916424276,1495502713,20170522,1,16.41,164.1,17,678,(direct),(none),desktop,United States,not available in demo dataset
4959410280892365122,1495480596,20170522,1,367.06,3670.6,21,512,(direct),(none),desktop,United States,Washington
4882055783656603340,1495460376,20170522,1,44.98,449.79999999999995,27,777,dfa,cpm,mobile,Canada,Montreal
7311242886083854158,1495480898,20170522,1,511.23,5112.3,21,775,(direct),(none),desktop,United States,Chicago
7813149961404844386,1495480961,20170522,2,58.81,588.1,26,952,(direct),(none),desktop,United States,Salem
8229626512664616626,1495501607,20170522,1,48.19,481.9,27,1044,(direct),(none),desktop,United States,Chicago
0139256351437404200,1495489161,20170522,1,99.97,999.7,21,389,google,organic,desktop,United States,San Francisco
311720433666096854,1495468722,20170522,1,123.2,1232.0,31,713,(direct),(none),desktop,United States,San Jose
7282058185499112847,1495488638,20170522,2,58.68,586.8,28,969,(direct),(none),desktop,United States,Kirkland
8637646972279713218,1495480548,20170522,1,177.1,1771.0,34,1098,(direct),(none),desktop,United States,not available in demo dataset
5946277979460888197,1495498599,20170522,1,108.15,1081.5,40,1221,(direct),(none),desktop,United States,Los Angeles
3023150673904002586,1495475147,20170522,1,93.1,931.0,43,924,(direct),(none),desktop,United States,not available in demo dataset
301568042851919466,1495506920,20170522,1,60.17,601.7,89,4798,(direct),(none),desktop,United States,San Francisco
9387513564437162701,1491685757,20170408,1,35.99,359.90000000000003,15,320,(direct),(none),desktop,United States,not available in demo dataset
8687730117523423401,1491697063,20170408,1,12.39,123.9,18,762,(direct),(none),desktop,United States,Sunnyvale
4359929883683645809,1491703863,20170408,1,29.18,291.8,15,557,(direct),(none),desktop,Canada,New York
9773485240177005933,1491691756,20170408,1,20.99,209.89999999999998,19,620,google,organic,mobile,United States,Washington
353894935573695986,1491671994,20170408,1,13.98,139.8,20,405,google,organic,desktop,United States,not available in demo dataset
6459887177399853583,1491714322,20170408,1,15.96,159.60000000000002,19,430,google,organic,desktop,United States,not available in demo dataset
2108557365246449094,1491686867,20170408,1,26.25,262.5,21,995,(direct),(none),tablet,United States,not available in demo dataset
8721719977116949998,1491707815,20170408,1,81.96,819.5999999999999,25,3129,google,organic,mobile,United States,not available in demo dataset
3177345827435653751,1491712791,20170408,1,41.98,419.79999999999995,25,2602,google,organic,desktop,United States,not available in demo dataset
7535069229429628764,1491651782,20170408,1,196.45,1964.5,25,449,google,organic,desktop,Belgium,not available in demo dataset
2864376493455301677,1491672847,20170408,1,100.25,1002.5,24,626,google,organic,desktop,United States,not available in demo dataset
4530153590058587596,1491715442,20170408,1,41.98,419.79999999999995,28,491,google,organic,desktop,South Korea,not available in demo dataset
139472357811670278,1491655143,20170408,1,72.55,725.5,30,1350,google,organic,desktop,United States,not available in demo dataset
3208324314042464006,1491680988,20170408,1,75.9,759.0,33,1509,(direct),(none),desktop,United States,Seattle
9584769989000380816,1491703864,20170408,1,347.54,3475.4,34,1453,(direct),(none),desktop,United States,not available in demo dataset
4931579223616729739,1491684674,20170408,1,58.85,588.5,55,2160,(direct),(none),desktop,United States,New York
3807039818708780751,1491698611,20170408,1,218.06,2180.6,51,1767,(direct),(none),desktop,United States,New York
5623787405926174172,1491700052,20170408,1,37.69,376.9,55,2526,(direct),(none),desktop,United States,Mountain View
