customer_id,session_id,date,transactions,revenue,revenue_sek,pageviews,time_on_site,traffic_source,traffic_medium,device_type,country,city
CLIENT_472655,SESSION_000000,20230709,1,2263.74,41847.79,26,1353,direct,email,desktop,Germany,Malmö
CLIENT_228270,SESSION_000001,20230722,3,1301.78,22378.08,3,544,referral,email,desktop,United Kingdom,London
CLIENT_591949,SESSION_000002,20230710,3,1464.23,1476.85,33,862,direct,referral,tablet,France,Göteborg
CLIENT_739714,SESSION_000003,20230727,3,931.91,1459.34,9,1382,referral,organic,desktop,United States,New York
CLIENT_377449,SESSION_000004,20230729,1,3323.68,15265.41,29,1442,email,organic,tablet,Germany,Malmö
CLIENT_704142,SESSION_000005,20230709,2,2882.97,46396.82,33,522,facebook,organic,mobile,Sweden,New York
CLIENT_822239,SESSION_000006,20230720,1,4909.19,30783.73,2,141,email,none,mobile,France,New York
CLIENT_332525,SESSION_000007,20230705,1,2844.19,23656.28,9,1570,referral,cpc,tablet,United Kingdom,London
CLIENT_914790,SESSION_000008,20230725,1,4299.54,14875.24,9,807,google,referral,desktop,Germany,Stockholm
CLIENT_553684,SESSION_000009,20230714,1,3151.61,39763.54,33,704,referral,email,mobile,United States,New York
CLIENT_949591,SESSION_000010,20230712,1,3496.44,34389.54,30,124,direct,cpc,desktop,Sweden,Malmö
CLIENT_472621,SESSION_000011,20230705,3,1667.55,18176.38,45,1024,google,referral,desktop,Sweden,Göteborg
CLIENT_767883,SESSION_000012,20230707,1,2668.56,47760.81,20,474,facebook,organic,desktop,United Kingdom,Malmö
CLIENT_234247,SESSION_000013,20230705,1,3957.33,20006.91,41,247,referral,email,mobile,Germany,London
CLIENT_488983,SESSION_000014,20230729,1,4837.31,8304.39,32,1586,direct,none,desktop,Germany,Malmö
CLIENT_623449,SESSION_000015,20230722,2,1262.73,46277.76,40,907,email,email,tablet,United Kingdom,Göteborg
CLIENT_544442,SESSION_000016,20230715,1,3224.17,11771.26,49,271,email,none,mobile,United States,Malmö
CLIENT_806090,SESSION_000017,20230730,1,361.78,27840.15,43,130,direct,cpc,mobile,Germany,Malmö
CLIENT_389608,SESSION_000018,20230721,1,4165.56,21823.16,19,1371,referral,organic,mobile,Germany,Stockholm
CLIENT_100100,SESSION_000019,20230718,1,3314.35,6040.6,48,479,direct,referral,tablet,Sweden,New York
CLIENT_964127,SESSION_000020,20230714,2,2038.89,49746.3,5,1076,direct,organic,desktop,United States,London
CLIENT_899403,SESSION_000021,20230726,1,1611.27,38915.16,4,167,facebook,none,tablet,Sweden,Stockholm
CLIENT_842848,SESSION_000022,20230725,3,2136.06,30180.39,13,325,referral,referral,mobile,Germany,London
CLIENT_696574,SESSION_000023,20230712,1,2330.41,44260.14,26,726,google,email,desktop,United States,Stockholm
CLIENT_357812,SESSION_000024,20230706,2,4840.53,41673.41,30,1352,referral,email,desktop,Germany,Göteborg
CLIENT_548106,SESSION_000025,20230715,2,348.35,4233.92,2,134,referral,referral,desktop,France,New York
CLIENT_944666,SESSION_000026,20230720,3,2203.0,28839.14,14,1710,referral,email,tablet,United Kingdom,New York
CLIENT_982083,SESSION_000027,20230731,3,2114.48,22933.71,32,1297,facebook,cpc,desktop,Germany,Stockholm
CLIENT_696180,SESSION_000028,20230731,1,2624.05,45041.2,50,1269,email,referral,desktop,Germany,London
CLIENT_914670,SESSION_000029,20230724,3,2185.73,36076.64,12,1439,facebook,none,desktop,France,Göteborg
CLIENT_460247,SESSION_000030,20230710,1,3796.82,23943.64,43,545,email,organic,mobile,Sweden,Malmö
CLIENT_531837,SESSION_000031,20230729,1,4812.35,1689.38,7,1451,email,organic,mobile,United States,Göteborg
CLIENT_528810,SESSION_000032,20230710,1,3447.51,16410.38,30,883,direct,organic,mobile,Germany,Göteborg
CLIENT_980251,SESSION_000033,20230710,3,2802.6,44074.64,12,78,google,none,desktop,Germany,Stockholm
CLIENT_830814,SESSION_000034,20230724,1,2861.71,45102.45,24,1161,facebook,referral,tablet,United States,Göteborg
CLIENT_573874,SESSION_000035,20230712,1,3418.22,35988.8,3,499,referral,cpc,tablet,France,Malmö
CLIENT_903622,SESSION_000036,20230703,1,4304.38,2029.31,21,681,email,email,desktop,United Kingdom,Stockholm
CLIENT_484205,SESSION_000037,20230704,1,441.66,39835.96,6,771,referral,cpc,tablet,United Kingdom,Stockholm
CLIENT_977146,SESSION_000038,20230704,1,3406.43,28488.51,26,866,referral,cpc,tablet,United States,Stockholm
CLIENT_914120,SESSION_000039,20230706,1,1577.29,21024.52,14,848,email,organic,tablet,United States,Stockholm
CLIENT_882824,SESSION_000040,20230705,3,4428.85,14254.16,12,91,google,cpc,desktop,Sweden,London
CLIENT_742753,SESSION_000041,20230707,1,2439.43,13375.67,32,1416,direct,organic,tablet,United States,Malmö
CLIENT_944372,SESSION_000042,20230711,2,3226.14,12543.36,14,974,google,email,mobile,Germany,Göteborg
CLIENT_766260,SESSION_000043,20230731,1,2913.6,4581.36,50,1674,email,email,desktop,Sweden,Göteborg
CLIENT_449849,SESSION_000044,20230720,1,3737.57,3353.49,37,884,email,none,tablet,Sweden,Malmö
CLIENT_858900,SESSION_000045,20230725,2,2476.92,1253.0,38,832,email,cpc,tablet,Sweden,Malmö
CLIENT_765674,SESSION_000046,20230718,3,2177.61,9508.7,50,571,google,none,tablet,United States,Göteborg
CLIENT_379313,SESSION_000047,20230728,1,4836.4,12082.05,43,536,facebook,email,mobile,United Kingdom,Stockholm
CLIENT_331476,SESSION_000048,20230729,3,2458.48,32454.3,32,1718,facebook,email,tablet,Sweden,Stockholm
CLIENT_927258,SESSION_000049,20230711,3,4796.19,24521.85,11,1464,email,none,tablet,United Kingdom,New York
CLIENT_100550,SESSION_000050,20230711,1,4346.55,38895.32,45,817,google,cpc,tablet,France,Stockholm
CLIENT_836354,SESSION_000051,20230725,2,630.84,19914.61,9,482,referral,email,tablet,Sweden,Göteborg
CLIENT_819100,SESSION_000052,20230720,3,4598.44,31907.38,42,1375,google,none,mobile,United States,Göteborg
CLIENT_799288,SESSION_000053,20230701,2,1132.88,7075.33,28,738,referral,cpc,tablet,Germany,Göteborg
CLIENT_641216,SESSION_000054,20230727,1,3488.42,8293.8,50,1522,direct,none,mobile,France,Malmö
CLIENT_567588,SESSION_000055,20230726,1,3512.38,41823.48,8,245,email,email,desktop,United Kingdom,London
CLIENT_951287,SESSION_000056,20230722,1,3124.25,45637.26,4,1131,email,none,mobile,United States,Stockholm
CLIENT_329568,SESSION_000057,20230708,1,4734.94,45706.44,6,955,facebook,email,desktop,Germany,New York
CLIENT_708051,SESSION_000058,20230718,1,2842.53,25120.5,19,322,email,email,mobile,France,Malmö
CLIENT_657828,SESSION_000059,20230726,3,2964.28,41604.41,7,1056,google,cpc,mobile,Germany,Göteborg
CLIENT_769519,SESSION_000060,20230713,1,3712.55,43178.55,13,316,direct,none,tablet,Germany,Malmö
CLIENT_633202,SESSION_000061,20230708,1,3604.89,29767.71,38,460,referral,referral,tablet,United Kingdom,Malmö
CLIENT_679198,SESSION_000062,20230725,1,4925.63,7094.56,9,561,google,referral,tablet,Germany,New York
CLIENT_632981,SESSION_000063,20230718,2,372.85,16496.92,5,1013,facebook,organic,tablet,United Kingdom,New York
CLIENT_369603,SESSION_000064,20230722,1,1853.45,39639.06,19,557,referral,cpc,desktop,United Kingdom,Stockholm
CLIENT_900823,SESSION_000065,20230707,3,4268.39,49291.04,21,520,facebook,email,tablet,France,New York
CLIENT_586087,SESSION_000066,20230731,1,3247.29,26026.65,2,1341,referral,none,tablet,Germany,Göteborg
CLIENT_368766,SESSION_000067,20230727,1,1337.66,1061.58,39,48,email,none,tablet,United Kingdom,Göteborg
CLIENT_894642,SESSION_000068,20230712,3,708.2,29381.53,33,934,facebook,referral,mobile,Sweden,Stockholm
CLIENT_962855,SESSION_000069,20230717,1,1457.23,12010.48,39,844,direct,referral,mobile,United Kingdom,Stockholm
CLIENT_412418,SESSION_000070,20230702,1,393.27,2198.68,48,620,facebook,email,tablet,France,London
CLIENT_714528,SESSION_000071,20230729,1,1711.31,13008.56,47,1135,direct,none,tablet,United States,Malmö
CLIENT_693021,SESSION_000072,20230728,3,2946.47,15133.13,37,1314,direct,email,mobile,France,Stockholm
CLIENT_472783,SESSION_000073,20230719,3,3520.26,1135.39,18,714,direct,referral,mobile,United Kingdom,New York
CLIENT_806836,SESSION_000074,20230727,1,1018.76,28768.88,22,87,direct,cpc,mobile,Sweden,Malmö
CLIENT_506855,SESSION_000075,20230701,1,2746.01,22244.8,19,142,google,organic,tablet,Germany,Göteborg
CLIENT_130153,SESSION_000076,20230707,1,1266.43,15902.43,17,815,direct,email,mobile,Germany,Stockholm
CLIENT_891146,SESSION_000077,20230718,2,3974.79,43625.07,14,537,facebook,none,desktop,United Kingdom,Göteborg
CLIENT_326460,SESSION_000078,20230723,1,212.81,34238.36,32,1054,email,none,desktop,Sweden,Stockholm
CLIENT_507845,SESSION_000079,20230713,1,1267.1,24025.01,30,587,direct,email,tablet,France,Malmö
CLIENT_448433,SESSION_000080,20230705,2,2283.25,44258.67,50,1117,direct,organic,mobile,Sweden,London
CLIENT_759739,SESSION_000081,20230720,1,1702.54,37962.96,3,610,referral,organic,mobile,Sweden,London
CLIENT_920041,SESSION_000082,20230701,3,3595.96,14908.31,45,1198,facebook,organic,mobile,France,Malmö
CLIENT_848171,SESSION_000083,20230705,1,1457.07,19429.98,18,1649,facebook,none,desktop,United Kingdom,London
CLIENT_507828,SESSION_000084,20230729,1,4184.24,37868.87,40,1783,direct,email,mobile,United Kingdom,London
CLIENT_236555,SESSION_000085,20230708,1,1965.02,46157.46,6,381,facebook,none,desktop,Germany,Malmö
CLIENT_113855,SESSION_000086,20230728,1,2920.32,11060.6,34,231,facebook,organic,mobile,United Kingdom,New York
CLIENT_774251,SESSION_000087,20230725,1,2806.59,47308.08,27,1736,email,organic,tablet,Sweden,Malmö
CLIENT_159053,SESSION_000088,20230723,1,4492.67,13128.25,25,1545,facebook,cpc,tablet,Sweden,Göteborg
CLIENT_340784,SESSION_000089,20230713,1,1864.13,6191.14,14,1219,email,email,mobile,United States,Göteborg
CLIENT_596874,SESSION_000090,20230730,1,1817.41,20352.24,35,1293,direct,referral,tablet,France,London
CLIENT_777433,SESSION_000091,20230715,1,1092.41,45483.94,10,828,direct,organic,mobile,United Kingdom,New York
CLIENT_205079,SESSION_000092,20230720,2,4586.87,29212.29,46,930,facebook,email,tablet,France,London
CLIENT_181316,SESSION_000093,20230703,2,4909.4,14812.74,49,1761,email,cpc,desktop,United Kingdom,Göteborg
CLIENT_805619,SESSION_000094,20230712,3,2371.92,9605.36,44,1528,referral,none,mobile,Sweden,New York
CLIENT_620826,SESSION_000095,20230714,1,1952.27,24947.76,45,1449,direct,cpc,tablet,United Kingdom,New York
CLIENT_830722,SESSION_000096,20230706,1,2073.13,12819.94,46,861,referral,organic,mobile,United States,Göteborg
CLIENT_967798,SESSION_000097,20230724,1,2674.45,37697.09,20,1658,referral,organic,tablet,France,New York
CLIENT_423532,SESSION_000098,20230716,1,4579.78,30920.36,16,1508,referral,organic,tablet,Germany,London
CLIENT_703371,SESSION_000099,20230709,1,4068.84,21634.05,26,1506,referral,organic,desktop,United Kingdom,New York
CLIENT_334566,SESSION_000100,20230723,2,1239.84,42673.37,28,1402,referral,none,mobile,France,New York
CLIENT_986330,SESSION_000101,20230714,1,1633.93,6394.65,46,1314,direct,none,desktop,France,Malmö
CLIENT_485922,SESSION_000102,20230729,2,4034.58,26704.75,19,1691,email,email,tablet,France,New York
CLIENT_576393,SESSION_000103,20230723,3,3612.58,33205.74,35,233,email,email,tablet,United States,New York
CLIENT_702107,SESSION_000104,20230701,1,809.37,37288.01,5,999,google,referral,tablet,France,Göteborg
CLIENT_400838,SESSION_000105,20230730,1,3365.07,29817.6,15,1204,facebook,cpc,desktop,United States,Malmö
CLIENT_642171,SESSION_000106,20230729,2,4798.28,43850.33,46,473,referral,none,tablet,Sweden,Stockholm
CLIENT_520130,SESSION_000107,20230704,1,4737.61,36804.7,11,1261,referral,email,tablet,France,Malmö
CLIENT_950185,SESSION_000108,20230702,3,2141.8,48182.71,36,188,direct,referral,desktop,United States,Göteborg
CLIENT_391101,SESSION_000109,20230709,2,1375.96,18550.1,27,1016,referral,organic,desktop,United Kingdom,London
CLIENT_536190,SESSION_000110,20230730,1,4672.92,25852.12,34,1154,facebook,organic,mobile,France,Stockholm
CLIENT_112559,SESSION_000111,20230715,1,3818.19,36117.97,26,664,direct,email,tablet,United Kingdom,Stockholm
CLIENT_627119,SESSION_000112,20230728,1,3752.76,41613.07,27,1437,google,none,desktop,United Kingdom,Malmö
CLIENT_907113,SESSION_000113,20230715,1,3603.42,18335.96,33,1427,google,referral,desktop,Germany,London
CLIENT_558650,SESSION_000114,20230725,1,2919.02,28099.16,14,1385,referral,cpc,tablet,Sweden,Göteborg
CLIENT_404737,SESSION_000115,20230703,1,4701.6,41110.31,26,356,direct,referral,mobile,United States,Malmö
CLIENT_771821,SESSION_000116,20230714,2,4523.09,49840.66,4,142,direct,referral,mobile,Germany,Malmö
CLIENT_907817,SESSION_000117,20230718,3,585.77,26302.01,36,1404,facebook,none,desktop,Sweden,Göteborg
CLIENT_178463,SESSION_000118,20230722,2,1285.66,49223.72,12,1093,google,organic,desktop,Germany,Stockholm
CLIENT_455215,SESSION_000119,20230710,1,2174.04,38562.52,8,262,facebook,cpc,desktop,Sweden,Göteborg
CLIENT_793977,SESSION_000120,20230731,1,1881.25,36876.58,48,1267,facebook,referral,desktop,Sweden,Stockholm
CLIENT_639861,SESSION_000121,20230702,1,3959.37,42907.95,6,1526,google,cpc,mobile,United States,Göteborg
CLIENT_831168,SESSION_000122,20230720,1,1056.55,15019.91,46,1695,facebook,none,mobile,United States,London
CLIENT_675897,SESSION_000123,20230702,3,2611.11,48708.08,26,1305,facebook,email,desktop,Sweden,Göteborg
CLIENT_808363,SESSION_000124,20230707,1,3165.49,5636.22,11,54,email,referral,tablet,United Kingdom,London
CLIENT_525544,SESSION_000125,20230711,1,1261.56,26277.93,21,720,email,email,tablet,Germany,Göteborg
CLIENT_787499,SESSION_000126,20230730,1,4308.58,35835.91,3,1772,google,none,mobile,United States,London
CLIENT_619447,SESSION_000127,20230723,1,4374.16,29064.22,8,1487,email,email,desktop,France,Malmö
CLIENT_100107,SESSION_000128,20230720,1,3477.08,17731.74,42,1713,google,none,tablet,France,Malmö
CLIENT_642270,SESSION_000129,20230724,1,2675.14,14755.92,3,591,referral,email,tablet,United Kingdom,Malmö
CLIENT_575941,SESSION_000130,20230714,1,1219.68,24945.9,44,1252,google,email,mobile,Germany,New York
CLIENT_460407,SESSION_000131,20230721,1,3663.49,11044.74,45,249,email,cpc,tablet,Sweden,New York
CLIENT_518972,SESSION_000132,20230730,1,2476.64,33022.57,15,1018,referral,email,mobile,United States,Göteborg
CLIENT_184508,SESSION_000133,20230704,1,417.85,10165.1,16,740,referral,email,mobile,France,New York
CLIENT_741027,SESSION_000134,20230718,1,567.08,11687.97,20,306,direct,referral,desktop,United Kingdom,Göteborg
CLIENT_786615,SESSION_000135,20230718,2,2681.0,11630.72,3,1057,referral,referral,mobile,United Kingdom,New York
CLIENT_811986,SESSION_000136,20230723,1,2574.46,12610.94,38,1273,facebook,cpc,desktop,Germany,Stockholm
CLIENT_772123,SESSION_000137,20230711,2,3962.67,35456.42,22,338,direct,organic,tablet,France,Stockholm
CLIENT_775160,SESSION_000138,20230708,1,2135.69,33431.53,33,1443,direct,organic,tablet,United Kingdom,New York
CLIENT_745299,SESSION_000139,20230730,1,310.17,10418.23,6,955,email,referral,desktop,United States,Malmö
CLIENT_500323,SESSION_000140,20230712,1,932.18,16145.87,36,506,email,referral,tablet,France,Göteborg
CLIENT_198530,SESSION_000141,20230719,1,4971.59,9001.28,48,1359,direct,cpc,mobile,United States,New York
CLIENT_228346,SESSION_000142,20230726,3,3551.86,38819.44,10,1245,email,organic,tablet,Germany,Malmö
CLIENT_759336,SESSION_000143,20230731,1,2632.39,24779.98,45,1400,email,email,desktop,United Kingdom,Malmö
CLIENT_271464,SESSION_000144,20230706,1,2831.05,11555.92,4,1327,email,organic,tablet,Germany,Göteborg
CLIENT_602564,SESSION_000145,20230711,3,4141.9,25348.02,19,1070,email,none,tablet,Germany,London
CLIENT_318378,SESSION_000146,20230705,3,4983.45,21958.38,24,570,email,email,tablet,Sweden,London
CLIENT_637579,SESSION_000147,20230711,1,1715.75,8246.24,40,1307,google,organic,desktop,United States,New York
CLIENT_846814,SESSION_000148,20230730,1,3144.44,39795.58,47,1717,google,organic,desktop,Sweden,Malmö
CLIENT_679742,SESSION_000149,20230727,1,1099.97,18968.57,13,131,email,referral,mobile,Sweden,London
CLIENT_711941,SESSION_000150,20230731,1,4323.32,23197.1,24,567,referral,cpc,mobile,Germany,Göteborg
CLIENT_494807,SESSION_000151,20230725,1,2312.1,38220.04,32,901,facebook,none,tablet,United States,New York
CLIENT_806182,SESSION_000152,20230718,2,370.53,15302.57,29,826,referral,none,mobile,United States,Malmö
CLIENT_370191,SESSION_000153,20230721,2,4510.78,30780.21,37,471,direct,referral,desktop,Sweden,London
CLIENT_577986,SESSION_000154,20230730,1,748.15,39785.92,8,373,email,none,tablet,United States,Göteborg
CLIENT_844239,SESSION_000155,20230731,1,3548.26,28630.98,3,1708,direct,email,desktop,Germany,Göteborg
CLIENT_646681,SESSION_000156,20230717,2,2878.68,13182.53,36,1799,referral,cpc,desktop,United States,London
CLIENT_193590,SESSION_000157,20230704,3,980.13,9609.06,44,712,direct,organic,tablet,Sweden,Stockholm
CLIENT_576531,SESSION_000158,20230706,1,1966.37,46158.69,29,1790,email,referral,tablet,France,London
CLIENT_362519,SESSION_000159,20230707,2,3159.57,1344.12,47,1297,email,email,mobile,Sweden,Malmö
CLIENT_457741,SESSION_000160,20230701,3,430.89,14765.83,28,515,facebook,email,desktop,France,New York
CLIENT_814443,SESSION_000161,20230702,1,2916.94,42465.15,44,71,direct,organic,desktop,Germany,Göteborg
CLIENT_320282,SESSION_000162,20230706,1,4801.92,37871.11,35,621,google,referral,mobile,United States,New York
CLIENT_506683,SESSION_000163,20230721,1,307.04,22661.8,7,759,facebook,none,mobile,United States,Malmö
CLIENT_836913,SESSION_000164,20230702,3,2365.44,25545.34,18,1292,facebook,organic,desktop,Sweden,Malmö
CLIENT_848638,SESSION_000165,20230712,1,2134.64,10433.32,8,56,direct,email,mobile,United Kingdom,Göteborg
CLIENT_455065,SESSION_000166,20230730,1,1185.3,41453.7,50,1084,referral,email,mobile,United States,Stockholm
CLIENT_338343,SESSION_000167,20230721,1,3420.12,20589.24,18,955,facebook,none,mobile,United Kingdom,London
CLIENT_906987,SESSION_000168,20230704,1,3022.02,3032.41,44,654,google,referral,mobile,United States,New York
CLIENT_440471,SESSION_000169,20230702,3,3146.92,20320.29,10,1768,referral,referral,tablet,France,Stockholm
CLIENT_485796,SESSION_000170,20230713,1,4192.22,35164.36,25,1468,facebook,email,tablet,United States,New York
CLIENT_481664,SESSION_000171,20230712,1,1026.71,38106.58,6,1080,referral,none,mobile,United Kingdom,Malmö
CLIENT_459466,SESSION_000172,20230724,1,2178.12,12080.9,10,30,facebook,organic,desktop,Germany,Göteborg
CLIENT_539692,SESSION_000173,20230706,1,3529.64,49602.49,12,1235,direct,none,tablet,Germany,New York
CLIENT_841291,SESSION_000174,20230724,2,500.81,39994.54,27,1436,facebook,referral,mobile,Sweden,Stockholm
CLIENT_519686,SESSION_000175,20230704,1,4619.52,29721.76,45,1190,referral,email,mobile,France,Stockholm
CLIENT_619143,SESSION_000176,20230729,2,4329.33,14118.59,33,1154,google,email,tablet,United Kingdom,London
CLIENT_923099,SESSION_000177,20230710,3,2852.43,10636.23,29,1684,email,email,desktop,Germany,London
CLIENT_829139,SESSION_000178,20230701,1,264.15,42819.98,15,1534,facebook,cpc,mobile,Sweden,New York
CLIENT_887383,SESSION_000179,20230726,1,3449.85,1900.17,49,1314,google,cpc,desktop,United States,London
CLIENT_595759,SESSION_000180,20230705,3,4563.19,45257.24,24,396,google,none,tablet,Germany,Stockholm
CLIENT_465814,SESSION_000181,20230722,2,1593.18,12737.51,7,109,referral,referral,desktop,United Kingdom,London
CLIENT_118267,SESSION_000182,20230709,1,4203.61,35285.55,36,1551,google,none,tablet,Germany,New York
CLIENT_221309,SESSION_000183,20230717,1,1597.48,9425.95,13,267,facebook,email,tablet,France,Göteborg
CLIENT_207829,SESSION_000184,20230703,1,3822.45,9403.95,45,159,direct,organic,desktop,Germany,London
CLIENT_236345,SESSION_000185,20230713,1,2597.84,37542.64,6,896,direct,referral,tablet,Sweden,Stockholm
CLIENT_131616,SESSION_000186,20230722,2,3926.5,41215.17,2,424,facebook,none,desktop,Germany,Stockholm
CLIENT_555866,SESSION_000187,20230708,1,3515.65,18685.64,31,385,direct,cpc,tablet,Germany,London
CLIENT_273450,SESSION_000188,20230719,2,2129.02,20614.06,45,674,email,none,tablet,Germany,Stockholm
CLIENT_455470,SESSION_000189,20230702,1,1022.15,1702.94,44,283,google,none,tablet,United States,New York
CLIENT_397848,SESSION_000190,20230705,1,4224.38,21217.7,48,476,google,referral,tablet,France,Göteborg
CLIENT_751851,SESSION_000191,20230704,1,4883.66,5998.61,17,1131,referral,none,tablet,Sweden,New York
CLIENT_626206,SESSION_000192,20230730,1,2809.72,1716.32,50,914,google,cpc,desktop,Sweden,Stockholm
CLIENT_687805,SESSION_000193,20230714,3,3024.52,10312.61,17,851,facebook,organic,tablet,United States,Göteborg
CLIENT_342698,SESSION_000194,20230717,2,3853.83,11227.51,50,1219,facebook,email,mobile,United Kingdom,London
CLIENT_189103,SESSION_000195,20230721,2,1885.14,16050.04,50,989,facebook,organic,desktop,United Kingdom,Göteborg
CLIENT_704716,SESSION_000196,20230724,1,3180.86,14224.36,26,1492,direct,referral,mobile,United Kingdom,Stockholm
CLIENT_122275,SESSION_000197,20230731,3,3914.94,26168.94,8,781,direct,none,tablet,Sweden,Malmö
CLIENT_653635,SESSION_000198,20230730,1,420.88,19749.31,5,1655,email,organic,mobile,France,Stockholm
CLIENT_856433,SESSION_000199,20230705,1,4307.39,11716.55,5,1399,facebook,organic,mobile,Germany,Göteborg
CLIENT_336838,SESSION_000200,20230729,3,3356.96,8486.28,46,716,email,referral,tablet,United Kingdom,Malmö
CLIENT_334834,SESSION_000201,20230705,1,4745.17,8716.51,38,902,email,organic,desktop,Germany,Malmö
CLIENT_971046,SESSION_000202,20230720,3,721.64,33851.85,14,49,facebook,none,desktop,United Kingdom,London
CLIENT_216456,SESSION_000203,20230714,3,3259.41,17962.33,26,1611,google,cpc,mobile,United States,London
CLIENT_656371,SESSION_000204,20230704,1,3173.42,3107.39,48,1420,facebook,organic,mobile,United Kingdom,Göteborg
CLIENT_323604,SESSION_000205,20230716,1,3489.78,34237.14,8,199,email,none,tablet,United Kingdom,Göteborg
CLIENT_131475,SESSION_000206,20230724,2,188.86,3459.21,44,1416,email,organic,mobile,France,Malmö
CLIENT_546275,SESSION_000207,20230729,2,4266.88,27611.22,26,50,direct,email,mobile,United States,Stockholm
CLIENT_112880,SESSION_000208,20230725,1,4768.6,41005.72,41,514,email,referral,desktop,United Kingdom,New York
CLIENT_139597,SESSION_000209,20230727,1,3494.76,18455.88,20,251,referral,none,mobile,Sweden,Malmö
CLIENT_763638,SESSION_000210,20230706,1,4964.63,34352.4,43,420,email,none,desktop,Germany,Göteborg
CLIENT_177136,SESSION_000211,20230716,1,1797.11,15264.9,13,1362,email,email,desktop,Sweden,Göteborg
CLIENT_590178,SESSION_000212,20230728,2,4780.92,20872.25,38,530,google,organic,desktop,Sweden,Malmö
CLIENT_893225,SESSION_000213,20230710,3,4257.86,7511.56,33,594,direct,referral,tablet,Sweden,Stockholm
CLIENT_660228,SESSION_000214,20230713,1,3220.86,40124.67,5,268,facebook,email,desktop,United Kingdom,Göteborg
CLIENT_783428,SESSION_000215,20230704,1,3239.17,31776.45,14,310,email,organic,desktop,Germany,New York
CLIENT_822468,SESSION_000216,20230717,1,1061.87,7114.86,43,948,referral,organic,desktop,Sweden,Göteborg
CLIENT_852155,SESSION_000217,20230731,1,1242.65,5874.97,37,482,referral,none,tablet,France,London
CLIENT_417144,SESSION_000218,20230724,3,4082.29,26584.97,2,631,facebook,cpc,mobile,Germany,London
CLIENT_262945,SESSION_000219,20230728,1,768.21,37772.62,20,1041,direct,referral,tablet,Germany,Stockholm
CLIENT_382774,SESSION_000220,20230710,3,4448.5,21104.7,35,1001,facebook,cpc,tablet,France,Stockholm
CLIENT_891893,SESSION_000221,20230729,3,2777.67,37310.14,49,1390,email,none,mobile,Germany,Göteborg
CLIENT_760738,SESSION_000222,20230706,1,1507.38,19408.0,23,254,referral,cpc,tablet,France,Stockholm
CLIENT_768209,SESSION_000223,20230706,1,1591.94,31214.32,23,238,google,referral,desktop,Germany,London
CLIENT_956601,SESSION_000224,20230702,1,4760.71,47629.75,15,1316,google,organic,desktop,United Kingdom,Malmö
CLIENT_456116,SESSION_000225,20230723,1,2929.6,49327.68,4,602,email,email,tablet,United States,Malmö
CLIENT_135079,SESSION_000226,20230704,2,3399.93,15911.07,28,803,referral,referral,mobile,United Kingdom,Malmö
CLIENT_728003,SESSION_000227,20230703,1,3084.74,24997.02,18,690,facebook,none,desktop,United Kingdom,Stockholm
CLIENT_633920,SESSION_000228,20230701,1,1614.8,16110.74,5,1290,email,email,desktop,United States,Malmö
CLIENT_972613,SESSION_000229,20230727,1,2840.23,12281.68,13,61,facebook,email,tablet,United Kingdom,Stockholm
CLIENT_676617,SESSION_000230,20230709,3,712.74,15094.86,2,1334,google,referral,tablet,United Kingdom,London
CLIENT_764089,SESSION_000231,20230703,1,1331.44,21502.0,40,793,direct,none,desktop,United States,Göteborg
CLIENT_437523,SESSION_000232,20230728,1,3285.53,36048.16,41,715,google,referral,tablet,Sweden,Stockholm
CLIENT_832515,SESSION_000233,20230720,3,509.86,21182.17,46,1496,facebook,none,tablet,United States,New York
CLIENT_653967,SESSION_000234,20230712,1,1558.53,47840.4,36,888,direct,referral,mobile,United States,Göteborg
CLIENT_927755,SESSION_000235,20230713,1,653.58,16275.41,42,207,direct,none,desktop,Sweden,Malmö
CLIENT_828230,SESSION_000236,20230731,1,2514.45,48285.13,6,276,email,cpc,desktop,France,Malmö
CLIENT_659748,SESSION_000237,20230718,2,3933.15,40865.09,32,637,facebook,referral,mobile,Germany,New York
CLIENT_142659,SESSION_000238,20230716,3,3571.84,29981.76,35,874,facebook,none,tablet,United Kingdom,Stockholm
CLIENT_872786,SESSION_000239,20230703,3,4333.27,11740.79,23,1673,direct,organic,desktop,France,London
CLIENT_756698,SESSION_000240,20230713,1,1711.6,36323.66,30,1672,email,cpc,mobile,Germany,New York
CLIENT_497136,SESSION_000241,20230730,2,4632.52,2297.94,45,559,referral,organic,desktop,Germany,New York
CLIENT_939869,SESSION_000242,20230727,1,2600.05,40650.71,20,671,google,none,mobile,United Kingdom,Malmö
CLIENT_321139,SESSION_000243,20230705,3,1935.92,26861.09,20,415,referral,none,desktop,Germany,Malmö
CLIENT_822777,SESSION_000244,20230702,1,996.58,48299.97,16,1721,google,organic,tablet,Sweden,London
CLIENT_984868,SESSION_000245,20230702,3,3366.16,4682.45,34,230,email,none,mobile,France,Stockholm
CLIENT_755353,SESSION_000246,20230718,1,510.93,33274.71,35,470,email,referral,tablet,France,Malmö
CLIENT_499806,SESSION_000247,20230710,1,3602.95,12527.83,24,829,facebook,cpc,mobile,Germany,Stockholm
CLIENT_224702,SESSION_000248,20230731,2,2599.22,49479.11,34,1565,facebook,none,mobile,United Kingdom,Göteborg
CLIENT_149737,SESSION_000249,20230728,3,144.4,30878.69,29,108,email,none,mobile,France,Stockholm
CLIENT_174661,SESSION_000250,20230717,1,3143.56,12144.12,18,1729,direct,none,tablet,France,Malmö
CLIENT_389510,SESSION_000251,20230726,1,1626.06,14101.45,19,686,referral,none,tablet,Sweden,Malmö
CLIENT_407963,SESSION_000252,20230729,1,4505.92,5616.43,5,556,direct,referral,desktop,Sweden,New York
CLIENT_607697,SESSION_000253,20230731,3,589.75,35501.05,39,1623,google,email,desktop,Sweden,London
CLIENT_924262,SESSION_000254,20230718,1,4695.38,22977.59,12,559,direct,cpc,tablet,United Kingdom,Stockholm
CLIENT_182300,SESSION_000255,20230719,1,1246.75,37583.45,2,1164,google,referral,mobile,Germany,New York
CLIENT_260886,SESSION_000256,20230706,1,2782.24,31437.49,16,49,facebook,email,mobile,United States,London
CLIENT_417632,SESSION_000257,20230712,1,612.48,45518.27,2,1732,facebook,organic,tablet,Germany,Stockholm
CLIENT_914552,SESSION_000258,20230724,1,3466.29,48146.53,43,342,google,organic,tablet,France,Göteborg
CLIENT_512987,SESSION_000259,20230706,1,846.35,46250.53,43,884,direct,cpc,tablet,Sweden,London
CLIENT_533117,SESSION_000260,20230703,2,4159.95,42977.4,44,1513,google,email,tablet,Germany,Malmö
CLIENT_939073,SESSION_000261,20230719,1,2453.02,12492.11,2,607,email,none,mobile,Sweden,Malmö
CLIENT_462756,SESSION_000262,20230717,1,691.0,48298.16,41,223,referral,none,tablet,United Kingdom,Göteborg
CLIENT_495787,SESSION_000263,20230720,2,4774.83,42022.29,37,429,direct,cpc,tablet,United Kingdom,London
CLIENT_757610,SESSION_000264,20230715,3,2094.47,25319.26,2,847,referral,none,tablet,United States,Göteborg
CLIENT_593092,SESSION_000265,20230729,1,2411.59,46957.0,30,869,email,referral,desktop,Germany,Malmö
CLIENT_767352,SESSION_000266,20230702,1,2869.77,23132.25,28,991,facebook,referral,mobile,United Kingdom,London
CLIENT_825596,SESSION_000267,20230723,3,2816.05,38522.88,23,1165,facebook,referral,tablet,United Kingdom,London
CLIENT_896885,SESSION_000268,20230716,2,3566.12,30415.88,47,711,referral,cpc,desktop,France,Malmö
CLIENT_744334,SESSION_000269,20230731,1,2596.41,6366.06,46,246,google,referral,mobile,Sweden,Stockholm
CLIENT_913653,SESSION_000270,20230724,3,2572.06,7720.55,32,1364,direct,cpc,desktop,United States,Stockholm
CLIENT_875322,SESSION_000271,20230709,2,3364.32,37767.49,49,1639,google,cpc,desktop,United States,Göteborg
CLIENT_603802,SESSION_000272,20230710,1,4358.06,40211.88,43,1135,referral,referral,desktop,Sweden,Malmö
CLIENT_168826,SESSION_000273,20230724,1,2648.89,31132.63,48,1610,google,cpc,desktop,United States,London
CLIENT_188718,SESSION_000274,20230723,1,1326.35,33139.73,21,387,facebook,email,desktop,Germany,Stockholm
CLIENT_788791,SESSION_000275,20230730,1,1092.59,43588.66,6,1661,email,none,mobile,Germany,New York
CLIENT_938201,SESSION_000276,20230706,1,1687.26,48713.54,44,398,direct,referral,desktop,United States,New York
CLIENT_654807,SESSION_000277,20230709,1,4053.64,19972.31,43,340,referral,email,desktop,Germany,Stockholm
CLIENT_948353,SESSION_000278,20230717,2,4074.8,3540.03,26,420,referral,cpc,tablet,United Kingdom,Stockholm
CLIENT_527934,SESSION_000279,20230730,3,2906.73,19559.86,45,1494,email,organic,desktop,France,Stockholm
CLIENT_716664,SESSION_000280,20230715,1,1734.93,20939.3,31,1039,email,organic,tablet,France,London
CLIENT_540469,SESSION_000281,20230726,3,4197.91,5691.48,2,526,email,organic,mobile,Sweden,Stockholm
CLIENT_749385,SESSION_000282,20230719,3,1889.21,30431.65,22,748,direct,referral,tablet,France,Göteborg
CLIENT_666338,SESSION_000283,20230716,1,1763.51,35323.99,17,1186,facebook,none,desktop,Sweden,Malmö
CLIENT_893689,SESSION_000284,20230720,1,4986.34,32354.8,43,799,google,email,desktop,France,Malmö
CLIENT_417559,SESSION_000285,20230707,1,4055.79,14858.86,12,704,google,email,tablet,United States,Stockholm
CLIENT_584123,SESSION_000286,20230708,3,3096.87,48806.16,6,33,email,referral,mobile,France,New York
CLIENT_416197,SESSION_000287,20230712,2,395.86,46006.27,25,226,direct,referral,mobile,France,London
CLIENT_764342,SESSION_000288,20230729,3,4213.0,45572.83,13,545,email,email,desktop,Germany,Malmö
CLIENT_102798,SESSION_000289,20230724,1,457.45,31347.43,28,1450,google,email,mobile,United States,London
CLIENT_977558,SESSION_000290,20230723,2,4925.2,34781.73,36,1235,email,organic,desktop,France,Göteborg
CLIENT_251034,SESSION_000291,20230726,2,4544.42,11425.67,34,468,google,cpc,mobile,Sweden,Malmö
CLIENT_785691,SESSION_000292,20230716,1,4955.83,13723.99,25,36,email,referral,mobile,France,Stockholm
CLIENT_530386,SESSION_000293,20230718,1,1531.58,19580.96,48,294,referral,organic,tablet,Sweden,New York
CLIENT_543364,SESSION_000294,20230722,3,1937.14,11874.88,4,785,email,referral,desktop,United States,Göteborg
CLIENT_884614,SESSION_000295,20230705,1,3191.96,24528.79,9,1743,email,referral,mobile,France,Malmö
CLIENT_848084,SESSION_000296,20230715,1,2764.92,1535.87,42,1523,email,organic,tablet,France,London
CLIENT_298458,SESSION_000297,20230725,2,4011.29,24611.38,50,1517,referral,none,tablet,Sweden,New York
CLIENT_444839,SESSION_000298,20230704,2,1918.34,9278.36,47,1731,referral,cpc,mobile,France,Stockholm
CLIENT_314503,SESSION_000299,20230708,1,2478.91,39803.18,18,1175,direct,none,tablet,Sweden,New York
CLIENT_330160,SESSION_000300,20230707,1,2164.29,24607.58,28,401,direct,organic,desktop,France,Göteborg
CLIENT_182064,SESSION_000301,20230709,3,4171.07,35312.57,28,259,facebook,organic,mobile,Sweden,New York
CLIENT_594043,SESSION_000302,20230720,2,4102.3,21981.58,3,1531,direct,email,tablet,Germany,Malmö
CLIENT_224533,SESSION_000303,20230718,3,3226.16,9606.91,39,1754,referral,referral,tablet,Germany,Stockholm
CLIENT_934472,SESSION_000304,20230716,1,4579.79,49768.33,11,908,email,email,tablet,Sweden,Malmö
CLIENT_153388,SESSION_000305,20230726,1,718.04,7009.18,15,879,facebook,none,mobile,Germany,New York
CLIENT_975693,SESSION_000306,20230706,2,3212.94,2779.84,35,66,email,email,tablet,Sweden,Göteborg
CLIENT_326307,SESSION_000307,20230728,3,2172.36,42228.13,3,588,direct,cpc,mobile,United Kingdom,Malmö
CLIENT_176987,SESSION_000308,20230711,3,339.81,3844.65,39,1200,facebook,referral,tablet,United Kingdom,London
CLIENT_554277,SESSION_000309,20230712,2,4436.47,41551.22,45,552,email,organic,tablet,Germany,New York
CLIENT_530837,SESSION_000310,20230711,1,3576.69,3153.84,39,410,google,cpc,desktop,Germany,Göteborg
CLIENT_172210,SESSION_000311,20230703,3,1346.07,47295.7,18,646,google,referral,mobile,United Kingdom,New York
CLIENT_419662,SESSION_000312,20230713,2,641.52,5110.43,28,1701,google,organic,tablet,Germany,Stockholm
CLIENT_951574,SESSION_000313,20230714,1,3829.42,41367.31,37,471,facebook,none,tablet,United States,Malmö
CLIENT_390212,SESSION_000314,20230727,2,2407.33,5087.4,7,801,email,none,mobile,United States,Malmö
CLIENT_442852,SESSION_000315,20230724,3,2725.39,34097.7,42,80,email,organic,mobile,Sweden,Göteborg
CLIENT_871708,SESSION_000316,20230722,1,2668.29,32435.52,8,868,google,referral,tablet,Germany,Malmö
CLIENT_415054,SESSION_000317,20230713,1,2882.33,7094.91,44,1714,facebook,referral,desktop,Sweden,Göteborg
CLIENT_761677,SESSION_000318,20230710,2,2864.02,4686.99,13,638,email,organic,mobile,Germany,London
CLIENT_128353,SESSION_000319,20230722,2,807.0,40671.81,7,704,facebook,cpc,mobile,Germany,New York
CLIENT_757442,SESSION_000320,20230711,1,4197.26,26497.51,20,1240,email,organic,desktop,United States,Stockholm
CLIENT_527744,SESSION_000321,20230701,3,1091.72,32630.98,34,1469,google,email,tablet,Sweden,Stockholm
CLIENT_985831,SESSION_000322,20230719,1,2643.37,44374.6,34,607,facebook,none,mobile,Sweden,Göteborg
CLIENT_990108,SESSION_000323,20230726,1,4726.63,9315.87,32,1379,referral,email,desktop,Germany,Göteborg
CLIENT_739617,SESSION_000324,20230707,3,445.46,30373.42,45,1320,direct,cpc,mobile,Germany,London
CLIENT_838318,SESSION_000325,20230710,1,1660.26,17935.14,6,1664,referral,referral,mobile,United Kingdom,Malmö
CLIENT_867637,SESSION_000326,20230727,1,4938.63,35292.85,7,1038,direct,referral,desktop,Sweden,Malmö
CLIENT_542472,SESSION_000327,20230709,2,2599.89,39417.15,16,1295,referral,email,desktop,United Kingdom,Göteborg
CLIENT_634826,SESSION_000328,20230722,3,631.2,25769.75,37,809,direct,none,mobile,Germany,Malmö
CLIENT_133625,SESSION_000329,20230701,1,952.52,9853.69,10,369,referral,email,mobile,United Kingdom,Malmö
CLIENT_132753,SESSION_000330,20230704,1,1211.24,2536.88,12,699,email,cpc,tablet,France,Malmö
CLIENT_759303,SESSION_000331,20230727,1,4433.75,26453.17,14,344,email,none,tablet,United States,Göteborg
CLIENT_644785,SESSION_000332,20230720,1,970.54,34787.76,14,394,referral,none,mobile,United Kingdom,New York
CLIENT_137655,SESSION_000333,20230726,1,1946.96,13575.29,16,1761,google,referral,tablet,France,Malmö
CLIENT_663748,SESSION_000334,20230721,1,698.49,10159.4,16,195,referral,referral,tablet,Sweden,London
CLIENT_401673,SESSION_000335,20230727,1,2121.35,45751.58,22,1225,facebook,referral,tablet,United States,London
CLIENT_464923,SESSION_000336,20230726,1,855.67,6305.26,19,1291,google,organic,desktop,France,Göteborg
CLIENT_775600,SESSION_000337,20230707,1,100.49,37330.7,45,1383,referral,cpc,mobile,Germany,Göteborg
CLIENT_823399,SESSION_000338,20230707,2,2088.56,44085.41,43,1450,direct,organic,tablet,Germany,New York
CLIENT_345166,SESSION_000339,20230721,1,4410.33,37931.92,10,1406,email,organic,desktop,United States,Malmö
CLIENT_988242,SESSION_000340,20230717,1,861.13,48889.61,47,1586,facebook,organic,desktop,United Kingdom,Malmö
CLIENT_772834,SESSION_000341,20230706,3,307.87,20555.29,26,377,direct,referral,mobile,France,New York
CLIENT_432487,SESSION_000342,20230727,1,1246.19,6749.66,20,525,referral,organic,desktop,United Kingdom,Stockholm
CLIENT_876589,SESSION_000343,20230708,1,4509.95,45274.26,43,1701,facebook,email,mobile,Germany,Malmö
CLIENT_207893,SESSION_000344,20230702,3,2350.73,16809.01,39,1211,email,email,mobile,United Kingdom,London
CLIENT_439116,SESSION_000345,20230712,3,2052.73,31064.47,49,767,referral,cpc,mobile,United States,London
CLIENT_192979,SESSION_000346,20230718,2,985.35,20748.08,12,36,email,referral,tablet,Sweden,Malmö
CLIENT_323440,SESSION_000347,20230701,2,4381.68,42257.66,25,719,direct,referral,mobile,United States,New York
CLIENT_941435,SESSION_000348,20230714,1,485.16,15472.15,21,1550,referral,none,mobile,France,London
CLIENT_142482,SESSION_000349,20230702,1,4126.36,44426.18,23,443,direct,email,tablet,United States,Göteborg
CLIENT_537654,SESSION_000350,20230722,1,825.77,47574.04,45,131,referral,organic,mobile,France,Stockholm
CLIENT_461552,SESSION_000351,20230714,1,1162.21,45405.92,15,532,referral,none,tablet,Sweden,New York
CLIENT_182199,SESSION_000352,20230715,1,3449.36,7288.53,16,1561,referral,email,desktop,Sweden,Göteborg
CLIENT_706374,SESSION_000353,20230713,2,4962.5,40709.19,8,108,facebook,none,mobile,Germany,New York
CLIENT_851151,SESSION_000354,20230719,1,2366.63,42425.23,3,1257,facebook,none,mobile,Sweden,London
CLIENT_208365,SESSION_000355,20230719,1,1843.47,23755.33,19,921,direct,email,desktop,France,Malmö
CLIENT_269467,SESSION_000356,20230714,3,137.75,28803.44,4,1751,direct,organic,tablet,United States,Malmö
CLIENT_857253,SESSION_000357,20230712,3,2988.81,26875.43,22,544,direct,none,tablet,United Kingdom,Malmö
CLIENT_957097,SESSION_000358,20230729,1,4538.31,31547.17,39,475,email,none,tablet,France,London
CLIENT_384183,SESSION_000359,20230721,1,4202.13,22137.2,41,1094,email,organic,tablet,Germany,Göteborg
CLIENT_880482,SESSION_000360,20230721,3,4604.67,22527.27,38,1162,email,organic,mobile,Sweden,Stockholm
CLIENT_681783,SESSION_000361,20230701,1,4716.82,29859.06,13,1644,email,cpc,desktop,France,New York
CLIENT_548412,SESSION_000362,20230715,2,4181.01,5379.27,50,440,facebook,email,mobile,Sweden,New York
CLIENT_945807,SESSION_000363,20230705,1,4256.38,21252.07,31,1410,direct,cpc,desktop,Sweden,London
CLIENT_227644,SESSION_000364,20230712,1,4277.09,17495.96,33,1089,google,email,tablet,Sweden,Göteborg
CLIENT_481977,SESSION_000365,20230702,1,4298.38,41370.97,6,1478,referral,email,tablet,United States,Göteborg
CLIENT_401575,SESSION_000366,20230729,2,3383.66,10679.68,40,590,google,none,mobile,Sweden,London
CLIENT_248233,SESSION_000367,20230715,1,3698.78,30648.25,50,1524,direct,email,desktop,Sweden,Göteborg
CLIENT_400565,SESSION_000368,20230709,1,1174.63,21179.12,12,876,facebook,email,desktop,Sweden,Malmö
CLIENT_466460,SESSION_000369,20230704,1,873.85,11456.57,3,1394,referral,cpc,desktop,United Kingdom,London
CLIENT_259810,SESSION_000370,20230702,3,2178.33,29164.05,32,901,referral,none,tablet,United States,London
CLIENT_368274,SESSION_000371,20230707,1,1916.99,49504.95,9,388,email,email,desktop,United States,Malmö
CLIENT_620669,SESSION_000372,20230729,1,3146.13,4737.63,12,1195,facebook,referral,mobile,United Kingdom,Stockholm
CLIENT_744642,SESSION_000373,20230726,2,3649.51,7149.96,31,1050,direct,organic,tablet,France,Göteborg
CLIENT_379130,SESSION_000374,20230729,1,2480.37,43820.28,33,330,google,email,mobile,France,London
CLIENT_447103,SESSION_000375,20230706,3,2467.06,8062.54,15,1288,facebook,organic,desktop,France,Stockholm
CLIENT_146571,SESSION_000376,20230728,1,4870.18,25254.14,21,1587,direct,referral,mobile,France,Stockholm
CLIENT_804157,SESSION_000377,20230713,2,269.48,35939.15,15,1184,direct,cpc,desktop,Sweden,Stockholm
CLIENT_258595,SESSION_000378,20230726,1,3149.95,7003.64,47,1437,direct,referral,mobile,France,Malmö
CLIENT_670628,SESSION_000379,20230716,3,4557.48,18388.6,22,410,direct,referral,desktop,United States,Malmö
CLIENT_501498,SESSION_000380,20230718,1,2545.12,43222.58,8,1045,email,none,mobile,United States,New York
CLIENT_929308,SESSION_000381,20230724,1,2319.59,17937.61,36,811,direct,none,mobile,United Kingdom,Stockholm
CLIENT_215814,SESSION_000382,20230726,1,2017.07,47854.0,20,1129,facebook,organic,mobile,France,Göteborg
CLIENT_998727,SESSION_000383,20230713,1,1654.77,20210.76,3,1675,google,cpc,mobile,Sweden,Stockholm
CLIENT_466860,SESSION_000384,20230720,1,3627.37,23072.54,15,717,email,organic,mobile,Germany,Malmö
CLIENT_410390,SESSION_000385,20230711,1,339.66,29265.23,8,1206,email,none,tablet,France,Stockholm
CLIENT_816299,SESSION_000386,20230701,1,2702.69,12400.59,13,1167,facebook,none,mobile,Sweden,Göteborg
CLIENT_953018,SESSION_000387,20230702,1,4503.16,19593.96,9,636,google,email,tablet,United States,Stockholm
CLIENT_733315,SESSION_000388,20230721,1,4045.43,9708.87,11,1128,email,referral,tablet,Germany,New York
CLIENT_171963,SESSION_000389,20230708,1,298.51,38659.82,23,1432,direct,referral,tablet,Germany,London
CLIENT_327346,SESSION_000390,20230729,3,529.07,42029.41,48,789,email,organic,tablet,France,Stockholm
CLIENT_276970,SESSION_000391,20230715,1,998.8,47601.78,17,632,email,cpc,tablet,United Kingdom,New York
CLIENT_377132,SESSION_000392,20230711,3,4474.77,48542.94,33,1303,facebook,cpc,mobile,United States,London
CLIENT_421191,SESSION_000393,20230714,1,4929.0,27952.19,3,285,direct,email,tablet,United States,Stockholm
CLIENT_774790,SESSION_000394,20230714,1,1094.91,40202.11,27,170,referral,cpc,desktop,Sweden,Göteborg
CLIENT_835727,SESSION_000395,20230719,3,4689.99,38431.55,12,521,google,none,tablet,France,Stockholm
CLIENT_444110,SESSION_000396,20230710,3,2722.89,35418.52,4,767,direct,none,mobile,Germany,New York
CLIENT_101495,SESSION_000397,20230708,1,3248.98,43545.88,7,306,referral,none,mobile,United Kingdom,Göteborg
CLIENT_813409,SESSION_000398,20230705,3,3986.74,1892.75,28,1428,email,none,mobile,Germany,London
CLIENT_943823,SESSION_000399,20230714,1,301.64,22121.98,39,1055,referral,referral,desktop,United States,Malmö
CLIENT_370819,SESSION_000400,20230727,1,3421.85,1210.23,20,1211,direct,email,mobile,United Kingdom,Stockholm
CLIENT_881126,SESSION_000401,20230729,1,4001.16,11544.76,20,847,facebook,referral,mobile,Sweden,Stockholm
CLIENT_439270,SESSION_000402,20230703,1,1047.41,20290.02,29,1277,email,none,desktop,Sweden,New York
CLIENT_536171,SESSION_000403,20230717,1,1912.74,34305.72,25,358,referral,none,mobile,France,Göteborg
CLIENT_670252,SESSION_000404,20230726,3,4031.0,3376.0,35,995,direct,organic,mobile,France,Göteborg
CLIENT_293499,SESSION_000405,20230728,2,1093.97,27770.23,7,1543,google,referral,tablet,United States,New York
CLIENT_883878,SESSION_000406,20230719,3,238.66,19429.53,27,1199,google,referral,desktop,France,Stockholm
CLIENT_721226,SESSION_000407,20230701,2,1740.68,46988.78,11,54,google,cpc,tablet,Germany,London
CLIENT_383675,SESSION_000408,20230730,1,975.35,8419.0,43,1582,email,referral,mobile,France,New York
CLIENT_618207,SESSION_000409,20230716,1,3367.27,47616.39,24,1580,direct,email,desktop,Germany,Göteborg
CLIENT_643755,SESSION_000410,20230711,1,1910.39,24083.55,37,1226,direct,referral,desktop,United Kingdom,Stockholm
CLIENT_290113,SESSION_000411,20230703,3,1760.91,3730.29,46,1014,email,referral,desktop,United Kingdom,Malmö
CLIENT_928930,SESSION_000412,20230723,3,1620.27,46763.02,44,384,facebook,referral,mobile,United States,Stockholm
CLIENT_310896,SESSION_000413,20230702,1,4689.04,24023.25,27,172,direct,organic,tablet,Sweden,London
CLIENT_371855,SESSION_000414,20230725,1,1308.42,46405.03,28,346,referral,email,tablet,United States,Stockholm
CLIENT_230726,SESSION_000415,20230706,1,326.08,16087.22,43,1335,referral,none,mobile,United States,Göteborg
CLIENT_678531,SESSION_000416,20230723,2,1379.37,1189.38,39,1386,referral,cpc,desktop,Sweden,Göteborg
CLIENT_804091,SESSION_000417,20230727,2,4662.27,33463.4,27,1612,email,none,mobile,France,Stockholm
CLIENT_310696,SESSION_000418,20230722,2,2406.48,9537.95,49,1299,email,none,mobile,France,London
CLIENT_385004,SESSION_000419,20230716,2,4992.24,40912.07,33,489,direct,referral,mobile,Germany,New York
CLIENT_935535,SESSION_000420,20230730,1,775.85,35426.93,38,1514,email,organic,mobile,United Kingdom,Malmö
CLIENT_892557,SESSION_000421,20230721,2,4824.01,42659.71,16,681,facebook,referral,desktop,United States,Malmö
CLIENT_984277,SESSION_000422,20230724,3,804.8,30592.25,13,1541,direct,referral,tablet,Germany,New York
CLIENT_291704,SESSION_000423,20230711,3,4844.39,1215.82,38,1120,google,email,desktop,United States,Malmö
CLIENT_304289,SESSION_000424,20230727,1,1716.94,4078.69,18,1136,google,organic,desktop,France,Göteborg
CLIENT_969625,SESSION_000425,20230723,1,2202.76,8983.81,43,551,google,referral,mobile,France,New York
CLIENT_560764,SESSION_000426,20230710,2,1136.14,26816.63,22,1544,referral,cpc,mobile,Germany,London
CLIENT_935684,SESSION_000427,20230710,1,1246.63,33890.57,32,345,google,none,mobile,Sweden,London
CLIENT_652862,SESSION_000428,20230716,1,2574.61,16581.93,19,296,referral,email,mobile,United Kingdom,Göteborg
CLIENT_961073,SESSION_000429,20230701,2,1047.82,36733.84,14,255,google,referral,desktop,Sweden,Göteborg
CLIENT_992312,SESSION_000430,20230715,2,2908.67,49846.22,11,848,facebook,none,desktop,Sweden,Stockholm
CLIENT_578490,SESSION_000431,20230707,2,4659.77,25075.42,41,212,google,none,mobile,United States,Stockholm
CLIENT_937179,SESSION_000432,20230731,1,3185.96,42890.4,34,1546,referral,organic,desktop,United States,Stockholm
CLIENT_753232,SESSION_000433,20230722,3,3703.19,42289.46,8,315,google,organic,desktop,Sweden,Stockholm
CLIENT_888343,SESSION_000434,20230727,3,2792.24,15010.62,13,1451,facebook,referral,desktop,France,Göteborg
CLIENT_817168,SESSION_000435,20230702,3,105.5,49201.86,35,108,google,email,desktop,Sweden,Malmö
CLIENT_220988,SESSION_000436,20230702,2,1840.78,48124.25,50,437,google,none,desktop,United Kingdom,Göteborg
CLIENT_377048,SESSION_000437,20230701,1,1699.81,11632.75,43,1318,direct,referral,tablet,France,Stockholm
CLIENT_689457,SESSION_000438,20230722,3,4766.99,18388.47,17,1624,email,referral,tablet,United Kingdom,New York
CLIENT_498487,SESSION_000439,20230705,1,1534.44,27579.12,22,865,direct,referral,desktop,Sweden,Göteborg
CLIENT_980821,SESSION_000440,20230725,1,1832.29,40783.49,9,1255,direct,organic,tablet,Germany,Malmö
CLIENT_768133,SESSION_000441,20230715,1,2481.56,39719.05,14,665,referral,cpc,mobile,France,New York
CLIENT_584923,SESSION_000442,20230722,3,4440.69,37525.01,45,64,google,referral,mobile,United States,Stockholm
CLIENT_341481,SESSION_000443,20230707,1,1713.48,20416.95,38,1779,referral,organic,tablet,France,New York
CLIENT_145777,SESSION_000444,20230702,1,4655.52,14802.85,26,314,google,none,desktop,United States,Malmö
CLIENT_672120,SESSION_000445,20230725,1,2822.72,46569.46,29,136,google,none,mobile,Sweden,Göteborg
CLIENT_543414,SESSION_000446,20230706,1,570.44,28468.37,35,1102,facebook,cpc,tablet,United States,London
CLIENT_171060,SESSION_000447,20230729,1,2239.69,30596.02,37,1656,direct,none,desktop,France,London
CLIENT_212865,SESSION_000448,20230721,1,2462.22,34387.78,31,497,facebook,cpc,tablet,United Kingdom,London
CLIENT_261829,SESSION_000449,20230712,3,2611.29,5029.25,23,389,google,organic,mobile,France,Göteborg
CLIENT_810294,SESSION_000450,20230731,1,3419.5,3382.67,23,213,email,cpc,mobile,France,Stockholm
CLIENT_267746,SESSION_000451,20230731,1,4035.87,18796.95,16,722,facebook,referral,desktop,Sweden,London
CLIENT_942582,SESSION_000452,20230720,1,4903.82,9172.49,20,1164,referral,cpc,mobile,United States,Malmö
CLIENT_874157,SESSION_000453,20230711,1,3597.48,21731.16,39,331,referral,cpc,mobile,United Kingdom,New York
CLIENT_115498,SESSION_000454,20230711,3,2026.22,16423.11,23,677,google,none,desktop,France,Malmö
CLIENT_499523,SESSION_000455,20230706,3,1086.8,43109.12,35,1214,facebook,organic,desktop,France,New York
CLIENT_231275,SESSION_000456,20230731,1,3883.74,36104.33,4,416,direct,cpc,tablet,Sweden,New York
CLIENT_163271,SESSION_000457,20230729,1,1771.2,35599.65,16,1539,direct,referral,desktop,Sweden,London
CLIENT_630965,SESSION_000458,20230704,1,3899.13,31377.39,44,425,email,email,mobile,United Kingdom,Göteborg
CLIENT_103218,SESSION_000459,20230729,1,3989.96,41808.84,5,872,direct,organic,tablet,United Kingdom,Malmö
CLIENT_482243,SESSION_000460,20230710,1,2358.63,39687.79,25,999,email,referral,mobile,France,Stockholm
CLIENT_351344,SESSION_000461,20230722,2,2548.85,6359.78,20,260,referral,organic,mobile,Sweden,Malmö
CLIENT_384194,SESSION_000462,20230726,2,4108.48,14544.47,37,696,direct,none,tablet,France,London
CLIENT_571800,SESSION_000463,20230729,1,378.81,31725.89,40,1744,email,email,mobile,United Kingdom,New York
CLIENT_539527,SESSION_000464,20230712,1,1611.47,46805.97,42,752,google,none,mobile,Germany,London
CLIENT_856944,SESSION_000465,20230721,1,3165.28,22582.98,14,890,google,email,mobile,United Kingdom,London
CLIENT_694512,SESSION_000466,20230707,1,4952.96,2345.66,36,648,email,none,desktop,France,Stockholm
CLIENT_739636,SESSION_000467,20230722,1,1011.99,9916.24,47,694,google,cpc,desktop,United Kingdom,New York
CLIENT_610312,SESSION_000468,20230710,1,4191.28,37904.92,25,498,google,referral,desktop,Sweden,Stockholm
CLIENT_870664,SESSION_000469,20230719,1,3374.27,19409.97,5,1671,referral,cpc,tablet,United Kingdom,New York
CLIENT_110100,SESSION_000470,20230710,3,4942.6,36126.9,24,1101,email,referral,tablet,United States,New York
CLIENT_283003,SESSION_000471,20230709,2,669.39,10618.68,12,1475,facebook,organic,mobile,United States,New York
CLIENT_487075,SESSION_000472,20230715,2,807.52,13516.25,32,410,facebook,cpc,tablet,Sweden,New York
CLIENT_464870,SESSION_000473,20230731,1,831.37,2367.46,17,292,email,organic,mobile,United States,New York
CLIENT_441466,SESSION_000474,20230702,1,2984.79,24649.09,10,1052,facebook,none,tablet,United Kingdom,Göteborg
CLIENT_848465,SESSION_000475,20230718,1,1169.57,22505.38,5,1792,direct,organic,mobile,Sweden,Stockholm
CLIENT_572998,SESSION_000476,20230715,1,1823.49,18881.61,45,1230,referral,referral,mobile,Sweden,Göteborg
CLIENT_180942,SESSION_000477,20230724,1,1013.88,37830.21,48,1142,email,referral,mobile,Germany,London
CLIENT_373171,SESSION_000478,20230722,1,3348.52,19161.12,40,1149,google,organic,mobile,United Kingdom,Stockholm
CLIENT_377064,SESSION_000479,20230714,1,4809.06,33463.7,29,284,referral,none,tablet,United States,Malmö
CLIENT_818497,SESSION_000480,20230724,1,1407.99,25189.2,40,326,direct,none,desktop,United Kingdom,Malmö
CLIENT_840842,SESSION_000481,20230714,1,3983.77,38332.22,33,1111,email,referral,desktop,United States,Stockholm
CLIENT_856329,SESSION_000482,20230731,3,3301.93,34404.95,19,604,google,referral,desktop,United Kingdom,Stockholm
CLIENT_982810,SESSION_000483,20230706,2,4052.14,22048.66,36,699,facebook,email,mobile,Germany,London
CLIENT_513668,SESSION_000484,20230717,1,1800.17,44778.6,40,764,referral,referral,desktop,France,Malmö
CLIENT_937890,SESSION_000485,20230718,1,2869.26,7946.46,29,1660,google,none,tablet,France,New York
CLIENT_356513,SESSION_000486,20230709,1,2582.4,37140.45,23,794,referral,none,desktop,Sweden,Göteborg
CLIENT_774787,SESSION_000487,20230725,3,4017.82,5268.23,12,1563,email,cpc,mobile,Germany,New York
CLIENT_704566,SESSION_000488,20230718,1,4256.93,45190.5,6,1771,google,referral,mobile,Sweden,Malmö
CLIENT_112549,SESSION_000489,20230720,2,2989.41,27609.42,9,1048,google,organic,desktop,Germany,New York
CLIENT_230551,SESSION_000490,20230715,1,1766.62,42002.61,33,416,direct,cpc,desktop,Germany,Malmö
CLIENT_180648,SESSION_000491,20230706,1,2053.28,18915.45,41,964,referral,referral,tablet,Sweden,Göteborg
CLIENT_984242,SESSION_000492,20230709,3,106.96,31503.15,41,81,email,referral,tablet,Sweden,London
CLIENT_546570,SESSION_000493,20230702,1,4925.96,36426.21,24,805,facebook,email,desktop,Germany,Stockholm
CLIENT_144007,SESSION_000494,20230712,3,1355.18,9901.72,6,572,direct,none,mobile,France,New York
CLIENT_801150,SESSION_000495,20230711,1,3923.24,25362.54,40,107,facebook,organic,tablet,United Kingdom,Stockholm
CLIENT_888310,SESSION_000496,20230729,1,4845.9,2050.86,41,118,email,referral,desktop,Germany,New York
CLIENT_807550,SESSION_000497,20230722,1,1186.46,38285.42,10,1126,facebook,none,desktop,Sweden,London
CLIENT_170640,SESSION_000498,20230720,3,108.75,12345.57,40,1224,google,none,desktop,United Kingdom,Stockholm
CLIENT_827452,SESSION_000499,20230716,3,4872.24,29218.48,23,522,email,organic,mobile,Germany,London
CLIENT_274530,SESSION_000500,20230705,1,3000.32,38894.74,38,1366,facebook,referral,mobile,France,Malmö
CLIENT_336659,SESSION_000501,20230714,1,3336.64,24172.5,42,1278,google,referral,desktop,France,New York
CLIENT_116416,SESSION_000502,20230701,1,2437.45,16378.06,40,83,direct,cpc,desktop,United States,Stockholm
CLIENT_374294,SESSION_000503,20230729,3,678.52,4231.98,12,363,google,email,tablet,Sweden,New York
CLIENT_258076,SESSION_000504,20230712,3,1919.16,22323.96,8,841,facebook,referral,desktop,Germany,London
CLIENT_468284,SESSION_000505,20230721,1,4733.13,45606.88,21,632,email,email,desktop,United Kingdom,New York
CLIENT_534732,SESSION_000506,20230708,3,3040.92,14127.35,34,712,direct,none,tablet,Sweden,New York
CLIENT_811805,SESSION_000507,20230724,1,1980.17,41339.14,31,223,google,email,desktop,France,Malmö
CLIENT_973894,SESSION_000508,20230702,1,3915.08,20770.34,34,581,google,cpc,tablet,United Kingdom,London
CLIENT_935755,SESSION_000509,20230730,1,2413.31,34690.35,46,1228,email,none,mobile,France,Stockholm
CLIENT_911633,SESSION_000510,20230713,1,2942.74,20869.33,3,701,direct,cpc,desktop,Germany,London
CLIENT_224271,SESSION_000511,20230709,3,3835.97,18555.08,46,1058,google,organic,tablet,Sweden,London
CLIENT_341236,SESSION_000512,20230715,1,4173.27,46178.63,3,766,referral,email,desktop,Germany,Malmö
CLIENT_499645,SESSION_000513,20230709,1,3721.24,40475.48,37,472,email,none,desktop,Germany,Stockholm
CLIENT_423334,SESSION_000514,20230728,1,3327.6,34772.4,43,1170,referral,email,mobile,Sweden,London
CLIENT_523507,SESSION_000515,20230709,1,1956.34,10250.38,46,789,google,cpc,desktop,Germany,Göteborg
CLIENT_576571,SESSION_000516,20230727,1,225.62,46147.6,4,643,google,referral,desktop,United Kingdom,London
CLIENT_542370,SESSION_000517,20230724,1,2939.48,46270.55,29,1539,direct,email,mobile,United Kingdom,Göteborg
CLIENT_957361,SESSION_000518,20230730,1,4153.43,1205.49,44,1332,direct,organic,mobile,Germany,Malmö
CLIENT_945416,SESSION_000519,20230702,1,4335.51,34225.56,27,1542,facebook,cpc,tablet,United States,Malmö
CLIENT_585628,SESSION_000520,20230705,3,1316.79,29839.92,46,1109,google,referral,mobile,France,Malmö
CLIENT_463972,SESSION_000521,20230715,1,3460.86,44885.17,45,1485,referral,email,tablet,France,Malmö
CLIENT_180501,SESSION_000522,20230720,1,626.45,14392.5,28,53,direct,cpc,desktop,Germany,London
CLIENT_537480,SESSION_000523,20230727,3,2137.91,44668.07,2,1397,facebook,none,mobile,Sweden,Göteborg
CLIENT_361980,SESSION_000524,20230729,3,3550.53,22229.74,18,52,direct,email,tablet,United Kingdom,Göteborg
CLIENT_460911,SESSION_000525,20230709,3,3638.56,47715.68,11,368,direct,email,mobile,Sweden,Göteborg
CLIENT_665261,SESSION_000526,20230720,3,2756.57,17278.79,43,1661,facebook,none,mobile,France,New York
CLIENT_618033,SESSION_000527,20230716,2,2098.4,28966.86,47,1627,direct,referral,mobile,United Kingdom,New York
CLIENT_508451,SESSION_000528,20230703,1,4238.35,22362.95,6,529,google,email,mobile,United Kingdom,New York
CLIENT_631803,SESSION_000529,20230709,3,1519.78,35447.87,45,1297,referral,organic,mobile,United Kingdom,London
CLIENT_465164,SESSION_000530,20230724,1,809.22,4955.19,29,170,facebook,email,desktop,United Kingdom,London
CLIENT_156382,SESSION_000531,20230705,2,3450.89,38362.93,39,1665,google,cpc,tablet,United States,New York
CLIENT_506730,SESSION_000532,20230713,1,132.65,40742.66,9,846,referral,email,mobile,United Kingdom,London
CLIENT_743962,SESSION_000533,20230725,1,2899.61,43915.11,34,405,referral,organic,desktop,Sweden,Malmö
CLIENT_387249,SESSION_000534,20230728,2,1979.35,9314.35,2,1383,email,organic,desktop,France,Göteborg
CLIENT_443306,SESSION_000535,20230717,1,2680.82,14561.73,34,943,google,none,tablet,United Kingdom,Malmö
CLIENT_164466,SESSION_000536,20230706,1,2473.52,39005.89,6,1262,facebook,email,mobile,United Kingdom,London
CLIENT_501577,SESSION_000537,20230702,1,918.8,24217.65,43,823,direct,organic,tablet,United States,London
CLIENT_378336,SESSION_000538,20230718,2,1561.69,44836.93,29,1698,direct,email,mobile,France,New York
CLIENT_830612,SESSION_000539,20230705,1,2228.58,44310.35,22,1748,google,email,mobile,United Kingdom,Malmö
CLIENT_161469,SESSION_000540,20230718,1,4690.22,37743.07,10,1206,referral,email,tablet,Sweden,Malmö
CLIENT_968134,SESSION_000541,20230721,1,3714.3,40249.94,39,549,referral,organic,tablet,United Kingdom,New York
CLIENT_362803,SESSION_000542,20230727,1,401.38,45510.53,16,597,facebook,referral,tablet,United States,Göteborg
CLIENT_170330,SESSION_000543,20230730,1,2543.58,35401.91,44,1309,email,none,desktop,Germany,Malmö
CLIENT_270175,SESSION_000544,20230710,3,3517.11,6633.32,21,1164,referral,organic,tablet,United States,Malmö
CLIENT_678099,SESSION_000545,20230705,2,3890.97,11671.36,20,723,referral,none,mobile,Germany,Stockholm
CLIENT_729946,SESSION_000546,20230729,2,1895.53,11060.38,45,382,referral,organic,desktop,United Kingdom,Stockholm
CLIENT_901704,SESSION_000547,20230714,2,4126.64,16380.07,38,1261,email,none,tablet,Sweden,Malmö
CLIENT_176699,SESSION_000548,20230711,1,2093.64,6928.59,10,1616,referral,email,mobile,United Kingdom,London
CLIENT_316812,SESSION_000549,20230726,1,1482.48,30098.23,39,902,email,cpc,mobile,United Kingdom,Göteborg
CLIENT_741195,SESSION_000550,20230721,1,2432.38,40924.32,8,1121,google,none,desktop,Sweden,London
CLIENT_498293,SESSION_000551,20230705,2,1184.22,25244.39,42,562,direct,organic,tablet,United States,New York
CLIENT_185754,SESSION_000552,20230702,1,1122.96,9898.48,17,1217,google,cpc,desktop,Germany,New York
CLIENT_585355,SESSION_000553,20230717,2,2146.43,37447.55,28,1599,email,email,desktop,France,New York
CLIENT_187574,SESSION_000554,20230730,1,1609.91,42632.14,2,970,facebook,referral,desktop,Germany,Göteborg
CLIENT_910558,SESSION_000555,20230705,1,1201.82,11164.73,4,1358,google,email,tablet,United Kingdom,Malmö
CLIENT_202174,SESSION_000556,20230729,1,358.58,15050.6,26,1038,email,cpc,desktop,United States,Göteborg
CLIENT_133143,SESSION_000557,20230714,1,288.93,44041.17,3,1480,referral,organic,mobile,France,Malmö
CLIENT_342096,SESSION_000558,20230727,2,1470.95,9727.02,11,1276,facebook,organic,mobile,Germany,Malmö
CLIENT_994679,SESSION_000559,20230716,3,4421.31,40094.63,21,733,email,organic,mobile,Germany,New York
CLIENT_618247,SESSION_000560,20230711,1,2688.77,44894.03,26,890,facebook,referral,tablet,Germany,Malmö
CLIENT_965548,SESSION_000561,20230731,2,2978.13,3961.41,18,1331,facebook,referral,tablet,United Kingdom,Göteborg
CLIENT_673354,SESSION_000562,20230728,3,1805.38,48654.66,19,160,direct,email,tablet,United States,Stockholm
CLIENT_811160,SESSION_000563,20230712,3,1925.76,38919.2,40,442,email,organic,tablet,Germany,London
CLIENT_581136,SESSION_000564,20230712,1,1075.5,8346.71,27,359,referral,email,mobile,Germany,Stockholm
CLIENT_205149,SESSION_000565,20230720,3,513.37,7359.65,7,223,direct,referral,tablet,France,Stockholm
CLIENT_296940,SESSION_000566,20230722,1,4593.28,40821.65,26,206,google,referral,mobile,France,New York
CLIENT_599587,SESSION_000567,20230728,1,1808.97,27262.31,32,1621,email,cpc,tablet,Sweden,London
CLIENT_695044,SESSION_000568,20230725,1,1921.5,46199.67,41,1348,google,referral,mobile,France,Malmö
CLIENT_364522,SESSION_000569,20230716,1,4234.13,46031.78,10,1026,email,organic,desktop,United States,New York
CLIENT_959004,SESSION_000570,20230728,1,3839.94,19541.88,39,727,direct,cpc,tablet,United Kingdom,New York
CLIENT_770261,SESSION_000571,20230710,2,2960.55,15004.27,34,1666,email,referral,tablet,United States,Göteborg
CLIENT_203734,SESSION_000572,20230723,2,1943.41,49127.33,9,1079,referral,referral,tablet,United Kingdom,New York
CLIENT_203200,SESSION_000573,20230731,2,2186.23,37687.59,46,1527,email,cpc,mobile,United Kingdom,London
CLIENT_288485,SESSION_000574,20230713,3,404.82,21224.69,36,325,email,none,tablet,United Kingdom,New York
CLIENT_282923,SESSION_000575,20230716,1,2380.1,21565.24,4,1033,direct,referral,desktop,United Kingdom,Stockholm
CLIENT_199087,SESSION_000576,20230717,3,2454.67,44905.63,20,178,referral,none,tablet,Sweden,New York
CLIENT_685613,SESSION_000577,20230713,2,2986.2,47585.58,32,409,referral,none,tablet,Sweden,Stockholm
CLIENT_871089,SESSION_000578,20230719,1,1825.52,1440.32,9,1265,google,referral,mobile,United Kingdom,Malmö
CLIENT_945948,SESSION_000579,20230704,3,1470.22,29949.18,2,1496,email,cpc,mobile,Germany,Malmö
CLIENT_208892,SESSION_000580,20230722,1,3215.3,29234.67,4,1591,google,cpc,tablet,France,Göteborg
CLIENT_105668,SESSION_000581,20230715,3,2091.29,36632.84,46,954,google,email,tablet,United States,Malmö
CLIENT_954935,SESSION_000582,20230726,1,658.58,15572.87,17,161,google,organic,tablet,France,Stockholm
CLIENT_280568,SESSION_000583,20230701,3,4091.85,5077.4,15,564,facebook,email,mobile,United States,Stockholm
CLIENT_856836,SESSION_000584,20230710,1,2417.0,13248.05,2,662,referral,none,tablet,France,London
CLIENT_799102,SESSION_000585,20230715,3,1302.52,49224.52,38,853,referral,none,mobile,Germany,New York
CLIENT_127532,SESSION_000586,20230716,1,4278.71,48368.88,20,1105,direct,cpc,tablet,Germany,Stockholm
CLIENT_536234,SESSION_000587,20230710,3,815.24,26390.4,9,1289,facebook,organic,tablet,United States,Göteborg
CLIENT_383774,SESSION_000588,20230723,1,2254.02,25339.96,29,471,facebook,referral,mobile,United Kingdom,Malmö
CLIENT_464889,SESSION_000589,20230726,1,1946.64,48503.76,27,1519,email,referral,desktop,Sweden,Malmö
CLIENT_710603,SESSION_000590,20230713,1,1521.1,6079.26,49,1556,google,referral,desktop,United Kingdom,New York
CLIENT_846246,SESSION_000591,20230724,1,308.79,7208.77,4,1551,google,referral,mobile,France,Malmö
CLIENT_270748,SESSION_000592,20230721,1,1531.11,9599.88,10,1146,referral,email,tablet,United States,Malmö
CLIENT_533334,SESSION_000593,20230708,1,1134.35,33176.61,35,1257,email,cpc,tablet,United Kingdom,Malmö
CLIENT_305941,SESSION_000594,20230730,3,4228.53,40875.89,2,437,referral,cpc,tablet,Germany,London
CLIENT_317030,SESSION_000595,20230711,3,1164.65,6476.79,25,833,referral,none,mobile,Germany,New York
CLIENT_613237,SESSION_000596,20230725,1,1718.83,23086.72,43,596,email,organic,desktop,Sweden,New York
CLIENT_490094,SESSION_000597,20230706,1,2914.27,5607.43,47,1298,referral,none,tablet,Sweden,New York
CLIENT_215050,SESSION_000598,20230706,3,1522.99,10637.89,20,286,google,email,tablet,France,New York
CLIENT_821241,SESSION_000599,20230714,1,4565.3,17804.41,24,1765,referral,email,tablet,Sweden,New York
CLIENT_933670,SESSION_000600,20230723,1,1450.92,5470.19,10,337,referral,email,mobile,United States,Malmö
CLIENT_452102,SESSION_000601,20230731,1,4743.62,47586.68,27,292,direct,organic,mobile,United States,Göteborg
CLIENT_188496,SESSION_000602,20230727,1,413.46,49635.52,24,1212,direct,referral,desktop,Germany,Malmö
CLIENT_852572,SESSION_000603,20230719,1,4489.02,31818.38,28,370,email,cpc,desktop,United States,London
CLIENT_568502,SESSION_000604,20230709,1,1188.17,26577.13,27,710,email,cpc,tablet,Sweden,London
CLIENT_809163,SESSION_000605,20230726,2,2140.97,9304.24,39,1140,facebook,referral,desktop,Germany,London
CLIENT_547648,SESSION_000606,20230705,1,2121.2,48987.94,32,1452,facebook,organic,tablet,France,Stockholm
CLIENT_833110,SESSION_000607,20230712,1,4464.26,5490.88,47,765,direct,referral,mobile,Sweden,Stockholm
CLIENT_697767,SESSION_000608,20230722,3,3966.39,20439.3,41,241,facebook,referral,desktop,France,New York
CLIENT_508776,SESSION_000609,20230706,2,1533.11,5011.37,32,874,email,cpc,mobile,United Kingdom,London
CLIENT_201265,SESSION_000610,20230706,1,1879.75,9028.75,8,1149,facebook,none,desktop,France,Malmö
CLIENT_157401,SESSION_000611,20230710,2,4078.19,12777.81,32,1689,facebook,cpc,mobile,France,Göteborg
CLIENT_100022,SESSION_000612,20230728,3,4982.96,36044.38,23,1636,google,none,mobile,United States,Stockholm
CLIENT_265160,SESSION_000613,20230721,1,3004.97,33508.21,26,1232,google,none,mobile,United Kingdom,Malmö
CLIENT_462007,SESSION_000614,20230710,1,3417.78,6669.23,18,356,facebook,none,mobile,Sweden,Stockholm
CLIENT_967641,SESSION_000615,20230703,1,119.1,48908.53,39,842,direct,referral,mobile,Germany,Malmö
CLIENT_207775,SESSION_000616,20230708,3,2299.07,39466.95,36,525,referral,referral,tablet,Germany,Malmö
CLIENT_774044,SESSION_000617,20230731,3,1851.51,26558.46,33,999,google,cpc,tablet,Germany,Stockholm
CLIENT_651786,SESSION_000618,20230715,2,3346.52,30129.13,26,727,email,referral,desktop,France,London
CLIENT_703885,SESSION_000619,20230701,1,3841.85,40031.9,23,953,google,email,tablet,United States,Göteborg
CLIENT_631180,SESSION_000620,20230730,3,2663.37,4421.61,2,867,direct,referral,tablet,United States,Stockholm
CLIENT_186170,SESSION_000621,20230715,1,910.04,27797.99,47,605,facebook,referral,mobile,United Kingdom,London
CLIENT_131345,SESSION_000622,20230702,1,3458.84,28096.69,46,46,google,organic,desktop,Sweden,London
CLIENT_730853,SESSION_000623,20230705,1,2775.74,44628.38,27,558,referral,cpc,desktop,France,London
CLIENT_674282,SESSION_000624,20230718,1,1027.18,38415.28,19,674,facebook,organic,mobile,United Kingdom,New York
CLIENT_238359,SESSION_000625,20230726,2,694.78,23098.58,12,1702,google,email,tablet,United Kingdom,Göteborg
CLIENT_757983,SESSION_000626,20230722,1,2858.49,21059.67,11,1787,referral,none,tablet,Germany,Malmö
CLIENT_275913,SESSION_000627,20230714,1,1218.61,32725.34,26,1624,referral,none,desktop,Germany,Stockholm
CLIENT_230203,SESSION_000628,20230719,1,2565.58,25792.98,46,1055,email,organic,mobile,United States,Göteborg
CLIENT_367522,SESSION_000629,20230713,2,386.41,10804.97,29,812,referral,referral,desktop,United Kingdom,Malmö
CLIENT_102426,SESSION_000630,20230724,1,176.26,34414.82,16,155,email,cpc,desktop,France,London
CLIENT_998850,SESSION_000631,20230729,1,3648.51,17603.68,29,1574,facebook,referral,mobile,Germany,Malmö
CLIENT_618405,SESSION_000632,20230718,2,3810.62,16102.76,23,718,referral,cpc,mobile,Germany,New York
CLIENT_670843,SESSION_000633,20230718,1,2999.82,37857.56,35,1552,google,referral,tablet,United States,Malmö
CLIENT_998838,SESSION_000634,20230717,1,1480.61,25752.9,47,985,facebook,cpc,mobile,Germany,London
CLIENT_559629,SESSION_000635,20230711,1,938.6,25299.23,33,472,direct,cpc,desktop,United States,Göteborg
CLIENT_396310,SESSION_000636,20230705,2,2593.91,36010.52,8,457,email,organic,tablet,France,New York
CLIENT_615020,SESSION_000637,20230713,3,1878.84,40202.85,32,1185,facebook,cpc,desktop,Sweden,Göteborg
CLIENT_959099,SESSION_000638,20230709,3,1709.1,34336.82,10,1630,direct,email,tablet,France,New York
CLIENT_551712,SESSION_000639,20230717,2,2991.16,31163.23,18,1067,google,cpc,tablet,Sweden,New York
CLIENT_796115,SESSION_000640,20230713,1,3754.63,17797.07,37,1371,facebook,email,desktop,France,Göteborg
CLIENT_853038,SESSION_000641,20230703,1,2273.61,9456.55,14,1116,google,none,tablet,Germany,New York
CLIENT_643312,SESSION_000642,20230720,1,2183.68,33004.88,23,404,email,none,desktop,France,New York
CLIENT_374345,SESSION_000643,20230708,2,1547.77,36092.24,44,503,referral,none,desktop,Sweden,Stockholm
CLIENT_398556,SESSION_000644,20230722,1,1249.0,6821.46,30,519,direct,referral,desktop,United States,Malmö
CLIENT_490310,SESSION_000645,20230720,1,4416.26,36338.76,24,1124,email,cpc,desktop,Sweden,New York
CLIENT_736403,SESSION_000646,20230712,3,909.39,15018.36,7,789,facebook,email,desktop,Germany,Stockholm
CLIENT_342068,SESSION_000647,20230706,1,3443.41,28464.11,42,808,direct,referral,mobile,Germany,London
CLIENT_790996,SESSION_000648,20230715,1,2143.02,22403.11,47,1761,facebook,email,tablet,Sweden,Göteborg
CLIENT_204651,SESSION_000649,20230723,1,4854.19,23134.92,14,776,facebook,organic,mobile,United Kingdom,London
CLIENT_395519,SESSION_000650,20230715,2,2817.17,33344.05,18,401,facebook,cpc,tablet,United Kingdom,New York
CLIENT_195909,SESSION_000651,20230720,1,1677.73,46740.74,41,1568,email,organic,tablet,United Kingdom,London
CLIENT_188593,SESSION_000652,20230707,2,3000.77,25909.42,35,1327,email,cpc,desktop,Germany,Göteborg
CLIENT_764108,SESSION_000653,20230731,1,651.26,1705.69,39,940,referral,none,mobile,United Kingdom,Göteborg
CLIENT_133881,SESSION_000654,20230726,3,4146.88,48703.94,34,431,google,cpc,tablet,Germany,New York
CLIENT_935903,SESSION_000655,20230725,1,957.33,37737.09,50,1430,google,cpc,tablet,Germany,Stockholm
CLIENT_616696,SESSION_000656,20230711,3,2247.99,24364.48,6,1357,facebook,cpc,mobile,Sweden,Göteborg
CLIENT_814108,SESSION_000657,20230702,1,3652.87,2479.01,25,1441,facebook,email,desktop,Sweden,Malmö
CLIENT_945765,SESSION_000658,20230724,3,4802.16,12721.96,39,1286,referral,email,mobile,Sweden,Stockholm
CLIENT_915640,SESSION_000659,20230725,1,2930.24,8322.75,16,468,email,email,mobile,United States,London
CLIENT_276292,SESSION_000660,20230719,3,2869.19,25375.96,26,107,direct,none,tablet,France,New York
CLIENT_780478,SESSION_000661,20230717,2,175.26,5493.5,34,379,email,cpc,mobile,Germany,Göteborg
CLIENT_197313,SESSION_000662,20230716,1,2513.51,11140.28,11,1000,direct,referral,tablet,Germany,New York
CLIENT_394170,SESSION_000663,20230720,2,3927.77,49437.71,20,114,google,referral,mobile,United States,Göteborg
CLIENT_659104,SESSION_000664,20230705,1,4114.57,4539.36,19,937,email,organic,mobile,United Kingdom,Malmö
CLIENT_417138,SESSION_000665,20230717,2,3270.99,12954.93,33,1215,email,cpc,mobile,France,London
CLIENT_211066,SESSION_000666,20230707,3,2890.64,6210.22,18,1230,referral,email,tablet,Germany,Malmö
CLIENT_456603,SESSION_000667,20230724,3,3442.22,45835.61,45,1355,email,referral,mobile,United Kingdom,New York
CLIENT_441170,SESSION_000668,20230723,1,2560.12,36546.31,22,1589,referral,organic,tablet,France,New York
CLIENT_972977,SESSION_000669,20230730,1,1544.53,45459.44,43,548,facebook,referral,desktop,United Kingdom,Göteborg
CLIENT_395250,SESSION_000670,20230724,2,3666.81,37599.04,28,392,facebook,referral,mobile,Sweden,Malmö
CLIENT_906138,SESSION_000671,20230713,1,2571.13,46590.24,5,975,direct,email,desktop,United Kingdom,Malmö
CLIENT_894623,SESSION_000672,20230716,1,4613.93,45590.53,42,440,google,referral,mobile,Germany,Göteborg
CLIENT_284674,SESSION_000673,20230711,1,1660.8,14203.26,20,1774,email,none,tablet,United Kingdom,Stockholm
CLIENT_212868,SESSION_000674,20230708,2,2267.08,49389.15,15,483,referral,organic,mobile,Sweden,Malmö
CLIENT_751174,SESSION_000675,20230711,3,581.56,34520.74,18,690,google,organic,tablet,Germany,Göteborg
CLIENT_322138,SESSION_000676,20230721,1,812.89,36371.51,29,1756,google,none,desktop,United States,Göteborg
CLIENT_504136,SESSION_000677,20230731,3,2316.0,27176.93,8,1139,referral,referral,tablet,United States,Göteborg
CLIENT_726724,SESSION_000678,20230704,1,2342.61,44740.13,27,1306,direct,email,tablet,Germany,Göteborg
CLIENT_832821,SESSION_000679,20230719,1,4779.26,44216.39,42,1676,google,organic,tablet,Germany,Stockholm
CLIENT_516805,SESSION_000680,20230720,1,4948.58,1623.9,5,885,email,cpc,tablet,United States,London
CLIENT_251007,SESSION_000681,20230712,3,4137.19,26666.76,33,879,referral,email,tablet,United States,London
CLIENT_285478,SESSION_000682,20230701,1,3560.37,44367.54,29,1519,referral,email,tablet,United Kingdom,Stockholm
CLIENT_737246,SESSION_000683,20230718,1,3397.95,12050.76,6,1110,email,organic,desktop,United States,Malmö
CLIENT_210837,SESSION_000684,20230720,2,2270.04,11242.27,28,1191,referral,cpc,desktop,United Kingdom,London
CLIENT_786369,SESSION_000685,20230720,2,814.59,23104.65,50,306,google,referral,tablet,France,Stockholm
CLIENT_608717,SESSION_000686,20230714,1,2600.92,39350.6,23,1510,referral,cpc,desktop,United Kingdom,Göteborg
CLIENT_530959,SESSION_000687,20230709,1,2466.43,40215.48,47,1239,facebook,none,mobile,Germany,Malmö
CLIENT_653323,SESSION_000688,20230704,1,4575.82,1783.52,15,1654,referral,organic,tablet,Sweden,New York
CLIENT_149035,SESSION_000689,20230719,2,4557.56,3453.41,24,1376,referral,organic,mobile,France,Göteborg
CLIENT_267240,SESSION_000690,20230712,1,2965.89,5106.74,3,1293,facebook,none,desktop,Sweden,Stockholm
CLIENT_145018,SESSION_000691,20230718,1,1581.83,32182.06,48,944,referral,none,mobile,United Kingdom,Stockholm
CLIENT_675614,SESSION_000692,20230725,1,3184.51,23032.25,33,1424,email,organic,desktop,Sweden,Stockholm
CLIENT_472112,SESSION_000693,20230702,1,4209.96,40018.68,37,536,google,cpc,mobile,United Kingdom,Stockholm
CLIENT_122407,SESSION_000694,20230726,1,3964.18,16628.77,18,131,facebook,none,tablet,France,London
CLIENT_717831,SESSION_000695,20230721,3,4882.81,16034.33,9,1608,direct,cpc,mobile,Germany,Malmö
CLIENT_206986,SESSION_000696,20230706,3,4178.05,24757.73,44,40,referral,email,tablet,United Kingdom,New York
CLIENT_402998,SESSION_000697,20230708,1,1846.08,37126.72,15,376,facebook,email,mobile,France,Göteborg
CLIENT_357145,SESSION_000698,20230731,1,1998.34,36653.87,35,71,google,email,tablet,Germany,London
CLIENT_299559,SESSION_000699,20230726,3,1323.08,13493.15,21,1106,facebook,email,mobile,United Kingdom,New York
CLIENT_158038,SESSION_000700,20230704,3,1608.95,11139.09,36,1018,referral,organic,desktop,United States,Malmö
CLIENT_256039,SESSION_000701,20230721,3,2864.49,46961.38,33,712,direct,referral,desktop,Germany,Göteborg
CLIENT_826733,SESSION_000702,20230727,1,4451.96,35347.42,45,1341,facebook,email,mobile,Sweden,Stockholm
CLIENT_835254,SESSION_000703,20230719,2,4468.0,6817.72,24,1262,direct,cpc,tablet,Sweden,Göteborg
CLIENT_257529,SESSION_000704,20230703,1,1729.92,7360.55,40,586,referral,referral,tablet,Sweden,Stockholm
CLIENT_576793,SESSION_000705,20230712,1,866.47,42377.95,3,1581,google,cpc,mobile,United States,Göteborg
CLIENT_469392,SESSION_000706,20230704,1,3304.44,9768.61,29,1526,referral,cpc,mobile,United States,Malmö
CLIENT_676103,SESSION_000707,20230714,1,2590.86,43675.53,47,1574,email,referral,desktop,France,London
CLIENT_486795,SESSION_000708,20230716,3,2268.67,3401.78,31,287,direct,cpc,mobile,United States,London
CLIENT_212488,SESSION_000709,20230721,2,183.39,43086.4,47,1330,facebook,email,desktop,Sweden,Malmö
CLIENT_235689,SESSION_000710,20230706,1,621.6,15628.26,30,1543,google,referral,desktop,Germany,London
CLIENT_533300,SESSION_000711,20230711,2,153.34,20254.88,38,1027,google,referral,desktop,Sweden,Stockholm
CLIENT_101108,SESSION_000712,20230701,3,3121.41,8382.16,46,1146,referral,none,tablet,Germany,New York
CLIENT_326224,SESSION_000713,20230708,3,1073.08,25706.33,29,777,direct,organic,mobile,Germany,Malmö
CLIENT_495624,SESSION_000714,20230703,1,4746.97,32553.82,21,432,facebook,cpc,mobile,Germany,Göteborg
CLIENT_685485,SESSION_000715,20230706,3,787.61,46298.16,37,278,email,cpc,desktop,United States,Stockholm
CLIENT_542724,SESSION_000716,20230702,1,2891.89,34365.37,28,1422,direct,organic,mobile,Germany,Stockholm
CLIENT_486894,SESSION_000717,20230723,1,4635.38,47247.39,43,1487,referral,none,desktop,Germany,Göteborg
CLIENT_914295,SESSION_000718,20230722,1,3700.57,16788.49,23,298,google,organic,mobile,Germany,London
CLIENT_777606,SESSION_000719,20230725,1,4928.9,31202.51,30,203,referral,email,mobile,France,London
CLIENT_924322,SESSION_000720,20230709,1,527.31,46496.95,6,866,facebook,organic,desktop,Germany,London
CLIENT_559854,SESSION_000721,20230710,1,796.74,34238.76,35,1335,referral,email,desktop,United States,Stockholm
CLIENT_272607,SESSION_000722,20230723,1,3274.37,36406.91,37,766,referral,organic,desktop,Germany,New York
CLIENT_421178,SESSION_000723,20230715,3,4243.52,49687.95,35,30,email,organic,tablet,Sweden,Malmö
CLIENT_913488,SESSION_000724,20230702,1,1062.54,25160.9,17,75,facebook,cpc,mobile,Sweden,New York
CLIENT_582685,SESSION_000725,20230703,1,4307.94,26514.1,28,1697,google,organic,desktop,France,Stockholm
CLIENT_967954,SESSION_000726,20230717,2,211.54,16181.05,7,37,google,none,mobile,Germany,Malmö
CLIENT_295025,SESSION_000727,20230730,1,634.98,48717.93,17,831,email,organic,mobile,Sweden,Stockholm
CLIENT_537966,SESSION_000728,20230730,2,4052.32,30949.9,3,1420,google,cpc,mobile,United States,Malmö
CLIENT_658458,SESSION_000729,20230723,1,1497.89,27627.99,48,984,referral,referral,desktop,Sweden,Stockholm
CLIENT_166699,SESSION_000730,20230724,3,975.16,29956.21,24,101,referral,email,mobile,Germany,Göteborg
CLIENT_462403,SESSION_000731,20230712,1,2386.54,33051.22,9,1161,email,email,tablet,United States,Malmö
CLIENT_982549,SESSION_000732,20230717,1,4005.45,16058.82,36,1110,direct,email,desktop,United Kingdom,Göteborg
CLIENT_708642,SESSION_000733,20230703,1,2492.06,8248.02,10,1112,referral,email,mobile,France,New York
CLIENT_730615,SESSION_000734,20230724,2,455.0,18892.39,20,690,email,organic,desktop,United Kingdom,London
CLIENT_956523,SESSION_000735,20230708,3,2122.36,8365.19,39,1183,facebook,organic,tablet,Sweden,Stockholm
CLIENT_740167,SESSION_000736,20230705,1,4731.09,18022.58,21,577,email,organic,tablet,Sweden,London
CLIENT_873218,SESSION_000737,20230704,2,1817.78,10267.0,23,1214,referral,email,mobile,Germany,Stockholm
CLIENT_251105,SESSION_000738,20230721,1,4030.42,40452.08,46,1586,email,referral,desktop,Germany,London
CLIENT_465585,SESSION_000739,20230705,1,1451.0,8023.49,27,99,referral,none,tablet,France,Stockholm
CLIENT_155172,SESSION_000740,20230711,3,3496.63,20099.9,4,298,referral,organic,mobile,United States,Stockholm
CLIENT_742075,SESSION_000741,20230731,1,3033.35,18898.94,13,957,direct,none,mobile,France,Malmö
CLIENT_692548,SESSION_000742,20230730,1,3426.5,24523.21,39,994,direct,cpc,tablet,Germany,Malmö
CLIENT_426559,SESSION_000743,20230711,1,2851.44,42254.77,13,1434,direct,cpc,desktop,United States,New York
CLIENT_947479,SESSION_000744,20230705,3,2419.87,3737.47,45,1472,direct,referral,desktop,Germany,Göteborg
CLIENT_903882,SESSION_000745,20230726,1,956.37,40370.94,6,1073,email,none,mobile,United States,New York
CLIENT_441458,SESSION_000746,20230723,3,3458.53,11705.88,9,1044,facebook,none,desktop,France,Göteborg
CLIENT_803428,SESSION_000747,20230707,2,4081.33,18783.51,21,1772,email,cpc,mobile,United Kingdom,London
CLIENT_556387,SESSION_000748,20230701,1,4238.38,18103.02,19,1018,facebook,none,tablet,Sweden,New York
CLIENT_949711,SESSION_000749,20230704,3,4876.03,20901.99,38,1775,google,organic,tablet,Sweden,Stockholm
CLIENT_432430,SESSION_000750,20230712,1,3932.87,15182.94,16,1129,direct,email,mobile,France,New York
CLIENT_450636,SESSION_000751,20230729,3,3161.34,23511.1,23,187,facebook,email,desktop,United Kingdom,New York
CLIENT_837088,SESSION_000752,20230701,3,753.64,8527.23,24,722,email,cpc,desktop,United Kingdom,New York
CLIENT_318633,SESSION_000753,20230722,1,3534.62,18487.77,43,1654,facebook,referral,mobile,United States,New York
CLIENT_957490,SESSION_000754,20230714,1,907.98,41647.72,41,750,direct,email,mobile,Sweden,London
CLIENT_132283,SESSION_000755,20230707,1,844.87,38997.92,40,138,direct,none,desktop,United States,Malmö
CLIENT_900204,SESSION_000756,20230730,1,165.78,3779.52,18,459,email,cpc,desktop,United States,New York
CLIENT_198741,SESSION_000757,20230726,3,4367.39,30237.8,40,723,facebook,none,desktop,United Kingdom,Stockholm
CLIENT_538590,SESSION_000758,20230726,1,1832.58,33718.79,25,1549,referral,none,mobile,Germany,Stockholm
CLIENT_353539,SESSION_000759,20230707,1,4550.67,18935.35,15,1547,google,none,tablet,United Kingdom,Stockholm
CLIENT_390358,SESSION_000760,20230710,1,451.78,21712.01,44,1057,direct,referral,mobile,France,London
CLIENT_784008,SESSION_000761,20230703,1,240.0,15279.53,32,771,direct,referral,desktop,Sweden,Stockholm
CLIENT_662237,SESSION_000762,20230725,1,4910.01,27760.54,10,1431,email,none,desktop,United Kingdom,Göteborg
CLIENT_482475,SESSION_000763,20230717,1,3774.35,26491.17,26,344,referral,none,desktop,Germany,Göteborg
CLIENT_721244,SESSION_000764,20230712,1,2750.45,48363.1,21,1161,direct,cpc,mobile,United Kingdom,London
CLIENT_895393,SESSION_000765,20230704,3,4589.37,17664.75,20,1209,google,organic,desktop,United States,London
CLIENT_608917,SESSION_000766,20230705,1,2574.74,29563.8,43,1075,email,referral,desktop,United Kingdom,Stockholm
CLIENT_549310,SESSION_000767,20230723,1,1204.53,20465.54,11,406,referral,none,mobile,Germany,Malmö
CLIENT_778108,SESSION_000768,20230715,1,4436.06,44724.63,36,1790,google,none,desktop,Germany,Göteborg
CLIENT_405615,SESSION_000769,20230702,2,268.43,48397.66,23,1488,google,organic,desktop,United States,Stockholm
CLIENT_507599,SESSION_000770,20230708,1,3240.2,46333.71,40,1058,google,none,tablet,Sweden,London
CLIENT_175823,SESSION_000771,20230701,1,1633.06,24783.48,11,1460,google,referral,mobile,United Kingdom,New York
CLIENT_970314,SESSION_000772,20230707,1,1395.53,14236.82,20,1523,direct,cpc,desktop,Germany,London
CLIENT_866877,SESSION_000773,20230710,1,2691.15,30466.42,10,606,referral,email,tablet,France,New York
CLIENT_539382,SESSION_000774,20230729,3,4632.3,27157.09,3,1673,direct,none,desktop,Sweden,London
CLIENT_885101,SESSION_000775,20230726,2,175.76,6676.65,13,1500,google,email,mobile,Sweden,Stockholm
CLIENT_812331,SESSION_000776,20230718,2,4319.18,43564.89,16,1711,direct,organic,mobile,France,Stockholm
CLIENT_904671,SESSION_000777,20230727,1,4960.65,29365.67,24,1364,email,cpc,mobile,United Kingdom,Göteborg
CLIENT_441409,SESSION_000778,20230712,1,1413.28,32291.21,10,872,direct,cpc,desktop,United States,Stockholm
CLIENT_770048,SESSION_000779,20230724,1,4338.34,12301.32,8,401,email,referral,tablet,Germany,London
CLIENT_614651,SESSION_000780,20230704,1,2610.07,46682.67,23,116,facebook,email,desktop,United Kingdom,Stockholm
CLIENT_342494,SESSION_000781,20230730,1,357.28,21821.84,29,292,direct,organic,tablet,United Kingdom,London
CLIENT_561229,SESSION_000782,20230721,1,2088.49,19022.12,48,837,google,email,mobile,Sweden,Stockholm
CLIENT_117657,SESSION_000783,20230729,3,1093.02,9560.39,22,589,referral,cpc,mobile,France,New York
CLIENT_311485,SESSION_000784,20230704,1,1141.18,30358.31,44,1287,referral,referral,desktop,United Kingdom,Göteborg
CLIENT_790684,SESSION_000785,20230715,1,4763.24,47620.99,3,1098,google,organic,desktop,United Kingdom,New York
CLIENT_374513,SESSION_000786,20230705,3,3043.42,39538.33,20,1117,direct,referral,desktop,United States,London
CLIENT_575416,SESSION_000787,20230730,1,3426.82,40949.24,22,628,facebook,referral,tablet,United Kingdom,Malmö
CLIENT_866844,SESSION_000788,20230709,1,2082.79,42778.6,42,959,facebook,organic,tablet,United States,New York
CLIENT_274571,SESSION_000789,20230720,1,3620.96,21990.01,34,942,referral,cpc,tablet,United States,New York
CLIENT_347964,SESSION_000790,20230731,1,753.87,5322.08,36,1369,referral,cpc,mobile,France,Stockholm
CLIENT_865406,SESSION_000791,20230707,1,1446.63,35118.12,39,1293,direct,organic,mobile,United States,Malmö
CLIENT_854600,SESSION_000792,20230721,3,1297.56,29777.21,26,880,referral,referral,mobile,France,Malmö
CLIENT_958130,SESSION_000793,20230717,3,3281.25,34962.48,37,1521,facebook,cpc,tablet,United Kingdom,New York
CLIENT_797234,SESSION_000794,20230714,3,3273.63,48655.09,24,1048,email,cpc,tablet,United States,Stockholm
CLIENT_231394,SESSION_000795,20230706,1,4208.58,33218.53,25,180,google,organic,mobile,Sweden,Stockholm
CLIENT_200777,SESSION_000796,20230730,2,3284.47,41475.29,28,1623,direct,referral,desktop,France,Malmö
CLIENT_901205,SESSION_000797,20230723,1,1264.84,16438.07,14,403,google,referral,tablet,Sweden,Malmö
CLIENT_935973,SESSION_000798,20230724,1,2752.47,44881.09,21,639,facebook,none,mobile,Germany,Malmö
CLIENT_481718,SESSION_000799,20230722,1,4761.18,25110.22,3,1527,referral,organic,mobile,Sweden,Malmö
CLIENT_927056,SESSION_000800,20230717,1,3943.52,14078.92,31,1137,direct,cpc,desktop,United Kingdom,London
CLIENT_247623,SESSION_000801,20230703,1,2120.74,39935.1,3,396,referral,organic,desktop,United Kingdom,Göteborg
CLIENT_343554,SESSION_000802,20230720,1,1871.75,12384.74,10,747,direct,cpc,tablet,Germany,New York
CLIENT_301536,SESSION_000803,20230719,1,4285.02,21107.5,40,736,facebook,organic,desktop,France,Malmö
CLIENT_333065,SESSION_000804,20230730,3,2580.65,11344.0,44,565,referral,organic,desktop,Sweden,Malmö
CLIENT_967291,SESSION_000805,20230717,1,1532.91,6811.34,12,507,email,none,mobile,United Kingdom,Malmö
CLIENT_584718,SESSION_000806,20230728,3,4145.53,48629.07,37,663,facebook,cpc,tablet,Sweden,Göteborg
CLIENT_640407,SESSION_000807,20230702,1,4389.59,15623.56,23,875,facebook,organic,tablet,United Kingdom,New York
CLIENT_985490,SESSION_000808,20230701,2,3268.59,48464.94,6,1342,google,referral,mobile,Germany,Malmö
CLIENT_833212,SESSION_000809,20230717,3,3261.19,20925.38,46,1210,google,referral,mobile,Sweden,Malmö
CLIENT_840665,SESSION_000810,20230730,1,3911.44,20512.47,20,1249,direct,cpc,tablet,France,Malmö
CLIENT_258135,SESSION_000811,20230717,1,1319.24,34468.5,8,578,facebook,none,desktop,France,New York
CLIENT_946138,SESSION_000812,20230728,2,538.43,41813.4,50,623,facebook,referral,desktop,United States,Göteborg
CLIENT_196866,SESSION_000813,20230726,3,3275.11,24697.43,13,1456,direct,referral,desktop,Sweden,London
CLIENT_347598,SESSION_000814,20230710,3,1615.17,47461.88,13,61,google,organic,tablet,Germany,Göteborg
CLIENT_508226,SESSION_000815,20230724,2,847.41,27472.42,48,879,facebook,email,desktop,France,London
CLIENT_187171,SESSION_000816,20230724,2,779.61,38005.62,21,828,email,cpc,tablet,Sweden,Göteborg
CLIENT_131452,SESSION_000817,20230730,2,3515.18,30869.24,38,1178,facebook,referral,desktop,United States,Stockholm
CLIENT_709974,SESSION_000818,20230714,2,3854.54,33670.89,38,759,email,none,desktop,United States,Stockholm
CLIENT_206221,SESSION_000819,20230717,1,3371.69,36748.79,3,1489,direct,referral,tablet,France,Göteborg
CLIENT_584427,SESSION_000820,20230730,1,2735.22,14484.78,44,1478,direct,referral,tablet,Germany,London
CLIENT_157621,SESSION_000821,20230715,1,217.03,8749.16,43,1266,referral,referral,desktop,France,Stockholm
CLIENT_949837,SESSION_000822,20230711,3,2718.34,12670.06,10,539,facebook,organic,tablet,Germany,New York
CLIENT_277107,SESSION_000823,20230707,2,4559.52,35707.34,30,146,facebook,email,tablet,Sweden,Göteborg
CLIENT_246741,SESSION_000824,20230717,3,1517.66,21555.06,22,719,referral,email,tablet,United Kingdom,London
CLIENT_347995,SESSION_000825,20230727,2,712.8,18774.87,11,1487,referral,none,mobile,Germany,Stockholm
CLIENT_964934,SESSION_000826,20230723,2,4329.14,48830.86,13,678,direct,email,desktop,Sweden,Göteborg
CLIENT_247661,SESSION_000827,20230712,1,437.8,32384.35,13,1167,referral,none,mobile,Sweden,Malmö
CLIENT_213965,SESSION_000828,20230702,1,2784.86,20338.67,22,777,referral,organic,desktop,France,New York
CLIENT_100658,SESSION_000829,20230720,1,3482.67,14999.28,3,885,google,email,tablet,Sweden,Göteborg
CLIENT_810952,SESSION_000830,20230706,1,1747.18,28198.88,29,1705,google,none,mobile,France,London
CLIENT_601598,SESSION_000831,20230708,3,1109.39,33839.09,14,1715,google,none,mobile,France,New York
CLIENT_564925,SESSION_000832,20230713,1,1332.38,7938.0,29,202,google,none,desktop,United States,Göteborg
CLIENT_751848,SESSION_000833,20230718,1,2336.27,36507.27,5,591,referral,cpc,tablet,Germany,Stockholm
CLIENT_343628,SESSION_000834,20230714,1,2357.34,49163.28,42,1582,email,none,mobile,United Kingdom,New York
CLIENT_949546,SESSION_000835,20230709,2,3299.49,4042.85,48,725,direct,referral,mobile,Sweden,London
CLIENT_574624,SESSION_000836,20230729,1,2657.51,47749.47,12,614,email,organic,tablet,Sweden,Göteborg
CLIENT_677527,SESSION_000837,20230725,1,1945.32,32609.02,49,844,email,none,desktop,Sweden,New York
CLIENT_480811,SESSION_000838,20230714,1,3598.06,44687.74,21,311,google,referral,mobile,United States,New York
CLIENT_940148,SESSION_000839,20230715,1,4946.28,9355.36,24,1523,facebook,organic,mobile,United Kingdom,Göteborg
CLIENT_648164,SESSION_000840,20230708,1,353.25,31489.1,38,355,email,none,mobile,United States,Malmö
CLIENT_518471,SESSION_000841,20230717,1,1077.17,32445.66,17,818,google,none,desktop,United States,New York
CLIENT_848613,SESSION_000842,20230731,3,691.42,11130.78,33,527,referral,email,desktop,Germany,Malmö
CLIENT_687502,SESSION_000843,20230719,1,142.92,3337.18,22,1553,google,cpc,mobile,France,Stockholm
CLIENT_699855,SESSION_000844,20230727,1,4161.53,34701.37,3,541,direct,referral,desktop,Germany,New York
CLIENT_722220,SESSION_000845,20230714,1,866.2,48919.45,42,903,email,none,mobile,United States,Malmö
CLIENT_202969,SESSION_000846,20230705,1,786.08,21359.09,49,1018,facebook,cpc,mobile,United States,New York
CLIENT_186896,SESSION_000847,20230730,1,1780.84,25519.86,14,1231,direct,email,desktop,Sweden,Malmö
CLIENT_811003,SESSION_000848,20230709,1,1050.49,19463.48,30,1646,referral,cpc,tablet,Sweden,Malmö
CLIENT_949080,SESSION_000849,20230725,1,881.01,20246.95,15,1732,google,email,desktop,Germany,Malmö
CLIENT_203037,SESSION_000850,20230725,1,1836.33,28385.57,28,374,facebook,cpc,tablet,United States,Malmö
CLIENT_331306,SESSION_000851,20230720,1,4846.97,8564.74,9,635,facebook,none,tablet,United States,Malmö
CLIENT_220365,SESSION_000852,20230719,1,3860.67,35484.76,20,551,email,cpc,tablet,Germany,London
CLIENT_499357,SESSION_000853,20230731,1,3861.83,48167.08,35,871,facebook,cpc,desktop,Germany,Stockholm
CLIENT_238985,SESSION_000854,20230708,1,865.95,27822.28,22,1482,direct,none,mobile,Sweden,New York
CLIENT_644694,SESSION_000855,20230722,2,2000.48,32790.86,2,674,email,email,tablet,United Kingdom,Stockholm
CLIENT_784772,SESSION_000856,20230719,1,2438.6,48208.98,46,618,google,email,desktop,United Kingdom,New York
CLIENT_979368,SESSION_000857,20230721,1,2929.33,32614.53,42,1609,facebook,email,desktop,Germany,Malmö
CLIENT_375025,SESSION_000858,20230729,1,754.01,37357.68,18,298,facebook,cpc,desktop,United Kingdom,London
CLIENT_304234,SESSION_000859,20230709,1,182.42,21381.86,26,515,email,none,tablet,United Kingdom,Göteborg
CLIENT_900206,SESSION_000860,20230725,1,394.13,11460.22,12,533,facebook,none,mobile,Germany,Malmö
CLIENT_314092,SESSION_000861,20230714,1,4712.64,37242.58,23,207,google,cpc,tablet,United Kingdom,Malmö
CLIENT_252612,SESSION_000862,20230704,1,3228.63,16825.45,36,1567,google,referral,tablet,Sweden,New York
CLIENT_686201,SESSION_000863,20230713,1,4249.58,18376.4,40,132,facebook,cpc,desktop,France,Göteborg
CLIENT_877069,SESSION_000864,20230705,1,1139.19,27737.56,21,492,direct,email,tablet,France,Malmö
CLIENT_617151,SESSION_000865,20230717,1,2273.24,23782.64,13,1621,direct,cpc,desktop,Sweden,Göteborg
CLIENT_835670,SESSION_000866,20230721,2,1383.44,44728.57,13,286,email,organic,tablet,France,New York
CLIENT_106467,SESSION_000867,20230703,3,2136.31,39734.8,44,1517,email,referral,desktop,Germany,Göteborg
CLIENT_583955,SESSION_000868,20230725,2,170.86,11262.3,30,1753,referral,referral,mobile,Sweden,Göteborg
CLIENT_121336,SESSION_000869,20230716,1,1374.65,15237.91,24,502,direct,organic,tablet,United Kingdom,Göteborg
CLIENT_780733,SESSION_000870,20230719,3,4312.94,32908.16,44,1254,referral,organic,tablet,United Kingdom,Malmö
CLIENT_751119,SESSION_000871,20230714,1,3606.79,9224.36,38,1644,email,referral,tablet,France,Stockholm
CLIENT_429641,SESSION_000872,20230730,1,2200.73,35833.71,19,1540,google,none,tablet,Germany,Malmö
CLIENT_588748,SESSION_000873,20230703,3,2436.24,40026.81,32,986,email,email,desktop,United Kingdom,Malmö
CLIENT_806838,SESSION_000874,20230712,1,2336.56,4591.4,30,1336,referral,referral,tablet,United Kingdom,Malmö
CLIENT_419938,SESSION_000875,20230717,1,2834.65,24141.81,49,1151,google,organic,desktop,Germany,Malmö
CLIENT_231047,SESSION_000876,20230730,1,2848.42,21366.13,13,1630,email,email,mobile,France,New York
CLIENT_639509,SESSION_000877,20230706,1,2964.42,20998.25,5,1194,referral,none,tablet,France,Göteborg
CLIENT_885473,SESSION_000878,20230713,1,4338.37,14388.77,22,882,email,organic,desktop,United States,New York
CLIENT_176601,SESSION_000879,20230720,2,4804.54,38494.38,8,1661,email,none,mobile,Sweden,London
CLIENT_927771,SESSION_000880,20230705,1,2402.79,3036.99,18,1666,direct,email,mobile,Sweden,Stockholm
CLIENT_684314,SESSION_000881,20230716,1,3961.41,43486.14,32,1393,facebook,organic,desktop,United Kingdom,Stockholm
CLIENT_938794,SESSION_000882,20230724,1,1498.54,37681.4,6,1058,google,referral,desktop,Sweden,Malmö
CLIENT_563765,SESSION_000883,20230727,1,4885.9,11323.66,18,663,direct,organic,desktop,Sweden,London
CLIENT_553571,SESSION_000884,20230716,1,3916.91,37603.83,13,1374,referral,none,mobile,France,London
CLIENT_591086,SESSION_000885,20230701,1,4782.5,43151.04,34,1049,google,none,tablet,United States,Göteborg
CLIENT_115230,SESSION_000886,20230704,1,4999.8,36676.28,21,1424,direct,email,desktop,United States,Malmö
CLIENT_142100,SESSION_000887,20230703,1,3752.96,3176.42,22,1435,referral,cpc,tablet,Germany,New York
CLIENT_383520,SESSION_000888,20230730,1,678.59,47600.42,23,571,direct,organic,tablet,France,Malmö
CLIENT_740201,SESSION_000889,20230706,3,1088.5,34104.2,4,977,email,referral,desktop,Germany,Göteborg
CLIENT_182953,SESSION_000890,20230718,1,3415.69,2372.78,7,559,direct,email,tablet,United States,Göteborg
CLIENT_943492,SESSION_000891,20230707,1,3280.11,37668.35,2,503,referral,referral,tablet,Sweden,Göteborg
CLIENT_591647,SESSION_000892,20230721,2,220.76,15144.03,3,1538,direct,referral,tablet,France,Stockholm
CLIENT_702966,SESSION_000893,20230715,1,1418.14,49757.04,47,1261,google,organic,mobile,United States,Stockholm
CLIENT_221680,SESSION_000894,20230711,1,4574.63,24043.28,13,458,google,none,mobile,United States,Stockholm
CLIENT_482909,SESSION_000895,20230709,1,762.32,46521.86,36,292,facebook,cpc,desktop,United States,Stockholm
CLIENT_138501,SESSION_000896,20230702,1,2826.79,33541.51,46,1230,google,cpc,desktop,United States,New York
CLIENT_419726,SESSION_000897,20230730,2,1211.92,26634.55,36,582,direct,organic,tablet,United States,Stockholm
CLIENT_141241,SESSION_000898,20230726,3,3237.23,46427.85,50,1085,facebook,referral,desktop,France,London
CLIENT_851051,SESSION_000899,20230710,1,1463.78,2429.8,36,1269,facebook,none,tablet,Germany,New York
CLIENT_329887,SESSION_000900,20230703,1,2616.16,30029.05,6,391,google,none,mobile,France,New York
CLIENT_353025,SESSION_000901,20230713,1,2742.91,49029.9,35,1249,direct,none,mobile,Germany,Stockholm
CLIENT_593335,SESSION_000902,20230720,1,3384.3,29664.13,32,1026,google,email,mobile,United States,Malmö
CLIENT_590040,SESSION_000903,20230714,1,1298.19,9056.74,10,1177,email,referral,tablet,France,New York
CLIENT_633522,SESSION_000904,20230719,1,4285.61,38334.0,43,1790,email,none,desktop,Sweden,London
CLIENT_568735,SESSION_000905,20230710,1,2164.82,26178.62,45,1783,facebook,cpc,tablet,Germany,New York
CLIENT_177041,SESSION_000906,20230716,1,2257.64,27193.07,34,651,google,referral,desktop,Sweden,Göteborg
CLIENT_326399,SESSION_000907,20230709,1,3513.25,17653.95,22,438,direct,none,tablet,France,Göteborg
CLIENT_607122,SESSION_000908,20230703,3,2528.51,27996.44,38,1156,google,email,mobile,United Kingdom,Göteborg
CLIENT_378090,SESSION_000909,20230723,1,4320.51,17927.08,12,930,google,email,desktop,United States,London
CLIENT_328409,SESSION_000910,20230713,2,4508.78,20679.49,49,1224,google,referral,tablet,United States,New York
CLIENT_736231,SESSION_000911,20230716,1,244.97,12717.48,3,889,referral,referral,tablet,United Kingdom,Stockholm
CLIENT_857918,SESSION_000912,20230703,2,4257.57,14138.29,48,1265,email,email,mobile,United States,London
CLIENT_802914,SESSION_000913,20230729,3,2168.59,19937.44,14,1632,referral,none,mobile,Germany,London
CLIENT_832109,SESSION_000914,20230725,1,2444.06,6133.39,38,1757,facebook,organic,tablet,United States,New York
CLIENT_867720,SESSION_000915,20230709,1,971.32,13264.84,26,850,referral,email,tablet,Germany,New York
CLIENT_121822,SESSION_000916,20230716,1,163.2,47185.0,6,1489,direct,referral,desktop,France,New York
CLIENT_329413,SESSION_000917,20230708,1,452.19,26690.11,39,452,email,cpc,desktop,Sweden,Stockholm
CLIENT_707671,SESSION_000918,20230724,2,3796.38,31357.14,12,1020,email,none,mobile,United States,Malmö
CLIENT_907913,SESSION_000919,20230717,1,4829.64,20028.71,36,831,google,referral,mobile,United States,New York
CLIENT_882659,SESSION_000920,20230708,1,2343.77,42448.88,31,571,direct,cpc,tablet,France,Göteborg
CLIENT_529214,SESSION_000921,20230713,1,4025.83,29798.23,26,63,facebook,cpc,desktop,Germany,Göteborg
CLIENT_172276,SESSION_000922,20230718,1,137.0,44075.46,6,685,email,cpc,tablet,United States,Göteborg
CLIENT_798838,SESSION_000923,20230728,1,1018.67,26020.66,20,635,direct,email,desktop,United Kingdom,Stockholm
CLIENT_178658,SESSION_000924,20230706,1,4302.06,42661.27,40,1393,email,email,tablet,Sweden,Stockholm
CLIENT_201684,SESSION_000925,20230715,1,1516.86,45240.23,15,343,email,none,tablet,Germany,New York
CLIENT_892154,SESSION_000926,20230729,1,3561.66,19513.45,47,1596,direct,referral,mobile,Germany,Göteborg
CLIENT_915988,SESSION_000927,20230712,1,1710.28,34256.64,25,1766,email,referral,tablet,France,Göteborg
CLIENT_562154,SESSION_000928,20230713,1,726.94,37470.37,40,271,referral,none,desktop,United States,New York
CLIENT_950354,SESSION_000929,20230713,3,253.57,22093.97,26,1274,facebook,organic,tablet,Germany,Malmö
CLIENT_537439,SESSION_000930,20230724,3,967.01,12908.48,11,981,direct,organic,desktop,United Kingdom,Stockholm
CLIENT_714161,SESSION_000931,20230719,2,1765.45,20189.72,27,730,email,organic,mobile,France,Malmö
CLIENT_151647,SESSION_000932,20230712,3,447.79,19055.38,6,257,referral,email,desktop,France,Malmö
CLIENT_700175,SESSION_000933,20230706,1,1382.84,39940.98,33,221,referral,email,tablet,United States,Göteborg
CLIENT_772042,SESSION_000934,20230711,1,3101.83,34198.15,34,1667,direct,email,tablet,France,New York
CLIENT_723696,SESSION_000935,20230723,1,1486.81,36371.28,9,1683,facebook,none,tablet,Germany,New York
CLIENT_856981,SESSION_000936,20230706,3,1214.0,36761.93,37,154,direct,referral,mobile,Germany,London
CLIENT_394482,SESSION_000937,20230730,1,4655.33,9149.6,22,616,direct,referral,mobile,United States,Göteborg
CLIENT_227946,SESSION_000938,20230705,1,703.67,46757.86,27,1561,google,referral,tablet,United States,Stockholm
CLIENT_200512,SESSION_000939,20230729,3,3771.02,17093.81,26,1755,google,referral,tablet,United Kingdom,Stockholm
CLIENT_115515,SESSION_000940,20230725,1,1156.49,32105.63,13,1136,email,email,desktop,Germany,Malmö
CLIENT_403421,SESSION_000941,20230712,2,599.55,6990.71,12,461,facebook,referral,mobile,France,London
CLIENT_925541,SESSION_000942,20230716,1,315.44,48954.08,4,865,direct,organic,mobile,United Kingdom,New York
CLIENT_561979,SESSION_000943,20230716,1,175.06,19473.35,40,403,facebook,email,mobile,United Kingdom,London
CLIENT_593301,SESSION_000944,20230715,1,988.62,48250.85,38,1219,facebook,referral,mobile,France,Malmö
CLIENT_503391,SESSION_000945,20230720,1,2840.22,5190.05,3,556,referral,none,desktop,United Kingdom,Malmö
CLIENT_260260,SESSION_000946,20230703,3,3272.57,29916.93,43,657,email,none,mobile,United States,Göteborg
CLIENT_330565,SESSION_000947,20230716,2,2496.45,1832.61,35,1644,direct,referral,tablet,United States,Malmö
CLIENT_884888,SESSION_000948,20230713,1,1802.74,45108.65,47,633,facebook,none,desktop,France,New York
CLIENT_555986,SESSION_000949,20230705,1,3737.66,41555.44,6,529,email,none,desktop,United States,London
CLIENT_160882,SESSION_000950,20230717,1,2665.57,20518.52,43,276,direct,referral,mobile,France,Malmö
CLIENT_392509,SESSION_000951,20230706,2,2898.86,11713.33,19,198,direct,referral,tablet,Germany,Göteborg
CLIENT_748017,SESSION_000952,20230719,3,3539.76,18009.08,8,153,google,organic,mobile,France,Malmö
CLIENT_789675,SESSION_000953,20230701,3,3905.61,2915.21,11,244,direct,none,desktop,United Kingdom,Stockholm
CLIENT_453078,SESSION_000954,20230701,1,3328.56,47445.59,21,710,referral,cpc,tablet,United States,Stockholm
CLIENT_328599,SESSION_000955,20230706,3,2105.75,34476.71,45,342,direct,referral,mobile,United Kingdom,London
CLIENT_988606,SESSION_000956,20230719,2,3032.5,38265.04,49,188,email,none,tablet,United Kingdom,Stockholm
CLIENT_644175,SESSION_000957,20230702,1,3159.7,22481.99,45,1526,facebook,referral,tablet,United States,London
CLIENT_789900,SESSION_000958,20230728,1,103.28,33669.62,7,810,email,cpc,mobile,Sweden,Göteborg
CLIENT_980949,SESSION_000959,20230721,1,2678.96,17534.15,22,1048,email,email,desktop,United Kingdom,London
CLIENT_980669,SESSION_000960,20230718,2,2252.11,21803.82,48,661,referral,referral,desktop,France,Göteborg
CLIENT_202727,SESSION_000961,20230708,2,4580.01,11955.22,48,1769,referral,email,mobile,Germany,Malmö
CLIENT_904029,SESSION_000962,20230721,1,3426.58,22783.43,38,861,referral,cpc,desktop,United States,New York
CLIENT_123419,SESSION_000963,20230703,3,932.19,34332.08,38,135,direct,cpc,mobile,Germany,Stockholm
CLIENT_513974,SESSION_000964,20230708,3,209.95,39911.01,16,1200,google,email,mobile,Sweden,London
CLIENT_678604,SESSION_000965,20230714,1,239.87,49085.01,19,1710,google,referral,tablet,Sweden,London
CLIENT_583756,SESSION_000966,20230706,3,1755.12,36152.33,42,613,google,cpc,tablet,Germany,Göteborg
CLIENT_512999,SESSION_000967,20230717,3,2843.18,8221.76,27,552,google,email,mobile,United Kingdom,Stockholm
CLIENT_782279,SESSION_000968,20230720,2,2880.6,8565.13,45,1070,referral,cpc,mobile,France,Stockholm
CLIENT_764467,SESSION_000969,20230730,1,1653.58,8467.37,34,1203,google,referral,mobile,France,Göteborg
CLIENT_292418,SESSION_000970,20230724,1,4747.56,21514.61,28,778,direct,cpc,tablet,United States,London
CLIENT_992820,SESSION_000971,20230701,1,843.96,6713.16,22,767,direct,none,tablet,Sweden,Göteborg
CLIENT_615549,SESSION_000972,20230724,3,838.78,3930.57,37,319,referral,email,desktop,France,Malmö
CLIENT_344514,SESSION_000973,20230710,3,1203.52,4142.12,28,154,google,none,tablet,United Kingdom,Malmö
CLIENT_673586,SESSION_000974,20230702,3,1192.36,44051.85,8,184,referral,referral,mobile,United States,Malmö
CLIENT_667549,SESSION_000975,20230727,2,2042.2,17763.09,7,179,referral,none,desktop,Sweden,London
CLIENT_219743,SESSION_000976,20230711,1,2347.53,18422.06,22,1790,direct,cpc,desktop,United States,London
CLIENT_859886,SESSION_000977,20230729,3,2096.89,20986.63,29,1569,email,none,desktop,Sweden,Malmö
CLIENT_960861,SESSION_000978,20230706,2,405.58,43067.41,25,1176,email,none,mobile,United Kingdom,Göteborg
CLIENT_867552,SESSION_000979,20230727,1,4634.38,40521.25,49,1773,referral,email,tablet,Sweden,Malmö
CLIENT_758360,SESSION_000980,20230719,1,823.32,47134.37,14,1371,email,organic,tablet,United Kingdom,London
CLIENT_873933,SESSION_000981,20230724,2,1799.18,7737.82,20,524,google,none,desktop,Germany,London
CLIENT_711799,SESSION_000982,20230727,1,515.32,2568.11,11,1651,google,email,mobile,Sweden,London
CLIENT_509023,SESSION_000983,20230702,1,4589.26,15988.38,6,517,email,referral,tablet,France,Göteborg
CLIENT_884720,SESSION_000984,20230727,3,312.77,21242.33,5,1500,google,cpc,mobile,United Kingdom,New York
CLIENT_180675,SESSION_000985,20230718,1,4260.41,47391.06,37,1426,direct,email,mobile,United States,Malmö
CLIENT_432938,SESSION_000986,20230719,2,1987.66,31822.69,13,1184,email,none,desktop,United States,London
CLIENT_573742,SESSION_000987,20230724,1,2316.43,36446.05,48,1330,google,cpc,desktop,Germany,New York
CLIENT_368677,SESSION_000988,20230721,3,311.19,41460.64,24,103,direct,email,desktop,France,New York
CLIENT_898879,SESSION_000989,20230703,1,2061.61,25363.2,49,1561,direct,none,mobile,United States,London
CLIENT_688590,SESSION_000990,20230705,1,2692.01,39862.29,38,1367,referral,cpc,tablet,Germany,Malmö
CLIENT_329983,SESSION_000991,20230723,3,2636.22,44285.44,2,678,direct,email,tablet,United States,New York
CLIENT_812148,SESSION_000992,20230713,1,4921.81,42468.16,13,619,google,cpc,desktop,France,New York
CLIENT_869707,SESSION_000993,20230717,1,2009.65,38089.57,45,936,facebook,cpc,tablet,Germany,London
CLIENT_177967,SESSION_000994,20230728,1,4689.14,36369.93,35,1483,referral,email,mobile,Germany,Göteborg
CLIENT_342412,SESSION_000995,20230729,1,4885.92,10054.0,24,572,referral,cpc,mobile,Sweden,New York
CLIENT_996352,SESSION_000996,20230712,1,3012.21,30300.33,9,1654,email,email,desktop,United Kingdom,Malmö
CLIENT_767272,SESSION_000997,20230729,1,4993.82,18790.54,37,241,direct,referral,desktop,France,New York
CLIENT_224174,SESSION_000998,20230718,1,4990.54,10034.74,5,1495,facebook,referral,desktop,United States,London
CLIENT_270423,SESSION_000999,20230720,1,3653.92,25671.16,15,188,email,none,mobile,France,Malmö
